datetime,open,high,low,close,volume
2026-05-25 09:15:00+0530,54605.6484375,54973.69921875,54605.6484375,54938.5,0.0
2026-05-25 09:30:00+0530,54939.3515625,54947.75,54863.25,54913.6015625,0.0
2026-05-25 09:45:00+0530,54918.55078125,54919.5,54825.75,54867.6015625,0.0
2026-05-25 10:00:00+0530,54867.8984375,54962.75,54858.75,54961.1484375,0.0
2026-05-25 10:15:00+0530,54960.1015625,54992.8984375,54936.3515625,54951.1484375,0.0
2026-05-25 10:30:00+0530,54952.19921875,55080.1015625,54952.1484375,55057.3515625,0.0
2026-05-25 10:45:00+0530,55058.5,55083.8515625,55016.8515625,55044.05078125,0.0
2026-05-25 11:00:00+0530,55048.44921875,55092.6484375,55019.05078125,55084.6484375,0.0
2026-05-25 11:15:00+0530,55084.44921875,55088.0,55048.8984375,55082.75,0.0
2026-05-25 11:30:00+0530,55080.75,55113.1015625,55047.30078125,55093.1015625,0.0
2026-05-25 11:45:00+0530,55096.1015625,55121.6015625,55086.6015625,55103.8515625,0.0
2026-05-25 12:00:00+0530,55102.1015625,55102.1015625,54998.30078125,55017.55078125,0.0
2026-05-25 12:15:00+0530,55020.1015625,55050.5,54978.69921875,54982.0,0.0
2026-05-25 12:30:00+0530,54980.44921875,55002.69921875,54962.69921875,54974.30078125,0.0
2026-05-25 12:45:00+0530,54975.1484375,54988.75,54908.6484375,54957.1484375,0.0
2026-05-25 13:00:00+0530,54958.55078125,55038.44921875,54949.30078125,55020.3515625,0.0
2026-05-25 13:15:00+0530,55019.19921875,55034.3515625,55005.94921875,55018.3515625,0.0
2026-05-25 13:30:00+0530,55021.44921875,55026.1015625,54944.05078125,54958.1484375,0.0
2026-05-25 13:45:00+0530,54959.19921875,55019.6015625,54954.30078125,54975.5,0.0
2026-05-25 14:00:00+0530,54979.3984375,55026.25,54973.3984375,54982.55078125,0.0
2026-05-25 14:15:00+0530,54983.0,55013.69921875,54960.19921875,55002.75,0.0
2026-05-25 14:30:00+0530,55002.94921875,55114.69921875,54999.55078125,55107.1484375,0.0
2026-05-25 14:45:00+0530,55104.94921875,55256.6015625,55104.94921875,55240.69921875,0.0
2026-05-25 15:00:00+0530,55247.5,55310.6015625,55234.0,55295.8515625,0.0
2026-05-25 15:15:00+0530,55301.5,55404.69921875,55266.94921875,55390.30078125,0.0
2026-05-26 09:15:00+0530,55311.80078125,55453.69921875,55191.8515625,55409.94921875,0.0
2026-05-26 09:30:00+0530,55410.3984375,55535.3515625,55373.8984375,55459.0,0.0
2026-05-26 09:45:00+0530,55457.19921875,55463.94921875,55235.69921875,55286.3984375,0.0
2026-05-26 10:00:00+0530,55285.3515625,55403.75,55259.3984375,55396.44921875,0.0
2026-05-26 10:15:00+0530,55396.8515625,55455.05078125,55320.1015625,55425.80078125,0.0
2026-05-26 10:30:00+0530,55421.1484375,55481.44921875,55386.1484375,55444.80078125,0.0
2026-05-26 10:45:00+0530,55448.0,55509.80078125,55435.55078125,55470.6015625,0.0
2026-05-26 11:00:00+0530,55465.80078125,55500.5,55397.0,55401.5,0.0
2026-05-26 11:15:00+0530,55397.3984375,55406.44921875,55308.44921875,55319.80078125,0.0
2026-05-26 11:30:00+0530,55320.3984375,55411.05078125,55277.69921875,55377.1484375,0.0
2026-05-26 11:45:00+0530,55373.69921875,55384.0,55271.75,55276.8515625,0.0
2026-05-26 12:00:00+0530,55273.30078125,55288.75,55203.69921875,55209.0,0.0
2026-05-26 12:15:00+0530,55208.05078125,55250.30078125,55145.44921875,55163.80078125,0.0
2026-05-26 12:30:00+0530,55162.94921875,55200.75,55125.69921875,55142.8984375,0.0
2026-05-26 12:45:00+0530,55143.1484375,55147.8984375,55066.0,55122.1015625,0.0
2026-05-26 13:00:00+0530,55117.1484375,55136.1015625,55018.80078125,55076.3984375,0.0
2026-05-26 13:15:00+0530,55074.94921875,55160.30078125,55049.69921875,55143.6015625,0.0
2026-05-26 13:30:00+0530,55143.5,55169.6484375,55054.3515625,55058.6015625,0.0
2026-05-26 13:45:00+0530,55051.6484375,55109.05078125,55032.55078125,55041.55078125,0.0
2026-05-26 14:00:00+0530,55041.5,55085.30078125,54979.75,55037.75,0.0
2026-05-26 14:15:00+0530,55041.6015625,55127.25,54992.0,55088.94921875,0.0
2026-05-26 14:30:00+0530,55090.1484375,55139.05078125,54987.6484375,55004.6484375,0.0
2026-05-26 14:45:00+0530,55001.55078125,55093.75,54986.69921875,55075.1015625,0.0
2026-05-26 15:00:00+0530,55081.80078125,55133.8515625,55046.19921875,55098.69921875,0.0
2026-05-26 15:15:00+0530,55098.44921875,55204.94921875,55082.1015625,55180.6015625,0.0
2026-05-27 09:15:00+0530,54994.30078125,55150.69921875,54915.8515625,54980.3984375,0.0
2026-05-27 09:30:00+0530,54966.69921875,55036.30078125,54905.55078125,55012.30078125,0.0
2026-05-27 09:45:00+0530,55014.0,55014.0,54886.75,54906.30078125,0.0
2026-05-27 10:00:00+0530,54904.05078125,55128.6015625,54854.25,55119.5,0.0
2026-05-27 10:15:00+0530,55118.19921875,55221.05078125,55100.8984375,55176.75,0.0
2026-05-27 10:30:00+0530,55176.5,55184.80078125,55059.30078125,55068.8984375,0.0
2026-05-27 10:45:00+0530,55072.3515625,55161.3984375,55023.44921875,55124.30078125,0.0
2026-05-27 11:00:00+0530,55128.8515625,55133.19921875,55046.69921875,55066.3515625,0.0
2026-05-27 11:15:00+0530,55071.3515625,55152.19921875,55054.8984375,55122.8515625,0.0
2026-05-27 11:30:00+0530,55121.8984375,55136.8984375,55030.8515625,55041.6484375,0.0
2026-05-27 11:45:00+0530,55040.25,55074.55078125,54994.30078125,55028.8984375,0.0
2026-05-27 12:00:00+0530,55028.3984375,55051.5,54977.44921875,54995.19921875,0.0
2026-05-27 12:15:00+0530,54992.3984375,55112.19921875,54992.3984375,55022.8515625,0.0
2026-05-27 12:30:00+0530,55019.25,55079.25,54999.0,55061.30078125,0.0
2026-05-27 12:45:00+0530,55061.1484375,55062.3515625,54953.5,54958.94921875,0.0
2026-05-27 13:00:00+0530,54966.3515625,54988.05078125,54907.6015625,54922.75,0.0
2026-05-27 13:15:00+0530,54920.0,54941.25,54859.8984375,54874.19921875,0.0
2026-05-27 13:30:00+0530,54873.75,54909.05078125,54832.19921875,54847.8984375,0.0
2026-05-27 13:45:00+0530,54847.1015625,54886.8515625,54812.19921875,54873.8984375,0.0
2026-05-27 14:00:00+0530,54872.6015625,54914.1484375,54833.5,54838.19921875,0.0
2026-05-27 14:15:00+0530,54833.25,54938.6484375,54822.80078125,54854.6484375,0.0
2026-05-27 14:30:00+0530,54848.30078125,54854.8984375,54772.69921875,54785.30078125,0.0
2026-05-27 14:45:00+0530,54784.8984375,54820.55078125,54745.25,54798.30078125,0.0
2026-05-27 15:00:00+0530,54800.30078125,54867.25,54740.0,54846.1484375,0.0
2026-05-27 15:15:00+0530,54842.69921875,54915.44921875,54833.80078125,54871.69921875,0.0
2026-05-29 09:15:00+0530,54847.8515625,55179.05078125,54847.8515625,54894.1015625,0.0
2026-05-29 09:30:00+0530,54895.3984375,55025.1484375,54766.94921875,54767.19921875,0.0
2026-05-29 09:45:00+0530,54766.8515625,54873.69921875,54761.6015625,54842.94921875,0.0
2026-05-29 10:00:00+0530,54839.80078125,55062.80078125,54782.19921875,55049.8984375,0.0
2026-05-29 10:15:00+0530,55051.30078125,55183.8984375,55032.55078125,55103.55078125,0.0
2026-05-29 10:30:00+0530,55103.6015625,55122.25,54995.8984375,55003.1484375,0.0
2026-05-29 10:45:00+0530,55003.8984375,55062.05078125,54968.6015625,55055.3515625,0.0
2026-05-29 11:00:00+0530,55057.19921875,55080.0,54986.8984375,54998.44921875,0.0
2026-05-29 11:15:00+0530,54997.19921875,55059.5,54974.69921875,54982.8515625,0.0
2026-05-29 11:30:00+0530,54981.69921875,55026.80078125,54947.30078125,55022.94921875,0.0
2026-05-29 11:45:00+0530,55017.3984375,55162.8515625,55011.75,55101.0,0.0
2026-05-29 12:00:00+0530,55097.3984375,55103.05078125,54822.94921875,54859.8515625,0.0
2026-05-29 12:15:00+0530,54861.6484375,54889.44921875,54779.44921875,54881.6015625,0.0
2026-05-29 12:30:00+0530,54880.80078125,54900.44921875,54824.6015625,54838.30078125,0.0
2026-05-29 12:45:00+0530,54835.6484375,54840.75,54726.80078125,54768.55078125,0.0
2026-05-29 13:00:00+0530,54767.5,54768.0,54592.05078125,54592.05078125,0.0
2026-05-29 13:15:00+0530,54591.6484375,54629.55078125,54539.5,54601.1015625,0.0
2026-05-29 13:30:00+0530,54598.25,54632.75,54495.44921875,54522.80078125,0.0
2026-05-29 13:45:00+0530,54527.94921875,54556.8515625,54461.0,54517.69921875,0.0
2026-05-29 14:00:00+0530,54516.8984375,54546.05078125,54476.6015625,54512.05078125,0.0
2026-05-29 14:15:00+0530,54510.30078125,54590.1015625,54459.6484375,54579.05078125,0.0
2026-05-29 14:30:00+0530,54579.3515625,54693.44921875,54577.80078125,54647.44921875,0.0
2026-05-29 14:45:00+0530,54649.3515625,54692.6015625,54554.80078125,54620.44921875,0.0
2026-05-29 15:00:00+0530,54619.19921875,54628.6484375,54158.69921875,54198.30078125,0.0
2026-05-29 15:15:00+0530,54191.75,54389.69921875,54118.1484375,54364.6015625,0.0
2026-06-01 09:15:00+0530,54454.25,54567.05078125,54173.8515625,54337.5,0.0
2026-06-01 09:30:00+0530,54338.55078125,54420.3984375,54178.80078125,54190.05078125,0.0
2026-06-01 09:45:00+0530,54191.0,54272.55078125,54063.8984375,54077.05078125,0.0
2026-06-01 10:00:00+0530,54077.80078125,54104.25,53983.8984375,54032.80078125,0.0
2026-06-01 10:15:00+0530,54034.1484375,54073.80078125,53887.75,53893.5,0.0
2026-06-01 10:30:00+0530,53887.3984375,53970.19921875,53842.1484375,53916.19921875,0.0
2026-06-01 10:45:00+0530,53915.3984375,54109.1015625,53913.94921875,54034.94921875,0.0
2026-06-01 11:00:00+0530,54034.94921875,54176.6484375,54034.94921875,54154.1484375,0.0
2026-06-01 11:15:00+0530,54155.05078125,54232.1484375,54024.55078125,54027.44921875,0.0
2026-06-01 11:30:00+0530,54029.8984375,54061.3984375,53955.94921875,54029.6015625,0.0
2026-06-01 11:45:00+0530,54030.75,54085.0,53881.6015625,53881.6015625,0.0
2026-06-01 12:00:00+0530,53882.6484375,53964.69921875,53861.3984375,53938.3515625,0.0
2026-06-01 12:15:00+0530,53935.25,53953.1015625,53862.44921875,53873.25,0.0
2026-06-01 12:30:00+0530,53874.69921875,53900.44921875,53828.25,53864.05078125,0.0
2026-06-01 12:45:00+0530,53864.6484375,53927.8515625,53799.5,53840.69921875,0.0
2026-06-01 13:00:00+0530,53836.1484375,53858.94921875,53646.3984375,53659.19921875,0.0
2026-06-01 13:15:00+0530,53659.3515625,53756.1484375,53654.1484375,53755.0,0.0
2026-06-01 13:30:00+0530,53753.69921875,53797.3515625,53705.55078125,53707.1015625,0.0
2026-06-01 13:45:00+0530,53707.3515625,53709.3515625,53661.75,53687.5,0.0
2026-06-01 14:00:00+0530,53687.19921875,53695.3984375,53558.05078125,53577.75,0.0
2026-06-01 14:15:00+0530,53577.94921875,53609.19921875,53493.3515625,53538.8984375,0.0
2026-06-01 14:30:00+0530,53538.5,53633.3515625,53497.94921875,53619.3984375,0.0
2026-06-01 14:45:00+0530,53618.30078125,53673.3515625,53472.0,53493.8515625,0.0
2026-06-01 15:00:00+0530,53495.1015625,53775.6015625,53494.80078125,53665.55078125,0.0
2026-06-01 15:15:00+0530,53665.25,53693.1484375,53591.6484375,53658.8984375,0.0
2026-06-02 09:15:00+0530,53367.6484375,53367.6484375,53129.6484375,53298.1015625,0.0
2026-06-02 09:30:00+0530,53302.55078125,53421.55078125,53210.05078125,53345.05078125,0.0
2026-06-02 09:45:00+0530,53347.05078125,53463.75,53286.5,53435.55078125,0.0
2026-06-02 10:00:00+0530,53442.25,53509.25,53226.30078125,53229.6015625,0.0
2026-06-02 10:15:00+0530,53230.19921875,53486.30078125,53188.94921875,53445.1484375,0.0
2026-06-02 10:30:00+0530,53446.44921875,53453.6484375,53287.1484375,53335.94921875,0.0
2026-06-02 10:45:00+0530,53329.6015625,53352.1484375,53187.30078125,53282.75,0.0
2026-06-02 11:00:00+0530,53282.94921875,53350.55078125,53232.8984375,53317.3515625,0.0
2026-06-02 11:15:00+0530,53313.75,53448.19921875,53243.5,53339.5,0.0
2026-06-02 11:30:00+0530,53339.5,53378.30078125,53232.1484375,53266.8515625,0.0
2026-06-02 11:45:00+0530,53267.94921875,53297.5,53212.6015625,53232.44921875,0.0
2026-06-02 12:00:00+0530,53232.44921875,53303.69921875,53209.69921875,53242.5,0.0
2026-06-02 12:15:00+0530,53245.6015625,53313.55078125,53139.6484375,53156.0,0.0
2026-06-02 12:30:00+0530,53153.0,53466.80078125,53135.80078125,53461.6484375,0.0
2026-06-02 12:45:00+0530,53463.75,53822.6484375,53460.3984375,53787.25,0.0
2026-06-02 13:00:00+0530,53784.3515625,53903.05078125,53718.25,53820.8515625,0.0
2026-06-02 13:15:00+0530,53823.6015625,53883.19921875,53759.1015625,53872.19921875,0.0
2026-06-02 13:30:00+0530,53872.8984375,53932.3984375,53795.8515625,53819.3515625,0.0
2026-06-02 13:45:00+0530,53821.25,53903.69921875,53782.6015625,53827.3515625,0.0
2026-06-02 14:00:00+0530,53830.5,53911.44921875,53822.8515625,53867.30078125,0.0
2026-06-02 14:15:00+0530,53870.44921875,53932.80078125,53804.8984375,53839.1484375,0.0
2026-06-02 14:30:00+0530,53838.3984375,53873.1015625,53644.0,53660.19921875,0.0
2026-06-02 14:45:00+0530,53659.0,53722.6015625,53600.80078125,53631.1484375,0.0
2026-06-02 15:00:00+0530,53627.6015625,53777.3515625,53587.69921875,53749.75,0.0
2026-06-02 15:15:00+0530,53752.8515625,53823.55078125,53737.8515625,53813.6015625,0.0
2026-06-03 09:15:00+0530,53588.75,53603.75,53169.8984375,53232.94921875,0.0
2026-06-03 09:30:00+0530,53230.80078125,53247.69921875,53133.0,53211.94921875,0.0
2026-06-03 09:45:00+0530,53214.25,53317.30078125,53139.69921875,53213.05078125,0.0
2026-06-03 10:00:00+0530,53212.8984375,53302.30078125,53165.3515625,53185.1484375,0.0
2026-06-03 10:15:00+0530,53182.05078125,53274.8984375,53169.8515625,53208.19921875,0.0
2026-06-03 10:30:00+0530,53209.80078125,53220.6015625,53092.1015625,53140.94921875,0.0
2026-06-03 10:45:00+0530,53142.3984375,53171.8515625,53101.6484375,53131.8515625,0.0
2026-06-03 11:00:00+0530,53135.69921875,53174.8515625,53071.1484375,53090.5,0.0
2026-06-03 11:15:00+0530,53091.80078125,53236.6015625,53087.6015625,53195.3984375,0.0
2026-06-03 11:30:00+0530,53199.05078125,53245.69921875,53126.30078125,53151.0,0.0
2026-06-03 11:45:00+0530,53151.69921875,53213.0,53142.55078125,53148.8984375,0.0
2026-06-03 12:00:00+0530,53151.1015625,53187.25,53028.3515625,53093.44921875,0.0
2026-06-03 12:15:00+0530,53092.25,53295.3515625,53067.0,53295.3515625,0.0
2026-06-03 12:30:00+0530,53298.05078125,53723.1015625,53296.8515625,53661.8984375,0.0
2026-06-03 12:45:00+0530,53662.3984375,53732.1015625,53540.0,53572.3515625,0.0
2026-06-03 13:00:00+0530,53577.1484375,53652.80078125,53525.25,53606.6484375,0.0
2026-06-03 13:15:00+0530,53623.94921875,53832.94921875,53622.3984375,53795.30078125,0.0
2026-06-03 13:30:00+0530,53806.6015625,53828.6484375,53689.8984375,53698.5,0.0
2026-06-03 13:45:00+0530,53702.3515625,53950.3515625,53694.69921875,53882.6484375,0.0
2026-06-03 14:00:00+0530,53886.25,54002.30078125,53860.30078125,53941.44921875,0.0
2026-06-03 14:15:00+0530,53937.1484375,54048.6484375,53909.0,53935.44921875,0.0
2026-06-03 14:30:00+0530,53938.19921875,54154.5,53926.6015625,54095.8515625,0.0
2026-06-03 14:45:00+0530,54096.1484375,54253.6015625,54086.1015625,54199.6484375,0.0
2026-06-03 15:00:00+0530,54204.6015625,54295.6484375,54049.25,54149.55078125,0.0
2026-06-03 15:15:00+0530,54156.6015625,54271.19921875,54150.75,54247.05078125,0.0
2026-06-04 09:15:00+0530,53966.94921875,54137.30078125,53837.6484375,53972.1015625,0.0
2026-06-04 09:30:00+0530,53970.3515625,54077.30078125,53879.6015625,54040.94921875,0.0
2026-06-04 09:45:00+0530,54040.69921875,54333.69921875,54040.69921875,54232.1484375,0.0
2026-06-04 10:00:00+0530,54233.8515625,54337.3984375,54215.6015625,54257.0,0.0
2026-06-04 10:15:00+0530,54253.8515625,54307.0,54198.25,54207.1015625,0.0
2026-06-04 10:30:00+0530,54205.8515625,54235.5,54107.6484375,54235.3515625,0.0
2026-06-04 10:45:00+0530,54236.75,54395.75,54229.80078125,54357.8984375,0.0
2026-06-04 11:00:00+0530,54358.1484375,54387.75,54198.94921875,54257.3984375,0.0
2026-06-04 11:15:00+0530,54254.6015625,54271.80078125,54173.69921875,54203.1015625,0.0
2026-06-04 11:30:00+0530,54202.6015625,54356.55078125,54110.30078125,54299.75,0.0
2026-06-04 11:45:00+0530,54302.3515625,54310.69921875,54140.19921875,54225.19921875,0.0
2026-06-04 12:00:00+0530,54224.0,54355.1015625,54196.19921875,54308.25,0.0
2026-06-04 12:15:00+0530,54307.55078125,54350.75,54255.44921875,54344.6015625,0.0
2026-06-04 12:30:00+0530,54341.19921875,54344.6484375,54202.5,54245.8984375,0.0
2026-06-04 12:45:00+0530,54243.94921875,54315.0,54235.8515625,54287.80078125,0.0
2026-06-04 13:00:00+0530,54288.80078125,54310.80078125,54032.1484375,54045.05078125,0.0
2026-06-04 13:15:00+0530,54050.75,54112.05078125,53995.19921875,54048.6015625,0.0
2026-06-04 13:30:00+0530,54051.6015625,54095.8984375,54014.3515625,54056.8984375,0.0
2026-06-04 13:45:00+0530,54058.1484375,54111.3984375,54026.44921875,54093.25,0.0
2026-06-04 14:00:00+0530,54088.5,54271.94921875,54079.75,54226.6015625,0.0
2026-06-04 14:15:00+0530,54229.8515625,54287.75,54208.05078125,54265.6015625,0.0
2026-06-04 14:30:00+0530,54268.30078125,54396.6015625,54251.55078125,54381.1015625,0.0
2026-06-04 14:45:00+0530,54381.5,54459.6484375,54241.44921875,54270.6015625,0.0
2026-06-04 15:00:00+0530,54270.0,54339.6484375,54229.94921875,54308.75,0.0
2026-06-04 15:15:00+0530,54306.94921875,54360.94921875,54276.44921875,54330.6015625,0.0
2026-06-05 09:15:00+0530,54405.19921875,54519.05078125,54316.3984375,54475.8984375,0.0
2026-06-05 09:30:00+0530,54478.0,54544.3984375,54423.94921875,54499.69921875,0.0
2026-06-05 09:45:00+0530,54502.69921875,54627.75,54436.5,54535.6484375,0.0
2026-06-05 10:00:00+0530,54531.3515625,54702.05078125,54485.69921875,54494.1015625,0.0
2026-06-05 10:15:00+0530,54496.05078125,54731.19921875,54461.8515625,54616.30078125,0.0
2026-06-05 10:30:00+0530,54621.30078125,54635.94921875,54208.69921875,54274.75,0.0
2026-06-05 10:45:00+0530,54271.19921875,54492.30078125,54174.25,54478.8984375,0.0
2026-06-05 11:00:00+0530,54485.6015625,54863.80078125,54471.6015625,54701.80078125,0.0
2026-06-05 11:15:00+0530,54702.44921875,54767.25,54555.44921875,54583.3984375,0.0
2026-06-05 11:30:00+0530,54579.5,54656.75,54497.19921875,54569.6484375,0.0
2026-06-05 11:45:00+0530,54573.1015625,54647.6484375,54497.1015625,54500.19921875,0.0
2026-06-05 12:00:00+0530,54497.94921875,54646.8515625,54496.94921875,54625.30078125,0.0
2026-06-05 12:15:00+0530,54627.94921875,54684.30078125,54588.5,54622.55078125,0.0
2026-06-05 12:30:00+0530,54625.19921875,54627.5,54441.6484375,54456.1484375,0.0
2026-06-05 12:45:00+0530,54456.6484375,54479.55078125,54365.6484375,54396.69921875,0.0
2026-06-05 13:00:00+0530,54398.19921875,54438.19921875,54345.8515625,54364.8515625,0.0
2026-06-05 13:15:00+0530,54367.25,54445.6484375,54259.8984375,54260.6015625,0.0
2026-06-05 13:30:00+0530,54255.3515625,54285.3984375,54141.1015625,54207.05078125,0.0
2026-06-05 13:45:00+0530,54203.94921875,54292.80078125,54185.1015625,54292.19921875,0.0
2026-06-05 14:00:00+0530,54296.0,54323.3515625,54199.25,54210.05078125,0.0
2026-06-05 14:15:00+0530,54208.3515625,54387.6484375,54160.25,54369.8515625,0.0
2026-06-05 14:30:00+0530,54369.5,54506.44921875,54271.6484375,54500.05078125,0.0
2026-06-05 14:45:00+0530,54502.0,54576.8984375,54406.0,54470.5,0.0
2026-06-05 15:00:00+0530,54474.80078125,54510.19921875,54359.80078125,54496.5,0.0
2026-06-05 15:15:00+0530,54495.6484375,54564.8984375,54467.25,54519.69921875,0.0
2026-06-08 09:15:00+0530,53871.0,54385.80078125,53871.0,54357.8515625,0.0
2026-06-08 09:30:00+0530,54358.6484375,54453.8984375,54239.94921875,54304.55078125,0.0
2026-06-08 09:45:00+0530,54310.1015625,54361.8515625,54175.80078125,54331.3984375,0.0
2026-06-08 10:00:00+0530,54330.6015625,54335.80078125,54124.05078125,54170.05078125,0.0
2026-06-08 10:15:00+0530,54170.8984375,54238.6484375,54106.44921875,54166.3515625,0.0
2026-06-08 10:30:00+0530,54166.25,54291.44921875,54163.69921875,54190.8984375,0.0
2026-06-08 10:45:00+0530,54193.3515625,54254.3984375,54152.55078125,54234.8515625,0.0
2026-06-08 11:00:00+0530,54237.69921875,54242.6015625,54144.5,54149.05078125,0.0
2026-06-08 11:15:00+0530,54150.30078125,54157.0,54018.1015625,54048.55078125,0.0
2026-06-08 11:30:00+0530,54052.69921875,54131.30078125,54038.80078125,54114.19921875,0.0
2026-06-08 11:45:00+0530,54115.3984375,54181.1484375,54101.3984375,54147.25,0.0
2026-06-08 12:00:00+0530,54148.1484375,54257.44921875,54135.6484375,54239.0,0.0
2026-06-08 12:15:00+0530,54240.5,54297.19921875,54226.05078125,54264.3984375,0.0
2026-06-08 12:30:00+0530,54264.80078125,54376.44921875,54256.0,54350.1015625,0.0
2026-06-08 12:45:00+0530,54351.6015625,54421.8515625,54306.1015625,54311.80078125,0.0
2026-06-08 13:00:00+0530,54309.80078125,54338.75,54252.1484375,54285.1484375,0.0
2026-06-08 13:15:00+0530,54290.44921875,54293.8515625,54212.3515625,54265.6484375,0.0
2026-06-08 13:30:00+0530,54262.75,54280.94921875,54153.80078125,54154.6484375,0.0
2026-06-08 13:45:00+0530,54154.6015625,54166.25,54082.69921875,54147.3984375,0.0
2026-06-08 14:00:00+0530,54148.6484375,54233.1484375,54103.80078125,54108.1484375,0.0
2026-06-08 14:15:00+0530,54107.5,54163.1015625,54078.30078125,54098.30078125,0.0
2026-06-08 14:30:00+0530,54099.75,54189.19921875,54085.05078125,54185.19921875,0.0
2026-06-08 14:45:00+0530,54189.3515625,54234.80078125,54132.6484375,54206.44921875,0.0
2026-06-08 15:00:00+0530,54214.6015625,54214.6015625,54020.1015625,54107.25,0.0
2026-06-08 15:15:00+0530,54107.44921875,54117.55078125,53949.8984375,54007.3515625,0.0
2026-06-09 09:15:00+0530,54279.30078125,54711.19921875,54266.75,54653.05078125,0.0
2026-06-09 09:30:00+0530,54653.0,54799.69921875,54653.0,54697.3984375,0.0
2026-06-09 09:45:00+0530,54696.0,54776.8984375,54639.80078125,54708.05078125,0.0
2026-06-09 10:00:00+0530,54708.05078125,54713.30078125,54631.8515625,54698.0,0.0
2026-06-09 10:15:00+0530,54697.94921875,54754.19921875,54666.8984375,54697.30078125,0.0
2026-06-09 10:30:00+0530,54697.6015625,54724.1015625,54623.25,54667.5,0.0
2026-06-09 10:45:00+0530,54666.8515625,54706.3984375,54582.30078125,54679.1015625,0.0
2026-06-09 11:00:00+0530,54675.6484375,54706.25,54626.30078125,54630.75,0.0
2026-06-09 11:15:00+0530,54631.6484375,54673.6484375,54502.94921875,54565.44921875,0.0
2026-06-09 11:30:00+0530,54563.3515625,54672.3984375,54550.05078125,54641.1484375,0.0
2026-06-09 11:45:00+0530,54639.80078125,54793.94921875,54625.19921875,54780.25,0.0
2026-06-09 12:00:00+0530,54778.3984375,54889.5,54770.8515625,54852.05078125,0.0
2026-06-09 12:15:00+0530,54847.30078125,54934.94921875,54841.75,54911.80078125,0.0
2026-06-09 12:30:00+0530,54907.30078125,55001.8515625,54907.30078125,54953.1484375,0.0
2026-06-09 12:45:00+0530,54948.8515625,54997.05078125,54901.3515625,54928.69921875,0.0
2026-06-09 13:00:00+0530,54927.94921875,55080.8984375,54927.94921875,55066.80078125,0.0
2026-06-09 13:15:00+0530,55067.80078125,55108.30078125,55040.8515625,55101.69921875,0.0
2026-06-09 13:30:00+0530,55100.94921875,55134.6015625,55044.8515625,55124.94921875,0.0
2026-06-09 13:45:00+0530,55123.30078125,55128.80078125,55019.94921875,55060.44921875,0.0
2026-06-09 14:00:00+0530,55060.8984375,55133.8984375,55033.8515625,55080.94921875,0.0
2026-06-09 14:15:00+0530,55082.0,55106.05078125,54998.3515625,55105.80078125,0.0
2026-06-09 14:30:00+0530,55103.94921875,55297.05078125,55063.6484375,55284.3984375,0.0
2026-06-09 14:45:00+0530,55285.8515625,55315.8515625,55235.94921875,55277.3515625,0.0
2026-06-09 15:00:00+0530,55277.80078125,55277.80078125,55159.6015625,55209.1015625,0.0
2026-06-09 15:15:00+0530,55207.94921875,55270.1484375,55148.3984375,55249.1484375,0.0
2026-06-10 09:15:00+0530,55110.5,55394.69921875,55096.0,55320.25,0.0
2026-06-10 09:30:00+0530,55322.0,55372.3984375,55274.1015625,55366.44921875,0.0
2026-06-10 09:45:00+0530,55364.19921875,55382.05078125,55297.5,55317.30078125,0.0
2026-06-10 10:00:00+0530,55318.94921875,55334.25,55213.80078125,55213.80078125,0.0
2026-06-10 10:15:00+0530,55213.5,55280.8984375,55173.3515625,55236.1015625,0.0
2026-06-10 10:30:00+0530,55236.94921875,55376.5,55232.3515625,55326.19921875,0.0
2026-06-10 10:45:00+0530,55326.80078125,55481.80078125,55309.8984375,55466.5,0.0
2026-06-10 11:00:00+0530,55466.1015625,55484.94921875,55381.0,55386.8515625,0.0
2026-06-10 11:15:00+0530,55385.6484375,55436.75,55346.94921875,55431.94921875,0.0
2026-06-10 11:30:00+0530,55432.30078125,55512.55078125,55395.94921875,55506.3515625,0.0
2026-06-10 11:45:00+0530,55507.80078125,55508.19921875,55450.1484375,55489.44921875,0.0
2026-06-10 12:00:00+0530,55491.75,55495.1015625,55419.19921875,55482.05078125,0.0
2026-06-10 12:15:00+0530,55481.55078125,55534.3984375,55429.6484375,55445.5,0.0
2026-06-10 12:30:00+0530,55449.1015625,55463.94921875,55318.75,55318.75,0.0
2026-06-10 12:45:00+0530,55320.44921875,55455.19921875,55283.8515625,55448.1015625,0.0
2026-06-10 13:00:00+0530,55449.6015625,55554.6484375,55436.0,55506.55078125,0.0
2026-06-10 13:15:00+0530,55508.44921875,55526.8515625,55432.6015625,55514.6015625,0.0
2026-06-10 13:30:00+0530,55511.94921875,55527.75,55419.75,55443.05078125,0.0
2026-06-10 13:45:00+0530,55441.94921875,55483.94921875,55388.8984375,55416.1484375,0.0
2026-06-10 14:00:00+0530,55414.80078125,55457.1015625,55323.75,55335.6015625,0.0
2026-06-10 14:15:00+0530,55333.1015625,55466.6015625,55313.3515625,55408.75,0.0
2026-06-10 14:30:00+0530,55408.1015625,55413.8515625,55183.6015625,55187.1484375,0.0
2026-06-10 14:45:00+0530,55187.1484375,55242.1484375,55130.1484375,55217.6015625,0.0
2026-06-10 15:00:00+0530,55219.30078125,55224.25,55053.75,55053.75,0.0
2026-06-10 15:15:00+0530,55059.1015625,55126.3515625,55027.6015625,55108.8515625,0.0
2026-06-11 09:15:00+0530,54794.05078125,55095.8515625,54770.19921875,54996.25,0.0
2026-06-11 09:30:00+0530,55000.94921875,55163.44921875,54934.1015625,55152.3984375,0.0
2026-06-11 09:45:00+0530,55152.75,55311.25,55070.05078125,55089.05078125,0.0
2026-06-11 10:00:00+0530,55086.80078125,55201.30078125,55029.1484375,55119.8984375,0.0
2026-06-11 10:15:00+0530,55123.6015625,55278.6015625,55120.25,55255.75,0.0
2026-06-11 10:30:00+0530,55256.19921875,55271.25,55199.25,55234.1015625,0.0
2026-06-11 10:45:00+0530,55237.6015625,55249.5,55075.1484375,55125.05078125,0.0
2026-06-11 11:00:00+0530,55126.05078125,55235.94921875,55058.5,55136.19921875,0.0
2026-06-11 11:15:00+0530,55135.75,55284.3515625,55130.30078125,55284.3515625,0.0
2026-06-11 11:30:00+0530,55284.8984375,55320.05078125,55175.05078125,55297.05078125,0.0
2026-06-11 11:45:00+0530,55298.55078125,55458.05078125,55290.6015625,55408.55078125,0.0
2026-06-11 12:00:00+0530,55408.55078125,55459.5,55401.3515625,55456.0,0.0
2026-06-11 12:15:00+0530,55457.8984375,55496.55078125,55372.6015625,55487.6484375,0.0
2026-06-11 12:30:00+0530,55490.05078125,55573.25,55488.55078125,55564.3515625,0.0
2026-06-11 12:45:00+0530,55566.1484375,55582.69921875,55470.1484375,55555.1484375,0.0
2026-06-11 13:00:00+0530,55556.05078125,55599.8984375,55342.94921875,55357.6484375,0.0
2026-06-11 13:15:00+0530,55358.1015625,55377.94921875,55219.55078125,55277.8515625,0.0
2026-06-11 13:30:00+0530,55277.6484375,55359.19921875,55187.30078125,55209.80078125,0.0
2026-06-11 13:45:00+0530,55216.44921875,55317.8515625,55186.1015625,55259.19921875,0.0
2026-06-11 14:00:00+0530,55258.3984375,55297.75,55199.69921875,55257.6015625,0.0
2026-06-11 14:15:00+0530,55257.6015625,55401.1015625,55239.6015625,55373.6484375,0.0
2026-06-11 14:30:00+0530,55374.25,55374.25,55232.30078125,55254.5,0.0
2026-06-11 14:45:00+0530,55259.19921875,55286.6015625,55154.75,55191.80078125,0.0
2026-06-11 15:00:00+0530,55192.3515625,55230.3515625,55097.6015625,55193.8984375,0.0
2026-06-11 15:15:00+0530,55191.05078125,55244.1484375,55159.3515625,55214.6484375,0.0
2026-06-12 09:15:00+0530,55895.94921875,56013.8984375,55847.6484375,55918.6484375,0.0
2026-06-12 09:30:00+0530,55918.8515625,55942.55078125,55813.55078125,55843.75,0.0
2026-06-12 09:45:00+0530,55844.05078125,55890.94921875,55826.6484375,55845.8984375,0.0
2026-06-12 10:00:00+0530,55845.8984375,55881.1015625,55761.55078125,55783.05078125,0.0
2026-06-12 10:15:00+0530,55787.80078125,55908.05078125,55728.5,55856.3984375,0.0
2026-06-12 10:30:00+0530,55855.75,55909.1484375,55841.5,55857.6484375,0.0
2026-06-12 10:45:00+0530,55858.80078125,55963.55078125,55806.8984375,55963.55078125,0.0
2026-06-12 11:00:00+0530,55965.94921875,55967.25,55866.75,55960.80078125,0.0
2026-06-12 11:15:00+0530,55964.05078125,55980.05078125,55881.8984375,55937.55078125,0.0
2026-06-12 11:30:00+0530,55933.6484375,55978.8515625,55910.5,55958.80078125,0.0
2026-06-12 11:45:00+0530,55956.3515625,55987.05078125,55922.5,55931.6015625,0.0
2026-06-12 12:00:00+0530,55933.69921875,55955.6015625,55813.1015625,55826.6484375,0.0
2026-06-12 12:15:00+0530,55824.69921875,55949.6484375,55815.8515625,55946.44921875,0.0
2026-06-12 12:30:00+0530,55945.94921875,55948.5,55858.05078125,55864.8984375,0.0
2026-06-12 12:45:00+0530,55864.8984375,55903.69921875,55827.1015625,55884.25,0.0
2026-06-12 13:00:00+0530,55883.8984375,55941.1484375,55873.55078125,55923.80078125,0.0
2026-06-12 13:15:00+0530,55925.6484375,56088.44921875,55910.3515625,56083.3515625,0.0
2026-06-12 13:30:00+0530,56083.5,56317.05078125,56080.80078125,56311.6015625,0.0
2026-06-12 13:45:00+0530,56311.3984375,56397.25,56272.94921875,56384.8984375,0.0
2026-06-12 14:00:00+0530,56383.80078125,56507.6015625,56354.6015625,56504.69921875,0.0
2026-06-12 14:15:00+0530,56509.1484375,56617.1484375,56504.0,56606.55078125,0.0
2026-06-12 14:30:00+0530,56606.0,56713.80078125,56566.75,56703.3515625,0.0
2026-06-12 14:45:00+0530,56704.8515625,56846.05078125,56693.80078125,56819.6015625,0.0
2026-06-12 15:00:00+0530,56816.25,56865.5,56745.75,56829.3515625,0.0
2026-06-12 15:15:00+0530,56828.6484375,56839.3984375,56758.0,56805.5,0.0
2026-06-15 09:15:00+0530,57679.6484375,57795.55078125,57453.05078125,57479.3984375,0.0
2026-06-15 09:30:00+0530,57480.55078125,57490.8984375,57385.8515625,57439.44921875,0.0
2026-06-15 09:45:00+0530,57442.80078125,57482.05078125,57366.75,57387.94921875,0.0
2026-06-15 10:00:00+0530,57390.1015625,57454.8515625,57344.1484375,57388.8984375,0.0
2026-06-15 10:15:00+0530,57388.05078125,57464.3984375,57374.3984375,57444.0,0.0
2026-06-15 10:30:00+0530,57449.05078125,57503.94921875,57439.5,57479.1484375,0.0
2026-06-15 10:45:00+0530,57479.6015625,57590.6015625,57473.75,57499.94921875,0.0
2026-06-15 11:00:00+0530,57500.69921875,57525.8515625,57460.05078125,57490.1015625,0.0
2026-06-15 11:15:00+0530,57488.94921875,57503.8984375,57422.19921875,57461.3984375,0.0
2026-06-15 11:30:00+0530,57448.6484375,57469.80078125,57415.8515625,57430.80078125,0.0
2026-06-15 11:45:00+0530,57433.19921875,57492.75,57402.55078125,57458.1484375,0.0
2026-06-15 12:00:00+0530,57456.3515625,57477.8515625,57322.3515625,57350.55078125,0.0
2026-06-15 12:15:00+0530,57342.30078125,57356.94921875,57230.3515625,57236.6484375,0.0
2026-06-15 12:30:00+0530,57241.8515625,57343.55078125,57222.19921875,57336.80078125,0.0
2026-06-15 12:45:00+0530,57331.5,57339.0,57263.55078125,57290.8984375,0.0
2026-06-15 13:00:00+0530,57295.6484375,57377.75,57254.8984375,57344.6015625,0.0
2026-06-15 13:15:00+0530,57337.8515625,57377.8515625,57285.1484375,57305.0,0.0
2026-06-15 13:30:00+0530,57298.44921875,57309.80078125,57213.5,57242.80078125,0.0
2026-06-15 13:45:00+0530,57243.6015625,57284.3515625,57139.55078125,57253.44921875,0.0
2026-06-15 14:00:00+0530,57250.3515625,57272.0,57164.3515625,57205.1015625,0.0
2026-06-15 14:15:00+0530,57207.80078125,57311.55078125,57185.05078125,57279.25,0.0
2026-06-15 14:30:00+0530,57277.30078125,57399.19921875,57275.05078125,57356.30078125,0.0
2026-06-15 14:45:00+0530,57359.19921875,57390.44921875,57248.6015625,57290.94921875,0.0
2026-06-15 15:00:00+0530,57289.5,57320.6015625,57121.94921875,57186.0,0.0
2026-06-15 15:15:00+0530,57186.6015625,57236.5,57127.1015625,57162.8515625,0.0
2026-06-16 09:15:00+0530,57311.75,57397.25,57178.3515625,57317.55078125,0.0
2026-06-16 09:30:00+0530,57316.80078125,57321.6015625,57133.44921875,57138.6484375,0.0
2026-06-16 09:45:00+0530,57137.19921875,57248.94921875,57137.1015625,57222.94921875,0.0
2026-06-16 10:00:00+0530,57228.1484375,57258.05078125,57102.69921875,57144.3515625,0.0
2026-06-16 10:15:00+0530,57147.3515625,57231.8984375,57134.3515625,57211.8984375,0.0
2026-06-16 10:30:00+0530,57211.8984375,57321.3515625,57203.3515625,57260.8984375,0.0
2026-06-16 10:45:00+0530,57260.55078125,57307.80078125,57186.1484375,57190.44921875,0.0
2026-06-16 11:00:00+0530,57191.75,57200.69921875,57106.8984375,57148.3515625,0.0
2026-06-16 11:15:00+0530,57147.80078125,57214.5,57120.3515625,57154.75,0.0
2026-06-16 11:30:00+0530,57155.6015625,57200.1015625,57118.94921875,57179.19921875,0.0
2026-06-16 11:45:00+0530,57177.80078125,57231.8515625,57109.1484375,57169.1015625,0.0
2026-06-16 12:00:00+0530,57165.8984375,57177.25,57089.1484375,57128.19921875,0.0
2026-06-16 12:15:00+0530,57131.8515625,57161.8515625,57076.25,57152.75,0.0
2026-06-16 12:30:00+0530,57152.6484375,57187.94921875,57106.19921875,57129.3515625,0.0
2026-06-16 12:45:00+0530,57131.19921875,57148.6015625,57077.8515625,57128.44921875,0.0
2026-06-16 13:00:00+0530,57127.94921875,57170.1015625,57094.75,57166.25,0.0
2026-06-16 13:15:00+0530,57165.1015625,57275.3984375,57141.3515625,57257.8515625,0.0
2026-06-16 13:30:00+0530,57257.8515625,57287.3515625,57191.19921875,57206.69921875,0.0
2026-06-16 13:45:00+0530,57205.05078125,57265.5,57153.05078125,57176.55078125,0.0
2026-06-16 14:00:00+0530,57177.6015625,57301.0,57153.0,57290.25,0.0
2026-06-16 14:15:00+0530,57291.75,57291.75,57210.6484375,57221.3515625,0.0
2026-06-16 14:30:00+0530,57218.69921875,57294.6015625,57201.75,57201.75,0.0
2026-06-16 14:45:00+0530,57196.44921875,57289.55078125,57195.1484375,57269.1015625,0.0
2026-06-16 15:00:00+0530,57262.3515625,57338.75,57249.8984375,57314.19921875,0.0
2026-06-16 15:15:00+0530,57317.3515625,57320.69921875,57285.8515625,57293.6484375,0.0
2026-06-17 09:15:00+0530,57439.19921875,57439.19921875,57222.3984375,57286.6484375,0.0
2026-06-17 09:30:00+0530,57288.1015625,57334.6484375,57242.6484375,57325.3984375,0.0
2026-06-17 09:45:00+0530,57324.55078125,57365.80078125,57280.55078125,57361.44921875,0.0
2026-06-17 10:00:00+0530,57362.55078125,57364.1015625,57256.0,57327.05078125,0.0
2026-06-17 10:15:00+0530,57328.55078125,57557.44921875,57322.3515625,57457.44921875,0.0
2026-06-17 10:30:00+0530,57458.25,57539.94921875,57446.8984375,57524.75,0.0
2026-06-17 10:45:00+0530,57523.1015625,57574.1015625,57498.8515625,57531.6484375,0.0
2026-06-17 11:00:00+0530,57534.30078125,57620.3984375,57507.3984375,57613.8984375,0.0
2026-06-17 11:15:00+0530,57614.55078125,57622.05078125,57549.0,57614.3984375,0.0
2026-06-17 11:30:00+0530,57615.69921875,57645.05078125,57524.3515625,57596.1015625,0.0
2026-06-17 11:45:00+0530,57596.1015625,57636.1015625,57525.3984375,57529.44921875,0.0
2026-06-17 12:00:00+0530,57529.75,57612.75,57520.6015625,57545.75,0.0
2026-06-17 12:15:00+0530,57544.55078125,57565.6015625,57497.30078125,57525.3515625,0.0
2026-06-17 12:30:00+0530,57528.6015625,57543.5,57477.94921875,57518.05078125,0.0
2026-06-17 12:45:00+0530,57521.05078125,57569.6484375,57478.75,57482.55078125,0.0
2026-06-17 13:00:00+0530,57482.55078125,57576.80078125,57472.55078125,57487.94921875,0.0
2026-06-17 13:15:00+0530,57488.1015625,57535.5,57471.3515625,57498.94921875,0.0
2026-06-17 13:30:00+0530,57500.0,57576.75,57493.05078125,57533.55078125,0.0
2026-06-17 13:45:00+0530,57532.8515625,57590.6484375,57516.80078125,57589.44921875,0.0
2026-06-17 14:00:00+0530,57589.44921875,57609.6484375,57534.94921875,57586.55078125,0.0
2026-06-17 14:15:00+0530,57584.3984375,57600.80078125,57479.6015625,57501.69921875,0.0
2026-06-17 14:30:00+0530,57500.3515625,57560.55078125,57481.0,57522.1015625,0.0
2026-06-17 14:45:00+0530,57526.25,57547.75,57460.94921875,57546.19921875,0.0
2026-06-17 15:00:00+0530,57541.30078125,57603.69921875,57521.19921875,57581.80078125,0.0
2026-06-17 15:15:00+0530,57581.6484375,57613.30078125,57533.69921875,57571.25,0.0
2026-06-18 09:15:00+0530,57637.8515625,57818.8984375,57591.8984375,57776.30078125,0.0
2026-06-18 09:30:00+0530,57777.8515625,57817.55078125,57674.05078125,57795.19921875,0.0
2026-06-18 09:45:00+0530,57799.44921875,57886.94921875,57783.75,57831.5,0.0
2026-06-18 10:00:00+0530,57832.6015625,57871.6484375,57798.55078125,57861.30078125,0.0
2026-06-18 10:15:00+0530,57863.0,57881.0,57780.8515625,57787.6484375,0.0
2026-06-18 10:30:00+0530,57788.6015625,57795.30078125,57659.30078125,57703.8515625,0.0
2026-06-18 10:45:00+0530,57705.05078125,57789.75,57693.6015625,57782.25,0.0
2026-06-18 11:00:00+0530,57785.6484375,57787.94921875,57707.25,57718.25,0.0
2026-06-18 11:15:00+0530,57718.80078125,57761.5,57681.6015625,57734.80078125,0.0
2026-06-18 11:30:00+0530,57740.3515625,57816.6484375,57722.6015625,57816.1015625,0.0
2026-06-18 11:45:00+0530,57814.6484375,57851.3515625,57780.30078125,57817.6484375,0.0
2026-06-18 12:00:00+0530,57817.6484375,57904.55078125,57814.3984375,57844.19921875,0.0
2026-06-18 12:15:00+0530,57844.55078125,57896.1015625,57814.30078125,57893.3515625,0.0
2026-06-18 12:30:00+0530,57896.8984375,57933.05078125,57872.19921875,57907.44921875,0.0
2026-06-18 12:45:00+0530,57905.3515625,57935.75,57885.30078125,57907.8515625,0.0
2026-06-18 13:00:00+0530,57912.0,57942.0,57893.1015625,57940.19921875,0.0
2026-06-18 13:15:00+0530,57944.05078125,57953.8984375,57838.3984375,57912.8984375,0.0
2026-06-18 13:30:00+0530,57917.05078125,57951.6484375,57886.0,57912.3515625,0.0
2026-06-18 13:45:00+0530,57917.25,57937.69921875,57887.1015625,57895.69921875,0.0
2026-06-18 14:00:00+0530,57898.1015625,57922.44921875,57873.05078125,57886.8515625,0.0
2026-06-18 14:15:00+0530,57887.55078125,57910.6484375,57833.19921875,57840.44921875,0.0
2026-06-18 14:30:00+0530,57842.8984375,57870.3984375,57792.19921875,57827.05078125,0.0
2026-06-18 14:45:00+0530,57829.80078125,57913.94921875,57814.75,57910.05078125,0.0
2026-06-18 15:00:00+0530,57913.6484375,58019.25,57888.5,57995.6484375,0.0
2026-06-18 15:15:00+0530,57996.05078125,58014.0,57957.05078125,57987.25,0.0
2026-06-19 09:15:00+0530,57712.25,57803.6484375,57622.5,57627.6484375,0.0
2026-06-19 09:30:00+0530,57629.8515625,57673.1015625,57564.80078125,57615.6484375,0.0
2026-06-19 09:45:00+0530,57618.8515625,57648.19921875,57575.19921875,57622.44921875,0.0
2026-06-19 10:00:00+0530,57622.19921875,57640.30078125,57548.3984375,57639.75,0.0
2026-06-19 10:15:00+0530,57636.19921875,57662.80078125,57598.30078125,57601.55078125,0.0
2026-06-19 10:30:00+0530,57600.19921875,57635.30078125,57565.55078125,57617.6484375,0.0
2026-06-19 10:45:00+0530,57617.80078125,57627.25,57508.69921875,57543.55078125,0.0
2026-06-19 11:00:00+0530,57543.19921875,57625.94921875,57528.55078125,57619.94921875,0.0
2026-06-19 11:15:00+0530,57619.80078125,57626.55078125,57537.75,57600.0,0.0
2026-06-19 11:30:00+0530,57606.30078125,57645.19921875,57563.6015625,57585.30078125,0.0
2026-06-19 11:45:00+0530,57586.55078125,57587.1484375,57533.69921875,57571.6484375,0.0
2026-06-19 12:00:00+0530,57575.55078125,57580.3984375,57546.75,57563.94921875,0.0
2026-06-19 12:15:00+0530,57566.0,57633.94921875,57548.25,57600.19921875,0.0
2026-06-19 12:30:00+0530,57601.8515625,57622.3984375,57487.19921875,57552.8515625,0.0
2026-06-19 12:45:00+0530,57552.80078125,57587.5,57499.25,57519.69921875,0.0
2026-06-19 13:00:00+0530,57520.94921875,57536.1015625,57465.1015625,57525.69921875,0.0
2026-06-19 13:15:00+0530,57520.94921875,57545.3515625,57499.05078125,57541.0,0.0
2026-06-19 13:30:00+0530,57541.3515625,57608.75,57531.5,57594.25,0.0
2026-06-19 13:45:00+0530,57594.25,57632.6015625,57572.69921875,57632.6015625,0.0
2026-06-19 14:00:00+0530,57635.6015625,57716.3984375,57633.1015625,57688.0,0.0
2026-06-19 14:15:00+0530,57688.44921875,57709.25,57624.6484375,57699.3515625,0.0
2026-06-19 14:30:00+0530,57696.44921875,57789.8984375,57683.0,57707.0,0.0
2026-06-19 14:45:00+0530,57704.6484375,57722.8515625,57536.19921875,57556.19921875,0.0
2026-06-19 15:00:00+0530,57555.6484375,57762.75,57513.44921875,57686.80078125,0.0
2026-06-19 15:15:00+0530,57690.3515625,57724.1015625,57645.8515625,57714.8515625,0.0
2026-06-22 09:15:00+0530,57906.8984375,57914.8515625,57775.1484375,57820.8984375,0.0
2026-06-22 09:30:00+0530,57818.6484375,57830.5,57720.69921875,57726.5,0.0
2026-06-22 09:45:00+0530,57731.19921875,57811.19921875,57721.3515625,57806.05078125,0.0
2026-06-22 10:00:00+0530,57807.44921875,57841.5,57747.6484375,57820.75,0.0
2026-06-22 10:15:00+0530,57820.75,57872.8515625,57801.8515625,57864.80078125,0.0
2026-06-22 10:30:00+0530,57863.05078125,57915.0,57849.25,57886.69921875,0.0
2026-06-22 10:45:00+0530,57885.1484375,57898.69921875,57839.1015625,57876.94921875,0.0
2026-06-22 11:00:00+0530,57876.94921875,57905.05078125,57859.75,57878.8515625,0.0
2026-06-22 11:15:00+0530,57875.8984375,57914.75,57869.8984375,57904.1015625,0.0
2026-06-22 11:30:00+0530,57904.0,57963.25,57891.69921875,57907.1484375,0.0
2026-06-22 11:45:00+0530,57907.1484375,57918.8984375,57876.55078125,57896.3515625,0.0
2026-06-22 12:00:00+0530,57893.3515625,57900.75,57861.69921875,57883.3984375,0.0
2026-06-22 12:15:00+0530,57880.55078125,57925.6484375,57878.0,57894.1015625,0.0
2026-06-22 12:30:00+0530,57894.1015625,57908.8984375,57855.55078125,57861.6484375,0.0
2026-06-22 12:45:00+0530,57862.3515625,57884.3984375,57845.30078125,57872.8515625,0.0
2026-06-22 13:00:00+0530,57871.80078125,57875.30078125,57810.80078125,57824.75,0.0
2026-06-22 13:15:00+0530,57824.75,57869.6484375,57815.94921875,57815.94921875,0.0
2026-06-22 13:30:00+0530,57815.94921875,57864.80078125,57800.6484375,57844.30078125,0.0
2026-06-22 13:45:00+0530,57844.30078125,57918.6015625,57834.5,57895.30078125,0.0
2026-06-22 14:00:00+0530,57894.6484375,57914.8515625,57854.94921875,57858.75,0.0
2026-06-22 14:15:00+0530,57860.25,57942.30078125,57844.19921875,57922.80078125,0.0
2026-06-22 14:30:00+0530,57922.6015625,57966.80078125,57899.6015625,57946.05078125,0.0
2026-06-22 14:45:00+0530,57946.05078125,58001.25,57939.1484375,57982.8984375,0.0
2026-06-22 15:00:00+0530,57988.19921875,58008.44921875,57916.05078125,57949.8984375,0.0
2026-06-22 15:15:00+0530,57950.5,57956.44921875,57870.94921875,57890.75,0.0
2026-06-23 09:15:00+0530,57921.3984375,57948.55078125,57782.05078125,57880.3984375,0.0
2026-06-23 09:30:00+0530,57880.94921875,57958.55078125,57861.8984375,57926.0,0.0
2026-06-23 09:45:00+0530,57925.05078125,57957.5,57885.55078125,57951.8515625,0.0
2026-06-23 10:00:00+0530,57946.75,57953.8984375,57868.6015625,57880.1484375,0.0
2026-06-23 10:15:00+0530,57884.94921875,57933.0,57870.1015625,57902.6015625,0.0
2026-06-23 10:30:00+0530,57903.19921875,57933.0,57874.80078125,57880.1484375,0.0
2026-06-23 10:45:00+0530,57880.3515625,57909.8515625,57860.75,57888.0,0.0
2026-06-23 11:00:00+0530,57886.80078125,57905.44921875,57855.6015625,57899.3515625,0.0
2026-06-23 11:15:00+0530,57901.1015625,57931.19921875,57861.94921875,57869.0,0.0
2026-06-23 11:30:00+0530,57871.6484375,57873.6015625,57739.44921875,57762.6015625,0.0
2026-06-23 11:45:00+0530,57760.94921875,57761.75,57517.5,57544.3984375,0.0
2026-06-23 12:00:00+0530,57543.8984375,57560.30078125,57464.80078125,57518.69921875,0.0
2026-06-23 12:15:00+0530,57519.05078125,57562.75,57369.25,57458.1484375,0.0
2026-06-23 12:30:00+0530,57456.5,57496.30078125,57430.1484375,57469.55078125,0.0
2026-06-23 12:45:00+0530,57470.3984375,57474.44921875,57385.44921875,57412.75,0.0
2026-06-23 13:00:00+0530,57412.69921875,57479.55078125,57367.05078125,57436.05078125,0.0
2026-06-23 13:15:00+0530,57440.3984375,57462.8515625,57360.0,57393.8515625,0.0
2026-06-23 13:30:00+0530,57393.8515625,57399.69921875,57265.30078125,57326.6484375,0.0
2026-06-23 13:45:00+0530,57327.75,57353.6015625,57240.6015625,57259.8515625,0.0
2026-06-23 14:00:00+0530,57263.55078125,57394.3515625,57242.19921875,57375.1484375,0.0
2026-06-23 14:15:00+0530,57376.69921875,57395.8515625,57314.80078125,57353.1015625,0.0
2026-06-23 14:30:00+0530,57354.8515625,57398.6015625,57301.6484375,57387.3515625,0.0
2026-06-23 14:45:00+0530,57387.3515625,57412.05078125,57316.75,57345.8515625,0.0
2026-06-23 15:00:00+0530,57354.8984375,57373.55078125,57183.6484375,57210.69921875,0.0
2026-06-23 15:15:00+0530,57211.75,57215.80078125,57080.25,57102.6484375,0.0
2026-06-24 09:15:00+0530,57074.8984375,57544.3515625,57074.8984375,57535.80078125,0.0
2026-06-24 09:30:00+0530,57534.3984375,57565.80078125,57455.25,57479.0,0.0
2026-06-24 09:45:00+0530,57479.80078125,57508.0,57309.94921875,57396.69921875,0.0
2026-06-24 10:00:00+0530,57398.1015625,57676.25,57396.19921875,57658.3515625,0.0
2026-06-24 10:15:00+0530,57657.6484375,57716.1484375,57634.3984375,57683.05078125,0.0
2026-06-24 10:30:00+0530,57688.0,57715.44921875,57644.25,57649.0,0.0
2026-06-24 10:45:00+0530,57651.05078125,57747.3515625,57647.30078125,57714.8984375,0.0
2026-06-24 11:00:00+0530,57713.94921875,57882.30078125,57713.94921875,57860.69921875,0.0
2026-06-24 11:15:00+0530,57862.94921875,57929.1484375,57833.25,57912.1015625,0.0
2026-06-24 11:30:00+0530,57914.6484375,58040.44921875,57881.3515625,58035.5,0.0
2026-06-24 11:45:00+0530,58034.75,58127.75,58031.1015625,58073.1484375,0.0
2026-06-24 12:00:00+0530,58071.80078125,58100.8515625,58017.1484375,58022.80078125,0.0
2026-06-24 12:15:00+0530,58026.30078125,58140.6015625,58023.94921875,58081.44921875,0.0
2026-06-24 12:30:00+0530,58081.5,58084.6015625,57961.55078125,58045.44921875,0.0
2026-06-24 12:45:00+0530,58045.69921875,58096.6484375,58011.6015625,58096.5,0.0
2026-06-24 13:00:00+0530,58095.05078125,58114.30078125,57995.44921875,58062.94921875,0.0
2026-06-24 13:15:00+0530,58063.80078125,58172.6484375,58043.1015625,58152.6484375,0.0
2026-06-24 13:30:00+0530,58152.75,58223.3515625,58141.55078125,58188.3984375,0.0
2026-06-24 13:45:00+0530,58191.55078125,58232.05078125,58160.8515625,58185.55078125,0.0
2026-06-24 14:00:00+0530,58185.80078125,58190.8984375,58097.0,58154.55078125,0.0
2026-06-24 14:15:00+0530,58155.1015625,58216.1484375,58138.3515625,58169.75,0.0
2026-06-24 14:30:00+0530,58170.3984375,58195.44921875,58115.3515625,58170.5,0.0
2026-06-24 14:45:00+0530,58172.3984375,58256.0,58120.6484375,58191.8515625,0.0
2026-06-24 15:00:00+0530,58193.05078125,58202.1484375,58096.0,58111.3515625,0.0
2026-06-24 15:15:00+0530,58109.05078125,58196.30078125,58093.94921875,58172.69921875,0.0
2026-06-25 09:15:00+0530,58463.5,58503.55078125,58360.6015625,58437.30078125,0.0
2026-06-25 09:30:00+0530,58434.8984375,58475.6484375,58387.8515625,58457.69921875,0.0
2026-06-25 09:45:00+0530,58464.8984375,58526.1484375,58459.3515625,58469.3515625,0.0
2026-06-25 10:00:00+0530,58468.6015625,58478.5,58380.30078125,58473.0,0.0
2026-06-25 10:15:00+0530,58471.80078125,58494.3984375,58389.30078125,58420.80078125,0.0
2026-06-25 10:30:00+0530,58423.0,58463.6484375,58408.8984375,58442.1015625,0.0
2026-06-25 10:45:00+0530,58442.25,58477.5,58385.3984375,58419.25,0.0
2026-06-25 11:00:00+0530,58419.1484375,58466.8515625,58389.25,58448.1484375,0.0
2026-06-25 11:15:00+0530,58451.0,58455.69921875,58408.1484375,58436.94921875,0.0
2026-06-25 11:30:00+0530,58434.6015625,58466.6015625,58418.75,58462.80078125,0.0
2026-06-25 11:45:00+0530,58464.3984375,58569.3984375,58460.05078125,58566.3984375,0.0
2026-06-25 12:00:00+0530,58568.6015625,58700.44921875,58565.30078125,58673.3515625,0.0
2026-06-25 12:15:00+0530,58673.80078125,58705.44921875,58508.8515625,58532.0,0.0
2026-06-25 12:30:00+0530,58533.25,58576.6015625,58476.1015625,58530.44921875,0.0
2026-06-25 12:45:00+0530,58533.1484375,58568.80078125,58498.80078125,58557.1015625,0.0
2026-06-25 13:00:00+0530,58557.8515625,58615.3515625,58488.5,58498.19921875,0.0
2026-06-25 13:15:00+0530,58498.3984375,58541.25,58473.5,58494.19921875,0.0
2026-06-25 13:30:00+0530,58496.44921875,58574.6015625,58465.19921875,58547.0,0.0
2026-06-25 13:45:00+0530,58548.3984375,58563.25,58433.0,58444.55078125,0.0
2026-06-25 14:00:00+0530,58447.69921875,58460.05078125,58274.19921875,58276.55078125,0.0
2026-06-25 14:15:00+0530,58276.69921875,58286.0,58202.80078125,58263.3984375,0.0
2026-06-25 14:30:00+0530,58263.19921875,58324.25,58159.1015625,58165.8984375,0.0
2026-06-25 14:45:00+0530,58170.44921875,58273.05078125,58141.1015625,58195.44921875,0.0
2026-06-25 15:00:00+0530,58198.6484375,58208.8984375,58110.8984375,58193.69921875,0.0
2026-06-25 15:15:00+0530,58190.55078125,58230.8984375,58152.8515625,58187.30078125,0.0
2026-06-29 09:15:00+0530,58191.44921875,58316.1484375,57995.3984375,58038.1015625,0.0
2026-06-29 09:30:00+0530,58040.8984375,58120.19921875,57890.80078125,58111.5,0.0
2026-06-29 09:45:00+0530,58108.6484375,58120.94921875,58018.8984375,58045.44921875,0.0
2026-06-29 10:00:00+0530,58046.1484375,58104.3984375,57980.6015625,58022.19921875,0.0
2026-06-29 10:15:00+0530,58022.8515625,58226.1484375,57975.19921875,58206.3515625,0.0
2026-06-29 10:30:00+0530,58208.19921875,58252.3515625,58150.8515625,58245.30078125,0.0
2026-06-29 10:45:00+0530,58250.19921875,58253.80078125,58053.1015625,58116.1484375,0.0
2026-06-29 11:00:00+0530,58116.05078125,58186.5,58082.5,58121.1015625,0.0
2026-06-29 11:15:00+0530,58120.3515625,58152.8515625,58065.6015625,58083.1015625,0.0
2026-06-29 11:30:00+0530,58080.19921875,58093.8984375,57943.80078125,57972.5,0.0
2026-06-29 11:45:00+0530,57971.30078125,57993.19921875,57870.8515625,57911.69921875,0.0
2026-06-29 12:00:00+0530,57910.05078125,57945.0,57843.75,57860.19921875,0.0
2026-06-29 12:15:00+0530,57862.30078125,57866.8515625,57731.6484375,57739.30078125,0.0
2026-06-29 12:30:00+0530,57741.8984375,57763.44921875,57642.05078125,57693.19921875,0.0
2026-06-29 12:45:00+0530,57693.1484375,57729.25,57641.3515625,57720.05078125,0.0
2026-06-29 13:00:00+0530,57723.1484375,57813.19921875,57696.3984375,57790.30078125,0.0
2026-06-29 13:15:00+0530,57792.25,57816.80078125,57717.1484375,57805.75,0.0
2026-06-29 13:30:00+0530,57807.75,57847.19921875,57733.3984375,57787.6484375,0.0
2026-06-29 13:45:00+0530,57791.80078125,57862.69921875,57751.3515625,57828.0,0.0
2026-06-29 14:00:00+0530,57823.8984375,57916.6015625,57816.55078125,57898.5,0.0
2026-06-29 14:15:00+0530,57900.1015625,57939.30078125,57864.80078125,57893.6484375,0.0
2026-06-29 14:30:00+0530,57890.69921875,57963.75,57869.44921875,57942.75,0.0
2026-06-29 14:45:00+0530,57943.8515625,57943.8515625,57757.80078125,57778.6015625,0.0
2026-06-29 15:00:00+0530,57782.8515625,57869.5,57648.55078125,57716.05078125,0.0
2026-06-29 15:15:00+0530,57715.8984375,57896.75,57684.19921875,57828.05078125,0.0
2026-06-30 09:15:00+0530,58011.94921875,58011.94921875,57725.1484375,57739.3515625,0.0
2026-06-30 09:30:00+0530,57742.3984375,57790.6015625,57663.1484375,57698.75,0.0
2026-06-30 09:45:00+0530,57699.19921875,57825.75,57607.6484375,57793.94921875,0.0
2026-06-30 10:00:00+0530,57790.3515625,57909.44921875,57735.30078125,57835.05078125,0.0
2026-06-30 10:15:00+0530,57831.3984375,57838.0,57685.94921875,57758.6484375,0.0
2026-06-30 10:30:00+0530,57754.8515625,57823.3515625,57705.55078125,57752.0,0.0
2026-06-30 10:45:00+0530,57754.55078125,57798.1484375,57658.8984375,57658.8984375,0.0
2026-06-30 11:00:00+0530,57658.44921875,57822.80078125,57632.8984375,57808.25,0.0
2026-06-30 11:15:00+0530,57810.8515625,57917.69921875,57756.94921875,57856.0,0.0
2026-06-30 11:30:00+0530,57855.8984375,57868.3515625,57724.94921875,57729.8515625,0.0
2026-06-30 11:45:00+0530,57733.8984375,57778.19921875,57704.5,57767.3515625,0.0
2026-06-30 12:00:00+0530,57765.8984375,57771.25,57663.05078125,57704.44921875,0.0
2026-06-30 12:15:00+0530,57700.30078125,57740.69921875,57672.30078125,57720.05078125,0.0
2026-06-30 12:30:00+0530,57719.75,57790.8515625,57618.69921875,57761.3515625,0.0
2026-06-30 12:45:00+0530,57760.80078125,57795.55078125,57722.1484375,57758.75,0.0
2026-06-30 13:00:00+0530,57758.19921875,57762.1484375,57670.75,57688.19921875,0.0
2026-06-30 13:15:00+0530,57687.05078125,57711.6484375,57592.19921875,57660.75,0.0
2026-06-30 13:30:00+0530,57657.8984375,57715.1015625,57635.0,57653.19921875,0.0
2026-06-30 13:45:00+0530,57651.19921875,57676.6484375,57565.94921875,57596.8984375,0.0
2026-06-30 14:00:00+0530,57594.0,57608.55078125,57465.30078125,57528.1484375,0.0
2026-06-30 14:15:00+0530,57527.44921875,57770.55078125,57497.5,57716.1015625,0.0
2026-06-30 14:30:00+0530,57715.05078125,57756.94921875,57672.19921875,57704.05078125,0.0
2026-06-30 14:45:00+0530,57703.44921875,57719.6484375,57598.25,57626.8515625,0.0
2026-06-30 15:00:00+0530,57625.6484375,57627.6015625,57457.69921875,57560.44921875,0.0
2026-06-30 15:15:00+0530,57557.6484375,57714.3984375,57517.8984375,57690.6015625,0.0
2026-07-01 09:15:00+0530,57573.3515625,57651.80078125,57487.8515625,57523.1015625,0.0
2026-07-01 09:30:00+0530,57518.3984375,57669.80078125,57505.75,57667.0,0.0
2026-07-01 09:45:00+0530,57668.1015625,57720.55078125,57577.44921875,57654.05078125,0.0
2026-07-01 10:00:00+0530,57655.80078125,57744.19921875,57579.94921875,57731.75,0.0
2026-07-01 10:15:00+0530,57731.75,57877.19921875,57725.1015625,57826.75,0.0
2026-07-01 10:30:00+0530,57824.0,57845.44921875,57673.6015625,57694.6015625,0.0
2026-07-01 10:45:00+0530,57694.6015625,57755.05078125,57688.30078125,57731.8984375,0.0
2026-07-01 11:00:00+0530,57733.44921875,57884.69921875,57728.55078125,57883.0,0.0
2026-07-01 11:15:00+0530,57882.3515625,57927.69921875,57846.8984375,57868.6484375,0.0
2026-07-01 11:30:00+0530,57869.3984375,57887.19921875,57816.25,57884.3984375,0.0
2026-07-01 11:45:00+0530,57884.75,57985.6015625,57880.8515625,57984.0,0.0
2026-07-01 12:00:00+0530,57979.80078125,57994.6484375,57932.3515625,57975.8984375,0.0
2026-07-01 12:15:00+0530,57972.6015625,58064.6015625,57926.8515625,57934.3515625,0.0
2026-07-01 12:30:00+0530,57934.80078125,58037.94921875,57934.80078125,57963.69921875,0.0
2026-07-01 12:45:00+0530,57964.3515625,57979.44921875,57941.1484375,57968.0,0.0
2026-07-01 13:00:00+0530,57966.25,58011.80078125,57926.05078125,58002.5,0.0
2026-07-01 13:15:00+0530,58008.0,58018.19921875,57951.8515625,57955.8515625,0.0
2026-07-01 13:30:00+0530,57956.5,58070.1015625,57919.5,58016.25,0.0
2026-07-01 13:45:00+0530,58013.25,58019.8984375,57954.5,57965.8515625,0.0
2026-07-01 14:00:00+0530,57962.5,58039.94921875,57931.8984375,58019.6015625,0.0
2026-07-01 14:15:00+0530,58019.6015625,58026.0,57952.75,57959.05078125,0.0
2026-07-01 14:30:00+0530,57959.19921875,57973.25,57850.6484375,57918.6484375,0.0
2026-07-01 14:45:00+0530,57916.94921875,58119.30078125,57902.6015625,58107.8984375,0.0
2026-07-01 15:00:00+0530,58112.55078125,58134.1484375,58022.94921875,58037.0,0.0
2026-07-01 15:15:00+0530,58040.30078125,58046.55078125,57896.3515625,57918.30078125,0.0
2026-07-02 09:15:00+0530,58118.1015625,58208.30078125,58075.3984375,58157.5,0.0
2026-07-02 09:30:00+0530,58157.3515625,58395.69921875,58142.3515625,58361.94921875,0.0
2026-07-02 09:45:00+0530,58361.94921875,58387.30078125,58206.75,58241.5,0.0
2026-07-02 10:00:00+0530,58239.55078125,58252.8515625,58108.1015625,58108.1015625,0.0
2026-07-02 10:15:00+0530,58107.6015625,58168.8984375,58077.6015625,58144.3515625,0.0
2026-07-02 10:30:00+0530,58141.1484375,58194.3515625,58097.3515625,58185.1015625,0.0
2026-07-02 10:45:00+0530,58184.30078125,58201.94921875,58108.1484375,58140.3515625,0.0
2026-07-02 11:00:00+0530,58142.05078125,58147.1484375,58032.1484375,58084.3515625,0.0
2026-07-02 11:15:00+0530,58084.0,58090.6484375,58011.8984375,58036.6015625,0.0
2026-07-02 11:30:00+0530,58036.19921875,58051.8984375,57930.1484375,57969.69921875,0.0
2026-07-02 11:45:00+0530,57967.75,58072.19921875,57964.19921875,58014.25,0.0
2026-07-02 12:00:00+0530,58017.5,58058.3515625,58001.5,58042.8515625,0.0
2026-07-02 12:15:00+0530,58041.6015625,58184.25,58004.94921875,58168.3984375,0.0
2026-07-02 12:30:00+0530,58168.3984375,58172.5,58080.55078125,58094.8984375,0.0
2026-07-02 12:45:00+0530,58092.80078125,58118.1015625,58037.05078125,58056.75,0.0
2026-07-02 13:00:00+0530,58055.6484375,58111.69921875,58044.5,58094.19921875,0.0
2026-07-02 13:15:00+0530,58084.3515625,58114.3984375,58054.44921875,58057.05078125,0.0
2026-07-02 13:30:00+0530,58059.05078125,58082.55078125,58014.1484375,58032.5,0.0
2026-07-02 13:45:00+0530,58032.5,58042.1015625,57984.30078125,58006.30078125,0.0
2026-07-02 14:00:00+0530,58006.30078125,58066.3984375,57894.25,57910.30078125,0.0
2026-07-02 14:15:00+0530,57912.3984375,57994.1015625,57885.44921875,57932.1484375,0.0
2026-07-02 14:30:00+0530,57934.1015625,58066.55078125,57922.05078125,58012.3515625,0.0
2026-07-02 14:45:00+0530,58011.1015625,58097.80078125,58004.1484375,58091.1484375,0.0
2026-07-02 15:00:00+0530,58093.44921875,58107.3515625,58033.0,58042.8515625,0.0
2026-07-02 15:15:00+0530,58043.69921875,58057.69921875,57948.44921875,57967.8515625,0.0
2026-07-03 09:15:00+0530,58313.5,58313.5,57979.1484375,58110.5,0.0
2026-07-03 09:30:00+0530,58111.1484375,58170.1015625,58036.19921875,58045.25,0.0
2026-07-03 09:45:00+0530,58044.80078125,58117.25,58015.8515625,58075.69921875,0.0
2026-07-03 10:00:00+0530,58077.3515625,58151.1015625,58055.8515625,58075.8515625,0.0
2026-07-03 10:15:00+0530,58081.1484375,58193.8515625,58065.3984375,58141.25,0.0
2026-07-03 10:30:00+0530,58143.80078125,58148.6484375,58072.1015625,58084.0,0.0
2026-07-03 10:45:00+0530,58085.3984375,58100.80078125,58021.44921875,58025.0,0.0
2026-07-03 11:00:00+0530,58025.69921875,58055.44921875,57953.80078125,57956.80078125,0.0
2026-07-03 11:15:00+0530,57956.94921875,57991.94921875,57916.6015625,57988.3515625,0.0
2026-07-03 11:30:00+0530,57993.80078125,58052.30078125,57961.19921875,58035.75,0.0
2026-07-03 11:45:00+0530,58035.05078125,58099.6484375,58020.44921875,58038.1015625,0.0
2026-07-03 12:00:00+0530,58039.55078125,58052.05078125,57985.6484375,58023.05078125,0.0
2026-07-03 12:15:00+0530,58019.55078125,58049.6015625,57983.44921875,58004.8984375,0.0
2026-07-03 12:30:00+0530,58005.6015625,58015.44921875,57957.94921875,57971.5,0.0
2026-07-03 12:45:00+0530,57973.44921875,57979.0,57929.30078125,57951.3515625,0.0
2026-07-03 13:00:00+0530,57951.3515625,57961.94921875,57837.6484375,57897.94921875,0.0
2026-07-03 13:15:00+0530,57898.8984375,57898.8984375,57843.3984375,57880.19921875,0.0
2026-07-03 13:30:00+0530,57881.8515625,57889.3984375,57799.05078125,57869.1015625,0.0
2026-07-03 13:45:00+0530,57871.8984375,57909.75,57854.5,57860.6015625,0.0
2026-07-03 14:00:00+0530,57857.6015625,57910.80078125,57825.69921875,57900.8515625,0.0
2026-07-03 14:15:00+0530,57901.3515625,57924.05078125,57832.55078125,57880.94921875,0.0
2026-07-03 14:30:00+0530,57883.05078125,57962.0,57875.0,57924.6015625,0.0
2026-07-03 14:45:00+0530,57927.0,57960.6484375,57863.8515625,57878.19921875,0.0
2026-07-03 15:00:00+0530,57878.94921875,57962.3984375,57878.94921875,57947.94921875,0.0
2026-07-03 15:15:00+0530,57947.55078125,57977.55078125,57928.8984375,57973.19921875,0.0
2026-07-06 09:15:00+0530,57981.55078125,58348.94921875,57943.0,58143.1015625,0.0
2026-07-06 09:30:00+0530,58137.3984375,58226.94921875,58131.05078125,58171.6484375,0.0
2026-07-06 09:45:00+0530,58173.3515625,58326.55078125,58163.80078125,58298.94921875,0.0
2026-07-06 10:00:00+0530,58300.55078125,58376.1015625,58270.30078125,58278.05078125,0.0
2026-07-06 10:15:00+0530,58279.19921875,58374.25,58268.8984375,58338.1015625,0.0
2026-07-06 10:30:00+0530,58339.8515625,58359.3984375,58248.8515625,58290.05078125,0.0
2026-07-06 10:45:00+0530,58291.5,58355.44921875,58248.8984375,58323.05078125,0.0
2026-07-06 11:00:00+0530,58325.55078125,58334.8515625,58284.1484375,58285.19921875,0.0
2026-07-06 11:15:00+0530,58287.8984375,58388.1015625,58255.0,58329.6015625,0.0
2026-07-06 11:30:00+0530,58328.69921875,58332.94921875,58219.3984375,58222.1015625,0.0
2026-07-06 11:45:00+0530,58221.8984375,58283.6015625,58213.55078125,58282.3984375,0.0
2026-07-06 12:00:00+0530,58284.44921875,58472.05078125,58265.44921875,58453.55078125,0.0
2026-07-06 12:15:00+0530,58451.8984375,58473.1015625,58419.3984375,58425.69921875,0.0
2026-07-06 12:30:00+0530,58430.19921875,58476.55078125,58383.30078125,58417.1484375,0.0
2026-07-06 12:45:00+0530,58417.75,58418.25,58339.25,58412.8984375,0.0
2026-07-06 13:00:00+0530,58411.1484375,58463.1015625,58372.69921875,58449.1484375,0.0
2026-07-06 13:15:00+0530,58450.3515625,58458.19921875,58381.1015625,58416.69921875,0.0
2026-07-06 13:30:00+0530,58408.05078125,58454.1484375,58387.8984375,58389.8984375,0.0
2026-07-06 13:45:00+0530,58391.8984375,58412.94921875,58350.25,58361.1484375,0.0
2026-07-06 14:00:00+0530,58361.69921875,58404.5,58319.6484375,58327.44921875,0.0
2026-07-06 14:15:00+0530,58326.1484375,58355.94921875,58301.8515625,58311.69921875,0.0
2026-07-06 14:30:00+0530,58314.80078125,58346.3984375,58285.19921875,58290.5,0.0
2026-07-06 14:45:00+0530,58295.0,58309.8515625,58244.8515625,58281.30078125,0.0
2026-07-06 15:00:00+0530,58279.5,58335.75,58275.3515625,58309.55078125,0.0
2026-07-06 15:15:00+0530,58309.44921875,58312.1484375,58234.1484375,58263.0,0.0
2026-07-07 09:15:00+0530,58546.69921875,58554.19921875,58342.3984375,58497.69921875,0.0
2026-07-07 09:30:00+0530,58497.3984375,58505.8984375,58361.6015625,58407.80078125,0.0
2026-07-07 09:45:00+0530,58407.55078125,58457.0,58377.44921875,58425.3984375,0.0
2026-07-07 10:00:00+0530,58425.69921875,58441.05078125,58392.05078125,58410.94921875,0.0
2026-07-07 10:15:00+0530,58410.1015625,58464.8984375,58363.6484375,58393.25,0.0
2026-07-07 10:30:00+0530,58393.3984375,58438.8984375,58381.6484375,58388.3515625,0.0
2026-07-07 10:45:00+0530,58389.19921875,58431.1015625,58348.8984375,58375.94921875,0.0
2026-07-07 11:00:00+0530,58376.75,58444.19921875,58365.25,58430.3515625,0.0
2026-07-07 11:15:00+0530,58431.25,58447.80078125,58381.30078125,58428.1015625,0.0
2026-07-07 11:30:00+0530,58427.55078125,58454.94921875,58411.5,58449.30078125,0.0
2026-07-07 11:45:00+0530,58449.75,58486.6015625,58418.55078125,58465.94921875,0.0
2026-07-07 12:00:00+0530,58467.05078125,58480.80078125,58393.19921875,58407.80078125,0.0
2026-07-07 12:15:00+0530,58407.80078125,58425.05078125,58355.3515625,58401.3984375,0.0
2026-07-07 12:30:00+0530,58401.3984375,58407.19921875,58291.8984375,58325.1484375,0.0
2026-07-07 12:45:00+0530,58325.30078125,58361.6484375,58283.8515625,58331.75,0.0
2026-07-07 13:00:00+0530,58330.19921875,58333.8515625,58215.19921875,58244.94921875,0.0
2026-07-07 13:15:00+0530,58247.69921875,58289.5,58214.80078125,58284.19921875,0.0
2026-07-07 13:30:00+0530,58284.19921875,58312.94921875,58227.30078125,58287.19921875,0.0
2026-07-07 13:45:00+0530,58288.75,58324.55078125,58225.25,58267.3984375,0.0
2026-07-07 14:00:00+0530,58268.25,58326.6015625,58241.30078125,58298.80078125,0.0
2026-07-07 14:15:00+0530,58298.6484375,58318.8984375,58274.1484375,58313.1015625,0.0
2026-07-07 14:30:00+0530,58315.55078125,58364.55078125,58304.80078125,58331.25,0.0
2026-07-07 14:45:00+0530,58331.8515625,58374.30078125,58309.6484375,58319.3984375,0.0
2026-07-07 15:00:00+0530,58320.1484375,58328.69921875,58183.5,58202.80078125,0.0
2026-07-07 15:15:00+0530,58199.30078125,58214.25,58110.19921875,58134.5,0.0
2026-07-08 09:15:00+0530,57918.25,58001.30078125,57816.1484375,57851.1484375,0.0
2026-07-08 09:30:00+0530,57853.5,57853.5,57707.30078125,57825.55078125,0.0
2026-07-08 09:45:00+0530,57829.1484375,57958.44921875,57802.80078125,57858.69921875,0.0
2026-07-08 10:00:00+0530,57854.3515625,57977.3515625,57829.25,57928.1484375,0.0
2026-07-08 10:15:00+0530,57925.05078125,57974.5,57855.69921875,57927.0,0.0
2026-07-08 10:30:00+0530,57926.3984375,58075.6015625,57926.0,58014.44921875,0.0
2026-07-08 10:45:00+0530,58017.80078125,58040.55078125,57935.1484375,57979.94921875,0.0
2026-07-08 11:00:00+0530,57981.30078125,57997.69921875,57941.8515625,57990.05078125,0.0
2026-07-08 11:15:00+0530,57990.1015625,58003.80078125,57907.05078125,57967.80078125,0.0
2026-07-08 11:30:00+0530,57969.75,57972.75,57866.55078125,57879.19921875,0.0
2026-07-08 11:45:00+0530,57881.80078125,57897.44921875,57804.94921875,57838.0,0.0
2026-07-08 12:00:00+0530,57841.1484375,57856.5,57788.55078125,57792.19921875,0.0
2026-07-08 12:15:00+0530,57796.1015625,57842.6484375,57751.19921875,57772.55078125,0.0
2026-07-08 12:30:00+0530,57771.1484375,57778.44921875,57722.3515625,57765.44921875,0.0
2026-07-08 12:45:00+0530,57768.80078125,57834.6015625,57746.5,57815.1015625,0.0
2026-07-08 13:00:00+0530,57816.25,57899.0,57810.80078125,57844.6015625,0.0
2026-07-08 13:15:00+0530,57842.94921875,57874.6484375,57815.80078125,57837.55078125,0.0
2026-07-08 13:30:00+0530,57839.75,57856.1484375,57803.30078125,57820.05078125,0.0
2026-07-08 13:45:00+0530,57820.25,57851.05078125,57199.5,57200.8984375,0.0
2026-07-08 14:00:00+0530,57206.44921875,57255.5,56813.3984375,56853.6015625,0.0
2026-07-08 14:15:00+0530,56852.6484375,57005.55078125,56723.75,56729.8515625,0.0
2026-07-08 14:30:00+0530,56736.30078125,56856.25,56687.8515625,56711.94921875,0.0
2026-07-08 14:45:00+0530,56710.3984375,56715.3515625,56553.5,56631.75,0.0
2026-07-08 15:00:00+0530,56632.8984375,56758.0,56622.44921875,56722.6015625,0.0
2026-07-08 15:15:00+0530,56720.94921875,56857.25,56718.6484375,56826.80078125,0.0
2026-07-09 09:15:00+0530,56867.30078125,57243.8515625,56867.30078125,57148.6015625,0.0
2026-07-09 09:30:00+0530,57143.6015625,57241.8984375,57094.55078125,57212.30078125,0.0
2026-07-09 09:45:00+0530,57216.05078125,57300.19921875,57194.30078125,57250.3984375,0.0
2026-07-09 10:00:00+0530,57251.25,57378.8984375,57242.05078125,57309.0,0.0
2026-07-09 10:15:00+0530,57309.75,57321.8984375,57195.6015625,57215.1484375,0.0
2026-07-09 10:30:00+0530,57212.55078125,57464.19921875,57091.8984375,57308.94921875,0.0
2026-07-09 10:45:00+0530,57309.6484375,57309.8984375,57049.69921875,57155.8515625,0.0
2026-07-09 11:00:00+0530,57155.8515625,57219.6015625,57075.8515625,57202.1484375,0.0
2026-07-09 11:15:00+0530,57199.3984375,57434.6015625,57157.55078125,57403.5,0.0
2026-07-09 11:30:00+0530,57403.1015625,57403.1015625,57273.6484375,57301.6484375,0.0
2026-07-09 11:45:00+0530,57308.05078125,57309.25,57228.8984375,57242.05078125,0.0
2026-07-09 12:00:00+0530,57246.30078125,57331.80078125,57220.30078125,57274.25,0.0
2026-07-09 12:15:00+0530,57275.25,57318.6484375,57222.3984375,57291.94921875,0.0
2026-07-09 12:30:00+0530,57293.5,57306.5,57196.19921875,57219.6015625,0.0
2026-07-09 12:45:00+0530,57220.30078125,57311.8984375,57187.5,57286.80078125,0.0
2026-07-09 13:00:00+0530,57289.1015625,57363.6484375,57261.1015625,57338.25,0.0
2026-07-09 13:15:00+0530,57339.0,57340.5,57240.1015625,57281.1015625,0.0
2026-07-09 13:30:00+0530,57283.1484375,57421.6484375,57279.0,57377.0,0.0
2026-07-09 13:45:00+0530,57377.0,57406.55078125,57339.94921875,57353.75,0.0
2026-07-09 14:00:00+0530,57354.25,57371.6015625,57268.3515625,57332.19921875,0.0
2026-07-09 14:15:00+0530,57330.55078125,57381.44921875,57272.6015625,57368.6484375,0.0
2026-07-09 14:30:00+0530,57365.75,57418.05078125,57219.19921875,57310.94921875,0.0
2026-07-09 14:45:00+0530,57310.1015625,57407.25,57265.94921875,57391.6484375,0.0
2026-07-09 15:00:00+0530,57388.05078125,57389.75,57125.6015625,57223.25,0.0
2026-07-09 15:15:00+0530,57224.1484375,57330.75,57222.44921875,57322.69921875,0.0
2026-07-10 09:15:00+0530,57592.5,57882.3984375,57592.5,57847.6484375,0.0
2026-07-10 09:30:00+0530,57848.8984375,57928.55078125,57831.25,57888.3515625,0.0
2026-07-10 09:45:00+0530,57889.69921875,57954.19921875,57857.75,57899.19921875,0.0
2026-07-10 10:00:00+0530,57898.3984375,57916.8515625,57841.69921875,57911.5,0.0
2026-07-10 10:15:00+0530,57913.8984375,57980.8515625,57894.69921875,57938.75,0.0
2026-07-10 10:30:00+0530,57939.44921875,57948.19921875,57873.3984375,57933.3515625,0.0
2026-07-10 10:45:00+0530,57935.94921875,57988.69921875,57930.55078125,57946.25,0.0
2026-07-10 11:00:00+0530,57951.55078125,57992.30078125,57914.05078125,57946.25,0.0
2026-07-10 11:15:00+0530,57944.0,57958.0,57840.3984375,57845.69921875,0.0
2026-07-10 11:30:00+0530,57847.80078125,57887.94921875,57818.25,57847.5,0.0
2026-07-10 11:45:00+0530,57845.80078125,57892.6484375,57830.6484375,57860.05078125,0.0
2026-07-10 12:00:00+0530,57858.19921875,57910.8984375,57830.8984375,57855.8984375,0.0
2026-07-10 12:15:00+0530,57857.05078125,57926.55078125,57841.94921875,57893.1015625,0.0
2026-07-10 12:30:00+0530,57893.75,58049.19921875,57858.80078125,58013.30078125,0.0
2026-07-10 12:45:00+0530,58017.6484375,58071.05078125,57986.6484375,58048.3984375,0.0
2026-07-10 13:00:00+0530,58049.1484375,58251.94921875,58038.8515625,58078.44921875,0.0
2026-07-10 13:15:00+0530,58078.8984375,58089.8984375,57964.1484375,58033.8984375,0.0
2026-07-10 13:30:00+0530,58037.25,58141.1015625,58000.8984375,58126.6484375,0.0
2026-07-10 13:45:00+0530,58126.05078125,58154.80078125,58070.19921875,58108.3984375,0.0
2026-07-10 14:00:00+0530,58109.94921875,58136.44921875,58051.1484375,58096.3984375,0.0
2026-07-10 14:15:00+0530,58095.19921875,58147.3515625,58049.6484375,58130.80078125,0.0
2026-07-10 14:30:00+0530,58134.1015625,58141.80078125,58053.8984375,58059.94921875,0.0
2026-07-10 14:45:00+0530,58060.8984375,58128.6015625,58038.44921875,58056.1015625,0.0
2026-07-10 15:00:00+0530,58055.25,58114.44921875,58028.1484375,58044.6015625,0.0
2026-07-10 15:15:00+0530,58046.19921875,58072.8515625,58007.19921875,58051.0,0.0
2026-07-13 09:15:00+0530,57616.69921875,57650.75,57493.75,57596.30078125,0.0
2026-07-13 09:30:00+0530,57595.1015625,57774.80078125,57561.69921875,57757.55078125,0.0
2026-07-13 09:45:00+0530,57764.5,57928.94921875,57748.75,57900.80078125,0.0
2026-07-13 10:00:00+0530,57900.80078125,57932.94921875,57834.80078125,57902.30078125,0.0
2026-07-13 10:15:00+0530,57906.1015625,58045.55078125,57848.1015625,58015.3515625,0.0
2026-07-13 10:30:00+0530,58016.19921875,58069.80078125,57976.05078125,58015.0,0.0
2026-07-13 10:45:00+0530,58019.8515625,58038.6484375,57916.75,57996.69921875,0.0
2026-07-13 11:00:00+0530,57997.5,58013.80078125,57923.69921875,57935.19921875,0.0
2026-07-13 11:15:00+0530,57936.30078125,57954.75,57870.25,57882.69921875,0.0
2026-07-13 11:30:00+0530,57883.1484375,57891.3515625,57815.55078125,57830.80078125,0.0
2026-07-13 11:45:00+0530,57830.8515625,57890.75,57760.0,57779.75,0.0
2026-07-13 12:00:00+0530,57776.75,57941.94921875,57772.8515625,57900.19921875,0.0
2026-07-13 12:15:00+0530,57900.19921875,57977.5,57858.1015625,57975.94921875,0.0
2026-07-13 12:30:00+0530,57974.19921875,57995.25,57941.5,57981.0,0.0
2026-07-13 12:45:00+0530,57981.0,58103.3984375,57969.55078125,57979.1484375,0.0
2026-07-13 13:00:00+0530,57979.1015625,58006.0,57932.6484375,58000.8984375,0.0
2026-07-13 13:15:00+0530,57997.8984375,58014.6015625,57868.69921875,57892.3515625,0.0
2026-07-13 13:30:00+0530,57893.0,57981.8984375,57889.19921875,57955.05078125,0.0
2026-07-13 13:45:00+0530,57954.3984375,58019.75,57950.8984375,58010.5,0.0
2026-07-13 14:00:00+0530,58010.3515625,58101.75,57993.94921875,58093.25,0.0
2026-07-13 14:15:00+0530,58094.3515625,58211.3984375,58089.5,58180.3515625,0.0
2026-07-13 14:30:00+0530,58179.3984375,58181.8984375,58098.19921875,58162.8984375,0.0
2026-07-13 14:45:00+0530,58161.55078125,58219.8984375,58145.0,58165.6015625,0.0
2026-07-13 15:00:00+0530,58163.6015625,58204.8515625,58089.69921875,58116.19921875,0.0
2026-07-13 15:15:00+0530,58115.1484375,58139.1015625,58076.05078125,58117.6015625,0.0
2026-07-14 09:15:00+0530,57832.55078125,57838.8984375,57644.69921875,57727.8984375,0.0
2026-07-14 09:30:00+0530,57718.1484375,57743.55078125,57490.75,57564.8984375,0.0
2026-07-14 09:45:00+0530,57565.55078125,57565.55078125,57462.69921875,57516.94921875,0.0
2026-07-14 10:00:00+0530,57513.0,57544.19921875,57463.19921875,57503.5,0.0
2026-07-14 10:15:00+0530,57502.25,57505.8984375,57380.0,57423.19921875,0.0
2026-07-14 10:30:00+0530,57424.3515625,57498.25,57416.30078125,57492.30078125,0.0
2026-07-14 10:45:00+0530,57492.8515625,57614.30078125,57473.30078125,57569.6015625,0.0
2026-07-14 11:00:00+0530,57570.30078125,57667.1484375,57570.30078125,57646.75,0.0
2026-07-14 11:15:00+0530,57647.19921875,57658.05078125,57584.3984375,57636.55078125,0.0
2026-07-14 11:30:00+0530,57636.25,57656.30078125,57508.5,57531.6484375,0.0
2026-07-14 11:45:00+0530,57534.6484375,57600.05078125,57510.6015625,57517.6015625,0.0
2026-07-14 12:00:00+0530,57518.3984375,57537.8984375,57466.3515625,57496.69921875,0.0
2026-07-14 12:15:00+0530,57495.6484375,57496.8515625,57388.30078125,57401.25,0.0
2026-07-14 12:30:00+0530,57402.1015625,57449.94921875,57400.8984375,57443.3515625,0.0
2026-07-14 12:45:00+0530,57442.6484375,57503.6015625,57406.0,57452.94921875,0.0
2026-07-14 13:00:00+0530,57452.1484375,57476.1015625,57410.19921875,57469.30078125,0.0
2026-07-14 13:15:00+0530,57468.5,57488.3984375,57410.19921875,57484.44921875,0.0
2026-07-14 13:30:00+0530,57483.6484375,57485.25,57287.6015625,57328.75,0.0
2026-07-14 13:45:00+0530,57329.55078125,57443.30078125,57327.75,57427.1484375,0.0
2026-07-14 14:00:00+0530,57429.8984375,57470.3984375,57402.19921875,57457.3515625,0.0
2026-07-14 14:15:00+0530,57457.3515625,57476.5,57387.3515625,57394.8984375,0.0
2026-07-14 14:30:00+0530,57398.19921875,57455.8515625,57382.25,57441.80078125,0.0
2026-07-14 14:45:00+0530,57443.6015625,57446.8984375,57331.30078125,57416.1484375,0.0
2026-07-14 15:00:00+0530,57416.8515625,57544.94921875,57416.8515625,57471.1484375,0.0
2026-07-14 15:15:00+0530,57474.3984375,57483.05078125,57387.80078125,57448.5,0.0
2026-07-15 09:15:00+0530,57623.0,58059.25,57622.6484375,58015.1484375,0.0
2026-07-15 09:30:00+0530,58016.44921875,58120.69921875,58010.8515625,58059.94921875,0.0
2026-07-15 09:45:00+0530,58061.19921875,58147.30078125,58055.5,58058.5,0.0
2026-07-15 10:00:00+0530,58058.8515625,58127.80078125,58023.3515625,58083.3515625,0.0
2026-07-15 10:15:00+0530,58082.8515625,58110.0,58033.5,58097.05078125,0.0
2026-07-15 10:30:00+0530,58096.8515625,58110.05078125,58040.05078125,58089.6015625,0.0
2026-07-15 10:45:00+0530,58089.6015625,58104.1015625,58037.6015625,58039.8984375,0.0
2026-07-15 11:00:00+0530,58042.1015625,58102.5,58023.30078125,58035.30078125,0.0
2026-07-15 11:15:00+0530,58034.25,58092.0,58032.75,58075.1484375,0.0
2026-07-15 11:30:00+0530,58076.05078125,58103.6015625,57835.8515625,57841.0,0.0
2026-07-15 11:45:00+0530,57841.0,57981.8984375,57838.69921875,57980.80078125,0.0
2026-07-15 12:00:00+0530,57983.0,58091.94921875,57945.69921875,58079.8515625,0.0
2026-07-15 12:15:00+0530,58084.69921875,58118.6015625,57939.30078125,57992.8515625,0.0
2026-07-15 12:30:00+0530,57993.3515625,58048.25,57944.25,57987.80078125,0.0
2026-07-15 12:45:00+0530,57989.55078125,57993.44921875,57604.8984375,57720.8984375,0.0
2026-07-15 13:00:00+0530,57719.3984375,57814.5,57545.19921875,57614.3984375,0.0
2026-07-15 13:15:00+0530,57616.05078125,57794.44921875,57597.0,57692.8515625,0.0
2026-07-15 13:30:00+0530,57694.8515625,57701.19921875,57621.6484375,57674.05078125,0.0
2026-07-15 13:45:00+0530,57676.6015625,57720.30078125,57598.5,57694.75,0.0
2026-07-15 14:00:00+0530,57697.25,57758.1015625,57662.05078125,57721.1015625,0.0
2026-07-15 14:15:00+0530,57723.75,57754.69921875,57622.44921875,57655.6015625,0.0
2026-07-15 14:30:00+0530,57653.55078125,57758.30078125,57645.1015625,57735.6484375,0.0
2026-07-15 14:45:00+0530,57731.1484375,57774.94921875,57641.44921875,57646.1015625,0.0
2026-07-15 15:00:00+0530,57645.80078125,57779.1015625,57625.1015625,57774.0,0.0
2026-07-15 15:15:00+0530,57772.30078125,57810.8515625,57716.05078125,57719.1015625,0.0
2026-07-16 09:15:00+0530,57879.3515625,57895.0,57645.55078125,57670.80078125,0.0
2026-07-16 09:30:00+0530,57672.3984375,57722.6015625,57637.19921875,57721.44921875,0.0
2026-07-16 09:45:00+0530,57726.69921875,57736.30078125,57658.8515625,57681.75,0.0
2026-07-16 10:00:00+0530,57682.3515625,57701.30078125,57624.05078125,57658.5,0.0
2026-07-16 10:15:00+0530,57664.44921875,57708.3515625,57579.44921875,57622.8515625,0.0
2026-07-16 10:30:00+0530,57624.25,57652.69921875,57564.19921875,57652.69921875,0.0
2026-07-16 10:45:00+0530,57652.55078125,57786.0,57646.55078125,57785.8515625,0.0
2026-07-16 11:00:00+0530,57798.6484375,57839.75,57694.6015625,57701.8515625,0.0
2026-07-16 11:15:00+0530,57703.6484375,57729.55078125,57651.69921875,57662.80078125,0.0
2026-07-16 11:30:00+0530,57671.0,57719.25,57637.1484375,57646.0,0.0
2026-07-16 11:45:00+0530,57648.05078125,57676.05078125,57605.5,57627.55078125,0.0
2026-07-16 12:00:00+0530,57627.55078125,57634.19921875,57575.75,57612.55078125,0.0
2026-07-16 12:15:00+0530,57618.80078125,57704.44921875,57587.94921875,57696.44921875,0.0
2026-07-16 12:30:00+0530,57696.30078125,57697.94921875,57565.5,57592.5,0.0
2026-07-16 12:45:00+0530,57593.6015625,57614.44921875,57569.3984375,57591.5,0.0
2026-07-16 13:00:00+0530,57591.69921875,57610.8984375,57563.6484375,57574.3984375,0.0
2026-07-16 13:15:00+0530,57573.55078125,57584.8515625,57514.3984375,57546.75,0.0
2026-07-16 13:30:00+0530,57544.69921875,57546.6015625,57420.1484375,57422.6484375,0.0
2026-07-16 13:45:00+0530,57428.0,57551.6484375,57421.19921875,57546.1484375,0.0
2026-07-16 14:00:00+0530,57543.80078125,57577.44921875,57513.1484375,57520.05078125,0.0
2026-07-16 14:15:00+0530,57525.3515625,57569.5,57473.8984375,57495.3515625,0.0
2026-07-16 14:30:00+0530,57504.80078125,57559.94921875,57495.19921875,57543.3984375,0.0
2026-07-16 14:45:00+0530,57546.55078125,57633.8515625,57520.75,57608.44921875,0.0
2026-07-16 15:00:00+0530,57605.8984375,57661.3515625,57553.1015625,57590.1484375,0.0
2026-07-16 15:15:00+0530,57588.75,57629.6015625,57547.44921875,57602.0,0.0
2026-07-17 09:15:00+0530,57666.75,57831.1015625,57548.80078125,57829.44921875,0.0
2026-07-17 09:30:00+0530,57825.0,57931.6015625,57820.30078125,57912.0,0.0
2026-07-17 09:45:00+0530,57911.80078125,57964.1015625,57842.1484375,57934.69921875,0.0
2026-07-17 10:00:00+0530,57938.0,58000.5,57882.55078125,57966.3984375,0.0
2026-07-17 10:15:00+0530,57967.6484375,58139.80078125,57953.6015625,58127.30078125,0.0
2026-07-17 10:30:00+0530,58127.6484375,58184.69921875,58036.44921875,58075.30078125,0.0
2026-07-17 10:45:00+0530,58072.3515625,58139.69921875,58031.0,58103.94921875,0.0
2026-07-17 11:00:00+0530,58104.0,58129.6484375,58035.1015625,58062.6015625,0.0
2026-07-17 11:15:00+0530,58061.5,58101.25,58042.1015625,58059.1484375,0.0
2026-07-17 11:30:00+0530,58059.1484375,58099.8984375,58032.3515625,58071.25,0.0
2026-07-17 11:45:00+0530,58073.1484375,58137.5,58072.44921875,58107.3984375,0.0
2026-07-17 12:00:00+0530,58107.6484375,58122.6484375,58048.19921875,58104.05078125,0.0
2026-07-17 12:15:00+0530,58103.80078125,58135.3984375,58072.69921875,58118.3515625,0.0
2026-07-17 12:30:00+0530,58118.3515625,58120.1484375,58068.1484375,58083.8515625,0.0
2026-07-17 12:45:00+0530,58084.1015625,58147.19921875,58065.30078125,58113.6015625,0.0
2026-07-17 13:00:00+0530,58113.6015625,58128.5,58076.1484375,58109.44921875,0.0
2026-07-17 13:15:00+0530,58104.75,58117.44921875,58025.55078125,58057.3984375,0.0
2026-07-17 13:30:00+0530,58055.3984375,58102.69921875,57916.1015625,57995.69921875,0.0
2026-07-17 13:45:00+0530,57994.6015625,58108.69921875,57940.6484375,58105.8515625,0.0
2026-07-17 14:00:00+0530,58097.8515625,58233.1015625,58051.1015625,58223.80078125,0.0
2026-07-17 14:15:00+0530,58221.25,58515.1015625,58221.25,58394.55078125,0.0
2026-07-17 14:30:00+0530,58393.80078125,58468.19921875,58368.25,58452.3984375,0.0
2026-07-17 14:45:00+0530,58449.44921875,58498.25,58412.19921875,58489.6015625,0.0
2026-07-17 15:00:00+0530,58487.94921875,58529.44921875,58441.5,58481.1484375,0.0
2026-07-17 15:15:00+0530,58477.44921875,58593.8984375,58451.8515625,58576.0,0.0
2026-07-20 09:15:00+0530,57643.55078125,57956.0,57643.5,57671.69921875,0.0
2026-07-20 09:30:00+0530,57675.3515625,57687.1484375,57562.80078125,57590.80078125,0.0
2026-07-20 09:45:00+0530,57587.8984375,57679.8984375,57559.94921875,57651.94921875,0.0
2026-07-20 10:00:00+0530,57652.5,57715.69921875,57618.19921875,57697.6015625,0.0
2026-07-20 10:15:00+0530,57696.80078125,57833.80078125,57685.8515625,57795.80078125,0.0
2026-07-20 10:30:00+0530,57794.44921875,57837.94921875,57734.05078125,57762.69921875,0.0
2026-07-20 10:45:00+0530,57762.30078125,57789.94921875,57666.6484375,57686.44921875,0.0
2026-07-20 11:00:00+0530,57686.44921875,57756.1484375,57659.80078125,57669.19921875,0.0
2026-07-20 11:15:00+0530,57669.69921875,57712.25,57643.3984375,57690.3515625,0.0
2026-07-20 11:30:00+0530,57690.55078125,57694.0,57640.94921875,57659.5,0.0
2026-07-20 11:45:00+0530,57659.05078125,57678.44921875,57633.05078125,57664.19921875,0.0
2026-07-20 12:00:00+0530,57664.19921875,57692.30078125,57632.3984375,57673.25,0.0
2026-07-20 12:15:00+0530,57673.44921875,57714.1484375,57632.8515625,57660.05078125,0.0
2026-07-20 12:30:00+0530,57662.75,57696.1484375,57595.75,57600.44921875,0.0
2026-07-20 12:45:00+0530,57601.3984375,57692.6015625,57533.1015625,57681.1484375,0.0
2026-07-20 13:00:00+0530,57678.80078125,57785.80078125,57662.19921875,57785.80078125,0.0
2026-07-20 13:15:00+0530,57784.05078125,57880.3984375,57757.05078125,57867.1484375,0.0
2026-07-20 13:30:00+0530,57864.80078125,57885.6484375,57841.8515625,57852.44921875,0.0
2026-07-20 13:45:00+0530,57847.69921875,57978.55078125,57845.05078125,57973.94921875,0.0
2026-07-20 14:00:00+0530,57971.44921875,58107.55078125,57951.6484375,58072.6015625,0.0
2026-07-20 14:15:00+0530,58068.30078125,58081.1484375,58002.3984375,58059.6015625,0.0
2026-07-20 14:30:00+0530,58058.8984375,58066.80078125,57959.55078125,57972.6015625,0.0
2026-07-20 14:45:00+0530,57970.30078125,57987.0,57934.44921875,57940.44921875,0.0
2026-07-20 15:00:00+0530,57940.3984375,57966.3984375,57906.25,57953.3515625,0.0
2026-07-20 15:15:00+0530,57955.19921875,57975.3515625,57921.94921875,57975.3515625,0.0
2026-07-21 09:15:00+0530,57846.6484375,58226.6015625,57836.19921875,58069.5,0.0
2026-07-21 09:30:00+0530,58070.44921875,58092.0,57986.1015625,58025.1484375,0.0
2026-07-21 09:45:00+0530,58024.19921875,58028.94921875,57936.75,57990.6015625,0.0
2026-07-21 10:00:00+0530,57992.1484375,58026.6015625,57912.55078125,57980.8515625,0.0
2026-07-21 10:15:00+0530,57987.55078125,57988.3984375,57935.05078125,57981.80078125,0.0
2026-07-21 10:30:00+0530,57988.1484375,58006.69921875,57893.5,57949.3984375,0.0
2026-07-21 10:45:00+0530,57940.44921875,57952.25,57867.1484375,57875.19921875,0.0
2026-07-21 11:00:00+0530,57876.44921875,57960.25,57848.8515625,57917.80078125,0.0
2026-07-21 11:15:00+0530,57916.8984375,57940.80078125,57876.30078125,57904.5,0.0
2026-07-21 11:30:00+0530,57902.94921875,57942.3515625,57849.8984375,57861.19921875,0.0
2026-07-21 11:45:00+0530,57862.30078125,57875.6015625,57831.0,57862.1015625,0.0
2026-07-21 12:00:00+0530,57870.3984375,57913.69921875,57862.05078125,57886.3515625,0.0
2026-07-21 12:15:00+0530,57887.19921875,57938.80078125,57873.6015625,57923.1484375,0.0
2026-07-21 12:30:00+0530,57925.1015625,57984.0,57889.3984375,57921.8984375,0.0
2026-07-21 12:45:00+0530,57930.3984375,57931.30078125,57845.1015625,57852.1015625,0.0
2026-07-21 13:00:00+0530,57851.19921875,57911.44921875,57830.55078125,57891.6015625,0.0
2026-07-21 13:15:00+0530,57892.25,57940.3515625,57882.44921875,57921.8515625,0.0
2026-07-21 13:30:00+0530,57919.75,57950.0,57892.05078125,57913.80078125,0.0
2026-07-21 13:45:00+0530,57915.80078125,57934.5,57861.1484375,57872.0,0.0
2026-07-21 14:00:00+0530,57873.1015625,57926.05078125,57859.8984375,57866.25,0.0
2026-07-21 14:15:00+0530,57865.55078125,57917.3515625,57824.1015625,57858.75,0.0
2026-07-21 14:30:00+0530,57863.3515625,57880.6484375,57814.05078125,57838.8515625,0.0
2026-07-21 14:45:00+0530,57841.8984375,57877.69921875,57809.44921875,57851.1484375,0.0
2026-07-21 15:00:00+0530,57854.44921875,57890.25,57807.75,57814.8515625,0.0
2026-07-21 15:15:00+0530,57816.80078125,57853.55078125,57804.94921875,57817.6015625,0.0
2026-07-22 09:15:00+0530,57762.6015625,57784.44921875,57333.1015625,57334.8984375,0.0
2026-07-22 09:30:00+0530,57334.30078125,57351.0,57253.75,57327.6484375,0.0
2026-07-22 09:45:00+0530,57332.3984375,57338.25,57253.80078125,57286.1015625,0.0
2026-07-22 10:00:00+0530,57285.0,57394.30078125,57262.19921875,57320.3984375,0.0
2026-07-22 10:15:00+0530,57325.75,57351.80078125,57188.8984375,57256.8984375,0.0
2026-07-22 10:30:00+0530,57258.55078125,57281.55078125,57204.6484375,57222.1484375,0.0
2026-07-22 10:45:00+0530,57221.75,57265.75,57205.8984375,57259.05078125,0.0
2026-07-22 11:00:00+0530,57262.1484375,57279.6484375,57230.8984375,57232.6484375,0.0
2026-07-22 11:15:00+0530,57236.5,57327.0,57221.3515625,57301.3515625,0.0
2026-07-22 11:30:00+0530,57299.94921875,57309.19921875,57257.05078125,57267.44921875,0.0
2026-07-22 11:45:00+0530,57268.69921875,57282.8984375,57192.0,57193.3984375,0.0
2026-07-22 12:00:00+0530,57192.25,57199.44921875,57092.30078125,57092.30078125,0.0
2026-07-22 12:15:00+0530,57091.6015625,57119.69921875,57022.5,57058.30078125,0.0
2026-07-22 12:30:00+0530,57056.1015625,57070.94921875,56971.94921875,57068.19921875,0.0
2026-07-22 12:45:00+0530,57070.30078125,57156.44921875,57042.80078125,57099.30078125,0.0
2026-07-22 13:00:00+0530,57090.30078125,57090.69921875,57019.6015625,57052.1015625,0.0
2026-07-22 13:15:00+0530,57055.0,57102.6484375,57050.69921875,57087.6015625,0.0
2026-07-22 13:30:00+0530,57087.6015625,57164.05078125,57054.8515625,57096.69921875,0.0
2026-07-22 13:45:00+0530,57096.8515625,57104.75,57036.30078125,57036.6484375,0.0
2026-07-22 14:00:00+0530,57036.0,57059.0,56994.3515625,57022.3515625,0.0
2026-07-22 14:15:00+0530,57022.3515625,57084.6015625,57010.3515625,57042.6484375,0.0
2026-07-22 14:30:00+0530,57043.0,57118.0,57027.1484375,57073.3984375,0.0
2026-07-22 14:45:00+0530,57075.5,57123.5,57056.0,57077.8515625,0.0
2026-07-22 15:00:00+0530,57079.6015625,57175.1484375,57048.8984375,57158.1484375,0.0
2026-07-22 15:15:00+0530,57162.6015625,57178.8984375,57115.3984375,57122.1015625,0.0
2026-07-23 09:15:00+0530,56808.1015625,56925.3984375,56648.8515625,56816.1484375,0.0
2026-07-23 09:30:00+0530,56815.8515625,56834.44921875,56661.1015625,56711.69921875,0.0
2026-07-23 09:45:00+0530,56713.69921875,56796.25,56695.0,56794.5,0.0
2026-07-23 10:00:00+0530,56794.5,56886.05078125,56774.1484375,56832.30078125,0.0
2026-07-23 10:15:00+0530,56830.69921875,56874.6015625,56797.3515625,56860.1015625,0.0
2026-07-23 10:30:00+0530,56859.80078125,56879.6484375,56810.19921875,56838.44921875,0.0
2026-07-23 10:45:00+0530,56836.69921875,56865.6484375,56798.0,56853.3515625,0.0
2026-07-23 11:00:00+0530,56853.3515625,56873.44921875,56797.6484375,56800.1484375,0.0
2026-07-23 11:15:00+0530,56800.75,56803.5,56661.05078125,56682.80078125,0.0
2026-07-23 11:30:00+0530,56683.8984375,56714.44921875,56633.25,56660.19921875,0.0
2026-07-23 11:45:00+0530,56661.8515625,56662.25,56595.94921875,56641.5,0.0
2026-07-23 12:00:00+0530,56639.25,56692.1484375,56616.8984375,56621.0,0.0
2026-07-23 12:15:00+0530,56623.6015625,56653.8984375,56548.6484375,56551.8515625,0.0
2026-07-23 12:30:00+0530,56551.8515625,56557.8515625,56422.1015625,56425.44921875,0.0
2026-07-23 12:45:00+0530,56423.94921875,56462.1015625,56381.5,56435.30078125,0.0
2026-07-23 13:00:00+0530,56435.30078125,56440.05078125,56374.8984375,56408.1484375,0.0
2026-07-23 13:15:00+0530,56407.0,56477.3515625,56381.3984375,56450.8984375,0.0
2026-07-23 13:30:00+0530,56450.05078125,56500.30078125,56412.55078125,56474.1015625,0.0
2026-07-23 13:45:00+0530,56475.0,56544.3984375,56473.94921875,56526.0,0.0
2026-07-23 14:00:00+0530,56525.1484375,56551.19921875,56500.3515625,56513.19921875,0.0
2026-07-23 14:15:00+0530,56511.69921875,56589.0,56497.6484375,56540.19921875,0.0
2026-07-23 14:30:00+0530,56542.69921875,56612.6015625,56451.8984375,56476.75,0.0
2026-07-23 14:45:00+0530,56477.1484375,56548.1484375,56426.0,56548.1484375,0.0
2026-07-23 15:00:00+0530,56547.44921875,56619.94921875,56508.05078125,56572.80078125,0.0
2026-07-23 15:15:00+0530,56573.8515625,56607.6015625,56537.3984375,56563.3515625,0.0
2026-07-24 09:15:00+0530,56215.5,56341.8984375,56096.94921875,56230.6484375,0.0
2026-07-24 09:30:00+0530,56225.8984375,56268.8515625,56096.25,56112.3984375,0.0
2026-07-24 09:45:00+0530,56114.0,56173.3984375,56036.0,56115.44921875,0.0
2026-07-24 10:00:00+0530,56119.5,56123.80078125,56060.8984375,56073.5,0.0
2026-07-24 10:15:00+0530,56075.3984375,56145.5,56067.0,56133.05078125,0.0
2026-07-24 10:30:00+0530,56133.05078125,56207.3984375,56082.80078125,56195.75,0.0
2026-07-24 10:45:00+0530,56195.75,56216.0,56113.5,56128.30078125,0.0
2026-07-24 11:00:00+0530,56128.30078125,56156.55078125,56074.3984375,56081.80078125,0.0
2026-07-24 11:15:00+0530,56081.75,56226.55078125,56077.6484375,56188.25,0.0
2026-07-24 11:30:00+0530,56189.6484375,56235.25,56158.3984375,56220.8515625,0.0
2026-07-24 11:45:00+0530,56220.8984375,56296.8984375,56218.1015625,56250.25,0.0
2026-07-24 12:00:00+0530,56250.25,56400.1015625,56243.3984375,56336.44921875,0.0
2026-07-24 12:15:00+0530,56337.05078125,56731.3984375,56334.05078125,56694.3515625,0.0
2026-07-24 12:30:00+0530,56692.6015625,56723.0,56556.6015625,56672.8515625,0.0
2026-07-24 12:45:00+0530,56672.8515625,56772.5,56668.6484375,56714.80078125,0.0
2026-07-24 13:00:00+0530,56714.80078125,56718.6484375,56610.05078125,56687.6484375,0.0
2026-07-24 13:15:00+0530,56689.8984375,56769.1484375,56670.6484375,56739.44921875,0.0
2026-07-24 13:30:00+0530,56739.44921875,56744.55078125,56557.5,56614.19921875,0.0
2026-07-24 13:45:00+0530,56612.3984375,56743.94921875,56597.25,56742.3515625,0.0
2026-07-24 14:00:00+0530,56740.6015625,56830.6015625,56711.30078125,56785.8984375,0.0
2026-07-24 14:15:00+0530,56783.3984375,56795.05078125,56701.25,56725.94921875,0.0
2026-07-24 14:30:00+0530,56727.80078125,56750.25,56663.3515625,56686.3984375,0.0
2026-07-24 14:45:00+0530,56685.75,56753.6484375,56661.8515625,56723.1484375,0.0
2026-07-24 15:00:00+0530,56726.3984375,56740.05078125,56632.44921875,56682.6484375,0.0
2026-07-24 15:15:00+0530,56681.1484375,56763.05078125,56674.44921875,56755.3984375,0.0
2026-07-27 09:15:00+0530,57116.80078125,57329.30078125,57116.80078125,57248.55078125,0.0
2026-07-27 09:30:00+0530,57249.05078125,57276.55078125,57165.5,57189.8984375,0.0
2026-07-27 09:45:00+0530,57188.6484375,57204.6484375,57080.75,57107.6484375,0.0
2026-07-27 10:00:00+0530,57105.19921875,57124.94921875,57048.19921875,57121.3984375,0.0
2026-07-27 10:15:00+0530,57121.3984375,57135.6015625,57026.19921875,57046.8984375,0.0
2026-07-27 10:30:00+0530,57050.05078125,57065.30078125,56970.3984375,57032.94921875,0.0
2026-07-27 10:45:00+0530,57036.6015625,57083.75,57009.5,57070.0,0.0
2026-07-27 11:00:00+0530,57077.25,57087.6015625,57026.6484375,57036.0,0.0
2026-07-27 11:15:00+0530,57036.8984375,57084.19921875,57008.6015625,57044.6015625,0.0
2026-07-27 11:30:00+0530,57045.30078125,57062.25,57009.55078125,57047.44921875,0.0
2026-07-27 11:45:00+0530,57050.80078125,57050.80078125,56972.05078125,56977.05078125,0.0
2026-07-27 12:00:00+0530,56975.30078125,57142.6484375,56947.1484375,57076.3515625,0.0
2026-07-27 12:15:00+0530,57076.94921875,57118.1484375,57052.19921875,57054.75,0.0
2026-07-27 12:30:00+0530,57058.6484375,57087.6015625,57010.6484375,57052.8515625,0.0
2026-07-27 12:45:00+0530,57052.5,57096.55078125,57039.3984375,57050.8515625,0.0
2026-07-27 13:00:00+0530,57051.94921875,57064.69921875,57032.6484375,57056.1015625,0.0
2026-07-27 13:15:00+0530,57058.44921875,57086.30078125,57000.25,57003.80078125,0.0
2026-07-27 13:30:00+0530,57005.55078125,57017.55078125,56929.1484375,56979.6015625,0.0
2026-07-27 13:45:00+0530,56979.6015625,57030.94921875,56966.0,57026.69921875,0.0
2026-07-27 14:00:00+0530,57031.05078125,57124.0,57025.1015625,57123.3984375,0.0
2026-07-27 14:15:00+0530,57122.75,57176.1484375,57069.1484375,57161.1484375,0.0
2026-07-27 14:30:00+0530,57164.6484375,57177.94921875,57093.6484375,57114.5,0.0
2026-07-27 14:45:00+0530,57114.5,57143.94921875,57089.0,57097.1015625,0.0
2026-07-27 15:00:00+0530,57099.6015625,57124.0,57074.3515625,57082.8984375,0.0
2026-07-27 15:15:00+0530,57082.1015625,57123.80078125,57065.94921875,57115.94921875,0.0
2026-07-28 09:15:00+0530,56904.8515625,57051.69921875,56889.75,56931.44921875,0.0
2026-07-28 09:30:00+0530,56931.69921875,56954.6484375,56859.0,56881.55078125,0.0
2026-07-28 09:45:00+0530,56880.6015625,56881.8984375,56791.1015625,56847.3984375,0.0
2026-07-28 10:00:00+0530,56847.1015625,56909.55078125,56826.55078125,56894.6484375,0.0
2026-07-28 10:15:00+0530,56895.80078125,56953.8984375,56879.94921875,56880.80078125,0.0
2026-07-28 10:30:00+0530,56882.8515625,57010.30078125,56878.80078125,56997.3515625,0.0
2026-07-28 10:45:00+0530,56997.3984375,57025.69921875,56969.3984375,56970.30078125,0.0
2026-07-28 11:00:00+0530,56971.1484375,57001.44921875,56941.55078125,56970.44921875,0.0
2026-07-28 11:15:00+0530,56971.1484375,57006.25,56963.6015625,56990.25,0.0
2026-07-28 11:30:00+0530,56993.05078125,57039.8515625,56964.75,57022.80078125,0.0
2026-07-28 11:45:00+0530,57022.5,57028.6015625,56952.3984375,56965.30078125,0.0
2026-07-28 12:00:00+0530,56965.94921875,56990.5,56950.1484375,56976.25,0.0
2026-07-28 12:15:00+0530,56976.0,56998.25,56922.55078125,56985.3984375,0.0
2026-07-28 12:30:00+0530,56984.5,56998.69921875,56908.80078125,56916.3984375,0.0
2026-07-28 12:45:00+0530,56917.1015625,56931.3984375,56850.1484375,56861.80078125,0.0
2026-07-28 13:00:00+0530,56862.30078125,56884.6015625,56820.8984375,56821.0,0.0
2026-07-28 13:15:00+0530,56819.30078125,56844.3984375,56784.30078125,56826.94921875,0.0
2026-07-28 13:30:00+0530,56826.94921875,56838.8515625,56778.80078125,56800.75,0.0
2026-07-28 13:45:00+0530,56799.44921875,56857.8984375,56775.44921875,56826.05078125,0.0
2026-07-28 14:00:00+0530,56823.3515625,56854.19921875,56793.05078125,56807.44921875,0.0
2026-07-28 14:15:00+0530,56805.8984375,56829.25,56781.8515625,56795.1015625,0.0
2026-07-28 14:30:00+0530,56795.80078125,56830.8984375,56745.1015625,56818.25,0.0
2026-07-28 14:45:00+0530,56818.25,56820.8515625,56769.6484375,56797.6015625,0.0
2026-07-28 15:00:00+0530,56802.3984375,56805.8515625,56686.3515625,56700.1015625,0.0
2026-07-28 15:15:00+0530,56698.55078125,56867.1015625,56672.5,56718.75,0.0
2026-07-29 09:15:00+0530,57133.3515625,57142.30078125,56965.05078125,57006.0,0.0
2026-07-29 09:30:00+0530,57004.3984375,57071.94921875,56939.69921875,57071.3515625,0.0
2026-07-29 09:45:00+0530,57070.1015625,57075.44921875,56981.8984375,57051.5,0.0
2026-07-29 10:00:00+0530,57051.5,57189.44921875,57043.80078125,57172.3515625,0.0
2026-07-29 10:15:00+0530,57173.5,57186.94921875,57095.8515625,57099.6484375,0.0
2026-07-29 10:30:00+0530,57099.6484375,57145.80078125,57094.8984375,57138.44921875,0.0
2026-07-29 10:45:00+0530,57140.69921875,57141.69921875,57047.1015625,57107.69921875,0.0
2026-07-29 11:00:00+0530,57108.30078125,57182.6484375,57094.5,57157.8515625,0.0
2026-07-29 11:15:00+0530,57156.5,57166.5,57122.8515625,57140.75,0.0
2026-07-29 11:30:00+0530,57142.0,57179.94921875,57123.3515625,57168.69921875,0.0
2026-07-29 11:45:00+0530,57171.6484375,57192.1484375,57146.1484375,57181.3984375,0.0
2026-07-29 12:00:00+0530,57183.1015625,57263.55078125,57164.3984375,57255.19921875,0.0
2026-07-29 12:15:00+0530,57255.94921875,57263.44921875,57197.6015625,57205.6484375,0.0
2026-07-29 12:30:00+0530,57205.80078125,57245.75,57188.8984375,57209.80078125,0.0
2026-07-29 12:45:00+0530,57210.05078125,57229.5,57168.8515625,57188.8515625,0.0
2026-07-29 13:00:00+0530,57188.8515625,57253.8984375,57186.3984375,57238.19921875,0.0
2026-07-29 13:15:00+0530,57239.05078125,57241.1484375,57195.30078125,57205.3515625,0.0
2026-07-29 13:30:00+0530,57203.8984375,57223.0,57142.75,57151.30078125,0.0
2026-07-29 13:45:00+0530,57146.6484375,57219.8984375,57137.05078125,57197.69921875,0.0
2026-07-29 14:00:00+0530,57198.1484375,57274.55078125,57194.69921875,57258.05078125,0.0
2026-07-29 14:15:00+0530,57258.3515625,57315.3515625,57252.80078125,57288.69921875,0.0
2026-07-29 14:30:00+0530,57291.6484375,57300.80078125,57235.19921875,57261.1015625,0.0
2026-07-29 14:45:00+0530,57260.25,57314.3984375,57260.25,57281.19921875,0.0
2026-07-29 15:00:00+0530,57281.1484375,57306.55078125,57196.55078125,57215.25,0.0
2026-07-29 15:15:00+0530,57212.8984375,57219.8515625,57161.6015625,57193.6015625,0.0
2026-07-30 09:15:00+0530,57099.6484375,57118.3515625,56870.1015625,56946.8515625,0.0
2026-07-30 09:30:00+0530,56946.1015625,56986.6484375,56819.75,56835.3515625,0.0
2026-07-30 09:45:00+0530,56834.55078125,56935.94921875,56801.94921875,56925.1015625,0.0
2026-07-30 10:00:00+0530,56926.19921875,56940.05078125,56832.19921875,56836.6015625,0.0
2026-07-30 10:15:00+0530,56835.8984375,56858.5,56798.1484375,56798.1484375,0.0
2026-07-30 10:30:00+0530,56799.25,56869.80078125,56768.8984375,56861.94921875,0.0
2026-07-30 10:45:00+0530,56861.94921875,56902.8515625,56848.05078125,56878.94921875,0.0
2026-07-30 11:00:00+0530,56877.25,56918.6015625,56859.8515625,56899.05078125,0.0
2026-07-30 11:15:00+0530,56900.75,56936.6015625,56876.94921875,56911.1015625,0.0
2026-07-30 11:30:00+0530,56912.44921875,56935.5,56886.55078125,56890.05078125,0.0
2026-07-30 11:45:00+0530,56892.44921875,56894.5,56821.5,56842.8984375,0.0
2026-07-30 12:00:00+0530,56842.8984375,56884.75,56828.3515625,56869.3515625,0.0
2026-07-30 12:15:00+0530,56869.3984375,56921.3984375,56861.05078125,56909.25,0.0
2026-07-30 12:30:00+0530,56909.94921875,57136.69921875,56899.3515625,57041.25,0.0
2026-07-30 12:45:00+0530,57042.3515625,57092.6484375,57022.55078125,57035.6015625,0.0
2026-07-30 13:00:00+0530,57036.19921875,57042.55078125,56964.8515625,57017.3984375,0.0
2026-07-30 13:15:00+0530,57017.3984375,57052.6484375,56997.75,56999.44921875,0.0
2026-07-30 13:30:00+0530,56999.05078125,57046.05078125,56978.6484375,57031.05078125,0.0
2026-07-30 13:45:00+0530,57029.6484375,57036.8984375,56967.8984375,57000.6484375,0.0
2026-07-30 14:00:00+0530,56999.94921875,57018.1015625,56948.94921875,56959.5,0.0
2026-07-30 14:15:00+0530,56960.8984375,56986.19921875,56930.44921875,56958.44921875,0.0
2026-07-30 14:30:00+0530,56960.19921875,57026.3515625,56949.44921875,57024.6015625,0.0
2026-07-30 14:45:00+0530,57024.6015625,57066.80078125,57013.19921875,57035.8984375,0.0
2026-07-30 15:00:00+0530,57036.3515625,57191.05078125,57024.6015625,57151.8984375,0.0
2026-07-30 15:15:00+0530,57152.1015625,57236.6484375,57071.8984375,57102.8984375,0.0
2026-07-31 09:15:00+0530,57225.8984375,57409.8515625,57225.8984375,57315.69921875,0.0
2026-07-31 09:30:00+0530,57319.44921875,57322.44921875,57153.6484375,57233.3515625,0.0
2026-07-31 09:45:00+0530,57231.1484375,57242.3984375,57159.0,57223.3515625,0.0
2026-07-31 10:00:00+0530,57229.1015625,57265.5,57178.44921875,57201.8984375,0.0
2026-07-31 10:15:00+0530,57203.5,57240.69921875,57172.25,57220.3515625,0.0
2026-07-31 10:30:00+0530,57221.19921875,57243.55078125,57164.69921875,57218.75,0.0
2026-07-31 10:45:00+0530,57220.80078125,57225.55078125,57180.55078125,57211.69921875,0.0
2026-07-31 11:00:00+0530,57213.1484375,57227.19921875,57142.0,57188.8515625,0.0
2026-07-31 11:15:00+0530,57189.25,57212.1484375,57170.3515625,57181.25,0.0
2026-07-31 11:30:00+0530,57181.44921875,57188.94921875,57146.25,57156.19921875,0.0
2026-07-31 11:45:00+0530,57155.5,57174.3984375,57144.69921875,57166.1015625,0.0
2026-07-31 12:00:00+0530,57169.69921875,57237.75,57154.69921875,57237.75,0.0
2026-07-31 12:15:00+0530,57235.55078125,57261.8515625,57202.25,57241.1015625,0.0
2026-07-31 12:30:00+0530,57238.1484375,57258.55078125,57208.3515625,57240.05078125,0.0
2026-07-31 12:45:00+0530,57242.6015625,57258.3515625,57209.69921875,57237.44921875,0.0
2026-07-31 13:00:00+0530,57238.69921875,57360.8515625,57235.1015625,57308.8515625,0.0
2026-07-31 13:15:00+0530,57309.6484375,57382.1484375,57295.94921875,57368.25,0.0
2026-07-31 13:30:00+0530,57368.44921875,57376.3984375,57299.30078125,57316.80078125,0.0
2026-07-31 13:45:00+0530,57315.44921875,57336.0,57296.8984375,57331.94921875,0.0
2026-07-31 14:00:00+0530,57333.0,57335.30078125,57260.6015625,57302.6015625,0.0
2026-07-31 14:15:00+0530,57300.80078125,57332.5,57264.55078125,57304.30078125,0.0
2026-07-31 14:30:00+0530,57304.30078125,57314.0,57253.1484375,57264.1015625,0.0
2026-07-31 14:45:00+0530,57262.69921875,57280.0,57223.1015625,57237.3515625,0.0
2026-07-31 15:00:00+0530,57234.94921875,57302.3984375,57234.94921875,57276.19921875,0.0
2026-07-31 15:15:00+0530,57272.69921875,57276.75,57196.44921875,57214.1015625,0.0
2026-08-03 09:15:00+0530,57569.6015625,57619.8515625,57470.44921875,57587.1484375,0.0
2026-08-03 09:30:00+0530,57586.5,57771.75,57574.3515625,57766.5,0.0
2026-08-03 09:45:00+0530,57768.94921875,57821.6015625,57749.3984375,57798.94921875,0.0
2026-08-03 10:00:00+0530,57798.8515625,57835.3984375,57758.30078125,57781.8984375,0.0
2026-08-03 10:15:00+0530,57780.69921875,57790.94921875,57737.69921875,57776.1484375,0.0
2026-08-03 10:30:00+0530,57776.69921875,57801.19921875,57710.69921875,57757.05078125,0.0
2026-08-03 10:45:00+0530,57757.75,57795.94921875,57740.94921875,57764.1015625,0.0
2026-08-03 11:00:00+0530,57764.1015625,57853.30078125,57761.0,57814.3515625,0.0
2026-08-03 11:15:00+0530,57812.3515625,57842.0,57787.30078125,57827.6015625,0.0
2026-08-03 11:30:00+0530,57828.94921875,57836.0,57780.25,57791.0,0.0
2026-08-03 11:45:00+0530,57791.0,57825.19921875,57768.75,57790.55078125,0.0
2026-08-03 12:00:00+0530,57791.69921875,57816.6015625,57772.5,57809.8515625,0.0
2026-08-03 12:15:00+0530,57812.80078125,57823.19921875,57760.5,57776.3515625,0.0
2026-08-03 12:30:00+0530,57774.25,57781.69921875,57693.8515625,57723.75,0.0
2026-08-03 12:45:00+0530,57725.0,57741.1484375,57644.69921875,57690.69921875,0.0
2026-08-03 13:00:00+0530,57691.25,57695.19921875,57654.8515625,57689.69921875,0.0
2026-08-03 13:15:00+0530,57690.0,57703.3515625,57675.55078125,57694.5,0.0
2026-08-03 13:30:00+0530,57691.0,57757.19921875,57684.0,57720.25,0.0
2026-08-03 13:45:00+0530,57720.25,57745.25,57704.44921875,57729.94921875,0.0
2026-08-03 14:00:00+0530,57729.94921875,57754.6484375,57721.30078125,57743.94921875,0.0
2026-08-03 14:15:00+0530,57748.6484375,57761.0,57716.75,57739.3984375,0.0
2026-08-03 14:30:00+0530,57740.0,57776.1484375,57721.6484375,57749.0,0.0
2026-08-03 14:45:00+0530,57753.30078125,57792.1015625,57740.80078125,57754.0,0.0
2026-08-03 15:00:00+0530,57753.30078125,57763.94921875,57629.69921875,57680.8984375,0.0
2026-08-03 15:15:00+0530,57683.69921875,58247.94921875,57683.69921875,58247.94921875,0.0
2026-08-04 09:15:00+0530,58038.6484375,58038.6484375,57655.6484375,57754.05078125,0.0
2026-08-04 09:30:00+0530,57754.44921875,57834.1484375,57735.3984375,57827.3984375,0.0
2026-08-04 09:45:00+0530,57829.6484375,57894.3984375,57825.75,57870.19921875,0.0
2026-08-04 10:00:00+0530,57869.6015625,57926.44921875,57826.3984375,57831.1484375,0.0
2026-08-04 10:15:00+0530,57835.55078125,57879.1484375,57769.55078125,57778.0,0.0
2026-08-04 10:30:00+0530,57774.6015625,57780.1015625,57722.8984375,57749.94921875,0.0
2026-08-04 10:45:00+0530,57752.8984375,57767.44921875,57682.80078125,57698.30078125,0.0
2026-08-04 11:00:00+0530,57702.75,57735.1484375,57684.3984375,57697.5,0.0
2026-08-04 11:15:00+0530,57696.8515625,57701.8984375,57645.55078125,57657.19921875,0.0
2026-08-04 11:30:00+0530,57657.5,57664.6484375,57558.55078125,57588.94921875,0.0
2026-08-04 11:45:00+0530,57588.30078125,57590.75,57520.6015625,57537.55078125,0.0
2026-08-04 12:00:00+0530,57537.55078125,57558.69921875,57487.8515625,57542.6484375,0.0
2026-08-04 12:15:00+0530,57547.1484375,57589.94921875,57530.69921875,57558.6015625,0.0
2026-08-04 12:30:00+0530,57556.94921875,57566.3515625,57462.3515625,57476.8515625,0.0
2026-08-04 12:45:00+0530,57478.05078125,57511.69921875,57441.8515625,57444.6484375,0.0
2026-08-04 13:00:00+0530,57444.8515625,57487.3515625,57426.55078125,57452.94921875,0.0
2026-08-04 13:15:00+0530,57457.55078125,57463.1484375,57402.75,57405.44921875,0.0
2026-08-04 13:30:00+0530,57410.3984375,57434.94921875,57381.8984375,57397.75,0.0
2026-08-04 13:45:00+0530,57397.80078125,57439.8515625,57352.6484375,57400.3984375,0.0
2026-08-04 14:00:00+0530,57403.5,57476.25,57369.80078125,57475.1484375,0.0
2026-08-04 14:15:00+0530,57477.0,57531.80078125,57463.55078125,57486.80078125,0.0
2026-08-04 14:30:00+0530,57491.6484375,57542.0,57464.1015625,57465.80078125,0.0
2026-08-04 14:45:00+0530,57470.3984375,57524.6015625,57461.80078125,57496.8515625,0.0
2026-08-04 15:00:00+0530,57500.44921875,57516.3515625,57433.3515625,57492.75,0.0
2026-08-04 15:15:00+0530,57492.75,57907.19921875,57492.75,57907.19921875,0.0
2026-08-05 09:15:00+0530,57810.05078125,57925.80078125,57654.69921875,57835.44921875,0.0
2026-08-05 09:30:00+0530,57837.5,57920.44921875,57826.69921875,57891.44921875,0.0
2026-08-05 09:45:00+0530,57895.6015625,57929.69921875,57792.6015625,57853.8984375,0.0
2026-08-05 10:00:00+0530,57856.80078125,57926.1484375,57810.44921875,57881.75,0.0
2026-08-05 10:15:00+0530,57881.3984375,57921.5,57702.25,57705.19921875,0.0
2026-08-05 10:30:00+0530,57705.0,57755.94921875,57595.6015625,57735.80078125,0.0
2026-08-05 10:45:00+0530,57735.44921875,57853.3515625,57732.30078125,57845.75,0.0
2026-08-05 11:00:00+0530,57846.8984375,57875.6484375,57756.1484375,57800.55078125,0.0
2026-08-05 11:15:00+0530,57803.44921875,57815.1015625,57731.30078125,57743.0,0.0
2026-08-05 11:30:00+0530,57737.8984375,57754.55078125,57694.80078125,57699.5,0.0
2026-08-05 11:45:00+0530,57700.44921875,57707.25,57620.30078125,57658.75,0.0
2026-08-05 12:00:00+0530,57657.05078125,57703.3515625,57647.6015625,57685.44921875,0.0
2026-08-05 12:15:00+0530,57686.44921875,57697.55078125,57637.19921875,57661.6015625,0.0
2026-08-05 12:30:00+0530,57664.69921875,57668.30078125,57557.69921875,57580.55078125,0.0
2026-08-05 12:45:00+0530,57579.8515625,57592.1015625,57539.75,57545.5,0.0
2026-08-05 13:00:00+0530,57549.19921875,57595.1015625,57509.80078125,57540.80078125,0.0
2026-08-05 13:15:00+0530,57544.80078125,57604.0,57493.44921875,57532.0,0.0
2026-08-05 13:30:00+0530,57531.80078125,57550.69921875,57457.05078125,57472.8984375,0.0
2026-08-05 13:45:00+0530,57472.6015625,57589.1015625,57459.3515625,57540.69921875,0.0
2026-08-05 14:00:00+0530,57541.80078125,57599.8515625,57538.0,57559.05078125,0.0
2026-08-05 14:15:00+0530,57561.8984375,57566.55078125,57509.3515625,57520.6484375,0.0
2026-08-05 14:30:00+0530,57523.05078125,57552.75,57496.30078125,57502.6484375,0.0
2026-08-05 14:45:00+0530,57500.6015625,57557.44921875,57486.8515625,57543.6015625,0.0
2026-08-05 15:00:00+0530,57542.1015625,57655.25,57524.05078125,57631.25,0.0
2026-08-05 15:15:00+0530,57629.75,57739.94921875,57629.75,57739.94921875,0.0
2026-08-06 09:15:00+0530,57816.30078125,57858.05078125,57716.8984375,57793.25,0.0
2026-08-06 09:30:00+0530,57798.69921875,57840.69921875,57743.8984375,57828.8984375,0.0
2026-08-06 09:45:00+0530,57833.05078125,57878.05078125,57784.6015625,57795.94921875,0.0
2026-08-06 10:00:00+0530,57796.5,57808.69921875,57718.6484375,57796.75,0.0
2026-08-06 10:15:00+0530,57797.1484375,57864.25,57779.75,57857.30078125,0.0
2026-08-06 10:30:00+0530,57857.8984375,57893.3515625,57828.3984375,57876.8984375,0.0
2026-08-06 10:45:00+0530,57879.6015625,57911.8984375,57848.6015625,57899.6484375,0.0
2026-08-06 11:00:00+0530,57900.1015625,57924.3515625,57880.44921875,57905.1484375,0.0
2026-08-06 11:15:00+0530,57910.6015625,57929.1484375,57880.8984375,57911.8984375,0.0
2026-08-06 11:30:00+0530,57912.05078125,57926.55078125,57855.1015625,57860.1015625,0.0
2026-08-06 11:45:00+0530,57859.94921875,57958.3984375,57850.8984375,57944.0,0.0
2026-08-06 12:00:00+0530,57941.80078125,57960.30078125,57920.80078125,57936.8515625,0.0
2026-08-06 12:15:00+0530,57937.94921875,57985.05078125,57934.75,57958.94921875,0.0
2026-08-06 12:30:00+0530,57961.19921875,57966.05078125,57931.1015625,57950.6484375,0.0
2026-08-06 12:45:00+0530,57947.44921875,57956.6015625,57883.30078125,57933.8984375,0.0
2026-08-06 13:00:00+0530,57934.8984375,57971.05078125,57905.25,57932.6015625,0.0
2026-08-06 13:15:00+0530,57933.8984375,58001.8515625,57907.75,57956.5,0.0
2026-08-06 13:30:00+0530,57959.1484375,58015.55078125,57941.8515625,57996.8515625,0.0
2026-08-06 13:45:00+0530,57996.94921875,58053.6015625,57962.80078125,58042.5,0.0
2026-08-06 14:00:00+0530,58038.05078125,58076.6015625,58006.94921875,58054.1484375,0.0
2026-08-06 14:15:00+0530,58054.19921875,58072.19921875,58030.1015625,58035.94921875,0.0
2026-08-06 14:30:00+0530,58034.80078125,58050.5,57971.75,58032.44921875,0.0
2026-08-06 14:45:00+0530,58036.75,58049.94921875,57981.6484375,58009.69921875,0.0
2026-08-06 15:00:00+0530,58010.5,58054.05078125,57983.3515625,58014.69921875,0.0
2026-08-06 15:15:00+0530,58007.94921875,58063.6484375,58007.94921875,58063.6484375,0.0
2026-08-07 09:15:00+0530,57882.0,57936.3984375,57795.05078125,57888.69921875,0.0
2026-08-07 09:30:00+0530,57889.25,57910.6015625,57855.25,57897.6015625,0.0
2026-08-07 09:45:00+0530,57898.1484375,57955.05078125,57856.8984375,57928.25,0.0
2026-08-07 10:00:00+0530,57928.3984375,57964.19921875,57904.8984375,57917.6484375,0.0
2026-08-07 10:15:00+0530,57921.19921875,57928.69921875,57823.6015625,57836.25,0.0
2026-08-07 10:30:00+0530,57839.30078125,57856.3984375,57788.30078125,57812.1015625,0.0
2026-08-07 10:45:00+0530,57814.25,57861.25,57794.5,57800.25,0.0
2026-08-07 11:00:00+0530,57803.25,57829.05078125,57740.94921875,57810.05078125,0.0
2026-08-07 11:15:00+0530,57813.6484375,57853.25,57783.05078125,57838.6484375,0.0
2026-08-07 11:30:00+0530,57838.6484375,57842.8515625,57766.8515625,57779.0,0.0
2026-08-07 11:45:00+0530,57784.6484375,57788.55078125,57735.3984375,57770.75,0.0
2026-08-07 12:00:00+0530,57771.8515625,57790.0,57721.75,57726.25,0.0
2026-08-07 12:15:00+0530,57726.94921875,57794.8984375,57697.80078125,57776.75,0.0
2026-08-07 12:30:00+0530,57780.05078125,57797.75,57758.3515625,57782.0,0.0
2026-08-07 12:45:00+0530,57787.25,57813.69921875,57755.80078125,57774.8984375,0.0
2026-08-07 13:00:00+0530,57770.80078125,57806.25,57747.3984375,57751.69921875,0.0
2026-08-07 13:15:00+0530,57754.44921875,57801.3515625,57746.75,57782.19921875,0.0
2026-08-07 13:30:00+0530,57786.25,57792.5,57703.94921875,57714.8984375,0.0
2026-08-07 13:45:00+0530,57714.80078125,57993.75,57708.3515625,57859.75,0.0
2026-08-07 14:00:00+0530,57862.6015625,57945.80078125,57769.94921875,57818.0,0.0
2026-08-07 14:15:00+0530,57816.8515625,57900.1484375,57801.8515625,57879.5,0.0
2026-08-07 14:30:00+0530,57879.25,57895.6484375,57807.55078125,57827.30078125,0.0
2026-08-07 14:45:00+0530,57829.6484375,57836.80078125,57688.30078125,57754.05078125,0.0
2026-08-07 15:00:00+0530,57757.94921875,57865.3515625,57754.44921875,57782.94921875,0.0
2026-08-07 15:15:00+0530,57801.1484375,57801.1484375,57746.44921875,57746.44921875,0.0
2026-08-10 09:15:00+0530,57810.6015625,58012.6015625,57714.44921875,57717.19921875,0.0
2026-08-10 09:30:00+0530,57715.1015625,57730.8515625,57539.6015625,57630.80078125,0.0
2026-08-10 09:45:00+0530,57631.8515625,57672.6484375,57527.75,57584.94921875,0.0
2026-08-10 10:00:00+0530,57588.44921875,57663.94921875,57571.80078125,57624.80078125,0.0
2026-08-10 10:15:00+0530,57626.05078125,57727.69921875,57624.1484375,57713.80078125,0.0
2026-08-10 10:30:00+0530,57716.44921875,57741.6484375,57680.1484375,57728.55078125,0.0
2026-08-10 10:45:00+0530,57730.69921875,57776.8515625,57674.75,57687.69921875,0.0
2026-08-10 11:00:00+0530,57689.1484375,57720.19921875,57670.19921875,57716.0,0.0
2026-08-10 11:15:00+0530,57718.6015625,57723.30078125,57646.25,57678.19921875,0.0
2026-08-10 11:30:00+0530,57678.19921875,57683.30078125,57616.80078125,57645.19921875,0.0
2026-08-10 11:45:00+0530,57641.94921875,57683.69921875,57612.69921875,57643.55078125,0.0
2026-08-10 12:00:00+0530,57645.8984375,57693.69921875,57615.69921875,57682.1015625,0.0
2026-08-10 12:15:00+0530,57682.1015625,57709.0,57638.0,57688.75,0.0
2026-08-10 12:30:00+0530,57688.75,57714.5,57663.6484375,57668.1484375,0.0
2026-08-10 12:45:00+0530,57670.5,57682.05078125,57602.3515625,57626.94921875,0.0
2026-08-10 13:00:00+0530,57623.75,57643.55078125,57560.55078125,57578.8984375,0.0
2026-08-10 13:15:00+0530,57580.0,57620.1015625,57579.6484375,57601.1484375,0.0
2026-08-10 13:30:00+0530,57602.94921875,57651.8984375,57583.1015625,57646.55078125,0.0
2026-08-10 13:45:00+0530,57647.19921875,57666.3984375,57591.80078125,57608.3984375,0.0
2026-08-10 14:00:00+0530,57600.19921875,57651.75,57568.30078125,57630.8984375,0.0
2026-08-10 14:15:00+0530,57632.6015625,57650.8984375,57617.75,57645.5,0.0
2026-08-10 14:30:00+0530,57644.1015625,57655.1015625,57587.94921875,57607.1484375,0.0
2026-08-10 14:45:00+0530,57606.44921875,57609.3984375,57542.3984375,57593.0,0.0
2026-08-10 15:00:00+0530,57591.25,57619.80078125,57543.19921875,57606.1015625,0.0
2026-08-10 15:15:00+0530,57606.1015625,57686.94921875,57606.1015625,57686.94921875,0.0
2026-08-11 09:15:00+0530,57604.3515625,57605.44921875,57284.94921875,57297.75,0.0
2026-08-11 09:30:00+0530,57297.30078125,57298.5,57178.80078125,57218.3984375,0.0
2026-08-11 09:45:00+0530,57217.6015625,57233.80078125,57158.69921875,57209.8515625,0.0
2026-08-11 10:00:00+0530,57209.69921875,57255.1484375,57193.69921875,57214.69921875,0.0
2026-08-11 10:15:00+0530,57214.80078125,57285.19921875,57176.05078125,57262.5,0.0
2026-08-11 10:30:00+0530,57262.1015625,57308.94921875,57240.1484375,57273.6484375,0.0
2026-08-11 10:45:00+0530,57273.6484375,57326.5,57236.69921875,57292.5,0.0
2026-08-11 11:00:00+0530,57292.5,57319.1484375,57249.3515625,57297.94921875,0.0
2026-08-11 11:15:00+0530,57297.30078125,57332.19921875,57260.05078125,57260.05078125,0.0
2026-08-11 11:30:00+0530,57260.6015625,57322.05078125,57258.80078125,57290.44921875,0.0
2026-08-11 11:45:00+0530,57289.6484375,57307.6484375,57257.8984375,57285.44921875,0.0
2026-08-11 12:00:00+0530,57286.05078125,57314.3984375,57245.94921875,57280.3984375,0.0
2026-08-11 12:15:00+0530,57280.0,57308.1015625,57253.44921875,57304.69921875,0.0
2026-08-11 12:30:00+0530,57302.19921875,57331.5,57266.05078125,57328.80078125,0.0
2026-08-11 12:45:00+0530,57326.5,57378.6484375,57317.69921875,57327.8984375,0.0
2026-08-11 13:00:00+0530,57327.8984375,57412.25,57319.94921875,57366.3984375,0.0
2026-08-11 13:15:00+0530,57366.3984375,57397.1484375,57311.94921875,57392.94921875,0.0
2026-08-11 13:30:00+0530,57391.80078125,57450.8515625,57370.25,57379.3984375,0.0
2026-08-11 13:45:00+0530,57381.19921875,57410.6484375,57357.44921875,57370.5,0.0
2026-08-11 14:00:00+0530,57372.3515625,57417.80078125,57359.25,57412.19921875,0.0
2026-08-11 14:15:00+0530,57410.44921875,57434.1015625,57360.8515625,57368.75,0.0
2026-08-11 14:30:00+0530,57373.30078125,57392.05078125,57315.1484375,57344.80078125,0.0
2026-08-11 14:45:00+0530,57353.5,57378.55078125,57332.3984375,57354.94921875,0.0
2026-08-11 15:00:00+0530,57355.6484375,57405.80078125,57324.25,57368.1484375,0.0
2026-08-11 15:15:00+0530,57366.05078125,57446.25,57366.05078125,57446.25,0.0
2026-08-12 09:15:00+0530,57376.8515625,57751.80078125,57257.3515625,57707.8515625,0.0
2026-08-12 09:30:00+0530,57708.19921875,57740.75,57607.05078125,57687.55078125,0.0
2026-08-12 09:45:00+0530,57689.94921875,57692.05078125,57594.5,57613.05078125,0.0
2026-08-12 10:00:00+0530,57614.6484375,57671.94921875,57582.6015625,57665.80078125,0.0
2026-08-12 10:15:00+0530,57671.25,57734.25,57639.44921875,57692.3515625,0.0
2026-08-12 10:30:00+0530,57694.25,57783.0,57669.1015625,57690.5,0.0
2026-08-12 10:45:00+0530,57693.5,57693.5,57583.3984375,57605.75,0.0
2026-08-12 11:00:00+0530,57608.6484375,57623.1015625,57562.75,57574.8515625,0.0
2026-08-12 11:15:00+0530,57574.8515625,57642.25,57551.94921875,57554.1484375,0.0
2026-08-12 11:30:00+0530,57554.3515625,57584.75,57496.80078125,57550.80078125,0.0
2026-08-12 11:45:00+0530,57552.3515625,57556.6015625,57494.19921875,57537.69921875,0.0
2026-08-12 12:00:00+0530,57541.75,57550.44921875,57470.3984375,57498.6484375,0.0
2026-08-12 12:15:00+0530,57503.6015625,57523.05078125,57470.0,57516.5,0.0
2026-08-12 12:30:00+0530,57516.25,57588.19921875,57495.3984375,57526.55078125,0.0
2026-08-12 12:45:00+0530,57530.8515625,57554.8515625,57496.25,57513.8515625,0.0
2026-08-12 13:00:00+0530,57514.05078125,57528.05078125,57482.6484375,57499.8515625,0.0
2026-08-12 13:15:00+0530,57500.69921875,57526.69921875,57471.5,57507.69921875,0.0
2026-08-12 13:30:00+0530,57518.0,57557.6015625,57505.19921875,57516.1015625,0.0
2026-08-12 13:45:00+0530,57515.69921875,57543.30078125,57507.44921875,57520.30078125,0.0
2026-08-12 14:00:00+0530,57519.1015625,57527.1015625,57478.3515625,57482.5,0.0
2026-08-12 14:15:00+0530,57487.44921875,57533.05078125,57478.94921875,57527.19921875,0.0
2026-08-12 14:30:00+0530,57529.0,57678.75,57527.05078125,57663.8515625,0.0
2026-08-12 14:45:00+0530,57666.19921875,57836.55078125,57659.1484375,57832.0,0.0
2026-08-12 15:00:00+0530,57833.0,57850.5,57767.0,57772.0,0.0
2026-08-12 15:15:00+0530,57771.3515625,57885.8515625,57771.3515625,57885.8515625,0.0
2026-08-13 09:15:00+0530,57782.8515625,57782.8515625,57554.75,57591.3515625,0.0
2026-08-13 09:30:00+0530,57594.19921875,57644.94921875,57550.25,57628.94921875,0.0
2026-08-13 09:45:00+0530,57631.1484375,57729.8984375,57615.75,57696.75,0.0
2026-08-13 10:00:00+0530,57698.0,57702.44921875,57603.94921875,57611.69921875,0.0
2026-08-13 10:15:00+0530,57613.3984375,57620.05078125,57572.05078125,57581.8515625,0.0
2026-08-13 10:30:00+0530,57582.75,57602.44921875,57554.05078125,57601.44921875,0.0
2026-08-13 10:45:00+0530,57601.30078125,57656.1484375,57587.55078125,57634.19921875,0.0
2026-08-13 11:00:00+0530,57638.75,57639.80078125,57563.3515625,57573.44921875,0.0
2026-08-13 11:15:00+0530,57574.1484375,57601.75,57548.6015625,57595.0,0.0
2026-08-13 11:30:00+0530,57597.1484375,57634.80078125,57588.44921875,57610.1484375,0.0
2026-08-13 11:45:00+0530,57611.3515625,57648.30078125,57581.8984375,57648.30078125,0.0
2026-08-13 12:00:00+0530,57646.05078125,57706.5,57635.94921875,57658.80078125,0.0
2026-08-13 12:15:00+0530,57660.6484375,57675.3515625,57609.6015625,57661.8515625,0.0
2026-08-13 12:30:00+0530,57666.55078125,57671.1484375,57638.3515625,57654.19921875,0.0
2026-08-13 12:45:00+0530,57654.3984375,57656.6484375,57601.8515625,57615.25,0.0
2026-08-13 13:00:00+0530,57617.6484375,57627.69921875,57574.05078125,57589.6484375,0.0
2026-08-13 13:15:00+0530,57592.5,57602.69921875,57557.44921875,57576.8984375,0.0
2026-08-13 13:30:00+0530,57579.80078125,57636.6484375,57553.25,57623.1484375,0.0
2026-08-13 13:45:00+0530,57625.5,57653.19921875,57592.05078125,57651.69921875,0.0
2026-08-13 14:00:00+0530,57650.30078125,57654.3515625,57567.30078125,57583.30078125,0.0
2026-08-13 14:15:00+0530,57583.55078125,57624.0,57554.1484375,57613.3984375,0.0
2026-08-13 14:30:00+0530,57616.30078125,57645.1015625,57584.55078125,57597.5,0.0
2026-08-13 14:45:00+0530,57602.25,57625.75,57570.19921875,57584.8984375,0.0
2026-08-13 15:00:00+0530,57587.6015625,57621.6015625,57569.0,57591.0,0.0
2026-08-13 15:15:00+0530,57591.0,57635.25,57591.0,57635.25,0.0
2026-08-14 09:15:00+0530,57592.25,57600.19921875,57482.80078125,57489.8984375,0.0
2026-08-14 09:30:00+0530,57493.44921875,57568.6015625,57461.3515625,57562.30078125,0.0
2026-08-14 09:45:00+0530,57562.05078125,57618.3515625,57536.3515625,57604.69921875,0.0
2026-08-14 10:00:00+0530,57602.75,57679.80078125,57573.30078125,57629.3515625,0.0
2026-08-14 10:15:00+0530,57633.5,57634.55078125,57519.8984375,57527.6484375,0.0
2026-08-14 10:30:00+0530,57528.75,57531.6484375,57442.3984375,57507.3984375,0.0
2026-08-14 10:45:00+0530,57507.69921875,57529.1015625,57470.3984375,57475.1484375,0.0
2026-08-14 11:00:00+0530,57476.19921875,57478.44921875,57444.19921875,57457.05078125,0.0
2026-08-14 11:15:00+0530,57458.25,57479.44921875,57398.44921875,57409.0,0.0
2026-08-14 11:30:00+0530,57408.30078125,57462.44921875,57380.6484375,57454.8515625,0.0
2026-08-14 11:45:00+0530,57456.30078125,57460.69921875,57406.3984375,57421.80078125,0.0
2026-08-14 12:00:00+0530,57426.69921875,57457.8984375,57385.44921875,57457.8984375,0.0
2026-08-14 12:15:00+0530,57457.55078125,57495.1484375,57443.3984375,57466.3984375,0.0
2026-08-14 12:30:00+0530,57466.6484375,57469.75,57411.3515625,57422.69921875,0.0
2026-08-14 12:45:00+0530,57423.19921875,57455.25,57415.55078125,57437.6484375,0.0
2026-08-14 13:00:00+0530,57439.25,57473.55078125,57431.25,57469.8515625,0.0
2026-08-14 13:15:00+0530,57469.19921875,57472.80078125,57419.80078125,57434.8984375,0.0
2026-08-14 13:30:00+0530,57435.75,57452.3515625,57381.30078125,57444.8515625,0.0
2026-08-14 13:45:00+0530,57446.05078125,57554.75,57444.05078125,57547.05078125,0.0
2026-08-14 14:00:00+0530,57545.94921875,57608.80078125,57543.19921875,57583.19921875,0.0
2026-08-14 14:15:00+0530,57581.5,57594.8984375,57516.05078125,57530.69921875,0.0
2026-08-14 14:30:00+0530,57530.69921875,57559.25,57516.8515625,57518.75,0.0
2026-08-14 14:45:00+0530,57519.1015625,57543.6015625,57498.3515625,57516.1484375,0.0
2026-08-14 15:00:00+0530,57514.94921875,57535.0,57459.1015625,57459.1015625,0.0
2026-08-14 15:15:00+0530,57459.1015625,57491.1015625,57459.1015625,57491.1015625,0.0
