datetime,open,high,low,close,volume
2023-09-04 09:15:00+0530,44647.6484375,44647.6484375,44404.3984375,44423.5,0.0
2023-09-04 10:15:00+0530,44422.94921875,44479.1015625,44311.6484375,44453.75,0.0
2023-09-04 11:15:00+0530,44454.05078125,44513.8515625,44415.3515625,44449.94921875,0.0
2023-09-04 12:15:00+0530,44448.80078125,44556.1484375,44448.1484375,44536.69921875,0.0
2023-09-04 13:15:00+0530,44535.1015625,44567.1015625,44462.19921875,44508.94921875,0.0
2023-09-04 14:15:00+0530,44509.0,44594.6015625,44471.55078125,44572.19921875,0.0
2023-09-04 15:15:00+0530,44569.3984375,44605.75,44554.5,44584.25,0.0
2023-09-05 09:15:00+0530,44625.05078125,44666.5,44544.94921875,44653.69921875,0.0
2023-09-05 10:15:00+0530,44650.6484375,44655.55078125,44481.55078125,44539.0,0.0
2023-09-05 11:15:00+0530,44543.05078125,44578.0,44461.6484375,44486.6484375,0.0
2023-09-05 12:15:00+0530,44485.25,44497.8984375,44426.80078125,44495.8984375,0.0
2023-09-05 13:15:00+0530,44496.8515625,44517.69921875,44406.1015625,44482.0,0.0
2023-09-05 14:15:00+0530,44479.55078125,44548.0,44462.8515625,44538.3515625,0.0
2023-09-05 15:15:00+0530,44538.1015625,44570.75,44519.1015625,44543.8515625,0.0
2023-09-06 09:15:00+0530,44494.6484375,44560.25,44445.0,44469.3515625,0.0
2023-09-06 10:15:00+0530,44467.5,44557.80078125,44442.5,44475.8984375,0.0
2023-09-06 11:15:00+0530,44476.05078125,44483.6015625,44337.3515625,44389.25,0.0
2023-09-06 12:15:00+0530,44385.94921875,44392.55078125,44262.3984375,44285.25,0.0
2023-09-06 13:15:00+0530,44287.75,44327.1484375,44211.05078125,44299.3515625,0.0
2023-09-06 14:15:00+0530,44299.6015625,44455.0,44295.05078125,44388.94921875,0.0
2023-09-06 15:15:00+0530,44388.0,44524.05078125,44388.0,44468.55078125,0.0
2023-09-07 09:15:00+0530,44418.05078125,44504.6015625,44341.69921875,44468.19921875,0.0
2023-09-07 10:15:00+0530,44476.3515625,44672.80078125,44433.6484375,44672.80078125,0.0
2023-09-07 11:15:00+0530,44672.6015625,44688.6484375,44439.05078125,44468.6015625,0.0
2023-09-07 12:15:00+0530,44468.25,44497.8515625,44400.8515625,44454.44921875,0.0
2023-09-07 13:15:00+0530,44456.3984375,44650.75,44451.8984375,44631.0,0.0
2023-09-07 14:15:00+0530,44633.44921875,44912.55078125,44626.80078125,44852.5,0.0
2023-09-07 15:15:00+0530,44852.80078125,44884.44921875,44827.19921875,44855.55078125,0.0
2023-09-08 09:15:00+0530,44953.6484375,44995.5,44834.25,44923.69921875,0.0
2023-09-08 10:15:00+0530,44923.5,44940.6484375,44814.44921875,44879.3984375,0.0
2023-09-08 11:15:00+0530,44877.6484375,45142.6484375,44858.8515625,45129.30078125,0.0
2023-09-08 12:15:00+0530,45129.55078125,45176.8984375,45080.3984375,45116.80078125,0.0
2023-09-08 13:15:00+0530,45119.6015625,45230.75,45038.3984375,45216.19921875,0.0
2023-09-08 14:15:00+0530,45218.5,45383.3515625,45075.25,45139.55078125,0.0
2023-09-08 15:15:00+0530,45137.6015625,45215.75,45136.8984375,45169.55078125,0.0
2023-09-11 09:15:00+0530,45340.80078125,45441.05078125,45236.69921875,45398.8984375,0.0
2023-09-11 10:15:00+0530,45398.3984375,45415.05078125,45294.8984375,45332.6484375,0.0
2023-09-11 11:15:00+0530,45332.05078125,45431.8984375,45330.44921875,45380.1484375,0.0
2023-09-11 12:15:00+0530,45382.80078125,45463.8515625,45379.6015625,45407.69921875,0.0
2023-09-11 13:15:00+0530,45406.30078125,45484.5,45389.55078125,45459.94921875,0.0
2023-09-11 14:15:00+0530,45463.19921875,45584.94921875,45449.25,45575.30078125,0.0
2023-09-11 15:15:00+0530,45575.0,45628.69921875,45572.8515625,45618.94921875,0.0
2023-09-12 09:15:00+0530,45893.80078125,45893.80078125,45401.3984375,45484.44921875,0.0
2023-09-12 10:15:00+0530,45483.80078125,45598.5,45396.0,45582.30078125,0.0
2023-09-12 11:15:00+0530,45584.3984375,45622.69921875,45509.30078125,45578.3515625,0.0
2023-09-12 12:15:00+0530,45583.6484375,45592.8515625,45322.94921875,45419.6015625,0.0
2023-09-12 13:15:00+0530,45421.69921875,45533.94921875,45359.80078125,45510.30078125,0.0
2023-09-12 14:15:00+0530,45513.19921875,45534.3515625,45420.30078125,45498.6015625,0.0
2023-09-12 15:15:00+0530,45497.6484375,45564.3984375,45480.6484375,45490.1015625,0.0
2023-09-13 09:15:00+0530,45449.3515625,45497.3515625,45301.8515625,45367.75,0.0
2023-09-13 10:15:00+0530,45366.3984375,45612.3515625,45332.25,45610.25,0.0
2023-09-13 11:15:00+0530,45608.75,45725.3984375,45580.30078125,45682.1015625,0.0
2023-09-13 12:15:00+0530,45680.80078125,45886.94921875,45656.55078125,45856.8515625,0.0
2023-09-13 13:15:00+0530,45857.3515625,45947.3984375,45834.6015625,45913.3984375,0.0
2023-09-13 14:15:00+0530,45916.55078125,45989.75,45871.69921875,45904.25,0.0
2023-09-13 15:15:00+0530,45904.3984375,45922.55078125,45846.69921875,45899.6015625,0.0
2023-09-14 09:15:00+0530,46013.30078125,46151.19921875,45843.25,45895.05078125,0.0
2023-09-14 10:15:00+0530,45894.80078125,46033.6015625,45810.1484375,46012.1015625,0.0
2023-09-14 11:15:00+0530,46012.44921875,46029.6484375,45917.80078125,45990.6484375,0.0
2023-09-14 12:15:00+0530,45999.1484375,46013.6484375,45831.05078125,45963.1484375,0.0
2023-09-14 13:15:00+0530,45965.3515625,46014.3515625,45816.94921875,45893.55078125,0.0
2023-09-14 14:15:00+0530,45894.8984375,46059.8984375,45879.44921875,46004.8984375,0.0
2023-09-14 15:15:00+0530,46000.25,46039.1015625,45963.75,45983.6484375,0.0
2023-09-15 09:15:00+0530,46122.1484375,46175.94921875,46048.55078125,46099.44921875,0.0
2023-09-15 10:15:00+0530,46099.55078125,46255.80078125,46073.25,46225.05078125,0.0
2023-09-15 11:15:00+0530,46225.3984375,46280.3984375,46188.6484375,46236.1484375,0.0
2023-09-15 12:15:00+0530,46236.19921875,46240.3515625,46028.75,46132.05078125,0.0
2023-09-15 13:15:00+0530,46132.69921875,46201.8984375,46082.25,46197.0,0.0
2023-09-15 14:15:00+0530,46196.8984375,46303.55078125,46172.8515625,46200.30078125,0.0
2023-09-15 15:15:00+0530,46200.3515625,46238.3984375,46138.69921875,46154.05078125,0.0
2023-09-18 09:15:00+0530,46100.94921875,46178.05078125,46070.94921875,46140.1484375,0.0
2023-09-18 10:15:00+0530,46141.44921875,46173.75,46101.8515625,46167.3515625,0.0
2023-09-18 11:15:00+0530,46169.30078125,46252.1015625,46119.80078125,46128.1484375,0.0
2023-09-18 12:15:00+0530,46127.8984375,46159.8515625,46073.3515625,46111.94921875,0.0
2023-09-18 13:15:00+0530,46115.8984375,46143.8984375,46049.69921875,46055.55078125,0.0
2023-09-18 14:15:00+0530,46053.80078125,46139.8984375,45951.44921875,45951.44921875,0.0
2023-09-18 15:15:00+0530,45952.1484375,45982.25,45908.8984375,45950.69921875,0.0
2023-09-20 09:15:00+0530,45493.69921875,45742.19921875,45476.75,45564.6484375,0.0
2023-09-20 10:15:00+0530,45567.8515625,45588.55078125,45405.75,45431.80078125,0.0
2023-09-20 11:15:00+0530,45434.69921875,45458.0,45361.8984375,45403.75,0.0
2023-09-20 12:15:00+0530,45402.69921875,45458.05078125,45328.19921875,45350.8515625,0.0
2023-09-20 13:15:00+0530,45353.6015625,45393.6015625,45281.5,45376.44921875,0.0
2023-09-20 14:15:00+0530,45390.3515625,45409.6015625,45284.05078125,45377.44921875,0.0
2023-09-20 15:15:00+0530,45381.44921875,45461.69921875,45364.0,45442.6484375,0.0
2023-09-21 09:15:00+0530,45179.6015625,45275.1015625,45041.1484375,45093.80078125,0.0
2023-09-21 10:15:00+0530,45101.6015625,45222.75,45065.6015625,45178.5,0.0
2023-09-21 11:15:00+0530,45179.05078125,45180.1015625,44901.3984375,44923.6484375,0.0
2023-09-21 12:15:00+0530,44917.5,44935.3984375,44741.3515625,44804.1484375,0.0
2023-09-21 13:15:00+0530,44805.44921875,44885.1015625,44650.75,44667.69921875,0.0
2023-09-21 14:15:00+0530,44666.8515625,44720.25,44593.3984375,44629.75,0.0
2023-09-21 15:15:00+0530,44625.19921875,44660.44921875,44600.30078125,44610.19921875,0.0
2023-09-22 09:15:00+0530,44707.3515625,44949.19921875,44552.5,44652.3515625,0.0
2023-09-22 10:15:00+0530,44656.25,44983.8984375,44623.1484375,44924.6484375,0.0
2023-09-22 11:15:00+0530,44923.75,44994.1015625,44823.6484375,44963.5,0.0
2023-09-22 12:15:00+0530,44966.94921875,44991.69921875,44857.6015625,44907.55078125,0.0
2023-09-22 13:15:00+0530,44907.44921875,44924.3515625,44662.75,44753.30078125,0.0
2023-09-22 14:15:00+0530,44749.05078125,44786.69921875,44557.75,44591.19921875,0.0
2023-09-22 15:15:00+0530,44591.1015625,44649.44921875,44580.44921875,44639.94921875,0.0
2023-09-25 09:15:00+0530,44615.0,44682.75,44427.05078125,44431.80078125,0.0
2023-09-25 10:15:00+0530,44431.05078125,44520.25,44403.6484375,44430.1484375,0.0
2023-09-25 11:15:00+0530,44431.5,44645.80078125,44409.94921875,44610.1015625,0.0
2023-09-25 12:15:00+0530,44614.19921875,44888.05078125,44613.05078125,44859.94921875,0.0
2023-09-25 13:15:00+0530,44858.8515625,44935.19921875,44614.1484375,44619.30078125,0.0
2023-09-25 14:15:00+0530,44619.19921875,44865.0,44584.30078125,44781.25,0.0
2023-09-25 15:15:00+0530,44779.5,44802.0,44733.3984375,44758.3984375,0.0
2023-09-26 09:15:00+0530,44722.5,44769.8984375,44612.25,44720.1484375,0.0
2023-09-26 10:15:00+0530,44718.94921875,44734.05078125,44613.25,44698.3515625,0.0
2023-09-26 11:15:00+0530,44696.19921875,44715.69921875,44632.0,44685.6015625,0.0
2023-09-26 12:15:00+0530,44684.0,44701.6484375,44533.8984375,44642.6484375,0.0
2023-09-26 13:15:00+0530,44638.1015625,44685.94921875,44623.80078125,44653.3984375,0.0
2023-09-26 14:15:00+0530,44657.3984375,44668.69921875,44583.1015625,44629.69921875,0.0
2023-09-26 15:15:00+0530,44628.5,44665.8515625,44616.94921875,44662.44921875,0.0
2023-09-27 09:15:00+0530,44465.8984375,44513.1015625,44203.75,44224.3515625,0.0
2023-09-27 10:15:00+0530,44224.3984375,44410.8984375,44187.69921875,44407.5,0.0
2023-09-27 11:15:00+0530,44414.6484375,44461.1484375,44317.8984375,44355.8515625,0.0
2023-09-27 12:15:00+0530,44351.75,44493.0,44348.80078125,44472.3984375,0.0
2023-09-27 13:15:00+0530,44473.8984375,44665.8984375,44440.6484375,44591.1484375,0.0
2023-09-27 14:15:00+0530,44592.8515625,44648.80078125,44499.0,44573.94921875,0.0
2023-09-27 15:15:00+0530,44574.6484375,44616.1015625,44559.6015625,44600.75,0.0
2023-09-28 09:15:00+0530,44700.3515625,44733.3984375,44525.05078125,44690.05078125,0.0
2023-09-28 10:15:00+0530,44691.80078125,44755.1015625,44457.3515625,44457.3515625,0.0
2023-09-28 11:15:00+0530,44462.19921875,44539.3984375,44431.05078125,44478.25,0.0
2023-09-28 12:15:00+0530,44477.6484375,44498.5,44396.05078125,44433.8515625,0.0
2023-09-28 13:15:00+0530,44433.30078125,44436.6484375,44313.5,44348.8515625,0.0
2023-09-28 14:15:00+0530,44346.8984375,44421.5,44264.1015625,44283.44921875,0.0
2023-09-28 15:15:00+0530,44281.75,44337.69921875,44255.55078125,44288.19921875,0.0
2023-09-29 09:15:00+0530,44445.3515625,44584.94921875,44346.69921875,44568.0,0.0
2023-09-29 10:15:00+0530,44568.0,44628.1484375,44495.6484375,44584.3984375,0.0
2023-09-29 11:15:00+0530,44581.5,44685.44921875,44538.3984375,44663.94921875,0.0
2023-09-29 12:15:00+0530,44662.44921875,44679.6484375,44572.8984375,44620.5,0.0
2023-09-29 13:15:00+0530,44617.44921875,44719.0,44580.5,44689.1484375,0.0
2023-09-29 14:15:00+0530,44686.8515625,44754.44921875,44550.30078125,44550.8984375,0.0
2023-09-29 15:15:00+0530,44553.80078125,44604.19921875,44538.19921875,44603.1484375,0.0
2023-10-03 09:15:00+0530,44561.5,44561.5,44247.44921875,44342.19921875,0.0
2023-10-03 10:15:00+0530,44343.3515625,44375.1015625,44269.25,44318.55078125,0.0
2023-10-03 11:15:00+0530,44318.75,44397.80078125,44305.6015625,44367.3515625,0.0
2023-10-03 12:15:00+0530,44370.1015625,44407.3984375,44336.0,44386.55078125,0.0
2023-10-03 13:15:00+0530,44387.25,44435.5,44307.3515625,44357.25,0.0
2023-10-03 14:15:00+0530,44365.55078125,44415.8515625,44337.6484375,44391.1484375,0.0
2023-10-03 15:15:00+0530,44392.3984375,44415.8515625,44377.6015625,44395.30078125,0.0
2023-10-04 09:15:00+0530,44108.1484375,44135.0,43903.75,43915.69921875,0.0
2023-10-04 10:15:00+0530,43916.3984375,44044.3984375,43891.6015625,43972.6484375,0.0
2023-10-04 11:15:00+0530,43972.75,43998.94921875,43861.5,43901.3515625,0.0
2023-10-04 12:15:00+0530,43899.69921875,43945.05078125,43868.69921875,43936.30078125,0.0
2023-10-04 13:15:00+0530,43939.3515625,43978.25,43886.94921875,43956.1015625,0.0
2023-10-04 14:15:00+0530,43954.8515625,43996.69921875,43906.5,43975.5,0.0
2023-10-04 15:15:00+0530,43974.94921875,44026.94921875,43951.94921875,43993.30078125,0.0
2023-10-05 09:15:00+0530,44181.3515625,44273.94921875,44164.05078125,44202.55078125,0.0
2023-10-05 10:15:00+0530,44203.3515625,44314.6484375,44109.55078125,44308.0,0.0
2023-10-05 11:15:00+0530,44309.3984375,44376.0,44284.5,44332.69921875,0.0
2023-10-05 12:15:00+0530,44330.3984375,44334.5,44221.8515625,44246.3984375,0.0
2023-10-05 13:15:00+0530,44246.75,44308.44921875,44227.3515625,44247.25,0.0
2023-10-05 14:15:00+0530,44244.69921875,44285.5,44186.25,44208.0,0.0
2023-10-05 15:15:00+0530,44205.80078125,44252.5,44185.05078125,44208.25,0.0
2023-10-06 09:15:00+0530,44395.3984375,44395.3984375,44247.5,44317.3515625,0.0
2023-10-06 10:15:00+0530,44311.1484375,44500.19921875,44306.8515625,44411.25,0.0
2023-10-06 11:15:00+0530,44410.19921875,44415.0,44255.6484375,44293.8515625,0.0
2023-10-06 12:15:00+0530,44291.6484375,44364.3515625,44259.69921875,44349.8515625,0.0
2023-10-06 13:15:00+0530,44347.5,44471.05078125,44341.8515625,44440.8984375,0.0
2023-10-06 14:15:00+0530,44441.69921875,44456.3515625,44349.05078125,44366.30078125,0.0
2023-10-06 15:15:00+0530,44371.3984375,44380.80078125,44328.8984375,44368.05078125,0.0
2023-10-09 09:15:00+0530,44057.80078125,44099.5,43799.19921875,44026.1015625,0.0
2023-10-09 10:15:00+0530,44023.44921875,44066.30078125,43958.94921875,43989.1015625,0.0
2023-10-09 11:15:00+0530,43989.75,44009.80078125,43964.3984375,43982.5,0.0
2023-10-09 12:15:00+0530,43982.6015625,43982.6015625,43828.69921875,43865.30078125,0.0
2023-10-09 13:15:00+0530,43863.05078125,43915.0,43859.69921875,43890.8984375,0.0
2023-10-09 14:15:00+0530,43891.3984375,43965.6015625,43858.3984375,43894.69921875,0.0
2023-10-09 15:15:00+0530,43893.55078125,43894.80078125,43863.1015625,43868.5,0.0
2023-10-10 09:15:00+0530,44027.55078125,44139.3984375,44018.6484375,44073.94921875,0.0
2023-10-10 10:15:00+0530,44076.6015625,44123.3515625,44058.25,44065.94921875,0.0
2023-10-10 11:15:00+0530,44068.75,44300.8984375,44045.3515625,44298.19921875,0.0
2023-10-10 12:15:00+0530,44297.94921875,44395.3984375,44255.6015625,44362.55078125,0.0
2023-10-10 13:15:00+0530,44362.6015625,44486.30078125,44356.1484375,44423.55078125,0.0
2023-10-10 14:15:00+0530,44426.3984375,44480.05078125,44328.25,44352.75,0.0
2023-10-10 15:15:00+0530,44354.44921875,44386.6015625,44347.3984375,44378.3984375,0.0
2023-10-11 09:15:00+0530,44554.8984375,44710.0,44510.05078125,44533.55078125,0.0
2023-10-11 10:15:00+0530,44531.19921875,44597.6015625,44451.1484375,44474.75,0.0
2023-10-11 11:15:00+0530,44465.19921875,44546.69921875,44451.25,44524.1015625,0.0
2023-10-11 12:15:00+0530,44525.94921875,44546.25,44452.19921875,44540.6484375,0.0
2023-10-11 13:15:00+0530,44540.3515625,44543.19921875,44413.75,44454.25,0.0
2023-10-11 14:15:00+0530,44455.75,44556.6015625,44439.69921875,44516.69921875,0.0
2023-10-11 15:15:00+0530,44517.05078125,44544.8515625,44488.69921875,44519.8515625,0.0
2023-10-12 09:15:00+0530,44571.55078125,44691.8984375,44559.8984375,44639.69921875,0.0
2023-10-12 10:15:00+0530,44644.44921875,44662.1484375,44560.8515625,44637.3984375,0.0
2023-10-12 11:15:00+0530,44637.05078125,44645.0,44578.6015625,44619.3984375,0.0
2023-10-12 12:15:00+0530,44622.25,44645.6015625,44535.05078125,44555.8515625,0.0
2023-10-12 13:15:00+0530,44554.1015625,44616.8984375,44545.75,44592.25,0.0
2023-10-12 14:15:00+0530,44589.25,44632.44921875,44568.3515625,44610.5,0.0
2023-10-12 15:15:00+0530,44609.05078125,44622.80078125,44570.8515625,44570.8515625,0.0
2023-10-13 09:15:00+0530,44322.05078125,44367.94921875,44224.1484375,44242.25,0.0
2023-10-13 10:15:00+0530,44245.6015625,44288.69921875,44206.05078125,44260.75,0.0
2023-10-13 11:15:00+0530,44256.80078125,44316.44921875,44243.44921875,44246.1484375,0.0
2023-10-13 12:15:00+0530,44253.69921875,44364.3984375,44247.8984375,44340.5,0.0
2023-10-13 13:15:00+0530,44345.55078125,44507.8515625,44290.6484375,44503.80078125,0.0
2023-10-13 14:15:00+0530,44507.6484375,44562.0,44278.75,44301.1484375,0.0
2023-10-13 15:15:00+0530,44300.30078125,44314.55078125,44205.55078125,44220.5,0.0
2023-10-16 09:15:00+0530,44204.75,44214.1015625,44054.3984375,44192.25,0.0
2023-10-16 10:15:00+0530,44194.6484375,44283.44921875,44148.19921875,44223.44921875,0.0
2023-10-16 11:15:00+0530,44224.5,44356.94921875,44192.69921875,44310.1015625,0.0
2023-10-16 12:15:00+0530,44304.44921875,44340.8984375,44259.80078125,44270.05078125,0.0
2023-10-16 13:15:00+0530,44267.80078125,44309.8984375,44227.25,44257.80078125,0.0
2023-10-16 14:15:00+0530,44257.44921875,44300.0,44214.5,44217.1484375,0.0
2023-10-16 15:15:00+0530,44217.19921875,44253.5,44206.44921875,44242.55078125,0.0
2023-10-17 09:15:00+0530,44589.80078125,44589.80078125,44435.75,44456.6015625,0.0
2023-10-17 10:15:00+0530,44460.69921875,44527.94921875,44453.5,44511.30078125,0.0
2023-10-17 11:15:00+0530,44511.1484375,44516.69921875,44457.75,44512.25,0.0
2023-10-17 12:15:00+0530,44510.1015625,44525.0,44466.6015625,44513.1484375,0.0
2023-10-17 13:15:00+0530,44512.94921875,44544.8984375,44344.19921875,44351.6015625,0.0
2023-10-17 14:15:00+0530,44348.8515625,44446.25,44345.6015625,44399.6484375,0.0
2023-10-17 15:15:00+0530,44396.44921875,44460.19921875,44373.3515625,44441.30078125,0.0
2023-10-18 09:15:00+0530,44404.19921875,44404.19921875,44241.3515625,44355.3984375,0.0
2023-10-18 10:15:00+0530,44355.6015625,44366.94921875,43880.3984375,43932.75,0.0
2023-10-18 11:15:00+0530,43937.3515625,43999.25,43868.8984375,43908.44921875,0.0
2023-10-18 12:15:00+0530,43911.25,43977.6484375,43902.8984375,43967.94921875,0.0
2023-10-18 13:15:00+0530,43966.94921875,43974.30078125,43894.80078125,43945.8984375,0.0
2023-10-18 14:15:00+0530,43944.3984375,43957.05078125,43862.94921875,43919.6484375,0.0
2023-10-18 15:15:00+0530,43917.6015625,43919.30078125,43879.69921875,43894.44921875,0.0
2023-10-19 09:15:00+0530,43616.75,43812.1015625,43563.1015625,43764.30078125,0.0
2023-10-19 10:15:00+0530,43761.6015625,43785.6484375,43686.75,43749.80078125,0.0
2023-10-19 11:15:00+0530,43749.1484375,43989.0,43745.0,43960.6484375,0.0
2023-10-19 12:15:00+0530,43961.6015625,43965.8515625,43824.3984375,43849.19921875,0.0
2023-10-19 13:15:00+0530,43848.6015625,44051.8984375,43762.69921875,43945.8515625,0.0
2023-10-19 14:15:00+0530,43943.80078125,43957.05078125,43726.8515625,43730.8515625,0.0
2023-10-19 15:15:00+0530,43729.8515625,43754.3984375,43712.25,43752.44921875,0.0
2023-10-20 09:15:00+0530,43584.25,43797.75,43571.6484375,43753.8515625,0.0
2023-10-20 10:15:00+0530,43754.5,43771.19921875,43657.0,43743.80078125,0.0
2023-10-20 11:15:00+0530,43744.75,43768.6015625,43616.0,43709.75,0.0
2023-10-20 12:15:00+0530,43708.94921875,43751.3515625,43686.8984375,43730.19921875,0.0
2023-10-20 13:15:00+0530,43726.75,43875.8515625,43691.3515625,43749.6015625,0.0
2023-10-20 14:15:00+0530,43747.6484375,43811.44921875,43676.69921875,43736.8515625,0.0
2023-10-20 15:15:00+0530,43735.6015625,43740.6484375,43710.19921875,43740.6484375,0.0
2023-10-23 09:15:00+0530,43822.69921875,43827.94921875,43645.75,43667.94921875,0.0
2023-10-23 10:15:00+0530,43669.30078125,43694.05078125,43625.44921875,43665.6015625,0.0
2023-10-23 11:15:00+0530,43666.8984375,43722.3984375,43589.3984375,43683.25,0.0
2023-10-23 12:15:00+0530,43685.3515625,43726.1484375,43601.5,43616.1484375,0.0
2023-10-23 13:15:00+0530,43617.1015625,43677.1484375,43599.3515625,43621.94921875,0.0
2023-10-23 14:15:00+0530,43620.0,43630.5,43033.05078125,43127.80078125,0.0
2023-10-23 15:15:00+0530,43131.05078125,43190.3984375,43089.1484375,43186.0,0.0
2023-10-25 09:15:00+0530,43308.30078125,43395.5,43170.1015625,43349.0,0.0
2023-10-25 10:15:00+0530,43343.80078125,43374.8984375,43216.19921875,43271.5,0.0
2023-10-25 11:15:00+0530,43271.1015625,43289.05078125,43116.44921875,43152.8984375,0.0
2023-10-25 12:15:00+0530,43152.3984375,43174.0,42828.80078125,42837.55078125,0.0
2023-10-25 13:15:00+0530,42837.0,42995.55078125,42813.55078125,42994.6015625,0.0
2023-10-25 14:15:00+0530,42990.75,43000.3515625,42812.30078125,42832.8515625,0.0
2023-10-25 15:15:00+0530,42831.80078125,42866.3984375,42758.94921875,42848.1484375,0.0
2023-10-26 09:15:00+0530,42708.3984375,42712.3515625,42365.25,42376.1484375,0.0
2023-10-26 10:15:00+0530,42375.05078125,42406.8984375,42204.6015625,42212.1015625,0.0
2023-10-26 11:15:00+0530,42211.3984375,42241.8984375,42106.3515625,42144.19921875,0.0
2023-10-26 12:15:00+0530,42147.30078125,42329.6484375,42143.19921875,42273.80078125,0.0
2023-10-26 13:15:00+0530,42270.5,42329.1484375,42186.75,42272.6015625,0.0
2023-10-26 14:15:00+0530,42273.19921875,42373.8984375,42193.80078125,42290.30078125,0.0
2023-10-26 15:15:00+0530,42290.3984375,42326.69921875,42261.30078125,42288.1484375,0.0
2023-10-27 09:15:00+0530,42555.6015625,42724.55078125,42486.44921875,42608.55078125,0.0
2023-10-27 10:15:00+0530,42608.8515625,42709.94921875,42577.6015625,42694.55078125,0.0
2023-10-27 11:15:00+0530,42694.94921875,42782.1484375,42674.44921875,42726.75,0.0
2023-10-27 12:15:00+0530,42726.1015625,42740.3515625,42632.1015625,42666.8515625,0.0
2023-10-27 13:15:00+0530,42666.1015625,42746.8984375,42653.44921875,42721.30078125,0.0
2023-10-27 14:15:00+0530,42720.94921875,42817.25,42701.55078125,42753.6015625,0.0
2023-10-27 15:15:00+0530,42753.1484375,42839.19921875,42753.1484375,42831.25,0.0
2023-10-30 09:15:00+0530,42721.3984375,42762.8984375,42391.69921875,42490.1015625,0.0
2023-10-30 10:15:00+0530,42495.75,42771.80078125,42462.44921875,42701.6015625,0.0
2023-10-30 11:15:00+0530,42700.6015625,42955.6015625,42686.80078125,42925.1015625,0.0
2023-10-30 12:15:00+0530,42922.3984375,43005.6015625,42868.30078125,42996.25,0.0
2023-10-30 13:15:00+0530,42993.75,42997.1015625,42893.94921875,42932.80078125,0.0
2023-10-30 14:15:00+0530,42926.80078125,43059.1484375,42876.75,43029.5,0.0
2023-10-30 15:15:00+0530,43029.19921875,43109.44921875,43023.1015625,43073.6015625,0.0
2023-10-31 09:15:00+0530,43356.8515625,43356.8515625,42998.69921875,43038.19921875,0.0
2023-10-31 10:15:00+0530,43040.25,43071.1015625,42939.6484375,43007.8515625,0.0
2023-10-31 11:15:00+0530,43006.8984375,43044.3984375,42855.0,42909.44921875,0.0
2023-10-31 12:15:00+0530,42907.80078125,43052.5,42896.1484375,43004.8515625,0.0
2023-10-31 13:15:00+0530,43003.6484375,43032.6015625,42942.30078125,42993.1015625,0.0
2023-10-31 14:15:00+0530,42990.3515625,43086.3984375,42800.5,42843.6015625,0.0
2023-10-31 15:15:00+0530,42843.94921875,42865.30078125,42811.05078125,42827.75,0.0
2023-11-01 09:15:00+0530,42694.25,42807.0,42635.69921875,42708.6015625,0.0
2023-11-01 10:15:00+0530,42714.44921875,42745.55078125,42611.55078125,42666.94921875,0.0
2023-11-01 11:15:00+0530,42667.3984375,42737.5,42630.05078125,42733.25,0.0
2023-11-01 12:15:00+0530,42733.30078125,42772.6015625,42630.8984375,42652.25,0.0
2023-11-01 13:15:00+0530,42653.5,42723.94921875,42601.80078125,42669.1015625,0.0
2023-11-01 14:15:00+0530,42669.30078125,42737.3984375,42625.55078125,42705.25,0.0
2023-11-01 15:15:00+0530,42705.8515625,42746.1484375,42688.6015625,42734.1484375,0.0
2023-11-02 09:15:00+0530,43018.69921875,43271.5,43001.6484375,43123.80078125,0.0
2023-11-02 10:15:00+0530,43126.44921875,43178.5,43036.6484375,43083.5,0.0
2023-11-02 11:15:00+0530,43085.6484375,43088.6484375,42798.80078125,42869.1015625,0.0
2023-11-02 12:15:00+0530,42866.75,42942.6484375,42852.44921875,42942.44921875,0.0
2023-11-02 13:15:00+0530,42942.6484375,42963.80078125,42852.94921875,42947.1015625,0.0
2023-11-02 14:15:00+0530,42946.75,43086.3515625,42896.5,42963.80078125,0.0
2023-11-02 15:15:00+0530,42970.44921875,43040.19921875,42959.05078125,43033.5,0.0
2023-11-03 09:15:00+0530,43318.30078125,43366.6484375,43223.05078125,43339.55078125,0.0
2023-11-03 10:15:00+0530,43338.30078125,43405.5,43307.8515625,43349.69921875,0.0
2023-11-03 11:15:00+0530,43349.25,43371.3515625,43291.8984375,43330.6484375,0.0
2023-11-03 12:15:00+0530,43331.3984375,43363.44921875,43293.6015625,43342.30078125,0.0
2023-11-03 13:15:00+0530,43342.6015625,43394.30078125,43333.19921875,43359.94921875,0.0
2023-11-03 14:15:00+0530,43360.1015625,43413.75,43281.69921875,43307.25,0.0
2023-11-03 15:15:00+0530,43307.55078125,43326.05078125,43300.3984375,43306.94921875,0.0
2023-11-06 09:15:00+0530,43627.75,43627.75,43483.55078125,43507.25,0.0
2023-11-06 10:15:00+0530,43510.69921875,43549.69921875,43416.6015625,43450.80078125,0.0
2023-11-06 11:15:00+0530,43451.69921875,43511.1484375,43438.19921875,43489.80078125,0.0
2023-11-06 12:15:00+0530,43487.0,43533.3515625,43458.1015625,43521.30078125,0.0
2023-11-06 13:15:00+0530,43518.69921875,43569.19921875,43497.1484375,43566.8984375,0.0
2023-11-06 14:15:00+0530,43565.55078125,43639.6015625,43528.6484375,43627.69921875,0.0
2023-11-06 15:15:00+0530,43629.3515625,43648.44921875,43603.6484375,43628.0,0.0
2023-11-07 09:15:00+0530,43598.8515625,43598.8515625,43378.3515625,43429.55078125,0.0
2023-11-07 10:15:00+0530,43431.80078125,43513.80078125,43411.25,43485.55078125,0.0
2023-11-07 11:15:00+0530,43487.6484375,43518.8515625,43287.6015625,43330.05078125,0.0
2023-11-07 12:15:00+0530,43331.94921875,43393.25,43300.69921875,43386.55078125,0.0
2023-11-07 13:15:00+0530,43389.80078125,43639.0,43352.25,43615.3515625,0.0
2023-11-07 14:15:00+0530,43614.44921875,43726.75,43577.6484375,43718.44921875,0.0
2023-11-07 15:15:00+0530,43719.3515625,43798.1015625,43710.0,43780.1484375,0.0
2023-11-08 09:15:00+0530,43791.80078125,43791.80078125,43619.1484375,43619.5,0.0
2023-11-08 10:15:00+0530,43619.8515625,43698.30078125,43553.44921875,43574.25,0.0
2023-11-08 11:15:00+0530,43569.05078125,43658.1484375,43550.0,43651.8515625,0.0
2023-11-08 12:15:00+0530,43648.55078125,43662.55078125,43580.55078125,43641.55078125,0.0
2023-11-08 13:15:00+0530,43641.3515625,43704.8984375,43590.55078125,43593.0,0.0
2023-11-08 14:15:00+0530,43591.1015625,43689.0,43568.8984375,43666.0,0.0
2023-11-08 15:15:00+0530,43667.3984375,43677.3515625,43635.75,43646.6015625,0.0
2023-11-09 09:15:00+0530,43626.1015625,43745.3984375,43543.55078125,43726.25,0.0
2023-11-09 10:15:00+0530,43726.1484375,43772.55078125,43682.69921875,43746.5,0.0
2023-11-09 11:15:00+0530,43745.44921875,43874.30078125,43728.5,43830.5,0.0
2023-11-09 12:15:00+0530,43831.19921875,43845.6015625,43719.1015625,43739.80078125,0.0
2023-11-09 13:15:00+0530,43743.6484375,43782.25,43700.3984375,43763.1015625,0.0
2023-11-09 14:15:00+0530,43763.6015625,43776.0,43667.25,43672.6484375,0.0
2023-11-09 15:15:00+0530,43670.6484375,43698.69921875,43656.94921875,43695.8984375,0.0
2023-11-10 09:15:00+0530,43543.25,43624.75,43508.6484375,43607.75,0.0
2023-11-10 10:15:00+0530,43606.6015625,43736.6015625,43604.55078125,43645.05078125,0.0
2023-11-10 11:15:00+0530,43645.94921875,43711.3515625,43607.6015625,43694.75,0.0
2023-11-10 12:15:00+0530,43696.80078125,43800.0,43670.8984375,43718.8515625,0.0
2023-11-10 13:15:00+0530,43719.44921875,43794.1015625,43698.44921875,43717.1015625,0.0
2023-11-10 14:15:00+0530,43717.44921875,43816.3984375,43641.8984375,43812.55078125,0.0
2023-11-10 15:15:00+0530,43811.30078125,43903.25,43806.3515625,43879.8984375,0.0
2023-11-13 09:15:00+0530,43915.1015625,43927.30078125,43787.6015625,43868.3984375,0.0
2023-11-13 10:15:00+0530,43868.69921875,43877.3515625,43683.30078125,43723.8984375,0.0
2023-11-13 11:15:00+0530,43726.5,43892.3515625,43718.1484375,43869.25,0.0
2023-11-13 12:15:00+0530,43870.0,43902.25,43843.94921875,43867.6484375,0.0
2023-11-13 13:15:00+0530,43867.1484375,43946.94921875,43865.6015625,43923.0,0.0
2023-11-13 14:15:00+0530,43922.30078125,43970.75,43865.05078125,43881.55078125,0.0
2023-11-13 15:15:00+0530,43882.8515625,43911.44921875,43865.25,43885.44921875,0.0
2023-11-15 09:15:00+0530,44398.44921875,44398.44921875,44208.8984375,44249.44921875,0.0
2023-11-15 10:15:00+0530,44242.1484375,44267.80078125,44170.0,44214.30078125,0.0
2023-11-15 11:15:00+0530,44215.05078125,44234.75,44173.25,44223.0,0.0
2023-11-15 12:15:00+0530,44225.25,44241.6484375,44180.6484375,44229.19921875,0.0
2023-11-15 13:15:00+0530,44225.19921875,44261.30078125,44199.30078125,44231.5,0.0
2023-11-15 14:15:00+0530,44234.30078125,44244.94921875,44165.3984375,44206.8515625,0.0
2023-11-15 15:15:00+0530,44206.55078125,44239.69921875,44187.30078125,44215.25,0.0
2023-11-16 09:15:00+0530,44251.69921875,44272.0,44148.44921875,44223.94921875,0.0
2023-11-16 10:15:00+0530,44227.25,44389.8984375,44220.8984375,44388.8984375,0.0
2023-11-16 11:15:00+0530,44389.25,44405.19921875,44307.25,44322.1484375,0.0
2023-11-16 12:15:00+0530,44320.8515625,44345.3515625,44262.6484375,44313.94921875,0.0
2023-11-16 13:15:00+0530,44312.5,44372.80078125,44283.69921875,44368.80078125,0.0
2023-11-16 14:15:00+0530,44371.19921875,44420.55078125,44064.6015625,44085.5,0.0
2023-11-16 15:15:00+0530,44083.80078125,44156.25,44078.5,44137.55078125,0.0
2023-11-17 09:15:00+0530,43656.25,43869.69921875,43596.5,43727.1015625,0.0
2023-11-17 10:15:00+0530,43714.6015625,43770.69921875,43564.44921875,43673.3515625,0.0
2023-11-17 11:15:00+0530,43673.94921875,43726.80078125,43644.80078125,43687.44921875,0.0
2023-11-17 12:15:00+0530,43689.19921875,43731.0,43608.1484375,43681.1015625,0.0
2023-11-17 13:15:00+0530,43680.1484375,43698.25,43599.1015625,43674.6484375,0.0
2023-11-17 14:15:00+0530,43675.1015625,43695.75,43564.1484375,43606.25,0.0
2023-11-17 15:15:00+0530,43606.1015625,43625.19921875,43516.80078125,43545.3515625,0.0
2023-11-20 09:15:00+0530,43591.5,43604.8515625,43453.3515625,43531.0,0.0
2023-11-20 10:15:00+0530,43535.80078125,43723.44921875,43525.55078125,43529.0,0.0
2023-11-20 11:15:00+0530,43526.44921875,43619.25,43507.19921875,43601.75,0.0
2023-11-20 12:15:00+0530,43601.1015625,43680.55078125,43575.94921875,43655.3515625,0.0
2023-11-20 13:15:00+0530,43655.6484375,43682.3515625,43599.8515625,43604.3515625,0.0
2023-11-20 14:15:00+0530,43604.1484375,43664.25,43567.94921875,43581.6484375,0.0
2023-11-20 15:15:00+0530,43580.8515625,43589.30078125,43563.0,43566.44921875,0.0
2023-11-21 09:15:00+0530,43739.80078125,43777.5,43681.8515625,43697.3984375,0.0
2023-11-21 10:15:00+0530,43696.94921875,43751.69921875,43675.80078125,43718.8515625,0.0
2023-11-21 11:15:00+0530,43719.3515625,43759.8984375,43704.30078125,43755.0,0.0
2023-11-21 12:15:00+0530,43753.6015625,43778.3515625,43589.05078125,43647.1015625,0.0
2023-11-21 13:15:00+0530,43644.05078125,43731.0,43635.0,43680.55078125,0.0
2023-11-21 14:15:00+0530,43679.55078125,43702.8984375,43664.25,43686.6484375,0.0
2023-11-21 15:15:00+0530,43681.6015625,43710.05078125,43672.6015625,43694.94921875,0.0
2023-11-22 09:15:00+0530,43663.6015625,43676.19921875,43551.1015625,43626.3515625,0.0
2023-11-22 10:15:00+0530,43625.25,43644.6015625,43490.3984375,43535.25,0.0
2023-11-22 11:15:00+0530,43534.75,43562.19921875,43310.30078125,43310.30078125,0.0
2023-11-22 12:15:00+0530,43307.94921875,43344.0,43233.8515625,43320.3515625,0.0
2023-11-22 13:15:00+0530,43319.30078125,43349.1484375,43279.3515625,43292.3984375,0.0
2023-11-22 14:15:00+0530,43292.3515625,43471.5,43288.8515625,43432.6015625,0.0
2023-11-22 15:15:00+0530,43437.0,43481.1015625,43418.69921875,43454.6015625,0.0
2023-11-23 09:15:00+0530,43452.75,43633.8515625,43452.75,43593.80078125,0.0
2023-11-23 10:15:00+0530,43594.5,43632.80078125,43508.1015625,43538.19921875,0.0
2023-11-23 11:15:00+0530,43537.8984375,43585.75,43519.44921875,43524.75,0.0
2023-11-23 12:15:00+0530,43528.8515625,43624.25,43526.05078125,43583.3515625,0.0
2023-11-23 13:15:00+0530,43584.30078125,43649.25,43565.1484375,43592.1484375,0.0
2023-11-23 14:15:00+0530,43595.3515625,43613.44921875,43561.1484375,43582.30078125,0.0
2023-11-23 15:15:00+0530,43583.94921875,43602.25,43560.3984375,43590.3984375,0.0
2023-11-24 09:15:00+0530,43607.3515625,43645.44921875,43568.0,43616.3515625,0.0
2023-11-24 10:15:00+0530,43620.05078125,43752.44921875,43602.30078125,43722.05078125,0.0
2023-11-24 11:15:00+0530,43720.25,43743.75,43674.19921875,43712.69921875,0.0
2023-11-24 12:15:00+0530,43717.5,43727.75,43594.80078125,43599.75,0.0
2023-11-24 13:15:00+0530,43603.75,43724.30078125,43588.05078125,43709.5,0.0
2023-11-24 14:15:00+0530,43710.6484375,43804.55078125,43684.1015625,43778.1015625,0.0
2023-11-24 15:15:00+0530,43781.75,43805.3515625,43733.3984375,43754.6015625,0.0
2023-11-28 09:15:00+0530,43851.55078125,43854.3515625,43741.6015625,43818.19921875,0.0
2023-11-28 10:15:00+0530,43817.0,43838.5,43795.5,43818.8515625,0.0
2023-11-28 11:15:00+0530,43818.05078125,43855.69921875,43800.6015625,43839.1015625,0.0
2023-11-28 12:15:00+0530,43835.44921875,43953.3515625,43824.19921875,43857.25,0.0
2023-11-28 13:15:00+0530,43858.55078125,43865.19921875,43802.5,43813.80078125,0.0
2023-11-28 14:15:00+0530,43814.6484375,43910.75,43807.75,43894.94921875,0.0
2023-11-28 15:15:00+0530,43893.19921875,43959.30078125,43855.44921875,43943.94921875,0.0
2023-11-29 09:15:00+0530,44081.75,44162.6015625,44007.44921875,44126.6484375,0.0
2023-11-29 10:15:00+0530,44123.3515625,44146.3515625,44085.80078125,44140.6484375,0.0
2023-11-29 11:15:00+0530,44139.8984375,44325.8515625,44121.30078125,44288.80078125,0.0
2023-11-29 12:15:00+0530,44289.1015625,44361.25,44248.0,44360.5,0.0
2023-11-29 13:15:00+0530,44362.3984375,44395.55078125,44321.6484375,44332.1015625,0.0
2023-11-29 14:15:00+0530,44330.3515625,44609.0,44310.80078125,44600.5,0.0
2023-11-29 15:15:00+0530,44602.0,44628.3984375,44568.05078125,44582.80078125,0.0
2023-11-30 09:15:00+0530,44711.19921875,44760.75,44346.6015625,44392.5,0.0
2023-11-30 10:15:00+0530,44393.44921875,44452.6484375,44273.8515625,44347.8515625,0.0
2023-11-30 11:15:00+0530,44347.5,44370.69921875,44313.6015625,44334.8984375,0.0
2023-11-30 12:15:00+0530,44336.8515625,44392.69921875,44257.8984375,44322.6484375,0.0
2023-11-30 13:15:00+0530,44323.5,44439.8984375,44284.05078125,44297.55078125,0.0
2023-11-30 14:15:00+0530,44296.1015625,44512.94921875,44293.80078125,44480.55078125,0.0
2023-11-30 15:15:00+0530,44478.80078125,44586.8984375,44460.6015625,44466.30078125,0.0
2023-12-01 09:15:00+0530,44580.1484375,44944.55078125,44545.25,44915.8515625,0.0
2023-12-01 10:15:00+0530,44916.1484375,44916.1484375,44847.94921875,44894.19921875,0.0
2023-12-01 11:15:00+0530,44890.55078125,44948.25,44845.5,44853.6015625,0.0
2023-12-01 12:15:00+0530,44849.5,44909.19921875,44826.3515625,44863.3984375,0.0
2023-12-01 13:15:00+0530,44864.1484375,44947.05078125,44808.25,44860.69921875,0.0
2023-12-01 14:15:00+0530,44869.05078125,44911.5,44752.80078125,44810.6015625,0.0
2023-12-01 15:15:00+0530,44811.19921875,44847.69921875,44786.8984375,44815.69921875,0.0
2023-12-04 09:15:00+0530,45671.5,45829.6484375,45504.3515625,45740.05078125,0.0
2023-12-04 10:15:00+0530,45739.75,45770.5,45657.3515625,45708.75,0.0
2023-12-04 11:15:00+0530,45711.3515625,45829.80078125,45709.3984375,45815.55078125,0.0
2023-12-04 12:15:00+0530,45820.8515625,46036.0,45818.8515625,46005.25,0.0
2023-12-04 13:15:00+0530,46006.8984375,46167.8515625,45948.75,46154.44921875,0.0
2023-12-04 14:15:00+0530,46158.3515625,46475.3984375,46118.6015625,46412.1015625,0.0
2023-12-04 15:15:00+0530,46414.0,46483.30078125,46406.80078125,46445.3984375,0.0
2023-12-05 09:15:00+0530,46895.8984375,47056.69921875,46659.55078125,47049.94921875,0.0
2023-12-05 10:15:00+0530,47051.3984375,47226.3984375,46954.1015625,47018.25,0.0
2023-12-05 11:15:00+0530,47013.3984375,47029.1015625,46736.1015625,46876.30078125,0.0
2023-12-05 12:15:00+0530,46875.5,47008.3984375,46857.8984375,47003.55078125,0.0
2023-12-05 13:15:00+0530,47005.80078125,47075.3515625,46918.80078125,46984.6484375,0.0
2023-12-05 14:15:00+0530,46985.75,47067.0,46940.6015625,47016.0,0.0
2023-12-05 15:15:00+0530,47014.6015625,47030.8984375,46952.55078125,46968.94921875,0.0
2023-12-06 09:15:00+0530,47256.75,47258.8515625,46776.6484375,46805.19921875,0.0
2023-12-06 10:15:00+0530,46813.25,46969.19921875,46751.0,46883.55078125,0.0
2023-12-06 11:15:00+0530,46884.19921875,46946.25,46836.8984375,46935.19921875,0.0
2023-12-06 12:15:00+0530,46936.0,46943.55078125,46804.3984375,46817.1015625,0.0
2023-12-06 13:15:00+0530,46820.30078125,46914.5,46767.44921875,46858.80078125,0.0
2023-12-06 14:15:00+0530,46861.1484375,46946.5,46790.69921875,46835.5,0.0
2023-12-06 15:15:00+0530,46836.05078125,46849.69921875,46787.25,46801.8515625,0.0
2023-12-07 09:15:00+0530,46735.3984375,46747.30078125,46510.94921875,46581.1484375,0.0
2023-12-07 10:15:00+0530,46580.0,46902.80078125,46552.0,46874.80078125,0.0
2023-12-07 11:15:00+0530,46879.55078125,46901.3984375,46764.0,46843.75,0.0
2023-12-07 12:15:00+0530,46844.3515625,46875.3515625,46777.8984375,46845.3984375,0.0
2023-12-07 13:15:00+0530,46844.69921875,46925.5,46813.3984375,46848.05078125,0.0
2023-12-07 14:15:00+0530,46849.5,46916.0,46795.5,46829.19921875,0.0
2023-12-07 15:15:00+0530,46829.3515625,46889.94921875,46812.6484375,46839.3984375,0.0
2023-12-08 09:15:00+0530,46797.19921875,47121.55078125,46797.19921875,47097.5,0.0
2023-12-08 10:15:00+0530,47097.69921875,47167.1015625,46938.75,47086.05078125,0.0
2023-12-08 11:15:00+0530,47083.8515625,47125.80078125,47016.0,47031.3515625,0.0
2023-12-08 12:15:00+0530,47032.6484375,47051.05078125,46850.5,46941.1484375,0.0
2023-12-08 13:15:00+0530,46946.1015625,47023.3515625,46907.6484375,47014.6484375,0.0
2023-12-08 14:15:00+0530,47017.3984375,47301.1484375,46935.6484375,47287.6484375,0.0
2023-12-08 15:15:00+0530,47284.44921875,47301.05078125,47252.1484375,47283.75,0.0
2023-12-11 09:15:00+0530,47233.30078125,47494.30078125,47192.44921875,47476.0,0.0
2023-12-11 10:15:00+0530,47474.30078125,47588.0,47275.94921875,47375.1484375,0.0
2023-12-11 11:15:00+0530,47371.3515625,47388.69921875,47310.69921875,47360.3515625,0.0
2023-12-11 12:15:00+0530,47359.30078125,47378.1484375,47278.44921875,47373.55078125,0.0
2023-12-11 13:15:00+0530,47378.1015625,47408.05078125,47333.05078125,47392.1015625,0.0
2023-12-11 14:15:00+0530,47392.6484375,47430.80078125,47304.30078125,47333.69921875,0.0
2023-12-11 15:15:00+0530,47333.55078125,47338.94921875,47245.1484375,47299.69921875,0.0
2023-12-12 09:15:00+0530,47421.69921875,47454.0,47227.94921875,47243.05078125,0.0
2023-12-12 10:15:00+0530,47243.55078125,47347.3515625,47162.19921875,47339.1484375,0.0
2023-12-12 11:15:00+0530,47340.05078125,47347.55078125,47262.6015625,47293.6015625,0.0
2023-12-12 12:15:00+0530,47293.8515625,47312.5,47176.8515625,47198.25,0.0
2023-12-12 13:15:00+0530,47202.1484375,47243.44921875,47118.80078125,47123.5,0.0
2023-12-12 14:15:00+0530,47124.3515625,47190.44921875,47078.55078125,47094.8984375,0.0
2023-12-12 15:15:00+0530,47094.3515625,47122.44921875,47025.6484375,47063.80078125,0.0
2023-12-13 09:15:00+0530,47190.75,47191.69921875,46888.6015625,46963.80078125,0.0
2023-12-13 10:15:00+0530,46964.19921875,47042.1484375,46909.25,47012.0,0.0
2023-12-13 11:15:00+0530,47014.3984375,47018.19921875,46944.0,46973.75,0.0
2023-12-13 12:15:00+0530,46974.5,47126.1015625,46934.3984375,47089.6484375,0.0
2023-12-13 13:15:00+0530,47091.30078125,47159.55078125,47045.6015625,47098.1484375,0.0
2023-12-13 14:15:00+0530,47098.3515625,47134.6484375,47001.05078125,47080.30078125,0.0
2023-12-13 15:15:00+0530,47083.30078125,47145.80078125,47054.80078125,47113.30078125,0.0
2023-12-14 09:15:00+0530,47567.6484375,47942.3515625,47524.75,47890.19921875,0.0
2023-12-14 10:15:00+0530,47890.1015625,47896.5,47739.05078125,47836.69921875,0.0
2023-12-14 11:15:00+0530,47839.1484375,47862.25,47756.25,47763.3984375,0.0
2023-12-14 12:15:00+0530,47761.6484375,47855.3984375,47732.30078125,47829.80078125,0.0
2023-12-14 13:15:00+0530,47830.6484375,47881.69921875,47761.75,47810.3984375,0.0
2023-12-14 14:15:00+0530,47806.5,47815.3515625,47657.6015625,47712.0,0.0
2023-12-14 15:15:00+0530,47713.0,47794.3515625,47705.05078125,47751.3984375,0.0
2023-12-15 09:15:00+0530,47939.8984375,47983.6015625,47667.80078125,47797.80078125,0.0
2023-12-15 10:15:00+0530,47800.55078125,47842.94921875,47633.6015625,47698.8984375,0.0
2023-12-15 11:15:00+0530,47697.1015625,47772.19921875,47659.69921875,47679.3984375,0.0
2023-12-15 12:15:00+0530,47680.80078125,47782.1015625,47664.55078125,47735.69921875,0.0
2023-12-15 13:15:00+0530,47734.69921875,47968.0,47732.25,47907.8515625,0.0
2023-12-15 14:15:00+0530,47909.3984375,48207.69921875,47895.69921875,48148.80078125,0.0
2023-12-15 15:15:00+0530,48146.0,48175.6484375,48071.6484375,48071.6484375,0.0
2023-12-18 09:15:00+0530,48068.5,48068.5,47812.0,47915.44921875,0.0
2023-12-18 10:15:00+0530,47915.69921875,48073.3984375,47900.8515625,47993.5,0.0
2023-12-18 11:15:00+0530,47993.25,48021.44921875,47944.3984375,47982.05078125,0.0
2023-12-18 12:15:00+0530,47978.75,47996.19921875,47859.1015625,47870.80078125,0.0
2023-12-18 13:15:00+0530,47867.05078125,47965.25,47865.1484375,47945.3984375,0.0
2023-12-18 14:15:00+0530,47942.5,47975.75,47824.69921875,47848.1015625,0.0
2023-12-18 15:15:00+0530,47849.25,47887.25,47807.30078125,47862.05078125,0.0
2023-12-19 09:15:00+0530,47940.3984375,47941.1015625,47649.3515625,47677.3515625,0.0
2023-12-19 10:15:00+0530,47677.75,47815.94921875,47670.1015625,47749.6015625,0.0
2023-12-19 11:15:00+0530,47751.1015625,47942.69921875,47714.75,47884.69921875,0.0
2023-12-19 12:15:00+0530,47883.44921875,47971.0,47876.19921875,47896.44921875,0.0
2023-12-19 13:15:00+0530,47904.69921875,48016.3515625,47860.75,47979.5,0.0
2023-12-19 14:15:00+0530,47979.5,48006.1484375,47789.94921875,47855.05078125,0.0
2023-12-19 15:15:00+0530,47853.44921875,47897.80078125,47830.05078125,47848.44921875,0.0
2023-12-20 09:15:00+0530,48085.3515625,48163.6484375,47963.05078125,47993.30078125,0.0
2023-12-20 10:15:00+0530,47984.6484375,48039.1015625,47951.25,47959.8984375,0.0
2023-12-20 11:15:00+0530,47960.05078125,47980.25,47888.80078125,47944.75,0.0
2023-12-20 12:15:00+0530,47944.8515625,48008.69921875,47872.1015625,47887.05078125,0.0
2023-12-20 13:15:00+0530,47891.19921875,47908.19921875,47578.25,47586.44921875,0.0
2023-12-20 14:15:00+0530,47590.8515625,47670.0,47405.0,47405.0,0.0
2023-12-20 15:15:00+0530,47407.69921875,47459.25,47211.3515625,47216.5,0.0
2023-12-21 09:15:00+0530,47172.44921875,47272.8984375,46926.3515625,47231.19921875,0.0
2023-12-21 10:15:00+0530,47230.6015625,47492.1484375,47127.75,47380.69921875,0.0
2023-12-21 11:15:00+0530,47384.1015625,47434.1484375,47289.30078125,47352.19921875,0.0
2023-12-21 12:15:00+0530,47353.6015625,47621.19921875,47341.05078125,47564.75,0.0
2023-12-21 13:15:00+0530,47553.3984375,47591.75,47331.55078125,47467.30078125,0.0
2023-12-21 14:15:00+0530,47465.8515625,47929.75,47416.5,47913.8515625,0.0
2023-12-21 15:15:00+0530,47915.8515625,47917.1484375,47787.5,47852.69921875,0.0
2023-12-22 09:15:00+0530,47837.75,47949.3515625,47688.1015625,47931.5,0.0
2023-12-22 10:15:00+0530,47931.94921875,48069.8984375,47841.75,47980.05078125,0.0
2023-12-22 11:15:00+0530,47983.44921875,48011.80078125,47871.80078125,47923.6484375,0.0
2023-12-22 12:15:00+0530,47922.3515625,47938.05078125,47688.19921875,47785.55078125,0.0
2023-12-22 13:15:00+0530,47782.94921875,47826.94921875,47421.94921875,47611.5,0.0
2023-12-22 14:15:00+0530,47612.19921875,47743.30078125,47439.30078125,47490.05078125,0.0
2023-12-22 15:15:00+0530,47489.19921875,47522.3984375,47415.94921875,47458.75,0.0
2023-12-26 09:15:00+0530,47576.3984375,47617.80078125,47411.6484375,47507.94921875,0.0
2023-12-26 10:15:00+0530,47505.44921875,47759.19921875,47504.19921875,47688.75,0.0
2023-12-26 11:15:00+0530,47690.19921875,47740.25,47650.1484375,47698.55078125,0.0
2023-12-26 12:15:00+0530,47697.5,47819.05078125,47636.8984375,47700.55078125,0.0
2023-12-26 13:15:00+0530,47702.1484375,47770.5,47669.5,47717.75,0.0
2023-12-26 14:15:00+0530,47717.55078125,47835.25,47683.3515625,47711.25,0.0
2023-12-26 15:15:00+0530,47713.8515625,47785.8984375,47708.3515625,47762.5,0.0
2023-12-27 09:15:00+0530,47818.5,48026.6015625,47807.80078125,47987.8515625,0.0
2023-12-27 10:15:00+0530,47986.69921875,48091.05078125,47972.8984375,48055.1484375,0.0
2023-12-27 11:15:00+0530,48050.8515625,48244.05078125,48043.1484375,48187.6484375,0.0
2023-12-27 12:15:00+0530,48187.3984375,48190.6484375,47944.44921875,47952.1484375,0.0
2023-12-27 13:15:00+0530,47953.6484375,48044.3515625,47884.55078125,48040.80078125,0.0
2023-12-27 14:15:00+0530,48040.0,48346.3515625,47971.30078125,48313.30078125,0.0
2023-12-27 15:15:00+0530,48312.8515625,48325.44921875,48258.94921875,48280.55078125,0.0
2023-12-28 09:15:00+0530,48479.05078125,48631.0,48343.1484375,48407.8515625,0.0
2023-12-28 10:15:00+0530,48409.1015625,48544.1484375,48370.80078125,48499.69921875,0.0
2023-12-28 11:15:00+0530,48500.30078125,48543.0,48465.69921875,48474.94921875,0.0
2023-12-28 12:15:00+0530,48478.0,48614.05078125,48462.25,48585.80078125,0.0
2023-12-28 13:15:00+0530,48589.8515625,48599.6484375,48477.75,48492.6484375,0.0
2023-12-28 14:15:00+0530,48482.75,48555.44921875,48419.5,48548.55078125,0.0
2023-12-28 15:15:00+0530,48547.3984375,48566.1484375,48455.6484375,48484.19921875,0.0
2023-12-29 09:15:00+0530,48374.8515625,48416.05078125,48220.75,48228.8515625,0.0
2023-12-29 10:15:00+0530,48236.69921875,48291.19921875,48177.69921875,48215.1015625,0.0
2023-12-29 11:15:00+0530,48207.30078125,48325.19921875,48207.30078125,48277.30078125,0.0
2023-12-29 12:15:00+0530,48273.30078125,48310.1015625,48166.25,48249.8984375,0.0
2023-12-29 13:15:00+0530,48246.3984375,48254.80078125,48097.1484375,48108.80078125,0.0
2023-12-29 14:15:00+0530,48110.5,48385.5,48093.05078125,48258.8515625,0.0
2023-12-29 15:15:00+0530,48255.19921875,48306.8984375,48223.8515625,48268.8984375,0.0
2024-01-01 09:15:00+0530,48203.44921875,48315.0,48135.8984375,48250.5,0.0
2024-01-01 10:15:00+0530,48249.0,48367.1484375,48220.05078125,48332.5,0.0
2024-01-01 11:15:00+0530,48329.19921875,48361.1484375,48287.55078125,48354.80078125,0.0
2024-01-01 12:15:00+0530,48350.94921875,48362.19921875,48275.30078125,48307.69921875,0.0
2024-01-01 13:15:00+0530,48311.19921875,48369.8984375,48283.5,48357.0,0.0
2024-01-01 14:15:00+0530,48352.6015625,48449.69921875,48164.1484375,48213.6484375,0.0
2024-01-01 15:15:00+0530,48217.25,48240.1015625,48047.3515625,48064.30078125,0.0
2024-01-02 09:15:00+0530,48194.80078125,48219.6015625,47894.44921875,47968.6484375,0.0
2024-01-02 10:15:00+0530,47967.6015625,47984.55078125,47818.44921875,47861.6484375,0.0
2024-01-02 11:15:00+0530,47859.94921875,47965.1015625,47830.55078125,47859.6015625,0.0
2024-01-02 12:15:00+0530,47865.5,47928.19921875,47774.1015625,47831.75,0.0
2024-01-02 13:15:00+0530,47834.05078125,47874.80078125,47798.19921875,47867.80078125,0.0
2024-01-02 14:15:00+0530,47868.1484375,47889.30078125,47690.6484375,47754.44921875,0.0
2024-01-02 15:15:00+0530,47757.25,47777.55078125,47697.6015625,47710.55078125,0.0
2024-01-03 09:15:00+0530,47796.30078125,47796.30078125,47482.69921875,47577.44921875,0.0
2024-01-03 10:15:00+0530,47576.1484375,47690.05078125,47532.8515625,47669.8515625,0.0
2024-01-03 11:15:00+0530,47670.8984375,47784.8515625,47641.69921875,47686.75,0.0
2024-01-03 12:15:00+0530,47689.8515625,47744.3515625,47555.44921875,47734.6484375,0.0
2024-01-03 13:15:00+0530,47735.55078125,47785.3515625,47683.8515625,47749.75,0.0
2024-01-03 14:15:00+0530,47748.3515625,47753.3984375,47657.1015625,47718.8984375,0.0
2024-01-03 15:15:00+0530,47717.3515625,47777.8984375,47676.75,47738.55078125,0.0
2024-01-04 09:15:00+0530,47805.3984375,47990.3984375,47763.30078125,47973.0,0.0
2024-01-04 10:15:00+0530,47972.55078125,48113.1015625,47941.3984375,48102.1484375,0.0
2024-01-04 11:15:00+0530,48099.30078125,48178.55078125,48075.55078125,48115.44921875,0.0
2024-01-04 12:15:00+0530,48117.55078125,48219.30078125,48108.44921875,48215.0,0.0
2024-01-04 13:15:00+0530,48213.3984375,48219.8984375,48063.69921875,48091.75,0.0
2024-01-04 14:15:00+0530,48093.44921875,48198.30078125,48073.75,48180.3984375,0.0
2024-01-04 15:15:00+0530,48176.80078125,48281.19921875,48175.94921875,48245.80078125,0.0
2024-01-05 09:15:00+0530,48245.55078125,48377.8515625,48236.6484375,48295.6015625,0.0
2024-01-05 10:15:00+0530,48300.05078125,48309.8984375,48089.30078125,48131.44921875,0.0
2024-01-05 11:15:00+0530,48132.3515625,48142.1484375,48033.5,48092.19921875,0.0
2024-01-05 12:15:00+0530,48094.55078125,48151.44921875,48047.5,48085.75,0.0
2024-01-05 13:15:00+0530,48086.75,48103.44921875,47893.55078125,47905.0,0.0
2024-01-05 14:15:00+0530,47910.3984375,48264.1015625,47828.1015625,48167.6015625,0.0
2024-01-05 15:15:00+0530,48167.55078125,48168.69921875,48043.05078125,48089.1484375,0.0
2024-01-08 09:15:00+0530,48096.6484375,48150.25,47937.5,47985.94921875,0.0
2024-01-08 10:15:00+0530,47985.8515625,48082.1015625,47829.19921875,47874.5,0.0
2024-01-08 11:15:00+0530,47875.3984375,47911.80078125,47725.94921875,47751.75,0.0
2024-01-08 12:15:00+0530,47754.3515625,47842.44921875,47732.75,47758.0,0.0
2024-01-08 13:15:00+0530,47757.30078125,47831.1015625,47720.75,47768.69921875,0.0
2024-01-08 14:15:00+0530,47768.6484375,47784.1484375,47393.3984375,47454.44921875,0.0
2024-01-08 15:15:00+0530,47456.0,47495.1484375,47403.19921875,47464.0,0.0
2024-01-09 09:15:00+0530,47705.3984375,47797.1015625,47592.55078125,47706.3515625,0.0
2024-01-09 10:15:00+0530,47710.25,47937.80078125,47703.80078125,47899.19921875,0.0
2024-01-09 11:15:00+0530,47897.3984375,47909.6484375,47760.75,47780.80078125,0.0
2024-01-09 12:15:00+0530,47783.0,47877.05078125,47780.5,47837.25,0.0
2024-01-09 13:15:00+0530,47838.75,47874.25,47655.80078125,47674.80078125,0.0
2024-01-09 14:15:00+0530,47677.0,47689.80078125,47207.1484375,47269.94921875,0.0
2024-01-09 15:15:00+0530,47272.75,47280.8984375,47157.25,47230.94921875,0.0
2024-01-10 09:15:00+0530,47073.8515625,47323.69921875,47012.55078125,47317.94921875,0.0
2024-01-10 10:15:00+0530,47320.1484375,47384.3515625,47215.94921875,47275.3984375,0.0
2024-01-10 11:15:00+0530,47275.3984375,47355.6015625,47223.44921875,47263.6015625,0.0
2024-01-10 12:15:00+0530,47262.75,47307.30078125,47126.8984375,47259.3515625,0.0
2024-01-10 13:15:00+0530,47258.6484375,47396.3984375,47207.94921875,47332.30078125,0.0
2024-01-10 14:15:00+0530,47336.69921875,47418.55078125,47279.94921875,47336.1484375,0.0
2024-01-10 15:15:00+0530,47333.1015625,47405.5,47328.05078125,47359.3515625,0.0
2024-01-11 09:15:00+0530,47538.6015625,47658.44921875,47459.25,47501.55078125,0.0
2024-01-11 10:15:00+0530,47503.3515625,47558.1015625,47413.55078125,47483.5,0.0
2024-01-11 11:15:00+0530,47489.3984375,47540.05078125,47457.8515625,47468.8984375,0.0
2024-01-11 12:15:00+0530,47469.5,47595.1484375,47444.3984375,47527.69921875,0.0
2024-01-11 13:15:00+0530,47528.3515625,47551.3984375,47260.8515625,47300.25,0.0
2024-01-11 14:15:00+0530,47297.6484375,47508.6484375,47240.6484375,47432.55078125,0.0
2024-01-11 15:15:00+0530,47432.6484375,47464.3984375,47421.6484375,47445.94921875,0.0
2024-01-12 09:15:00+0530,47572.69921875,47639.55078125,47409.05078125,47629.6015625,0.0
2024-01-12 10:15:00+0530,47628.25,47783.94921875,47606.25,47706.80078125,0.0
2024-01-12 11:15:00+0530,47707.5,47743.69921875,47615.69921875,47664.6015625,0.0
2024-01-12 12:15:00+0530,47662.5,47773.94921875,47626.5,47733.5,0.0
2024-01-12 13:15:00+0530,47732.44921875,47857.6015625,47712.30078125,47811.3515625,0.0
2024-01-12 14:15:00+0530,47811.25,47872.30078125,47602.80078125,47659.94921875,0.0
2024-01-12 15:15:00+0530,47661.3984375,47755.6015625,47657.5,47724.6484375,0.0
2024-01-15 09:15:00+0530,47891.05078125,48129.3515625,47826.75,47949.1484375,0.0
2024-01-15 10:15:00+0530,47950.30078125,48066.8515625,47935.69921875,48048.5,0.0
2024-01-15 11:15:00+0530,48049.30078125,48091.1484375,47973.69921875,48084.8515625,0.0
2024-01-15 12:15:00+0530,48084.8515625,48196.3984375,48072.44921875,48148.44921875,0.0
2024-01-15 13:15:00+0530,48149.69921875,48158.30078125,48032.30078125,48083.55078125,0.0
2024-01-15 14:15:00+0530,48085.25,48148.6484375,48022.55078125,48148.6015625,0.0
2024-01-15 15:15:00+0530,48147.25,48243.8984375,48140.6015625,48223.6015625,0.0
2024-01-16 09:15:00+0530,48109.94921875,48253.05078125,48036.0,48241.25,0.0
2024-01-16 10:15:00+0530,48242.94921875,48290.3515625,48191.75,48267.8515625,0.0
2024-01-16 11:15:00+0530,48264.6484375,48302.75,48177.30078125,48214.30078125,0.0
2024-01-16 12:15:00+0530,48212.8984375,48265.75,48091.5,48122.8515625,0.0
2024-01-16 13:15:00+0530,48122.6484375,48182.1015625,48005.75,48151.30078125,0.0
2024-01-16 14:15:00+0530,48151.6484375,48168.3515625,48049.44921875,48125.3515625,0.0
2024-01-16 15:15:00+0530,48125.80078125,48138.8515625,48096.30078125,48111.69921875,0.0
2024-01-17 09:15:00+0530,46573.94921875,47205.6015625,46573.94921875,46953.3515625,0.0
2024-01-17 10:15:00+0530,46950.94921875,46982.05078125,46586.55078125,46613.3515625,0.0
2024-01-17 11:15:00+0530,46609.44921875,46641.69921875,46273.3515625,46381.05078125,0.0
2024-01-17 12:15:00+0530,46385.94921875,46466.94921875,46239.55078125,46264.25,0.0
2024-01-17 13:15:00+0530,46264.69921875,46391.6015625,46217.05078125,46320.1484375,0.0
2024-01-17 14:15:00+0530,46323.05078125,46343.1015625,45986.0,46122.1484375,0.0
2024-01-17 15:15:00+0530,46119.0,46125.8515625,46028.80078125,46083.5,0.0
2024-01-18 09:15:00+0530,45492.75,45921.44921875,45449.25,45780.8984375,0.0
2024-01-18 10:15:00+0530,45776.69921875,46031.0,45698.6015625,45993.1015625,0.0
2024-01-18 11:15:00+0530,45986.5,46178.19921875,45889.6484375,46170.75,0.0
2024-01-18 12:15:00+0530,46174.05078125,46184.05078125,45650.8984375,45739.5,0.0
2024-01-18 13:15:00+0530,45741.8984375,45803.55078125,45571.25,45655.44921875,0.0
2024-01-18 14:15:00+0530,45658.94921875,45787.94921875,45507.05078125,45699.94921875,0.0
2024-01-18 15:15:00+0530,45701.3515625,45778.0,45676.3984375,45762.0,0.0
2024-01-19 09:15:00+0530,46103.5,46180.69921875,46024.8515625,46109.44921875,0.0
2024-01-19 10:15:00+0530,46111.8515625,46248.6484375,45904.69921875,45930.1484375,0.0
2024-01-19 11:15:00+0530,45925.94921875,46048.05078125,45850.19921875,45912.25,0.0
2024-01-19 12:15:00+0530,45906.55078125,45920.05078125,45834.3984375,45912.1484375,0.0
2024-01-19 13:15:00+0530,45909.0,45944.05078125,45593.80078125,45595.80078125,0.0
2024-01-19 14:15:00+0530,45593.0,45767.69921875,45563.30078125,45692.5,0.0
2024-01-19 15:15:00+0530,45692.44921875,45748.3515625,45689.6484375,45735.80078125,0.0
2024-01-23 09:15:00+0530,46495.44921875,46567.1484375,45900.3515625,45993.69921875,0.0
2024-01-23 10:15:00+0530,45992.44921875,46053.05078125,45646.6015625,45723.8515625,0.0
2024-01-23 11:15:00+0530,45724.5,45734.25,45093.1484375,45143.8515625,0.0
2024-01-23 12:15:00+0530,45143.8515625,45362.8515625,45141.3984375,45222.19921875,0.0
2024-01-23 13:15:00+0530,45225.05078125,45277.0,45066.0,45073.8984375,0.0
2024-01-23 14:15:00+0530,45074.3515625,45105.8984375,44889.19921875,45029.80078125,0.0
2024-01-23 15:15:00+0530,45029.44921875,45066.6015625,44976.3984375,45006.3515625,0.0
2024-01-24 09:15:00+0530,44489.3984375,45392.19921875,44489.3984375,45261.94921875,0.0
2024-01-24 10:15:00+0530,45263.3515625,45484.8984375,45192.80078125,45255.0,0.0
2024-01-24 11:15:00+0530,45255.1015625,45323.75,44664.80078125,44709.1015625,0.0
2024-01-24 12:15:00+0530,44709.55078125,44891.3515625,44604.5,44804.05078125,0.0
2024-01-24 13:15:00+0530,44802.44921875,44916.44921875,44666.19921875,44774.1015625,0.0
2024-01-24 14:15:00+0530,44776.25,45148.19921875,44737.69921875,45108.44921875,0.0
2024-01-24 15:15:00+0530,45108.3515625,45146.0,45055.44921875,45074.69921875,0.0
2024-01-25 09:15:00+0530,45057.94921875,45134.8984375,44805.0,44824.3515625,0.0
2024-01-25 10:15:00+0530,44825.94921875,44836.55078125,44549.8515625,44601.0,0.0
2024-01-25 11:15:00+0530,44602.44921875,44769.1015625,44514.55078125,44558.6015625,0.0
2024-01-25 12:15:00+0530,44561.55078125,44631.94921875,44431.69921875,44542.25,0.0
2024-01-25 13:15:00+0530,44543.55078125,44648.6484375,44444.3515625,44537.55078125,0.0
2024-01-25 14:15:00+0530,44534.19921875,44909.30078125,44494.44921875,44872.44921875,0.0
2024-01-25 15:15:00+0530,44874.8515625,45090.6015625,44869.3515625,44988.5,0.0
2024-01-29 09:15:00+0530,45171.5,45499.44921875,45134.44921875,45463.8984375,0.0
2024-01-29 10:15:00+0530,45464.80078125,45658.69921875,45454.25,45546.55078125,0.0
2024-01-29 11:15:00+0530,45545.94921875,45556.1484375,45323.3515625,45497.55078125,0.0
2024-01-29 12:15:00+0530,45500.3515625,45554.8515625,45383.6484375,45449.30078125,0.0
2024-01-29 13:15:00+0530,45449.05078125,45511.8984375,45341.6484375,45439.3515625,0.0
2024-01-29 14:15:00+0530,45438.94921875,45507.75,45203.80078125,45493.1484375,0.0
2024-01-29 15:15:00+0530,45489.19921875,45538.55078125,45470.6015625,45499.05078125,0.0
2024-01-30 09:15:00+0530,45481.5,45676.69921875,45277.1015625,45351.3515625,0.0
2024-01-30 10:15:00+0530,45361.6484375,45445.3515625,45278.94921875,45342.44921875,0.0
2024-01-30 11:15:00+0530,45342.6015625,45524.19921875,45314.8515625,45454.30078125,0.0
2024-01-30 12:15:00+0530,45452.25,45481.30078125,45396.8984375,45440.19921875,0.0
2024-01-30 13:15:00+0530,45439.69921875,45472.1484375,45334.05078125,45466.19921875,0.0
2024-01-30 14:15:00+0530,45465.6484375,45492.5,45207.3984375,45395.80078125,0.0
2024-01-30 15:15:00+0530,45396.1015625,45409.1015625,45290.6015625,45319.55078125,0.0
2024-01-31 09:15:00+0530,45295.6484375,45854.8984375,45072.8515625,45824.44921875,0.0
2024-01-31 10:15:00+0530,45818.19921875,46127.75,45760.69921875,46056.25,0.0
2024-01-31 11:15:00+0530,46054.1484375,46177.8515625,46022.30078125,46046.3515625,0.0
2024-01-31 12:15:00+0530,46047.05078125,46082.19921875,45872.0,46015.44921875,0.0
2024-01-31 13:15:00+0530,46014.44921875,46084.3515625,45935.6484375,46041.30078125,0.0
2024-01-31 14:15:00+0530,46041.69921875,46137.80078125,45922.3515625,45990.6015625,0.0
2024-01-31 15:15:00+0530,45989.3515625,46025.0,45943.55078125,45974.0,0.0
2024-02-01 09:15:00+0530,46164.8984375,46164.8984375,45708.05078125,45899.05078125,0.0
2024-02-01 10:15:00+0530,45894.05078125,46113.6015625,45837.3984375,46033.30078125,0.0
2024-02-01 11:15:00+0530,46046.75,46184.1484375,45669.94921875,46098.94921875,0.0
2024-02-01 12:15:00+0530,46089.3984375,46305.8984375,45928.5,46176.3984375,0.0
2024-02-01 13:15:00+0530,46179.3515625,46223.25,45958.05078125,46123.6484375,0.0
2024-02-01 14:15:00+0530,46121.19921875,46217.30078125,46048.44921875,46146.3515625,0.0
2024-02-01 15:15:00+0530,46146.3984375,46253.55078125,46143.44921875,46206.8984375,0.0
2024-02-02 09:15:00+0530,46568.19921875,46695.44921875,46509.25,46612.0,0.0
2024-02-02 10:15:00+0530,46611.8515625,46611.8515625,46415.5,46583.0,0.0
2024-02-02 11:15:00+0530,46577.0,46890.5,46577.0,46744.5,0.0
2024-02-02 12:15:00+0530,46743.30078125,46755.30078125,46234.19921875,46254.69921875,0.0
2024-02-02 13:15:00+0530,46252.55078125,46368.55078125,46133.0,46307.8515625,0.0
2024-02-02 14:15:00+0530,46309.1015625,46342.8984375,45943.05078125,45963.80078125,0.0
2024-02-02 15:15:00+0530,45962.6484375,45977.80078125,45906.8984375,45954.6484375,0.0
2024-02-05 09:15:00+0530,45962.25,46039.0,45621.3515625,45904.6015625,0.0
2024-02-05 10:15:00+0530,45904.44921875,45935.80078125,45747.75,45879.5,0.0
2024-02-05 11:15:00+0530,45874.75,45977.6484375,45823.44921875,45911.1484375,0.0
2024-02-05 12:15:00+0530,45910.1484375,46046.75,45870.05078125,45986.19921875,0.0
2024-02-05 13:15:00+0530,45983.8984375,46008.8515625,45844.8984375,45932.0,0.0
2024-02-05 14:15:00+0530,45933.75,45957.05078125,45710.30078125,45834.8984375,0.0
2024-02-05 15:15:00+0530,45835.1015625,45864.3515625,45745.69921875,45756.6484375,0.0
2024-02-06 09:15:00+0530,45891.19921875,45917.3984375,45593.6484375,45729.69921875,0.0
2024-02-06 10:15:00+0530,45729.1484375,45744.0,45531.8515625,45612.55078125,0.0
2024-02-06 11:15:00+0530,45615.3984375,45869.55078125,45576.25,45793.1015625,0.0
2024-02-06 12:15:00+0530,45792.19921875,45801.75,45649.94921875,45702.44921875,0.0
2024-02-06 13:15:00+0530,45704.8984375,45764.30078125,45571.25,45619.6484375,0.0
2024-02-06 14:15:00+0530,45623.80078125,45734.30078125,45575.6015625,45669.0,0.0
2024-02-06 15:15:00+0530,45671.1484375,45784.1015625,45644.80078125,45774.44921875,0.0
2024-02-07 09:15:00+0530,45944.6015625,46058.3984375,45807.3515625,45875.3984375,0.0
2024-02-07 10:15:00+0530,45874.05078125,45901.8515625,45788.8984375,45856.8515625,0.0
2024-02-07 11:15:00+0530,45855.55078125,45858.80078125,45620.8984375,45709.6015625,0.0
2024-02-07 12:15:00+0530,45710.25,45756.3515625,45670.6484375,45717.1484375,0.0
2024-02-07 13:15:00+0530,45717.69921875,45821.1015625,45680.8984375,45778.55078125,0.0
2024-02-07 14:15:00+0530,45785.8515625,45848.05078125,45735.0,45848.05078125,0.0
2024-02-07 15:15:00+0530,45839.8515625,45939.25,45787.8984375,45916.3984375,0.0
2024-02-08 09:15:00+0530,45973.8515625,46178.69921875,45922.5,46020.6015625,0.0
2024-02-08 10:15:00+0530,46023.05078125,46051.30078125,45228.8984375,45405.0,0.0
2024-02-08 11:15:00+0530,45398.25,45517.19921875,45324.30078125,45481.25,0.0
2024-02-08 12:15:00+0530,45479.3984375,45501.6484375,45331.75,45457.5,0.0
2024-02-08 13:15:00+0530,45460.69921875,45524.3515625,45360.55078125,45373.8984375,0.0
2024-02-08 14:15:00+0530,45376.75,45416.05078125,44894.94921875,44979.8515625,0.0
2024-02-08 15:15:00+0530,44986.19921875,45108.69921875,44948.8984375,45105.44921875,0.0
2024-02-09 09:15:00+0530,44986.75,45351.6015625,44861.75,45348.0,0.0
2024-02-09 10:15:00+0530,45347.6484375,45349.94921875,45052.8984375,45166.1484375,0.0
2024-02-09 11:15:00+0530,45167.94921875,45485.55078125,45113.19921875,45387.5,0.0
2024-02-09 12:15:00+0530,45387.94921875,45481.69921875,45300.55078125,45455.6015625,0.0
2024-02-09 13:15:00+0530,45456.3515625,45464.3984375,45263.8984375,45360.94921875,0.0
2024-02-09 14:15:00+0530,45364.6484375,45717.1015625,45346.0,45617.05078125,0.0
2024-02-09 15:15:00+0530,45617.69921875,45713.3984375,45608.3984375,45706.55078125,0.0
2024-02-12 09:15:00+0530,45664.30078125,45718.6484375,45340.6484375,45376.3515625,0.0
2024-02-12 10:15:00+0530,45376.5,45403.69921875,45148.30078125,45334.80078125,0.0
2024-02-12 11:15:00+0530,45334.8515625,45346.3984375,44991.3515625,45050.94921875,0.0
2024-02-12 12:15:00+0530,45051.25,45096.0,44660.05078125,44745.8515625,0.0
2024-02-12 13:15:00+0530,44750.8515625,44958.44921875,44636.44921875,44939.1015625,0.0
2024-02-12 14:15:00+0530,44937.94921875,44996.75,44781.05078125,44838.69921875,0.0
2024-02-12 15:15:00+0530,44838.69921875,44933.5,44807.94921875,44887.75,0.0
2024-02-13 09:15:00+0530,45056.80078125,45436.0,44824.1484375,45402.5,0.0
2024-02-13 10:15:00+0530,45403.94921875,45461.1484375,45326.44921875,45389.05078125,0.0
2024-02-13 11:15:00+0530,45390.1015625,45390.1015625,45082.69921875,45082.8515625,0.0
2024-02-13 12:15:00+0530,45086.69921875,45341.30078125,44984.3515625,45285.80078125,0.0
2024-02-13 13:15:00+0530,45282.94921875,45748.1015625,45282.05078125,45601.75,0.0
2024-02-13 14:15:00+0530,45600.69921875,45622.25,45451.6015625,45521.44921875,0.0
2024-02-13 15:15:00+0530,45521.94921875,45564.5,45383.1484375,45419.8515625,0.0
2024-02-14 09:15:00+0530,45014.6484375,45255.8984375,44866.1484375,45255.8984375,0.0
2024-02-14 10:15:00+0530,45271.30078125,45453.55078125,45197.05078125,45361.3515625,0.0
2024-02-14 11:15:00+0530,45360.30078125,45476.69921875,45227.6015625,45396.3984375,0.0
2024-02-14 12:15:00+0530,45395.1484375,45757.25,45394.94921875,45666.80078125,0.0
2024-02-14 13:15:00+0530,45665.94921875,45683.8515625,45430.0,45683.8515625,0.0
2024-02-14 14:15:00+0530,45684.8515625,46167.8515625,45660.3984375,45785.44921875,0.0
2024-02-14 15:15:00+0530,45780.8984375,45953.80078125,45690.75,45920.55078125,0.0
2024-02-15 09:15:00+0530,46027.1015625,46076.94921875,45594.0,45853.19921875,0.0
2024-02-15 10:15:00+0530,45854.80078125,45976.1484375,45800.94921875,45894.94921875,0.0
2024-02-15 11:15:00+0530,45895.75,46080.8984375,45846.44921875,46051.6015625,0.0
2024-02-15 12:15:00+0530,46050.5,46092.6484375,45889.5,45980.69921875,0.0
2024-02-15 13:15:00+0530,45982.6484375,46230.19921875,45922.1484375,46121.0,0.0
2024-02-15 14:15:00+0530,46117.6484375,46255.44921875,46027.8984375,46207.30078125,0.0
2024-02-15 15:15:00+0530,46211.6015625,46293.55078125,46167.8984375,46266.0,0.0
2024-02-16 09:15:00+0530,46454.30078125,46471.1484375,46266.0,46453.1015625,0.0
2024-02-16 10:15:00+0530,46452.30078125,46461.0,46354.19921875,46390.1015625,0.0
2024-02-16 11:15:00+0530,46389.75,46477.75,46290.3515625,46451.5,0.0
2024-02-16 12:15:00+0530,46449.5,46478.5,46362.1484375,46442.3515625,0.0
2024-02-16 13:15:00+0530,46443.1484375,46691.30078125,46314.8515625,46413.8984375,0.0
2024-02-16 14:15:00+0530,46408.8984375,46549.75,46331.30078125,46353.5,0.0
2024-02-16 15:15:00+0530,46353.1484375,46381.94921875,46310.30078125,46369.75,0.0
2024-02-19 09:15:00+0530,46554.8984375,46615.75,46320.5,46455.44921875,0.0
2024-02-19 10:15:00+0530,46454.05078125,46628.75,46411.1015625,46605.69921875,0.0
2024-02-19 11:15:00+0530,46612.6015625,46690.8984375,46533.3984375,46622.05078125,0.0
2024-02-19 12:15:00+0530,46624.0,46676.80078125,46585.94921875,46665.3515625,0.0
2024-02-19 13:15:00+0530,46662.30078125,46715.1015625,46557.30078125,46647.30078125,0.0
2024-02-19 14:15:00+0530,46648.30078125,46695.8515625,46453.8515625,46515.94921875,0.0
2024-02-19 15:15:00+0530,46519.55078125,46578.6484375,46495.3984375,46556.1015625,0.0
2024-02-20 09:15:00+0530,46444.8984375,46876.5,46380.94921875,46876.5,0.0
2024-02-20 10:15:00+0530,46873.05078125,46958.3984375,46792.8984375,46882.25,0.0
2024-02-20 11:15:00+0530,46878.44921875,46979.69921875,46828.3984375,46932.1484375,0.0
2024-02-20 12:15:00+0530,46933.1015625,46991.25,46900.44921875,46934.30078125,0.0
2024-02-20 13:15:00+0530,46935.05078125,47057.3515625,46806.1484375,46917.0,0.0
2024-02-20 14:15:00+0530,46917.8515625,47125.1484375,46915.25,47094.19921875,0.0
2024-02-20 15:15:00+0530,47094.3984375,47134.30078125,47081.8984375,47126.6484375,0.0
2024-02-21 09:15:00+0530,47363.3984375,47363.3984375,47087.8984375,47138.94921875,0.0
2024-02-21 10:15:00+0530,47134.1015625,47172.6484375,46925.8984375,47025.55078125,0.0
2024-02-21 11:15:00+0530,47026.05078125,47188.1015625,46985.3515625,47138.8984375,0.0
2024-02-21 12:15:00+0530,47140.44921875,47319.19921875,47127.75,47271.19921875,0.0
2024-02-21 13:15:00+0530,47270.6484375,47298.8515625,47033.75,47086.3984375,0.0
2024-02-21 14:15:00+0530,47089.19921875,47155.69921875,46967.55078125,47060.1015625,0.0
2024-02-21 15:15:00+0530,47061.8515625,47073.05078125,46888.8515625,46933.6015625,0.0
2024-02-22 09:15:00+0530,46934.55078125,47023.6015625,46604.1015625,46652.0,0.0
2024-02-22 10:15:00+0530,46651.3515625,46664.30078125,46465.6015625,46558.0,0.0
2024-02-22 11:15:00+0530,46556.44921875,46636.5,46430.05078125,46575.3984375,0.0
2024-02-22 12:15:00+0530,46579.19921875,46612.30078125,46476.30078125,46530.80078125,0.0
2024-02-22 13:15:00+0530,46529.05078125,46909.55078125,46513.3515625,46754.6484375,0.0
2024-02-22 14:15:00+0530,46748.0,46955.6484375,46667.75,46906.55078125,0.0
2024-02-22 15:15:00+0530,46909.1015625,47010.6015625,46889.1484375,46944.8515625,0.0
2024-02-23 09:15:00+0530,47060.69921875,47173.3515625,46928.44921875,47173.3515625,0.0
2024-02-23 10:15:00+0530,47176.0,47243.0,46858.75,47021.8984375,0.0
2024-02-23 11:15:00+0530,47018.0,47074.69921875,46931.55078125,46992.30078125,0.0
2024-02-23 12:15:00+0530,46986.25,47084.69921875,46941.6015625,47050.3515625,0.0
2024-02-23 13:15:00+0530,47049.75,47055.6015625,46761.1484375,46776.80078125,0.0
2024-02-23 14:15:00+0530,46777.3515625,46961.44921875,46748.30078125,46819.8515625,0.0
2024-02-23 15:15:00+0530,46820.30078125,46853.30078125,46727.1015625,46768.6015625,0.0
2024-02-26 09:15:00+0530,46615.8515625,46890.19921875,46553.25,46645.3515625,0.0
2024-02-26 10:15:00+0530,46644.94921875,46714.55078125,46559.69921875,46639.94921875,0.0
2024-02-26 11:15:00+0530,46639.75,46665.8984375,46546.1015625,46583.75,0.0
2024-02-26 12:15:00+0530,46581.1484375,46805.3984375,46517.8515625,46771.94921875,0.0
2024-02-26 13:15:00+0530,46770.80078125,46801.80078125,46646.3984375,46696.1484375,0.0
2024-02-26 14:15:00+0530,46698.5,46759.25,46556.6484375,46562.25,0.0
2024-02-26 15:15:00+0530,46564.55078125,46590.30078125,46526.55078125,46565.6015625,0.0
2024-02-27 09:15:00+0530,46480.19921875,46600.6015625,46360.1015625,46384.6015625,0.0
2024-02-27 10:15:00+0530,46386.8984375,46506.75,46328.44921875,46453.30078125,0.0
2024-02-27 11:15:00+0530,46452.8515625,46533.69921875,46411.19921875,46454.3515625,0.0
2024-02-27 12:15:00+0530,46455.8515625,46664.6484375,46398.1015625,46664.5,0.0
2024-02-27 13:15:00+0530,46656.69921875,46721.3984375,46522.8984375,46644.3515625,0.0
2024-02-27 14:15:00+0530,46642.80078125,46687.8984375,46541.69921875,46585.30078125,0.0
2024-02-27 15:15:00+0530,46580.8515625,46626.6484375,46551.55078125,46613.8515625,0.0
2024-02-28 09:15:00+0530,46640.8984375,46727.3984375,46525.6484375,46708.1015625,0.0
2024-02-28 10:15:00+0530,46705.94921875,46754.55078125,46047.55078125,46204.19921875,0.0
2024-02-28 11:15:00+0530,46206.3984375,46312.30078125,46149.6015625,46235.1484375,0.0
2024-02-28 12:15:00+0530,46237.55078125,46259.05078125,45917.75,45937.44921875,0.0
2024-02-28 13:15:00+0530,45958.3515625,46279.55078125,45958.3515625,46252.8984375,0.0
2024-02-28 14:15:00+0530,46253.6484375,46254.1484375,45920.94921875,45962.3515625,0.0
2024-02-28 15:15:00+0530,45961.6484375,45963.44921875,45855.6015625,45910.55078125,0.0
2024-02-29 09:15:00+0530,45881.44921875,46154.19921875,45665.1484375,45738.3984375,0.0
2024-02-29 10:15:00+0530,45739.8515625,45908.05078125,45702.80078125,45903.6484375,0.0
2024-02-29 11:15:00+0530,45904.55078125,45931.30078125,45802.3515625,45889.69921875,0.0
2024-02-29 12:15:00+0530,45887.0,46086.69921875,45804.6484375,46075.75,0.0
2024-02-29 13:15:00+0530,46073.5,46189.1484375,46005.5,46144.1015625,0.0
2024-02-29 14:15:00+0530,46141.19921875,46323.44921875,45933.1484375,46155.05078125,0.0
2024-02-29 15:15:00+0530,46152.55078125,46322.6015625,46144.69921875,46277.0,0.0
2024-03-01 09:15:00+0530,46218.0,46622.1015625,46218.0,46604.8984375,0.0
2024-03-01 10:15:00+0530,46599.8984375,46724.1015625,46569.25,46685.44921875,0.0
2024-03-01 11:15:00+0530,46685.55078125,46963.94921875,46685.55078125,46911.0,0.0
2024-03-01 12:15:00+0530,46911.05078125,47079.80078125,46887.94921875,46993.55078125,0.0
2024-03-01 13:15:00+0530,46992.80078125,47174.25,46970.30078125,47161.6015625,0.0
2024-03-01 14:15:00+0530,47160.94921875,47331.05078125,47142.3984375,47313.5,0.0
2024-03-01 15:15:00+0530,47312.5,47338.75,47212.75,47255.94921875,0.0
2024-03-04 09:15:00+0530,47318.5,47459.6484375,47283.3515625,47413.30078125,0.0
2024-03-04 10:15:00+0530,47411.6484375,47517.44921875,47199.8984375,47320.6484375,0.0
2024-03-04 11:15:00+0530,47319.8984375,47355.8515625,47249.0,47309.30078125,0.0
2024-03-04 12:15:00+0530,47300.6015625,47373.1015625,47273.75,47326.75,0.0
2024-03-04 13:15:00+0530,47326.3984375,47490.6484375,47325.05078125,47485.30078125,0.0
2024-03-04 14:15:00+0530,47485.1015625,47523.25,47335.0,47484.80078125,0.0
2024-03-04 15:15:00+0530,47481.3515625,47486.0,47378.0,47425.6484375,0.0
2024-03-05 09:15:00+0530,47265.69921875,47389.1484375,47202.0,47330.44921875,0.0
2024-03-05 10:15:00+0530,47331.30078125,47416.3515625,47241.80078125,47358.1484375,0.0
2024-03-05 11:15:00+0530,47359.3984375,47426.80078125,47273.69921875,47382.8984375,0.0
2024-03-05 12:15:00+0530,47379.25,47729.75,47353.75,47676.80078125,0.0
2024-03-05 13:15:00+0530,47674.80078125,47702.05078125,47512.75,47596.6484375,0.0
2024-03-05 14:15:00+0530,47597.75,47701.0,47529.75,47583.3515625,0.0
2024-03-05 15:15:00+0530,47583.30078125,47611.1015625,47560.8984375,47582.1484375,0.0
2024-03-06 09:15:00+0530,47451.6484375,48066.3515625,47445.75,48016.75,0.0
2024-03-06 10:15:00+0530,48012.80078125,48148.5,47905.8515625,48010.30078125,0.0
2024-03-06 11:15:00+0530,48017.25,48067.3515625,47921.05078125,48035.69921875,0.0
2024-03-06 12:15:00+0530,48038.05078125,48113.6484375,47970.69921875,48110.25,0.0
2024-03-06 13:15:00+0530,48109.44921875,48149.25,48015.6015625,48121.94921875,0.0
2024-03-06 14:15:00+0530,48123.8984375,48160.5,47876.0,47919.94921875,0.0
2024-03-06 15:15:00+0530,47916.5,48021.55078125,47861.19921875,47959.8515625,0.0
2024-03-07 09:15:00+0530,48035.80078125,48068.0,47838.80078125,47944.80078125,0.0
2024-03-07 10:15:00+0530,47946.6015625,47986.0,47748.05078125,47878.30078125,0.0
2024-03-07 11:15:00+0530,47876.55078125,47909.8984375,47815.8515625,47836.0,0.0
2024-03-07 12:15:00+0530,47837.44921875,47861.6015625,47777.25,47854.6015625,0.0
2024-03-07 13:15:00+0530,47846.3984375,47901.5,47810.94921875,47852.6484375,0.0
2024-03-07 14:15:00+0530,47844.55078125,47975.6015625,47803.94921875,47857.0,0.0
2024-03-07 15:15:00+0530,47857.30078125,47858.94921875,47759.25,47788.0,0.0
2024-03-11 09:15:00+0530,47792.19921875,47808.05078125,47597.44921875,47599.8515625,0.0
2024-03-11 10:15:00+0530,47594.8515625,47680.6015625,47580.6015625,47621.55078125,0.0
2024-03-11 11:15:00+0530,47618.05078125,47618.05078125,47327.8984375,47345.69921875,0.0
2024-03-11 12:15:00+0530,47344.3515625,47415.1484375,47285.19921875,47308.19921875,0.0
2024-03-11 13:15:00+0530,47308.75,47388.80078125,47282.55078125,47288.1484375,0.0
2024-03-11 14:15:00+0530,47292.44921875,47422.30078125,47234.8515625,47343.6484375,0.0
2024-03-11 15:15:00+0530,47340.94921875,47340.94921875,47264.25,47280.25,0.0
2024-03-12 09:15:00+0530,47351.3515625,47811.5,47205.3515625,47728.75,0.0
2024-03-12 10:15:00+0530,47728.3515625,47768.6015625,46895.19921875,47325.05078125,0.0
2024-03-12 11:15:00+0530,47331.6015625,47407.80078125,47178.1015625,47266.05078125,0.0
2024-03-12 12:15:00+0530,47268.0,47433.55078125,47247.94921875,47410.69921875,0.0
2024-03-12 13:15:00+0530,47412.25,47491.94921875,47361.3515625,47387.5,0.0
2024-03-12 14:15:00+0530,47385.55078125,47438.25,47240.1015625,47266.30078125,0.0
2024-03-12 15:15:00+0530,47261.5,47306.6484375,47251.5,47277.30078125,0.0
2024-03-13 09:15:00+0530,47341.1484375,47441.8984375,47211.44921875,47430.75,0.0
2024-03-13 10:15:00+0530,47426.0,47468.3984375,47188.3984375,47232.6015625,0.0
2024-03-13 11:15:00+0530,47234.1484375,47247.6015625,47035.94921875,47069.94921875,0.0
2024-03-13 12:15:00+0530,47076.75,47151.19921875,47038.6015625,47104.30078125,0.0
2024-03-13 13:15:00+0530,47099.94921875,47163.05078125,46906.55078125,46934.1015625,0.0
2024-03-13 14:15:00+0530,46923.1015625,47128.69921875,46857.1015625,46861.3515625,0.0
2024-03-13 15:15:00+0530,46862.44921875,46991.3515625,46849.8984375,46895.19921875,0.0
2024-03-14 09:15:00+0530,46825.75,46863.19921875,46573.3515625,46685.1484375,0.0
2024-03-14 10:15:00+0530,46690.25,47083.44921875,46687.19921875,47064.5,0.0
2024-03-14 11:15:00+0530,47065.3515625,47231.19921875,47002.0,47128.0,0.0
2024-03-14 12:15:00+0530,47128.5,47192.80078125,46915.3984375,47044.6484375,0.0
2024-03-14 13:15:00+0530,47043.19921875,47072.8984375,46761.6015625,46803.55078125,0.0
2024-03-14 14:15:00+0530,46801.75,46894.1015625,46688.3515625,46799.6015625,0.0
2024-03-14 15:15:00+0530,46795.1015625,46845.3984375,46742.55078125,46834.69921875,0.0
2024-03-15 09:15:00+0530,46572.1015625,46800.94921875,46425.80078125,46499.55078125,0.0
2024-03-15 10:15:00+0530,46497.8984375,46574.75,46310.6015625,46379.5,0.0
2024-03-15 11:15:00+0530,46384.44921875,46474.19921875,46327.6015625,46365.19921875,0.0
2024-03-15 12:15:00+0530,46365.5,46499.69921875,46332.6484375,46439.19921875,0.0
2024-03-15 13:15:00+0530,46437.1015625,46711.69921875,46407.1015625,46569.19921875,0.0
2024-03-15 14:15:00+0530,46570.3515625,46675.3515625,46381.69921875,46561.94921875,0.0
2024-03-15 15:15:00+0530,46559.3515625,46673.69921875,46512.80078125,46542.05078125,0.0
2024-03-18 09:15:00+0530,46458.75,46668.8515625,46314.3984375,46374.25,0.0
2024-03-18 10:15:00+0530,46375.3984375,46530.75,46209.80078125,46209.80078125,0.0
2024-03-18 11:15:00+0530,46200.69921875,46689.6484375,46028.44921875,46589.44921875,0.0
2024-03-18 12:15:00+0530,46591.94921875,46735.05078125,46520.19921875,46622.30078125,0.0
2024-03-18 13:15:00+0530,46626.19921875,46649.6484375,46543.3515625,46573.8984375,0.0
2024-03-18 14:15:00+0530,46577.25,46727.30078125,46489.44921875,46554.1484375,0.0
2024-03-18 15:15:00+0530,46549.1015625,46628.6484375,46549.1015625,46617.8984375,0.0
2024-03-19 09:15:00+0530,46421.8984375,46599.8984375,46344.5,46415.75,0.0
2024-03-19 10:15:00+0530,46415.1015625,46553.5,46330.19921875,46418.19921875,0.0
2024-03-19 11:15:00+0530,46415.55078125,46524.44921875,46394.8984375,46419.8984375,0.0
2024-03-19 12:15:00+0530,46419.3984375,46480.5,46409.3515625,46432.80078125,0.0
2024-03-19 13:15:00+0530,46434.25,46456.25,46308.25,46333.1484375,0.0
2024-03-19 14:15:00+0530,46334.1484375,46464.19921875,46263.6484375,46373.94921875,0.0
2024-03-19 15:15:00+0530,46368.94921875,46387.6484375,46331.1484375,46333.1015625,0.0
2024-03-20 09:15:00+0530,46392.8984375,46568.94921875,46110.30078125,46137.05078125,0.0
2024-03-20 10:15:00+0530,46136.5,46181.1015625,45836.69921875,46137.5,0.0
2024-03-20 11:15:00+0530,46138.25,46308.5,46051.30078125,46282.8984375,0.0
2024-03-20 12:15:00+0530,46289.6015625,46575.05078125,46271.1015625,46542.6484375,0.0
2024-03-20 13:15:00+0530,46551.1484375,46655.44921875,46310.6015625,46342.1484375,0.0
2024-03-20 14:15:00+0530,46343.6015625,46417.55078125,46200.0,46316.94921875,0.0
2024-03-20 15:15:00+0530,46314.8515625,46412.0,46271.5,46370.19921875,0.0
2024-03-21 09:15:00+0530,46674.8515625,46976.6484375,46674.8515625,46951.44921875,0.0
2024-03-21 10:15:00+0530,46947.44921875,46989.6484375,46760.30078125,46875.69921875,0.0
2024-03-21 11:15:00+0530,46873.55078125,46898.55078125,46605.1015625,46625.19921875,0.0
2024-03-21 12:15:00+0530,46628.3515625,46768.8515625,46571.6484375,46727.75,0.0
2024-03-21 13:15:00+0530,46724.3515625,46778.05078125,46645.6484375,46680.75,0.0
2024-03-21 14:15:00+0530,46685.94921875,46740.0,46633.3515625,46704.5,0.0
2024-03-21 15:15:00+0530,46698.3984375,46713.05078125,46670.75,46679.25,0.0
2024-03-22 09:15:00+0530,46634.8984375,46892.0,46570.25,46848.05078125,0.0
2024-03-22 10:15:00+0530,46845.80078125,46937.3984375,46803.75,46870.30078125,0.0
2024-03-22 11:15:00+0530,46870.44921875,46946.0,46839.44921875,46859.75,0.0
2024-03-22 12:15:00+0530,46858.6015625,46919.1484375,46812.75,46882.44921875,0.0
2024-03-22 13:15:00+0530,46881.5,46907.94921875,46809.25,46855.75,0.0
2024-03-22 14:15:00+0530,46851.69921875,46970.3984375,46800.44921875,46845.1015625,0.0
2024-03-22 15:15:00+0530,46848.05078125,46867.6484375,46812.25,46849.05078125,0.0
2024-03-26 09:15:00+0530,46552.94921875,46782.1484375,46552.94921875,46638.1484375,0.0
2024-03-26 10:15:00+0530,46634.55078125,46725.6484375,46605.5,46636.5,0.0
2024-03-26 11:15:00+0530,46635.19921875,46753.94921875,46621.94921875,46680.75,0.0
2024-03-26 12:15:00+0530,46681.44921875,46752.1015625,46675.94921875,46710.25,0.0
2024-03-26 13:15:00+0530,46711.3984375,46724.3984375,46584.6015625,46634.8515625,0.0
2024-03-26 14:15:00+0530,46637.30078125,46663.25,46530.75,46609.3515625,0.0
2024-03-26 15:15:00+0530,46608.44921875,46647.5,46573.05078125,46623.44921875,0.0
2024-03-27 09:15:00+0530,46643.44921875,46919.30078125,46643.44921875,46871.25,0.0
2024-03-27 10:15:00+0530,46875.5,46944.94921875,46743.75,46796.3984375,0.0
2024-03-27 11:15:00+0530,46795.55078125,46833.3515625,46764.3984375,46792.55078125,0.0
2024-03-27 12:15:00+0530,46791.19921875,46827.3515625,46753.8515625,46794.30078125,0.0
2024-03-27 13:15:00+0530,46791.19921875,46825.5,46751.30078125,46763.80078125,0.0
2024-03-27 14:15:00+0530,46761.3984375,46788.30078125,46671.8984375,46787.3984375,0.0
2024-03-27 15:15:00+0530,46789.30078125,46942.80078125,46772.19921875,46851.1484375,0.0
2024-03-28 09:15:00+0530,46827.8515625,47175.3984375,46827.8515625,47161.44921875,0.0
2024-03-28 10:15:00+0530,47162.0,47346.44921875,47160.75,47346.05078125,0.0
2024-03-28 11:15:00+0530,47346.6015625,47349.05078125,47184.6484375,47207.3984375,0.0
2024-03-28 12:15:00+0530,47207.5,47380.30078125,47179.25,47337.80078125,0.0
2024-03-28 13:15:00+0530,47337.8515625,47421.19921875,47318.30078125,47405.69921875,0.0
2024-03-28 14:15:00+0530,47407.3515625,47439.94921875,46997.55078125,47036.69921875,0.0
2024-03-28 15:15:00+0530,47038.30078125,47167.25,47029.1484375,47146.75,0.0
2024-04-01 09:15:00+0530,47391.05078125,47641.05078125,47391.05078125,47543.55078125,0.0
2024-04-01 10:15:00+0530,47543.05078125,47612.25,47485.05078125,47563.6484375,0.0
2024-04-01 11:15:00+0530,47566.6484375,47589.05078125,47535.69921875,47547.69921875,0.0
2024-04-01 12:15:00+0530,47547.55078125,47572.5,47432.30078125,47466.80078125,0.0
2024-04-01 13:15:00+0530,47468.1015625,47562.80078125,47461.0,47498.55078125,0.0
2024-04-01 14:15:00+0530,47505.5,47591.5,47447.8984375,47583.8515625,0.0
2024-04-01 15:15:00+0530,47585.80078125,47643.0,47542.6015625,47558.69921875,0.0
2024-04-02 09:15:00+0530,47490.75,47706.3984375,47410.44921875,47575.75,0.0
2024-04-02 10:15:00+0530,47577.8984375,47697.3515625,47546.3984375,47623.25,0.0
2024-04-02 11:15:00+0530,47619.55078125,47649.19921875,47582.30078125,47598.8515625,0.0
2024-04-02 12:15:00+0530,47597.6484375,47663.1015625,47549.94921875,47573.3515625,0.0
2024-04-02 13:15:00+0530,47576.5,47631.3515625,47501.69921875,47543.8984375,0.0
2024-04-02 14:15:00+0530,47545.1015625,47593.69921875,47490.6015625,47531.3515625,0.0
2024-04-02 15:15:00+0530,47530.3515625,47582.30078125,47525.25,47562.6015625,0.0
2024-04-03 09:15:00+0530,47350.25,47516.55078125,47288.05078125,47493.0,0.0
2024-04-03 10:15:00+0530,47494.44921875,47535.25,47428.8515625,47490.1015625,0.0
2024-04-03 11:15:00+0530,47490.55078125,47625.6484375,47481.19921875,47623.6015625,0.0
2024-04-03 12:15:00+0530,47624.5,47648.6484375,47561.80078125,47599.8984375,0.0
2024-04-03 13:15:00+0530,47594.05078125,47676.0,47525.94921875,47582.1484375,0.0
2024-04-03 14:15:00+0530,47585.94921875,47647.5,47525.69921875,47626.55078125,0.0
2024-04-03 15:15:00+0530,47626.69921875,47663.75,47621.94921875,47661.1015625,0.0
2024-04-04 09:15:00+0530,48086.19921875,48184.8515625,47776.6015625,47777.94921875,0.0
2024-04-04 10:15:00+0530,47769.5,47934.30078125,47723.3515625,47926.0,0.0
2024-04-04 11:15:00+0530,47928.75,47943.05078125,47804.8984375,47849.69921875,0.0
2024-04-04 12:15:00+0530,47849.69921875,48053.94921875,47842.55078125,48016.8984375,0.0
2024-04-04 13:15:00+0530,48009.19921875,48145.69921875,47896.1484375,47992.75,0.0
2024-04-04 14:15:00+0530,47990.44921875,48125.6015625,47975.55078125,48051.0,0.0
2024-04-04 15:15:00+0530,48053.1015625,48139.8984375,48039.25,48126.19921875,0.0
2024-04-05 09:15:00+0530,48104.6484375,48163.55078125,47909.8515625,48091.8515625,0.0
2024-04-05 10:15:00+0530,48092.19921875,48265.25,48051.1484375,48237.25,0.0
2024-04-05 11:15:00+0530,48236.6484375,48289.8984375,48164.30078125,48266.3984375,0.0
2024-04-05 12:15:00+0530,48265.75,48267.3515625,48162.0,48185.3515625,0.0
2024-04-05 13:15:00+0530,48183.5,48362.1015625,48173.94921875,48268.80078125,0.0
2024-04-05 14:15:00+0530,48269.0,48552.6484375,48254.69921875,48518.55078125,0.0
2024-04-05 15:15:00+0530,48515.3515625,48554.8984375,48480.80078125,48520.94921875,0.0
2024-04-08 09:15:00+0530,48562.19921875,48624.55078125,48429.30078125,48524.5,0.0
2024-04-08 10:15:00+0530,48529.6015625,48565.5,48496.1015625,48562.0,0.0
2024-04-08 11:15:00+0530,48561.44921875,48595.1484375,48532.19921875,48563.8515625,0.0
2024-04-08 12:15:00+0530,48562.8984375,48690.6484375,48561.69921875,48669.44921875,0.0
2024-04-08 13:15:00+0530,48672.75,48716.0,48499.80078125,48567.30078125,0.0
2024-04-08 14:15:00+0530,48570.19921875,48624.55078125,48548.3984375,48605.8515625,0.0
2024-04-08 15:15:00+0530,48606.8515625,48608.5,48535.3515625,48565.75,0.0
2024-04-09 09:15:00+0530,48797.19921875,48855.8515625,48622.5,48823.55078125,0.0
2024-04-09 10:15:00+0530,48824.80078125,48940.1484375,48791.69921875,48826.80078125,0.0
2024-04-09 11:15:00+0530,48827.25,48960.05078125,48816.94921875,48907.5,0.0
2024-04-09 12:15:00+0530,48908.0,48929.0,48799.30078125,48836.1015625,0.0
2024-04-09 13:15:00+0530,48834.30078125,48847.25,48572.3515625,48593.75,0.0
2024-04-09 14:15:00+0530,48593.3984375,48768.6015625,48571.80078125,48737.1484375,0.0
2024-04-09 15:15:00+0530,48736.80078125,48771.0,48699.80078125,48710.44921875,0.0
2024-04-10 09:15:00+0530,48868.1484375,48938.8984375,48671.19921875,48883.3984375,0.0
2024-04-10 10:15:00+0530,48880.0,48961.1484375,48839.05078125,48904.8515625,0.0
2024-04-10 11:15:00+0530,48903.69921875,48913.75,48827.5,48889.6015625,0.0
2024-04-10 12:15:00+0530,48884.19921875,48902.44921875,48808.69921875,48882.3515625,0.0
2024-04-10 13:15:00+0530,48880.94921875,48937.05078125,48856.69921875,48893.1015625,0.0
2024-04-10 14:15:00+0530,48895.1015625,49055.55078125,48885.55078125,49008.94921875,0.0
2024-04-10 15:15:00+0530,49007.44921875,49010.6015625,48899.55078125,48912.0,0.0
2024-04-12 09:15:00+0530,48719.75,48880.05078125,48651.3984375,48677.1015625,0.0
2024-04-12 10:15:00+0530,48677.6484375,48732.3515625,48600.19921875,48683.94921875,0.0
2024-04-12 11:15:00+0530,48683.8515625,48800.25,48674.80078125,48786.6484375,0.0
2024-04-12 12:15:00+0530,48787.25,48797.3515625,48548.30078125,48614.1015625,0.0
2024-04-12 13:15:00+0530,48614.6484375,48646.6015625,48528.1015625,48552.80078125,0.0
2024-04-12 14:15:00+0530,48547.94921875,48665.55078125,48541.55078125,48572.1484375,0.0
2024-04-12 15:15:00+0530,48570.05078125,48579.3515625,48500.3515625,48528.6015625,0.0
2024-04-15 09:15:00+0530,48069.1015625,48239.19921875,47905.6484375,47981.94921875,0.0
2024-04-15 10:15:00+0530,47982.3984375,48119.6484375,47953.19921875,48027.6484375,0.0
2024-04-15 11:15:00+0530,48028.30078125,48074.1015625,47998.94921875,48065.80078125,0.0
2024-04-15 12:15:00+0530,48064.55078125,48071.30078125,47956.8984375,47979.3984375,0.0
2024-04-15 13:15:00+0530,47983.6015625,48020.8515625,47933.55078125,47960.69921875,0.0
2024-04-15 14:15:00+0530,47960.69921875,47970.94921875,47745.94921875,47770.19921875,0.0
2024-04-15 15:15:00+0530,47772.44921875,47807.30078125,47728.3515625,47757.3515625,0.0
2024-04-16 09:15:00+0530,47451.80078125,47567.8984375,47323.1484375,47523.8984375,0.0
2024-04-16 10:15:00+0530,47522.3984375,47544.1484375,47435.19921875,47530.6484375,0.0
2024-04-16 11:15:00+0530,47532.8515625,47570.25,47395.75,47468.6015625,0.0
2024-04-16 12:15:00+0530,47468.94921875,47475.1015625,47413.30078125,47436.30078125,0.0
2024-04-16 13:15:00+0530,47434.6015625,47517.6484375,47406.69921875,47487.8515625,0.0
2024-04-16 14:15:00+0530,47486.6484375,47525.3515625,47392.6484375,47524.25,0.0
2024-04-16 15:15:00+0530,47524.75,47608.25,47504.30078125,47598.25,0.0
2024-04-18 09:15:00+0530,47615.1015625,47828.30078125,47532.5,47577.1484375,0.0
2024-04-18 10:15:00+0530,47575.5,47748.94921875,47466.6484375,47719.80078125,0.0
2024-04-18 11:15:00+0530,47716.6484375,47741.25,47610.55078125,47614.94921875,0.0
2024-04-18 12:15:00+0530,47616.25,47714.75,47609.80078125,47666.8515625,0.0
2024-04-18 13:15:00+0530,47663.1015625,47718.1015625,47139.05078125,47351.0,0.0
2024-04-18 14:15:00+0530,47349.1484375,47414.80078125,46982.94921875,46995.8984375,0.0
2024-04-18 15:15:00+0530,46995.69921875,47174.05078125,46983.44921875,47131.80078125,0.0
2024-04-19 09:15:00+0530,46714.0,46950.6015625,46582.94921875,46903.75,0.0
2024-04-19 10:15:00+0530,46904.3515625,46927.8984375,46792.5,46885.30078125,0.0
2024-04-19 11:15:00+0530,46885.30078125,47043.6484375,46863.6484375,46966.30078125,0.0
2024-04-19 12:15:00+0530,46963.69921875,47357.1484375,46939.44921875,47295.8515625,0.0
2024-04-19 13:15:00+0530,47294.94921875,47653.3984375,47203.25,47542.44921875,0.0
2024-04-19 14:15:00+0530,47550.94921875,47635.44921875,47375.3515625,47628.1015625,0.0
2024-04-19 15:15:00+0530,47631.94921875,47661.5,47551.8515625,47614.1484375,0.0
2024-04-22 09:15:00+0530,47997.1484375,48007.69921875,47674.55078125,47750.44921875,0.0
2024-04-22 10:15:00+0530,47751.8515625,47842.6015625,47628.44921875,47822.6015625,0.0
2024-04-22 11:15:00+0530,47822.80078125,47886.3515625,47787.69921875,47825.69921875,0.0
2024-04-22 12:15:00+0530,47821.8984375,47850.69921875,47744.3515625,47783.30078125,0.0
2024-04-22 13:15:00+0530,47782.3984375,47882.3515625,47766.69921875,47837.44921875,0.0
2024-04-22 14:15:00+0530,47834.44921875,47962.6484375,47782.6484375,47958.44921875,0.0
2024-04-22 15:15:00+0530,47959.94921875,48009.55078125,47902.5,47994.8515625,0.0
2024-04-23 09:15:00+0530,48274.5,48274.5,47942.80078125,48069.6015625,0.0
2024-04-23 10:15:00+0530,48069.3984375,48084.5,47937.44921875,47982.75,0.0
2024-04-23 11:15:00+0530,47985.44921875,48054.5,47976.5,48047.6015625,0.0
2024-04-23 12:15:00+0530,48046.8515625,48088.8515625,47941.1484375,47977.8515625,0.0
2024-04-23 13:15:00+0530,47981.55078125,48023.0,47902.3984375,47977.1484375,0.0
2024-04-23 14:15:00+0530,47977.1484375,48039.75,47929.30078125,48002.1015625,0.0
2024-04-23 15:15:00+0530,48003.1015625,48009.3984375,47933.0,47935.6015625,0.0
2024-04-24 09:15:00+0530,48130.19921875,48199.1484375,48032.30078125,48166.30078125,0.0
2024-04-24 10:15:00+0530,48171.25,48235.19921875,48161.6015625,48197.5,0.0
2024-04-24 11:15:00+0530,48195.75,48220.0,48160.75,48200.1484375,0.0
2024-04-24 12:15:00+0530,48198.19921875,48209.30078125,48157.25,48203.25,0.0
2024-04-24 13:15:00+0530,48202.3984375,48228.05078125,48182.55078125,48205.8515625,0.0
2024-04-24 14:15:00+0530,48204.80078125,48245.1484375,48132.75,48176.55078125,0.0
2024-04-24 15:15:00+0530,48178.05078125,48208.0,48152.1484375,48195.3515625,0.0
2024-04-25 09:15:00+0530,47862.25,48315.6484375,47755.3515625,48302.44921875,0.0
2024-04-25 10:15:00+0530,48299.5,48346.8515625,48087.0,48288.75,0.0
2024-04-25 11:15:00+0530,48290.19921875,48302.44921875,48128.0,48161.75,0.0
2024-04-25 12:15:00+0530,48164.75,48368.1015625,48151.44921875,48357.8515625,0.0
2024-04-25 13:15:00+0530,48360.1015625,48565.55078125,48313.30078125,48531.30078125,0.0
2024-04-25 14:15:00+0530,48531.3515625,48621.8984375,48481.1015625,48482.80078125,0.0
2024-04-25 15:15:00+0530,48482.94921875,48504.55078125,48435.5,48497.30078125,0.0
2024-04-26 09:15:00+0530,48629.30078125,48677.3984375,48411.8984375,48475.30078125,0.0
2024-04-26 10:15:00+0530,48469.8984375,48524.6015625,48341.8984375,48388.94921875,0.0
2024-04-26 11:15:00+0530,48388.19921875,48453.6015625,48361.25,48400.8515625,0.0
2024-04-26 12:15:00+0530,48399.8984375,48508.8515625,48379.05078125,48495.75,0.0
2024-04-26 13:15:00+0530,48490.30078125,48499.0,48223.1015625,48288.19921875,0.0
2024-04-26 14:15:00+0530,48293.80078125,48359.55078125,48088.8515625,48154.75,0.0
2024-04-26 15:15:00+0530,48155.3984375,48352.55078125,48146.55078125,48284.30078125,0.0
2024-04-29 09:15:00+0530,48357.55078125,48591.75,48357.55078125,48551.6015625,0.0
2024-04-29 10:15:00+0530,48556.80078125,48778.30078125,48520.80078125,48720.8984375,0.0
2024-04-29 11:15:00+0530,48721.3515625,48973.6484375,48705.5,48952.1015625,0.0
2024-04-29 12:15:00+0530,48946.69921875,49030.69921875,48902.69921875,48996.8515625,0.0
2024-04-29 13:15:00+0530,48995.25,49397.1484375,48981.19921875,49348.44921875,0.0
2024-04-29 14:15:00+0530,49347.6015625,49470.69921875,49253.75,49462.1484375,0.0
2024-04-29 15:15:00+0530,49462.6484375,49464.6015625,49359.1484375,49380.6484375,0.0
2024-04-30 09:15:00+0530,49479.3984375,49672.05078125,49359.30078125,49504.44921875,0.0
2024-04-30 10:15:00+0530,49522.1484375,49659.05078125,49476.3984375,49587.6484375,0.0
2024-04-30 11:15:00+0530,49598.3515625,49617.80078125,49505.3984375,49562.6015625,0.0
2024-04-30 12:15:00+0530,49561.19921875,49576.6484375,49441.8984375,49463.1015625,0.0
2024-04-30 13:15:00+0530,49466.5,49949.05078125,49422.69921875,49913.19921875,0.0
2024-04-30 14:15:00+0530,49914.3515625,49974.3515625,49373.30078125,49410.25,0.0
2024-04-30 15:15:00+0530,49409.1015625,49409.1015625,49252.69921875,49291.3515625,0.0
2024-05-02 09:15:00+0530,49285.1484375,49529.05078125,49273.8984375,49476.05078125,0.0
2024-05-02 10:15:00+0530,49465.1015625,49475.6484375,49232.0,49248.55078125,0.0
2024-05-02 11:15:00+0530,49249.25,49350.44921875,49123.6015625,49254.3515625,0.0
2024-05-02 12:15:00+0530,49251.1484375,49314.3515625,49178.1484375,49258.6484375,0.0
2024-05-02 13:15:00+0530,49259.0,49344.8984375,49214.6015625,49254.1015625,0.0
2024-05-02 14:15:00+0530,49251.6015625,49275.55078125,49174.30078125,49242.6484375,0.0
2024-05-02 15:15:00+0530,49237.6484375,49265.6015625,49217.8515625,49243.55078125,0.0
2024-05-03 09:15:00+0530,49401.8984375,49596.75,49246.8515625,49253.69921875,0.0
2024-05-03 10:15:00+0530,49253.30078125,49299.44921875,49006.0,49096.6015625,0.0
2024-05-03 11:15:00+0530,49093.19921875,49099.3515625,48817.6015625,48915.1484375,0.0
2024-05-03 12:15:00+0530,48914.44921875,49130.75,48718.6484375,48747.94921875,0.0
2024-05-03 13:15:00+0530,48740.30078125,48874.55078125,48662.94921875,48821.6015625,0.0
2024-05-03 14:15:00+0530,48817.05078125,48949.55078125,48731.0,48940.8984375,0.0
2024-05-03 15:15:00+0530,48939.19921875,48997.25,48853.8984375,48877.8515625,0.0
2024-05-06 09:15:00+0530,49137.75,49248.6015625,48875.8515625,49103.80078125,0.0
2024-05-06 10:15:00+0530,49107.5,49231.6015625,49026.05078125,49094.80078125,0.0
2024-05-06 11:15:00+0530,49094.44921875,49140.94921875,49014.8515625,49080.80078125,0.0
2024-05-06 12:15:00+0530,49079.5,49091.1484375,48866.80078125,48900.30078125,0.0
2024-05-06 13:15:00+0530,48900.55078125,48955.6015625,48827.6015625,48841.3515625,0.0
2024-05-06 14:15:00+0530,48835.30078125,49010.44921875,48786.19921875,48898.0,0.0
2024-05-06 15:15:00+0530,48897.3515625,48954.69921875,48874.25,48931.8515625,0.0
2024-05-07 09:15:00+0530,48954.44921875,49002.05078125,48523.5,48598.05078125,0.0
2024-05-07 10:15:00+0530,48598.19921875,48609.6015625,48361.1484375,48376.8984375,0.0
2024-05-07 11:15:00+0530,48378.6015625,48379.44921875,48234.1015625,48286.1015625,0.0
2024-05-07 12:15:00+0530,48280.8984375,48345.30078125,48223.75,48299.69921875,0.0
2024-05-07 13:15:00+0530,48300.05078125,48457.44921875,48291.8515625,48393.8984375,0.0
2024-05-07 14:15:00+0530,48390.3984375,48399.0,48215.55078125,48305.30078125,0.0
2024-05-07 15:15:00+0530,48309.8984375,48352.0,48249.3984375,48275.6015625,0.0
2024-05-08 09:15:00+0530,48109.6015625,48219.44921875,48041.0,48100.6015625,0.0
2024-05-08 10:15:00+0530,48108.0,48108.0,47854.69921875,47951.3515625,0.0
2024-05-08 11:15:00+0530,47951.8984375,48171.1484375,47944.6484375,48084.1484375,0.0
2024-05-08 12:15:00+0530,48085.75,48162.8515625,48038.8984375,48106.44921875,0.0
2024-05-08 13:15:00+0530,48103.6484375,48173.6484375,47973.55078125,48020.5,0.0
2024-05-08 14:15:00+0530,48020.0,48090.44921875,47959.1484375,48017.8984375,0.0
2024-05-08 15:15:00+0530,48016.69921875,48105.5,47992.44921875,48101.6015625,0.0
2024-05-09 09:15:00+0530,48019.55078125,48256.55078125,47986.6484375,47995.80078125,0.0
2024-05-09 10:15:00+0530,47992.44921875,48024.55078125,47764.8984375,47778.25,0.0
2024-05-09 11:15:00+0530,47775.55078125,47868.44921875,47662.3984375,47849.75,0.0
2024-05-09 12:15:00+0530,47850.6484375,47910.94921875,47624.19921875,47687.25,0.0
2024-05-09 13:15:00+0530,47685.5,47892.25,47610.8515625,47783.3515625,0.0
2024-05-09 14:15:00+0530,47776.80078125,47806.0,47463.1015625,47465.75,0.0
2024-05-09 15:15:00+0530,47469.5,47520.30078125,47440.6484375,47515.44921875,0.0
2024-05-10 09:15:00+0530,47545.1484375,47865.30078125,47363.19921875,47792.8984375,0.0
2024-05-10 10:15:00+0530,47790.8515625,47824.6015625,47563.19921875,47673.0,0.0
2024-05-10 11:15:00+0530,47672.44921875,47777.1484375,47601.6484375,47651.8515625,0.0
2024-05-10 12:15:00+0530,47650.5,47670.8984375,47316.44921875,47430.44921875,0.0
2024-05-10 13:15:00+0530,47426.6484375,47592.55078125,47387.3515625,47479.8984375,0.0
2024-05-10 14:15:00+0530,47479.1484375,47515.6484375,47362.75,47429.30078125,0.0
2024-05-10 15:15:00+0530,47424.05078125,47455.25,47411.1484375,47440.8515625,0.0
2024-05-13 09:15:00+0530,47389.80078125,47459.1484375,47023.19921875,47128.05078125,0.0
2024-05-13 10:15:00+0530,47126.3515625,47194.6484375,46983.8984375,47133.6015625,0.0
2024-05-13 11:15:00+0530,47132.55078125,47339.55078125,47129.69921875,47313.1484375,0.0
2024-05-13 12:15:00+0530,47313.8984375,47519.19921875,47298.5,47470.94921875,0.0
2024-05-13 13:15:00+0530,47471.3515625,47772.3515625,47155.6484375,47724.25,0.0
2024-05-13 14:15:00+0530,47720.75,47829.8515625,47662.69921875,47727.44921875,0.0
2024-05-13 15:15:00+0530,47728.55078125,47838.94921875,47714.55078125,47784.8984375,0.0
2024-05-14 09:15:00+0530,47763.5,47906.1484375,47608.3984375,47666.05078125,0.0
2024-05-14 10:15:00+0530,47666.0,47828.6015625,47657.6015625,47812.69921875,0.0
2024-05-14 11:15:00+0530,47810.6015625,47832.44921875,47721.3515625,47792.19921875,0.0
2024-05-14 12:15:00+0530,47793.8984375,47931.1484375,47740.19921875,47837.6015625,0.0
2024-05-14 13:15:00+0530,47836.69921875,47912.8984375,47780.3984375,47858.3515625,0.0
2024-05-14 14:15:00+0530,47858.94921875,47902.6015625,47751.30078125,47859.44921875,0.0
2024-05-14 15:15:00+0530,47859.19921875,47910.30078125,47842.05078125,47872.0,0.0
2024-05-15 09:15:00+0530,47924.94921875,47944.0,47691.30078125,47735.44921875,0.0
2024-05-15 10:15:00+0530,47733.8984375,47790.1015625,47663.75,47725.0,0.0
2024-05-15 11:15:00+0530,47727.8515625,47748.69921875,47586.69921875,47681.1015625,0.0
2024-05-15 12:15:00+0530,47679.94921875,47696.19921875,47588.25,47614.75,0.0
2024-05-15 13:15:00+0530,47612.30078125,47655.3515625,47535.25,47629.80078125,0.0
2024-05-15 14:15:00+0530,47629.0,47734.8984375,47584.3984375,47718.19921875,0.0
2024-05-15 15:15:00+0530,47719.0,47730.94921875,47665.75,47710.80078125,0.0
2024-05-16 09:15:00+0530,47945.8515625,48001.3984375,47743.3984375,47791.19921875,0.0
2024-05-16 10:15:00+0530,47791.19921875,47796.5,47342.80078125,47481.1484375,0.0
2024-05-16 11:15:00+0530,47480.69921875,47837.8515625,47396.44921875,47833.3515625,0.0
2024-05-16 12:15:00+0530,47841.19921875,47876.8984375,47440.69921875,47484.30078125,0.0
2024-05-16 13:15:00+0530,47484.3984375,47535.80078125,47345.1015625,47404.8984375,0.0
2024-05-16 14:15:00+0530,47407.6484375,47998.94921875,47395.05078125,47973.69921875,0.0
2024-05-16 15:15:00+0530,47973.69921875,48052.8984375,47958.05078125,47977.3984375,0.0
2024-05-17 09:15:00+0530,47935.25,48024.8515625,47760.1015625,47951.44921875,0.0
2024-05-17 10:15:00+0530,47952.80078125,48157.8515625,47922.8984375,48143.1484375,0.0
2024-05-17 11:15:00+0530,48144.8515625,48183.25,48028.25,48040.8515625,0.0
2024-05-17 12:15:00+0530,48043.80078125,48134.6484375,48024.6015625,48065.0,0.0
2024-05-17 13:15:00+0530,48068.3515625,48143.55078125,48003.8984375,48112.94921875,0.0
2024-05-17 14:15:00+0530,48115.30078125,48163.19921875,48043.3515625,48130.8515625,0.0
2024-05-17 15:15:00+0530,48129.30078125,48188.44921875,48111.55078125,48121.3515625,0.0
2024-05-21 09:15:00+0530,48017.1484375,48217.94921875,47993.94921875,48000.55078125,0.0
2024-05-21 10:15:00+0530,48003.19921875,48126.80078125,47979.19921875,48110.6484375,0.0
2024-05-21 11:15:00+0530,48112.55078125,48204.1015625,48108.55078125,48170.75,0.0
2024-05-21 12:15:00+0530,48169.1015625,48257.19921875,48116.19921875,48231.80078125,0.0
2024-05-21 13:15:00+0530,48232.8515625,48241.69921875,48098.1484375,48113.75,0.0
2024-05-21 14:15:00+0530,48112.6484375,48144.6484375,48001.1015625,48030.8515625,0.0
2024-05-21 15:15:00+0530,48033.5,48055.5,47968.6484375,47989.8515625,0.0
2024-05-22 09:15:00+0530,48102.30078125,48102.30078125,47704.30078125,47801.8984375,0.0
2024-05-22 10:15:00+0530,47805.44921875,47828.94921875,47637.8515625,47674.30078125,0.0
2024-05-22 11:15:00+0530,47673.19921875,47757.30078125,47634.94921875,47717.94921875,0.0
2024-05-22 12:15:00+0530,47716.6015625,47759.94921875,47625.3515625,47649.3515625,0.0
2024-05-22 13:15:00+0530,47648.1484375,47803.55078125,47643.8984375,47706.8984375,0.0
2024-05-22 14:15:00+0530,47708.25,47851.5,47443.25,47826.75,0.0
2024-05-22 15:15:00+0530,47828.5,47959.1484375,47825.30078125,47906.05078125,0.0
2024-05-23 09:15:00+0530,47893.1484375,48203.8515625,47875.8984375,48190.1015625,0.0
2024-05-23 10:15:00+0530,48188.55078125,48392.80078125,48179.3984375,48313.5,0.0
2024-05-23 11:15:00+0530,48314.05078125,48462.1484375,48309.55078125,48433.6484375,0.0
2024-05-23 12:15:00+0530,48428.55078125,48624.3984375,48427.44921875,48539.1015625,0.0
2024-05-23 13:15:00+0530,48536.19921875,48711.8984375,48454.6484375,48709.6015625,0.0
2024-05-23 14:15:00+0530,48705.75,48828.05078125,48607.19921875,48802.19921875,0.0
2024-05-23 15:15:00+0530,48804.3984375,48826.1484375,48731.5,48737.05078125,0.0
2024-05-24 09:15:00+0530,48668.0,48975.44921875,48644.80078125,48679.1484375,0.0
2024-05-24 10:15:00+0530,48680.8984375,48874.6484375,48675.1015625,48784.94921875,0.0
2024-05-24 11:15:00+0530,48783.19921875,48857.55078125,48781.25,48851.80078125,0.0
2024-05-24 12:15:00+0530,48853.3984375,48946.3984375,48801.25,48881.94921875,0.0
2024-05-24 13:15:00+0530,48880.0,48938.44921875,48858.1015625,48933.30078125,0.0
2024-05-24 14:15:00+0530,48932.3515625,49050.8984375,48870.69921875,48976.05078125,0.0
2024-05-24 15:15:00+0530,48982.19921875,48999.19921875,48928.94921875,48948.8984375,0.0
2024-05-27 09:15:00+0530,49105.8984375,49295.80078125,49057.25,49217.6015625,0.0
2024-05-27 10:15:00+0530,49214.80078125,49356.94921875,49206.19921875,49310.1484375,0.0
2024-05-27 11:15:00+0530,49308.8984375,49524.1015625,49287.55078125,49520.75,0.0
2024-05-27 12:15:00+0530,49518.19921875,49688.6015625,49505.0,49583.69921875,0.0
2024-05-27 13:15:00+0530,49588.6015625,49645.6484375,49502.44921875,49613.05078125,0.0
2024-05-27 14:15:00+0530,49612.94921875,49640.3515625,49059.6484375,49312.75,0.0
2024-05-27 15:15:00+0530,49310.25,49324.6484375,49215.94921875,49282.44921875,0.0
2024-05-28 09:15:00+0530,49389.3515625,49509.0,49223.69921875,49310.5,0.0
2024-05-28 10:15:00+0530,49308.44921875,49388.0,49253.1015625,49294.6484375,0.0
2024-05-28 11:15:00+0530,49294.44921875,49315.8515625,49164.30078125,49173.69921875,0.0
2024-05-28 12:15:00+0530,49172.69921875,49327.75,49086.5,49288.1484375,0.0
2024-05-28 13:15:00+0530,49288.25,49321.0,49186.8984375,49250.3984375,0.0
2024-05-28 14:15:00+0530,49245.1484375,49291.1015625,49135.19921875,49151.8984375,0.0
2024-05-28 15:15:00+0530,49153.80078125,49171.3984375,49045.3984375,49060.1015625,0.0
2024-05-29 09:15:00+0530,48821.0,48999.30078125,48692.69921875,48707.3515625,0.0
2024-05-29 10:15:00+0530,48705.8515625,48729.19921875,48603.30078125,48629.1484375,0.0
2024-05-29 11:15:00+0530,48627.6484375,48697.6015625,48552.6484375,48620.6015625,0.0
2024-05-29 12:15:00+0530,48615.69921875,48670.75,48560.44921875,48579.44921875,0.0
2024-05-29 13:15:00+0530,48580.0,48662.55078125,48503.1484375,48549.5,0.0
2024-05-29 14:15:00+0530,48556.25,48580.1484375,48402.55078125,48525.69921875,0.0
2024-05-29 15:15:00+0530,48518.3984375,48624.8984375,48460.75,48575.8515625,0.0
2024-05-30 09:15:00+0530,48335.3515625,48918.25,48335.3515625,48654.0,0.0
2024-05-30 10:15:00+0530,48649.30078125,48788.6484375,48632.1484375,48646.1484375,0.0
2024-05-30 11:15:00+0530,48642.94921875,48713.19921875,48531.05078125,48644.1015625,0.0
2024-05-30 12:15:00+0530,48644.8984375,48874.19921875,48614.69921875,48851.1015625,0.0
2024-05-30 13:15:00+0530,48850.25,49042.94921875,48766.1015625,48852.3984375,0.0
2024-05-30 14:15:00+0530,48850.5,48905.3984375,48545.0,48642.19921875,0.0
2024-05-30 15:15:00+0530,48637.25,48838.6484375,48637.25,48822.8515625,0.0
2024-05-31 09:15:00+0530,48891.1484375,49078.44921875,48719.5,48719.5,0.0
2024-05-31 10:15:00+0530,48717.8515625,48821.19921875,48612.69921875,48695.94921875,0.0
2024-05-31 11:15:00+0530,48699.8515625,48792.1484375,48573.8984375,48688.5,0.0
2024-05-31 12:15:00+0530,48684.6484375,48863.3984375,48681.25,48837.6015625,0.0
2024-05-31 13:15:00+0530,48836.94921875,49107.75,48831.80078125,49030.75,0.0
2024-05-31 14:15:00+0530,49034.6484375,49035.8984375,48722.80078125,48966.30078125,0.0
2024-05-31 15:15:00+0530,48964.1484375,49117.6015625,48937.44921875,48967.94921875,0.0
2024-06-03 09:15:00+0530,50889.8515625,50984.6484375,50095.1484375,50471.3515625,0.0
2024-06-03 10:15:00+0530,50471.3515625,50579.80078125,50387.30078125,50539.0,0.0
2024-06-03 11:15:00+0530,50544.8515625,50948.19921875,50535.80078125,50852.05078125,0.0
2024-06-03 12:15:00+0530,50850.30078125,50932.3515625,50723.3515625,50914.44921875,0.0
2024-06-03 13:15:00+0530,50913.1484375,50921.8515625,50611.3984375,50791.69921875,0.0
2024-06-03 14:15:00+0530,50787.8515625,50965.6015625,50709.55078125,50955.0,0.0
2024-06-03 15:15:00+0530,50957.3984375,51129.8515625,50956.6015625,51106.05078125,0.0
2024-06-04 09:15:00+0530,50667.05078125,50667.05078125,48746.19921875,49525.6484375,0.0
2024-06-04 10:15:00+0530,49526.69921875,49526.69921875,47421.80078125,47714.94921875,0.0
2024-06-04 11:15:00+0530,47712.6484375,48439.25,46141.8984375,46701.44921875,0.0
2024-06-04 12:15:00+0530,46693.6015625,47399.8984375,46079.3515625,47284.3984375,0.0
2024-06-04 13:15:00+0530,47284.3515625,48083.8515625,46943.19921875,47512.6015625,0.0
2024-06-04 14:15:00+0530,47509.3515625,47670.55078125,46652.1484375,47035.80078125,0.0
2024-06-04 15:15:00+0530,47035.44921875,47600.75,46887.1015625,47206.25,0.0
2024-06-05 09:15:00+0530,47483.80078125,47484.6015625,46480.30078125,47004.44921875,0.0
2024-06-05 10:15:00+0530,47006.80078125,47863.44921875,46450.6484375,47863.19921875,0.0
2024-06-05 11:15:00+0530,47861.3984375,47998.75,47384.3984375,47673.30078125,0.0
2024-06-05 12:15:00+0530,47672.8984375,48280.6484375,47671.6484375,48139.0,0.0
2024-06-05 13:15:00+0530,48136.55078125,48796.3515625,48067.0,48659.94921875,0.0
2024-06-05 14:15:00+0530,48667.25,49361.25,48515.44921875,49065.19921875,0.0
2024-06-05 15:15:00+0530,49063.1015625,49100.0,48801.30078125,48847.1015625,0.0
2024-06-06 09:15:00+0530,49385.80078125,49475.3515625,49068.6015625,49319.0,0.0
2024-06-06 10:15:00+0530,49317.94921875,49657.94921875,49310.5,49600.6015625,0.0
2024-06-06 11:15:00+0530,49601.3984375,49612.6015625,49160.80078125,49231.1484375,0.0
2024-06-06 12:15:00+0530,49232.69921875,49363.3984375,48911.30078125,49040.94921875,0.0
2024-06-06 13:15:00+0530,49040.94921875,49380.0,49024.3515625,49199.0,0.0
2024-06-06 14:15:00+0530,49197.8984375,49335.3984375,48948.30078125,49326.3984375,0.0
2024-06-06 15:15:00+0530,49326.8515625,49367.1015625,49194.6484375,49330.8984375,0.0
2024-06-07 09:15:00+0530,49317.19921875,49505.3515625,49083.1484375,49409.8984375,0.0
2024-06-07 10:15:00+0530,49408.19921875,49677.3984375,49228.05078125,49659.1484375,0.0
2024-06-07 11:15:00+0530,49658.3515625,49929.8984375,49564.0,49832.0,0.0
2024-06-07 12:15:00+0530,49833.8984375,49942.8515625,49730.94921875,49857.8984375,0.0
2024-06-07 13:15:00+0530,49857.6484375,49897.44921875,49665.25,49814.0,0.0
2024-06-07 14:15:00+0530,49817.30078125,49909.19921875,49711.25,49777.3984375,0.0
2024-06-07 15:15:00+0530,49777.75,49849.05078125,49752.3515625,49806.6015625,0.0
2024-06-10 09:15:00+0530,49810.6015625,50250.5,49655.30078125,49910.6484375,0.0
2024-06-10 10:15:00+0530,49911.05078125,49986.3984375,49772.1015625,49858.05078125,0.0
2024-06-10 11:15:00+0530,49860.0,50019.8984375,49825.69921875,49861.30078125,0.0
2024-06-10 12:15:00+0530,49862.75,49980.8984375,49844.75,49930.25,0.0
2024-06-10 13:15:00+0530,49926.19921875,50099.19921875,49898.1015625,50046.5,0.0
2024-06-10 14:15:00+0530,50046.30078125,50065.8984375,49716.80078125,49818.3515625,0.0
2024-06-10 15:15:00+0530,49814.75,49826.94921875,49628.3984375,49687.6484375,0.0
2024-06-11 09:15:00+0530,49739.5,49888.6015625,49533.55078125,49861.3984375,0.0
2024-06-11 10:15:00+0530,49860.8984375,49937.0,49806.05078125,49861.30078125,0.0
2024-06-11 11:15:00+0530,49863.55078125,49871.55078125,49750.19921875,49801.3984375,0.0
2024-06-11 12:15:00+0530,49801.6484375,49905.0,49751.75,49858.25,0.0
2024-06-11 13:15:00+0530,49860.55078125,49968.25,49768.80078125,49814.55078125,0.0
2024-06-11 14:15:00+0530,49814.30078125,49851.75,49682.3984375,49732.8515625,0.0
2024-06-11 15:15:00+0530,49735.8515625,49740.6015625,49615.55078125,49652.25,0.0
2024-06-12 09:15:00+0530,49848.05078125,50221.19921875,49698.25,50162.8984375,0.0
2024-06-12 10:15:00+0530,50166.80078125,50232.5,50099.6015625,50144.5,0.0
2024-06-12 11:15:00+0530,50144.19921875,50159.94921875,49968.55078125,50023.5,0.0
2024-06-12 12:15:00+0530,50026.25,50042.44921875,49913.05078125,50001.69921875,0.0
2024-06-12 13:15:00+0530,50001.55078125,50021.1484375,49877.1015625,49901.1015625,0.0
2024-06-12 14:15:00+0530,49899.3984375,50006.30078125,49825.44921875,49925.6015625,0.0
2024-06-12 15:15:00+0530,49926.55078125,49953.25,49772.5,49791.6015625,0.0
2024-06-13 09:15:00+0530,50150.8984375,50168.30078125,49919.6015625,50037.30078125,0.0
2024-06-13 10:15:00+0530,50033.69921875,50037.30078125,49883.8984375,49942.3515625,0.0
2024-06-13 11:15:00+0530,49942.3984375,50032.1484375,49836.19921875,49939.25,0.0
2024-06-13 12:15:00+0530,49940.75,49984.80078125,49921.5,49967.44921875,0.0
2024-06-13 13:15:00+0530,49965.8515625,49975.5,49860.69921875,49902.94921875,0.0
2024-06-13 14:15:00+0530,49902.8984375,49905.69921875,49800.1484375,49821.05078125,0.0
2024-06-13 15:15:00+0530,49818.80078125,49920.6015625,49817.94921875,49889.30078125,0.0
2024-06-14 09:15:00+0530,49993.94921875,50068.8984375,49693.6484375,50024.8515625,0.0
2024-06-14 10:15:00+0530,50022.94921875,50102.30078125,49994.1484375,50061.75,0.0
2024-06-14 11:15:00+0530,50061.8984375,50070.05078125,49942.3984375,49980.80078125,0.0
2024-06-14 12:15:00+0530,49980.8515625,50026.6015625,49931.0,50012.0,0.0
2024-06-14 13:15:00+0530,50013.8515625,50022.6484375,49940.80078125,49962.75,0.0
2024-06-14 14:15:00+0530,49963.69921875,50087.8515625,49946.0,50026.25,0.0
2024-06-14 15:15:00+0530,50028.30078125,50038.80078125,49933.19921875,49981.5,0.0
2024-06-18 09:15:00+0530,50174.69921875,50246.6484375,49900.75,50174.6484375,0.0
2024-06-18 10:15:00+0530,50177.6015625,50264.30078125,50068.1484375,50241.6015625,0.0
2024-06-18 11:15:00+0530,50241.5,50346.8515625,50237.8515625,50309.6015625,0.0
2024-06-18 12:15:00+0530,50308.19921875,50338.44921875,50277.75,50328.8984375,0.0
2024-06-18 13:15:00+0530,50326.25,50425.19921875,50313.44921875,50402.94921875,0.0
2024-06-18 14:15:00+0530,50403.30078125,50431.80078125,50339.80078125,50430.3515625,0.0
2024-06-18 15:15:00+0530,50432.5,50562.1484375,50427.6484375,50479.30078125,0.0
2024-06-19 09:15:00+0530,50587.8515625,51255.1015625,50451.30078125,51091.6015625,0.0
2024-06-19 10:15:00+0530,51097.55078125,51179.8984375,50594.8515625,51045.3984375,0.0
2024-06-19 11:15:00+0530,51046.30078125,51113.75,50879.05078125,51113.75,0.0
2024-06-19 12:15:00+0530,51129.19921875,51214.5,51046.75,51132.69921875,0.0
2024-06-19 13:15:00+0530,51133.19921875,51579.55078125,51031.1015625,51571.8984375,0.0
2024-06-19 14:15:00+0530,51574.8984375,51955.55078125,51232.3515625,51382.05078125,0.0
2024-06-19 15:15:00+0530,51377.25,51478.05078125,51322.05078125,51450.1015625,0.0
2024-06-20 09:15:00+0530,51676.30078125,51793.94921875,51300.80078125,51337.1015625,0.0
2024-06-20 10:15:00+0530,51336.05078125,51647.6015625,51281.69921875,51527.5,0.0
2024-06-20 11:15:00+0530,51525.1015625,51698.94921875,51506.55078125,51664.6484375,0.0
2024-06-20 12:15:00+0530,51665.19921875,51732.55078125,51587.8984375,51667.3984375,0.0
2024-06-20 13:15:00+0530,51666.6484375,51841.69921875,51644.19921875,51744.25,0.0
2024-06-20 14:15:00+0530,51748.6015625,51815.3984375,51647.75,51770.30078125,0.0
2024-06-20 15:15:00+0530,51770.44921875,51826.44921875,51756.0,51760.75,0.0
2024-06-21 09:15:00+0530,51909.0,51909.0,51480.1015625,51499.3984375,0.0
2024-06-21 10:15:00+0530,51500.30078125,51558.94921875,51352.94921875,51426.55078125,0.0
2024-06-21 11:15:00+0530,51429.19921875,51504.69921875,51357.3984375,51467.44921875,0.0
2024-06-21 12:15:00+0530,51467.75,51550.55078125,51228.1015625,51293.30078125,0.0
2024-06-21 13:15:00+0530,51293.6484375,51754.3515625,51256.19921875,51660.3515625,0.0
2024-06-21 14:15:00+0530,51660.80078125,51797.80078125,51282.05078125,51628.19921875,0.0
2024-06-21 15:15:00+0530,51629.3984375,51669.1484375,51524.3515625,51557.5,0.0
2024-06-24 09:15:00+0530,51260.05078125,51388.75,51140.8984375,51318.25,0.0
2024-06-24 10:15:00+0530,51321.25,51607.3984375,51251.6484375,51523.1015625,0.0
2024-06-24 11:15:00+0530,51522.80078125,51717.5,51510.25,51616.69921875,0.0
2024-06-24 12:15:00+0530,51618.75,51718.19921875,51599.6015625,51706.3984375,0.0
2024-06-24 13:15:00+0530,51706.6484375,51780.75,51592.1484375,51620.6484375,0.0
2024-06-24 14:15:00+0530,51619.94921875,51762.6015625,51562.3515625,51737.6015625,0.0
2024-06-24 15:15:00+0530,51736.94921875,51768.80078125,51686.94921875,51709.6484375,0.0
2024-06-25 09:15:00+0530,51755.0,52095.25,51755.0,52084.19921875,0.0
2024-06-25 10:15:00+0530,52083.05078125,52185.94921875,52053.19921875,52119.69921875,0.0
2024-06-25 11:15:00+0530,52117.55078125,52121.6484375,52013.8515625,52087.8515625,0.0
2024-06-25 12:15:00+0530,52095.19921875,52522.80078125,52062.69921875,52492.44921875,0.0
2024-06-25 13:15:00+0530,52495.1484375,52668.19921875,52489.25,52609.8984375,0.0
2024-06-25 14:15:00+0530,52613.19921875,52662.55078125,52457.1484375,52627.8984375,0.0
2024-06-25 15:15:00+0530,52628.5,52743.1484375,52599.25,52630.1484375,0.0
2024-06-26 09:15:00+0530,52660.30078125,52698.75,52376.19921875,52399.30078125,0.0
2024-06-26 10:15:00+0530,52398.30078125,52748.05078125,52398.30078125,52680.1015625,0.0
2024-06-26 11:15:00+0530,52674.1484375,52954.69921875,52666.3515625,52885.05078125,0.0
2024-06-26 12:15:00+0530,52888.8984375,52950.05078125,52730.0,52867.55078125,0.0
2024-06-26 13:15:00+0530,52863.55078125,52958.6015625,52851.0,52937.1484375,0.0
2024-06-26 14:15:00+0530,52938.55078125,52984.3515625,52814.94921875,52837.55078125,0.0
2024-06-26 15:15:00+0530,52832.8515625,52898.69921875,52694.19921875,52694.5,0.0
2024-06-27 09:15:00+0530,52980.30078125,53179.44921875,52640.6015625,53100.1015625,0.0
2024-06-27 10:15:00+0530,53100.5,53136.8984375,52668.6484375,52950.05078125,0.0
2024-06-27 11:15:00+0530,52945.6015625,53010.3515625,52849.3515625,53010.3515625,0.0
2024-06-27 12:15:00+0530,53005.1484375,53035.19921875,52800.8984375,52862.05078125,0.0
2024-06-27 13:15:00+0530,52864.30078125,52935.44921875,52751.05078125,52847.1484375,0.0
2024-06-27 14:15:00+0530,52843.3515625,52964.44921875,52694.6484375,52805.1484375,0.0
2024-06-27 15:15:00+0530,52811.6484375,52882.8984375,52759.80078125,52759.80078125,0.0
2024-06-28 09:15:00+0530,52850.8515625,53029.44921875,52784.6484375,52972.8515625,0.0
2024-06-28 10:15:00+0530,52970.30078125,53000.8515625,52842.30078125,52861.5,0.0
2024-06-28 11:15:00+0530,52862.05078125,52878.55078125,52679.30078125,52740.1015625,0.0
2024-06-28 12:15:00+0530,52742.3984375,52752.1015625,52419.5,52516.55078125,0.0
2024-06-28 13:15:00+0530,52513.44921875,52723.05078125,52455.1484375,52673.0,0.0
2024-06-28 14:15:00+0530,52672.3984375,52706.69921875,52284.0,52289.05078125,0.0
2024-06-28 15:15:00+0530,52289.8515625,52334.8984375,52243.69921875,52323.69921875,0.0
2024-07-01 09:15:00+0530,52350.25,52544.80078125,52167.69921875,52396.1015625,0.0
2024-07-01 10:15:00+0530,52396.05078125,52483.1015625,52338.80078125,52413.5,0.0
2024-07-01 11:15:00+0530,52410.8515625,52604.69921875,52395.44921875,52549.55078125,0.0
2024-07-01 12:15:00+0530,52549.30078125,52615.8515625,52524.80078125,52579.94921875,0.0
2024-07-01 13:15:00+0530,52582.0,52636.25,52532.1015625,52582.94921875,0.0
2024-07-01 14:15:00+0530,52583.75,52654.30078125,52487.94921875,52613.3984375,0.0
2024-07-01 15:15:00+0530,52611.1015625,52630.0,52504.55078125,52521.44921875,0.0
2024-07-02 09:15:00+0530,52793.75,52820.30078125,52125.6015625,52256.55078125,0.0
2024-07-02 10:15:00+0530,52255.1484375,52371.44921875,52252.8984375,52364.3984375,0.0
2024-07-02 11:15:00+0530,52364.1015625,52412.6484375,52076.1015625,52142.0,0.0
2024-07-02 12:15:00+0530,52141.0,52190.0,52000.05078125,52147.8515625,0.0
2024-07-02 13:15:00+0530,52146.1484375,52251.3515625,52109.6015625,52132.6015625,0.0
2024-07-02 14:15:00+0530,52132.6015625,52227.1015625,52125.75,52163.69921875,0.0
2024-07-02 15:15:00+0530,52164.3984375,52200.69921875,52131.19921875,52148.1015625,0.0
2024-07-03 09:15:00+0530,52872.30078125,53199.3515625,52503.44921875,53074.3984375,0.0
2024-07-03 10:15:00+0530,53078.94921875,53255.8515625,53008.6484375,53046.8984375,0.0
2024-07-03 11:15:00+0530,53045.5,53119.5,52967.3984375,53078.80078125,0.0
2024-07-03 12:15:00+0530,53078.3515625,53144.80078125,53057.94921875,53084.1484375,0.0
2024-07-03 13:15:00+0530,53087.75,53191.30078125,53070.94921875,53096.5,0.0
2024-07-03 14:15:00+0530,53101.1015625,53143.0,53047.1015625,53109.75,0.0
2024-07-03 15:15:00+0530,53110.0,53145.3984375,53025.69921875,53042.1484375,0.0
2024-07-04 09:15:00+0530,53357.69921875,53357.69921875,53048.3515625,53180.05078125,0.0
2024-07-04 10:15:00+0530,53180.80078125,53202.30078125,52819.3984375,52881.19921875,0.0
2024-07-04 11:15:00+0530,52881.3515625,52959.94921875,52863.0,52942.0,0.0
2024-07-04 12:15:00+0530,52941.1484375,53028.19921875,52922.1484375,52996.19921875,0.0
2024-07-04 13:15:00+0530,52995.25,53092.8515625,52923.94921875,53031.8515625,0.0
2024-07-04 14:15:00+0530,53032.8515625,53188.05078125,52984.80078125,53106.75,0.0
2024-07-04 15:15:00+0530,53108.0,53123.0,53072.8515625,53083.75,0.0
2024-07-05 09:15:00+0530,52512.3984375,52806.3984375,52293.44921875,52385.80078125,0.0
2024-07-05 10:15:00+0530,52384.3984375,52663.55078125,52339.19921875,52558.1015625,0.0
2024-07-05 11:15:00+0530,52552.30078125,52660.6015625,52547.80078125,52551.05078125,0.0
2024-07-05 12:15:00+0530,52548.30078125,52624.05078125,52485.44921875,52500.55078125,0.0
2024-07-05 13:15:00+0530,52499.8515625,52581.19921875,52465.69921875,52512.6484375,0.0
2024-07-05 14:15:00+0530,52512.5,52732.6015625,52431.44921875,52685.80078125,0.0
2024-07-05 15:15:00+0530,52687.05078125,52715.05078125,52621.6015625,52633.1484375,0.0
2024-07-08 09:15:00+0530,52499.44921875,52710.25,52329.25,52561.3515625,0.0
2024-07-08 10:15:00+0530,52561.8984375,52688.0,52388.75,52450.69921875,0.0
2024-07-08 11:15:00+0530,52447.8515625,52469.69921875,52259.25,52283.6484375,0.0
2024-07-08 12:15:00+0530,52285.1015625,52437.1015625,52256.05078125,52389.80078125,0.0
2024-07-08 13:15:00+0530,52395.25,52518.25,52333.80078125,52430.8515625,0.0
2024-07-08 14:15:00+0530,52436.44921875,52508.94921875,52348.75,52400.55078125,0.0
2024-07-08 15:15:00+0530,52401.1015625,52507.80078125,52377.30078125,52470.05078125,0.0
2024-07-09 09:15:00+0530,52315.30078125,52585.44921875,52315.30078125,52490.1484375,0.0
2024-07-09 10:15:00+0530,52490.8515625,52574.55078125,52475.0,52527.8984375,0.0
2024-07-09 11:15:00+0530,52529.75,52623.94921875,52512.80078125,52560.80078125,0.0
2024-07-09 12:15:00+0530,52557.8984375,52573.1484375,52483.69921875,52558.75,0.0
2024-07-09 13:15:00+0530,52558.05078125,52595.5,52534.1015625,52581.1484375,0.0
2024-07-09 14:15:00+0530,52578.69921875,52603.0,52500.94921875,52567.0,0.0
2024-07-09 15:15:00+0530,52567.25,52607.6484375,52488.3984375,52521.3984375,0.0
2024-07-10 09:15:00+0530,52486.5,52514.30078125,52182.3984375,52284.55078125,0.0
2024-07-10 10:15:00+0530,52278.69921875,52300.94921875,52081.25,52124.0,0.0
2024-07-10 11:15:00+0530,52123.69921875,52187.75,52082.1484375,52153.75,0.0
2024-07-10 12:15:00+0530,52156.25,52168.80078125,52107.75,52129.30078125,0.0
2024-07-10 13:15:00+0530,52128.19921875,52147.8515625,52077.25,52120.3515625,0.0
2024-07-10 14:15:00+0530,52121.69921875,52238.55078125,52100.1015625,52174.3984375,0.0
2024-07-10 15:15:00+0530,52172.69921875,52234.5,52160.1484375,52217.30078125,0.0
2024-07-11 09:15:00+0530,52341.25,52395.1015625,52110.44921875,52140.6484375,0.0
2024-07-11 10:15:00+0530,52141.55078125,52142.8515625,51750.3515625,51801.5,0.0
2024-07-11 11:15:00+0530,51796.6015625,51928.3515625,51768.3515625,51882.8515625,0.0
2024-07-11 12:15:00+0530,51883.5,51965.69921875,51863.5,51933.1015625,0.0
2024-07-11 13:15:00+0530,51933.8515625,52244.69921875,51877.94921875,52168.69921875,0.0
2024-07-11 14:15:00+0530,52170.5,52343.30078125,52131.25,52287.19921875,0.0
2024-07-11 15:15:00+0530,52287.6015625,52335.19921875,52254.8515625,52305.6484375,0.0
2024-07-12 09:15:00+0530,52272.6484375,52510.3984375,52171.8984375,52237.0,0.0
2024-07-12 10:15:00+0530,52232.1484375,52793.1015625,52224.8984375,52649.80078125,0.0
2024-07-12 11:15:00+0530,52647.3984375,52659.44921875,52448.3984375,52553.8515625,0.0
2024-07-12 12:15:00+0530,52551.5,52586.5,52444.6484375,52554.6484375,0.0
2024-07-12 13:15:00+0530,52555.55078125,52637.3515625,52532.0,52562.1484375,0.0
2024-07-12 14:15:00+0530,52562.30078125,52582.30078125,52226.05078125,52228.44921875,0.0
2024-07-12 15:15:00+0530,52224.75,52350.6484375,52193.30078125,52339.5,0.0
2024-07-15 09:15:00+0530,52337.3515625,52440.05078125,52169.69921875,52313.0,0.0
2024-07-15 10:15:00+0530,52313.5,52511.1015625,52228.80078125,52425.0,0.0
2024-07-15 11:15:00+0530,52426.69921875,52445.8984375,52155.1015625,52358.30078125,0.0
2024-07-15 12:15:00+0530,52357.8515625,52441.8984375,52256.30078125,52434.6015625,0.0
2024-07-15 13:15:00+0530,52438.5,52661.75,52426.80078125,52545.19921875,0.0
2024-07-15 14:15:00+0530,52542.05078125,52614.1484375,52424.6484375,52448.94921875,0.0
2024-07-15 15:15:00+0530,52442.8984375,52486.6484375,52422.6484375,52484.3984375,0.0
2024-07-16 09:15:00+0530,52477.1015625,52617.8984375,52360.80078125,52448.1015625,0.0
2024-07-16 10:15:00+0530,52450.05078125,52522.1015625,52435.75,52499.0,0.0
2024-07-16 11:15:00+0530,52497.44921875,52512.69921875,52426.19921875,52436.0,0.0
2024-07-16 12:15:00+0530,52436.8984375,52513.8515625,52423.69921875,52461.55078125,0.0
2024-07-16 13:15:00+0530,52461.5,52476.8515625,52375.5,52416.1015625,0.0
2024-07-16 14:15:00+0530,52419.05078125,52456.69921875,52333.1015625,52407.5,0.0
2024-07-16 15:15:00+0530,52407.25,52454.3515625,52365.8515625,52399.94921875,0.0
2024-07-18 09:15:00+0530,52215.05078125,52666.8515625,52170.6015625,52608.0,0.0
2024-07-18 10:15:00+0530,52602.3984375,52631.05078125,52267.6484375,52272.94921875,0.0
2024-07-18 11:15:00+0530,52273.6015625,52436.3515625,52185.69921875,52427.8515625,0.0
2024-07-18 12:15:00+0530,52424.05078125,52580.6484375,52352.69921875,52557.80078125,0.0
2024-07-18 13:15:00+0530,52562.25,52752.19921875,52505.94921875,52734.6015625,0.0
2024-07-18 14:15:00+0530,52730.94921875,52782.55078125,52607.05078125,52630.1015625,0.0
2024-07-18 15:15:00+0530,52631.1015625,52653.05078125,52558.25,52558.25,0.0
2024-07-19 09:15:00+0530,52522.6015625,52562.8984375,52318.8984375,52362.3984375,0.0
2024-07-19 10:15:00+0530,52360.6484375,52475.44921875,52152.1015625,52298.1015625,0.0
2024-07-19 11:15:00+0530,52297.19921875,52397.75,52257.94921875,52344.1015625,0.0
2024-07-19 12:15:00+0530,52342.8984375,52376.1015625,52182.30078125,52255.3984375,0.0
2024-07-19 13:15:00+0530,52250.0,52384.3984375,52217.25,52263.8984375,0.0
2024-07-19 14:15:00+0530,52264.80078125,52341.1484375,52234.75,52277.05078125,0.0
2024-07-19 15:15:00+0530,52281.6015625,52287.44921875,52195.3515625,52221.6015625,0.0
2024-07-22 09:15:00+0530,52145.6015625,52368.3515625,51881.75,52365.44921875,0.0
2024-07-22 10:15:00+0530,52364.6015625,52424.80078125,52267.55078125,52313.8984375,0.0
2024-07-22 11:15:00+0530,52314.19921875,52331.05078125,52230.0,52263.55078125,0.0
2024-07-22 12:15:00+0530,52264.44921875,52272.1484375,52165.80078125,52241.8984375,0.0
2024-07-22 13:15:00+0530,52242.3984375,52324.8515625,52231.44921875,52243.75,0.0
2024-07-22 14:15:00+0530,52244.8515625,52332.55078125,52217.6484375,52309.80078125,0.0
2024-07-22 15:15:00+0530,52312.75,52332.55078125,52262.75,52328.6015625,0.0
2024-07-23 09:15:00+0530,52441.80078125,52457.44921875,52089.75,52219.94921875,0.0
2024-07-23 10:15:00+0530,52215.1015625,52427.44921875,52124.44921875,52351.1015625,0.0
2024-07-23 11:15:00+0530,52350.5,52370.5,51808.6015625,52163.3984375,0.0
2024-07-23 12:15:00+0530,52167.80078125,52197.25,51348.3984375,51359.75,0.0
2024-07-23 13:15:00+0530,51363.44921875,51917.80078125,51363.44921875,51849.1484375,0.0
2024-07-23 14:15:00+0530,51850.3515625,52086.3515625,51670.5,51752.30078125,0.0
2024-07-23 15:15:00+0530,51747.80078125,51778.5,51661.0,51757.1484375,0.0
2024-07-24 09:15:00+0530,51657.25,51935.3984375,51477.6015625,51703.55078125,0.0
2024-07-24 10:15:00+0530,51703.3515625,51831.3984375,51156.55078125,51190.6015625,0.0
2024-07-24 11:15:00+0530,51190.1484375,51236.94921875,51011.6015625,51071.1484375,0.0
2024-07-24 12:15:00+0530,51071.8515625,51120.55078125,50788.30078125,51102.6484375,0.0
2024-07-24 13:15:00+0530,51103.0,51515.55078125,51006.94921875,51034.94921875,0.0
2024-07-24 14:15:00+0530,51039.3515625,51334.80078125,50994.1015625,51314.44921875,0.0
2024-07-24 15:15:00+0530,51314.69921875,51462.1484375,51260.1484375,51429.75,0.0
2024-07-25 09:15:00+0530,50829.8515625,50989.44921875,50586.30078125,50636.05078125,0.0
2024-07-25 10:15:00+0530,50638.05078125,50768.25,50560.3515625,50737.25,0.0
2024-07-25 11:15:00+0530,50736.3515625,50879.1484375,50696.55078125,50839.6484375,0.0
2024-07-25 12:15:00+0530,50837.25,50879.55078125,50778.8984375,50833.25,0.0
2024-07-25 13:15:00+0530,50831.3515625,50921.69921875,50776.1015625,50890.3984375,0.0
2024-07-25 14:15:00+0530,50894.3984375,50936.25,50841.44921875,50897.8984375,0.0
2024-07-25 15:15:00+0530,50898.55078125,50898.55078125,50853.80078125,50886.55078125,0.0
2024-07-26 09:15:00+0530,50491.8515625,50875.1484375,50491.8515625,50722.1484375,0.0
2024-07-26 10:15:00+0530,50722.3984375,50946.44921875,50706.3984375,50895.30078125,0.0
2024-07-26 11:15:00+0530,50891.44921875,50987.1484375,50851.5,50878.8515625,0.0
2024-07-26 12:15:00+0530,50878.1484375,51200.19921875,50863.0,51200.0,0.0
2024-07-26 13:15:00+0530,51205.1484375,51321.6015625,51160.30078125,51222.75,0.0
2024-07-26 14:15:00+0530,51223.80078125,51344.05078125,51136.94921875,51321.25,0.0
2024-07-26 15:15:00+0530,51319.5,51385.5,51264.8984375,51352.75,0.0
2024-07-29 09:15:00+0530,51596.0,51949.75,51480.1484375,51798.94921875,0.0
2024-07-29 10:15:00+0530,51798.5,52180.6484375,51778.75,52130.3515625,0.0
2024-07-29 11:15:00+0530,52130.44921875,52338.6015625,51737.0,51833.80078125,0.0
2024-07-29 12:15:00+0530,51829.1484375,51866.8984375,51197.8984375,51516.8515625,0.0
2024-07-29 13:15:00+0530,51521.8984375,51717.6484375,51343.75,51352.0,0.0
2024-07-29 14:15:00+0530,51345.3515625,51617.8515625,51264.6484375,51311.8515625,0.0
2024-07-29 15:15:00+0530,51311.3515625,51395.05078125,51293.44921875,51389.6015625,0.0
2024-07-30 09:15:00+0530,51419.3515625,51601.55078125,51267.1015625,51470.1015625,0.0
2024-07-30 10:15:00+0530,51472.05078125,51702.44921875,51448.1484375,51645.1015625,0.0
2024-07-30 11:15:00+0530,51645.19921875,51783.69921875,51642.25,51689.1484375,0.0
2024-07-30 12:15:00+0530,51690.6015625,51952.75,51671.75,51802.6015625,0.0
2024-07-30 13:15:00+0530,51797.30078125,51866.5,51627.75,51795.5,0.0
2024-07-30 14:15:00+0530,51795.8515625,51922.55078125,51413.19921875,51462.3515625,0.0
2024-07-30 15:15:00+0530,51460.8984375,51510.8515625,51390.6015625,51426.1484375,0.0
2024-07-31 09:15:00+0530,51561.75,51617.6484375,51396.5,51606.8515625,0.0
2024-07-31 10:15:00+0530,51603.3515625,51658.8984375,51523.19921875,51557.1484375,0.0
2024-07-31 11:15:00+0530,51555.44921875,51571.8515625,51400.1015625,51479.44921875,0.0
2024-07-31 12:15:00+0530,51475.8984375,51579.80078125,51444.8984375,51498.05078125,0.0
2024-07-31 13:15:00+0530,51491.05078125,51541.25,51337.8984375,51385.69921875,0.0
2024-07-31 14:15:00+0530,51385.6484375,51583.44921875,51363.3984375,51547.44921875,0.0
2024-07-31 15:15:00+0530,51549.0,51661.8515625,51542.6484375,51621.94921875,0.0
2024-08-01 09:15:00+0530,51672.6015625,51874.94921875,51646.05078125,51692.55078125,0.0
2024-08-01 10:15:00+0530,51688.80078125,51779.25,51667.6015625,51750.30078125,0.0
2024-08-01 11:15:00+0530,51749.6015625,51765.3984375,51686.3515625,51711.0,0.0
2024-08-01 12:15:00+0530,51706.6484375,51723.30078125,51581.25,51693.55078125,0.0
2024-08-01 13:15:00+0530,51694.1484375,51721.30078125,51565.8984375,51569.1015625,0.0
2024-08-01 14:15:00+0530,51568.55078125,51595.80078125,51456.5,51571.6484375,0.0
2024-08-01 15:15:00+0530,51571.30078125,51639.1484375,51570.1484375,51606.44921875,0.0
2024-08-02 09:15:00+0530,51199.8984375,51376.19921875,51091.94921875,51247.6484375,0.0
2024-08-02 10:15:00+0530,51246.6484375,51533.3515625,51241.3515625,51481.05078125,0.0
2024-08-02 11:15:00+0530,51480.8984375,51566.69921875,51425.3515625,51469.8984375,0.0
2024-08-02 12:15:00+0530,51468.69921875,51495.5,51364.1484375,51452.69921875,0.0
2024-08-02 13:15:00+0530,51445.25,51608.5,51432.8515625,51500.94921875,0.0
2024-08-02 14:15:00+0530,51496.8984375,51542.0,51308.94921875,51341.69921875,0.0
2024-08-02 15:15:00+0530,51342.1015625,51401.05078125,51325.3515625,51339.0,0.0
2024-08-05 09:15:00+0530,50573.19921875,50739.5,50352.05078125,50389.1015625,0.0
2024-08-05 10:15:00+0530,50381.8984375,50441.6484375,49904.44921875,49920.5,0.0
2024-08-05 11:15:00+0530,49922.6015625,50006.3984375,49719.25,49992.94921875,0.0
2024-08-05 12:15:00+0530,49992.8984375,50047.55078125,49808.1015625,50012.3984375,0.0
2024-08-05 13:15:00+0530,50015.6484375,50164.6015625,49942.19921875,50055.6484375,0.0
2024-08-05 14:15:00+0530,50051.0,50221.25,49964.80078125,50081.0,0.0
2024-08-05 15:15:00+0530,50081.94921875,50113.1015625,50030.6015625,50056.0,0.0
2024-08-06 09:15:00+0530,50484.69921875,50686.0,50238.8515625,50263.75,0.0
2024-08-06 10:15:00+0530,50270.6484375,50297.30078125,49908.80078125,50147.55078125,0.0
2024-08-06 11:15:00+0530,50148.3984375,50255.25,50079.6015625,50188.1484375,0.0
2024-08-06 12:15:00+0530,50183.44921875,50199.6015625,50079.3515625,50096.3515625,0.0
2024-08-06 13:15:00+0530,50094.1015625,50134.1015625,49727.1015625,49776.3984375,0.0
2024-08-06 14:15:00+0530,49776.1015625,49875.5,49662.0,49731.44921875,0.0
2024-08-06 15:15:00+0530,49735.1484375,49797.55078125,49708.05078125,49770.19921875,0.0
2024-08-07 09:15:00+0530,50247.8515625,50288.30078125,49799.8984375,49841.1015625,0.0
2024-08-07 10:15:00+0530,49836.19921875,50159.19921875,49786.69921875,49929.30078125,0.0
2024-08-07 11:15:00+0530,49925.8515625,49977.05078125,49841.0,49883.6015625,0.0
2024-08-07 12:15:00+0530,49891.1484375,50098.6484375,49874.1484375,49931.8515625,0.0
2024-08-07 13:15:00+0530,49931.75,49980.8984375,49855.6015625,49968.3984375,0.0
2024-08-07 14:15:00+0530,49967.8984375,50165.44921875,49945.6015625,50140.94921875,0.0
2024-08-07 15:15:00+0530,50139.30078125,50254.5,50123.3515625,50226.44921875,0.0
2024-08-08 09:15:00+0530,50045.69921875,50184.80078125,49830.5,49928.30078125,0.0
2024-08-08 10:15:00+0530,49928.0,50221.80078125,49901.55078125,50168.6484375,0.0
2024-08-08 11:15:00+0530,50170.94921875,50405.44921875,50150.75,50405.44921875,0.0
2024-08-08 12:15:00+0530,50408.25,50438.75,50109.80078125,50197.19921875,0.0
2024-08-08 13:15:00+0530,50195.94921875,50281.1484375,50068.8515625,50198.05078125,0.0
2024-08-08 14:15:00+0530,50199.8515625,50287.6484375,50134.3515625,50151.1015625,0.0
2024-08-08 15:15:00+0530,50148.3515625,50170.19921875,50094.6484375,50109.44921875,0.0
2024-08-09 09:15:00+0530,50611.3515625,50707.75,50391.8984375,50545.6015625,0.0
2024-08-09 10:15:00+0530,50546.44921875,50601.19921875,50420.94921875,50488.25,0.0
2024-08-09 11:15:00+0530,50491.94921875,50608.1015625,50481.1015625,50543.1015625,0.0
2024-08-09 12:15:00+0530,50541.30078125,50567.3984375,50454.1015625,50493.1484375,0.0
2024-08-09 13:15:00+0530,50492.5,50632.3515625,50478.1484375,50588.5,0.0
2024-08-09 14:15:00+0530,50586.1015625,50593.0,50464.05078125,50469.1015625,0.0
2024-08-09 15:15:00+0530,50470.5,50490.8515625,50443.1484375,50481.80078125,0.0
2024-08-12 09:15:00+0530,50407.30078125,50411.19921875,50151.0,50277.3515625,0.0
2024-08-12 10:15:00+0530,50278.94921875,50741.69921875,50278.94921875,50719.25,0.0
2024-08-12 11:15:00+0530,50721.6015625,50790.55078125,50631.80078125,50641.1015625,0.0
2024-08-12 12:15:00+0530,50640.30078125,50804.8515625,50603.8515625,50726.0,0.0
2024-08-12 13:15:00+0530,50726.0,50830.0,50673.5,50797.80078125,0.0
2024-08-12 14:15:00+0530,50797.3984375,50814.1015625,50525.3515625,50591.75,0.0
2024-08-12 15:15:00+0530,50598.8984375,50607.94921875,50543.5,50578.55078125,0.0
2024-08-13 09:15:00+0530,50417.1015625,50553.3984375,50310.19921875,50355.75,0.0
2024-08-13 10:15:00+0530,50354.75,50373.80078125,50230.75,50299.8515625,0.0
2024-08-13 11:15:00+0530,50298.3515625,50344.0,50203.80078125,50260.80078125,0.0
2024-08-13 12:15:00+0530,50260.3984375,50268.55078125,49992.94921875,50036.6484375,0.0
2024-08-13 13:15:00+0530,50037.19921875,50129.25,49880.25,49961.8984375,0.0
2024-08-13 14:15:00+0530,49961.6484375,49970.1015625,49796.8984375,49803.80078125,0.0
2024-08-13 15:15:00+0530,49805.55078125,49868.44921875,49789.3984375,49853.69921875,0.0
2024-08-14 09:15:00+0530,49917.94921875,49917.94921875,49656.5,49728.05078125,0.0
2024-08-14 10:15:00+0530,49728.3984375,49857.6015625,49703.25,49726.55078125,0.0
2024-08-14 11:15:00+0530,49725.3515625,49779.30078125,49681.0,49756.1484375,0.0
2024-08-14 12:15:00+0530,49754.8515625,49774.6484375,49702.6015625,49752.19921875,0.0
2024-08-14 13:15:00+0530,49754.94921875,49800.3984375,49703.5,49763.55078125,0.0
2024-08-14 14:15:00+0530,49761.3984375,49778.1015625,49692.80078125,49701.3515625,0.0
2024-08-14 15:15:00+0530,49702.5,49763.69921875,49697.05078125,49746.3984375,0.0
2024-08-16 09:15:00+0530,50126.6015625,50284.75,49875.8515625,49981.80078125,0.0
2024-08-16 10:15:00+0530,49982.75,50016.75,49807.8984375,49951.0,0.0
2024-08-16 11:15:00+0530,49951.8515625,50414.75,49938.1484375,50370.05078125,0.0
2024-08-16 12:15:00+0530,50365.19921875,50441.30078125,50291.80078125,50389.75,0.0
2024-08-16 13:15:00+0530,50390.5,50602.69921875,50361.0,50578.8984375,0.0
2024-08-16 14:15:00+0530,50575.19921875,50580.55078125,50432.8515625,50529.30078125,0.0
2024-08-16 15:15:00+0530,50534.1484375,50541.55078125,50484.80078125,50510.94921875,0.0
2024-08-19 09:15:00+0530,50666.05078125,50726.94921875,50386.6484375,50406.55078125,0.0
2024-08-19 10:15:00+0530,50407.25,50487.3515625,50362.0,50423.69921875,0.0
2024-08-19 11:15:00+0530,50423.80078125,50585.8984375,50407.05078125,50453.44921875,0.0
2024-08-19 12:15:00+0530,50453.44921875,50467.25,50341.80078125,50408.75,0.0
2024-08-19 13:15:00+0530,50408.69921875,50470.8984375,50298.94921875,50330.75,0.0
2024-08-19 14:15:00+0530,50334.1015625,50413.19921875,50285.3515625,50359.05078125,0.0
2024-08-19 15:15:00+0530,50356.8984375,50432.30078125,50356.6484375,50418.8515625,0.0
2024-08-20 09:15:00+0530,50441.1484375,50806.25,50401.05078125,50785.0,0.0
2024-08-20 10:15:00+0530,50788.94921875,50911.1484375,50721.25,50894.05078125,0.0
2024-08-20 11:15:00+0530,50893.75,50958.6015625,50861.80078125,50940.3515625,0.0
2024-08-20 12:15:00+0530,50944.25,51024.1484375,50908.6484375,50999.94921875,0.0
2024-08-20 13:15:00+0530,50999.8515625,51003.69921875,50915.8515625,50926.1015625,0.0
2024-08-20 14:15:00+0530,50927.1015625,50942.5,50772.6484375,50773.8984375,0.0
2024-08-20 15:15:00+0530,50775.19921875,50803.3984375,50709.3984375,50719.1015625,0.0
2024-08-21 09:15:00+0530,50671.80078125,50754.25,50422.6015625,50504.8515625,0.0
2024-08-21 10:15:00+0530,50505.3515625,50613.80078125,50346.05078125,50414.0,0.0
2024-08-21 11:15:00+0530,50412.05078125,50690.6484375,50409.80078125,50561.3984375,0.0
2024-08-21 12:15:00+0530,50563.5,50605.19921875,50464.8984375,50507.6484375,0.0
2024-08-21 13:15:00+0530,50507.25,50509.6484375,50336.44921875,50490.8984375,0.0
2024-08-21 14:15:00+0530,50491.44921875,50718.75,50392.19921875,50681.6484375,0.0
2024-08-21 15:15:00+0530,50684.1015625,50770.1015625,50661.75,50737.69921875,0.0
2024-08-22 09:15:00+0530,50892.69921875,51011.69921875,50808.6015625,50918.69921875,0.0
2024-08-22 10:15:00+0530,50918.75,50983.3984375,50880.19921875,50915.8515625,0.0
2024-08-22 11:15:00+0530,50915.69921875,51041.19921875,50886.19921875,50972.6484375,0.0
2024-08-22 12:15:00+0530,50973.94921875,51065.75,50961.05078125,51019.0,0.0
2024-08-22 13:15:00+0530,51019.75,51079.6484375,50974.44921875,51017.3984375,0.0
2024-08-22 14:15:00+0530,51018.30078125,51030.6015625,50910.8984375,51002.44921875,0.0
2024-08-22 15:15:00+0530,51001.6484375,51004.19921875,50941.55078125,50952.6484375,0.0
2024-08-23 09:15:00+0530,51040.05078125,51098.5,50860.55078125,50960.6015625,0.0
2024-08-23 10:15:00+0530,50962.8984375,51047.25,50925.6484375,51007.1015625,0.0
2024-08-23 11:15:00+0530,51008.05078125,51048.19921875,50976.6484375,50998.80078125,0.0
2024-08-23 12:15:00+0530,50998.3515625,51031.1484375,50962.44921875,51018.1484375,0.0
2024-08-23 13:15:00+0530,51015.0,51018.1484375,50930.55078125,50958.8984375,0.0
2024-08-23 14:15:00+0530,50958.5,51017.75,50888.94921875,50922.1484375,0.0
2024-08-23 15:15:00+0530,50922.1484375,50965.30078125,50904.19921875,50963.1015625,0.0
2024-08-26 09:15:00+0530,51100.6484375,51313.0,51064.0,51295.6484375,0.0
2024-08-26 10:15:00+0530,51296.55078125,51317.55078125,51148.5,51204.19921875,0.0
2024-08-26 11:15:00+0530,51205.30078125,51249.3515625,51184.69921875,51204.30078125,0.0
2024-08-26 12:15:00+0530,51204.69921875,51279.8984375,51185.8984375,51222.69921875,0.0
2024-08-26 13:15:00+0530,51220.75,51251.30078125,51151.25,51166.6015625,0.0
2024-08-26 14:15:00+0530,51166.6484375,51193.55078125,51106.55078125,51153.8515625,0.0
2024-08-26 15:15:00+0530,51158.8984375,51176.8984375,51139.94921875,51163.3515625,0.0
2024-08-27 09:15:00+0530,51210.6484375,51265.3984375,50941.30078125,51143.6484375,0.0
2024-08-27 10:15:00+0530,51140.8984375,51266.44921875,50980.3984375,51201.55078125,0.0
2024-08-27 11:15:00+0530,51201.1015625,51404.69921875,51196.19921875,51306.5,0.0
2024-08-27 12:15:00+0530,51307.05078125,51392.05078125,51262.1015625,51352.69921875,0.0
2024-08-27 13:15:00+0530,51355.25,51382.5,51273.94921875,51322.05078125,0.0
2024-08-27 14:15:00+0530,51319.3984375,51352.3515625,51203.30078125,51290.75,0.0
2024-08-27 15:15:00+0530,51292.3515625,51296.6015625,51150.94921875,51171.5,0.0
2024-08-28 09:15:00+0530,51208.94921875,51239.1484375,51089.44921875,51124.1015625,0.0
2024-08-28 10:15:00+0530,51122.05078125,51203.1484375,51094.8515625,51201.1484375,0.0
2024-08-28 11:15:00+0530,51198.6015625,51235.8984375,51160.94921875,51212.44921875,0.0
2024-08-28 12:15:00+0530,51210.5,51260.1015625,51190.19921875,51220.55078125,0.0
2024-08-28 13:15:00+0530,51227.3515625,51247.05078125,51191.30078125,51236.05078125,0.0
2024-08-28 14:15:00+0530,51235.19921875,51249.80078125,51126.44921875,51145.3984375,0.0
2024-08-28 15:15:00+0530,51150.30078125,51158.8984375,51033.69921875,51049.3515625,0.0
2024-08-29 09:15:00+0530,51095.05078125,51301.8984375,51030.0,51260.19921875,0.0
2024-08-29 10:15:00+0530,51259.8515625,51270.30078125,51177.44921875,51221.1484375,0.0
2024-08-29 11:15:00+0530,51222.30078125,51266.6015625,51145.5,51262.6484375,0.0
2024-08-29 12:15:00+0530,51262.1484375,51368.25,51223.80078125,51271.30078125,0.0
2024-08-29 13:15:00+0530,51272.0,51296.1484375,51018.6015625,51114.69921875,0.0
2024-08-29 14:15:00+0530,51112.94921875,51250.44921875,50984.75,51127.25,0.0
2024-08-29 15:15:00+0530,51123.8515625,51195.3984375,51100.25,51166.80078125,0.0
2024-08-30 09:15:00+0530,51428.6484375,51453.30078125,51304.30078125,51336.6015625,0.0
2024-08-30 10:15:00+0530,51333.55078125,51389.8984375,51319.6015625,51361.19921875,0.0
2024-08-30 11:15:00+0530,51362.6484375,51444.6484375,51318.19921875,51428.25,0.0
2024-08-30 12:15:00+0530,51427.94921875,51465.55078125,51391.3984375,51420.6015625,0.0
2024-08-30 13:15:00+0530,51420.1484375,51443.8515625,51372.6015625,51406.75,0.0
2024-08-30 14:15:00+0530,51403.0,51451.6015625,51303.3984375,51355.69921875,0.0
2024-08-30 15:15:00+0530,51356.0,51371.0,51264.30078125,51319.55078125,0.0
2024-09-02 09:15:00+0530,51579.5,51579.5,51355.5,51390.0,0.0
2024-09-02 10:15:00+0530,51385.8984375,51415.1484375,51335.75,51403.6484375,0.0
2024-09-02 11:15:00+0530,51403.05078125,51438.94921875,51295.80078125,51353.94921875,0.0
2024-09-02 12:15:00+0530,51359.80078125,51388.55078125,51305.75,51346.30078125,0.0
2024-09-02 13:15:00+0530,51347.1015625,51554.80078125,51304.25,51510.19921875,0.0
2024-09-02 14:15:00+0530,51509.6484375,51548.1015625,51406.75,51443.25,0.0
2024-09-02 15:15:00+0530,51441.6484375,51457.30078125,51380.1484375,51431.80078125,0.0
2024-09-03 09:15:00+0530,51479.75,51479.75,51310.05078125,51413.1484375,0.0
2024-09-03 10:15:00+0530,51412.8515625,51436.75,51289.1015625,51289.1015625,0.0
2024-09-03 11:15:00+0530,51294.44921875,51404.44921875,51246.8984375,51373.3984375,0.0
2024-09-03 12:15:00+0530,51373.25,51407.30078125,51319.75,51372.55078125,0.0
2024-09-03 13:15:00+0530,51375.1484375,51421.0,51293.80078125,51397.3515625,0.0
2024-09-03 14:15:00+0530,51393.8515625,51749.1484375,51354.19921875,51726.25,0.0
2024-09-03 15:15:00+0530,51725.8984375,51733.1484375,51666.25,51669.6484375,0.0
2024-09-04 09:15:00+0530,51361.25,51475.25,51261.1015625,51371.05078125,0.0
2024-09-04 10:15:00+0530,51370.05078125,51443.6484375,51316.3984375,51409.44921875,0.0
2024-09-04 11:15:00+0530,51408.8515625,51437.5,51375.3984375,51420.8515625,0.0
2024-09-04 12:15:00+0530,51419.44921875,51450.80078125,51395.5,51425.6484375,0.0
2024-09-04 13:15:00+0530,51424.25,51459.8984375,51395.6484375,51409.94921875,0.0
2024-09-04 14:15:00+0530,51408.69921875,51461.0,51343.3515625,51414.6015625,0.0
2024-09-04 15:15:00+0530,51413.25,51431.0,51373.0,51390.6015625,0.0
2024-09-05 09:15:00+0530,51568.19921875,51608.6015625,51435.05078125,51479.3515625,0.0
2024-09-05 10:15:00+0530,51480.8984375,51493.55078125,51390.0,51471.75,0.0
2024-09-05 11:15:00+0530,51472.05078125,51477.8515625,51421.5,51463.3515625,0.0
2024-09-05 12:15:00+0530,51464.5,51512.94921875,51433.0,51454.5,0.0
2024-09-05 13:15:00+0530,51452.6484375,51473.30078125,51425.94921875,51465.05078125,0.0
2024-09-05 14:15:00+0530,51466.30078125,51506.19921875,51405.8984375,51491.6015625,0.0
2024-09-05 15:15:00+0530,51490.6015625,51497.75,51445.05078125,51445.05078125,0.0
2024-09-06 09:15:00+0530,51185.44921875,51377.19921875,50898.8984375,50987.69921875,0.0
2024-09-06 10:15:00+0530,50987.5,51070.1484375,50870.0,50919.44921875,0.0
2024-09-06 11:15:00+0530,50920.1484375,50962.19921875,50849.5,50897.3984375,0.0
2024-09-06 12:15:00+0530,50897.3984375,50953.3984375,50786.8515625,50832.6015625,0.0
2024-09-06 13:15:00+0530,50831.80078125,50862.3515625,50745.3984375,50816.94921875,0.0
2024-09-06 14:15:00+0530,50813.25,50822.5,50456.44921875,50574.3984375,0.0
2024-09-06 15:15:00+0530,50572.3515625,50648.55078125,50569.94921875,50627.80078125,0.0
2024-09-09 09:15:00+0530,50556.8515625,50689.80078125,50372.19921875,50593.55078125,0.0
2024-09-09 10:15:00+0530,50590.6015625,50809.6015625,50547.05078125,50772.94921875,0.0
2024-09-09 11:15:00+0530,50773.3984375,50888.55078125,50669.69921875,50687.8515625,0.0
2024-09-09 12:15:00+0530,50686.3984375,50715.6484375,50563.8515625,50679.3984375,0.0
2024-09-09 13:15:00+0530,50678.05078125,50971.5,50651.8984375,50952.6484375,0.0
2024-09-09 14:15:00+0530,50954.69921875,51192.0,50919.25,51112.3515625,0.0
2024-09-09 15:15:00+0530,51107.69921875,51130.94921875,51072.69921875,51126.55078125,0.0
2024-09-10 09:15:00+0530,51275.25,51309.8984375,50958.25,51063.6015625,0.0
2024-09-10 10:15:00+0530,51067.25,51194.3984375,51046.1484375,51142.44921875,0.0
2024-09-10 11:15:00+0530,51140.5,51253.8515625,51130.75,51211.44921875,0.0
2024-09-10 12:15:00+0530,51215.5,51289.05078125,51174.1484375,51264.44921875,0.0
2024-09-10 13:15:00+0530,51263.25,51365.80078125,51250.30078125,51317.94921875,0.0
2024-09-10 14:15:00+0530,51313.94921875,51340.25,51175.75,51267.1015625,0.0
2024-09-10 15:15:00+0530,51265.0,51320.8515625,51251.0,51277.6484375,0.0
2024-09-11 09:15:00+0530,51193.30078125,51317.1484375,51048.6015625,51266.44921875,0.0
2024-09-11 10:15:00+0530,51267.55078125,51420.0,51211.3515625,51346.3515625,0.0
2024-09-11 11:15:00+0530,51344.75,51352.44921875,51058.44921875,51181.1015625,0.0
2024-09-11 12:15:00+0530,51182.44921875,51207.80078125,51076.6484375,51125.8984375,0.0
2024-09-11 13:15:00+0530,51124.44921875,51178.3515625,51031.6015625,51050.1484375,0.0
2024-09-11 14:15:00+0530,51048.6015625,51103.19921875,50953.1484375,50965.1015625,0.0
2024-09-11 15:15:00+0530,50962.1015625,51094.5,50950.94921875,51094.5,0.0
2024-09-12 09:15:00+0530,51271.0,51304.5,51116.55078125,51176.55078125,0.0
2024-09-12 10:15:00+0530,51175.6015625,51210.3984375,51095.55078125,51173.69921875,0.0
2024-09-12 11:15:00+0530,51175.5,51225.25,51029.1015625,51201.1484375,0.0
2024-09-12 12:15:00+0530,51201.55078125,51239.75,51116.8984375,51187.8984375,0.0
2024-09-12 13:15:00+0530,51188.05078125,51549.25,51167.6484375,51518.1015625,0.0
2024-09-12 14:15:00+0530,51516.55078125,51876.69921875,51514.55078125,51855.05078125,0.0
2024-09-12 15:15:00+0530,51849.1015625,51854.8515625,51635.6484375,51668.94921875,0.0
2024-09-13 09:15:00+0530,51883.6484375,51883.6484375,51645.94921875,51679.55078125,0.0
2024-09-13 10:15:00+0530,51682.8984375,51895.8984375,51676.30078125,51872.05078125,0.0
2024-09-13 11:15:00+0530,51872.6484375,51905.30078125,51771.94921875,51884.3984375,0.0
2024-09-13 12:15:00+0530,51883.3515625,51959.1484375,51840.19921875,51953.6484375,0.0
2024-09-13 13:15:00+0530,51952.19921875,51983.0,51816.94921875,51951.94921875,0.0
2024-09-13 14:15:00+0530,51948.30078125,51994.1015625,51872.05078125,51957.0,0.0
2024-09-13 15:15:00+0530,51956.75,51974.6015625,51879.19921875,51896.6015625,0.0
2024-09-16 09:15:00+0530,52055.1015625,52191.69921875,51952.30078125,52129.80078125,0.0
2024-09-16 10:15:00+0530,52126.8984375,52169.5,52073.8515625,52097.3515625,0.0
2024-09-16 11:15:00+0530,52100.1015625,52131.80078125,52046.94921875,52065.6015625,0.0
2024-09-16 12:15:00+0530,52064.44921875,52123.30078125,52007.6015625,52116.75,0.0
2024-09-16 13:15:00+0530,52118.19921875,52203.6484375,52113.6484375,52157.69921875,0.0
2024-09-16 14:15:00+0530,52158.8984375,52201.8984375,52094.19921875,52143.69921875,0.0
2024-09-16 15:15:00+0530,52141.30078125,52176.19921875,52138.94921875,52153.8515625,0.0
2024-09-17 09:15:00+0530,52182.80078125,52284.19921875,52088.44921875,52166.30078125,0.0
2024-09-17 10:15:00+0530,52166.94921875,52232.94921875,52115.44921875,52184.75,0.0
2024-09-17 11:15:00+0530,52196.69921875,52268.55078125,52179.1484375,52216.30078125,0.0
2024-09-17 12:15:00+0530,52209.25,52271.44921875,52208.3984375,52258.44921875,0.0
2024-09-17 13:15:00+0530,52259.6015625,52270.30078125,52207.8984375,52233.44921875,0.0
2024-09-17 14:15:00+0530,52229.8515625,52262.44921875,52164.05078125,52174.25,0.0
2024-09-17 15:15:00+0530,52174.19921875,52194.80078125,52128.80078125,52144.6484375,0.0
2024-09-18 09:15:00+0530,52177.1015625,52484.55078125,52157.6015625,52442.5,0.0
2024-09-18 10:15:00+0530,52440.55078125,52741.3984375,52433.3984375,52671.94921875,0.0
2024-09-18 11:15:00+0530,52669.6484375,52793.44921875,52660.0,52773.80078125,0.0
2024-09-18 12:15:00+0530,52767.44921875,52951.30078125,52761.69921875,52795.3984375,0.0
2024-09-18 13:15:00+0530,52794.1484375,52830.19921875,52647.55078125,52810.0,0.0
2024-09-18 14:15:00+0530,52807.69921875,52859.05078125,52727.80078125,52794.44921875,0.0
2024-09-18 15:15:00+0530,52788.6015625,52792.80078125,52622.80078125,52633.1015625,0.0
2024-09-19 09:15:00+0530,52935.94921875,53351.25,52912.19921875,53060.80078125,0.0
2024-09-19 10:15:00+0530,53064.94921875,53203.3515625,53024.94921875,53149.19921875,0.0
2024-09-19 11:15:00+0530,53150.6484375,53159.75,52848.5,52977.0,0.0
2024-09-19 12:15:00+0530,52978.69921875,53110.3515625,52885.8515625,52967.75,0.0
2024-09-19 13:15:00+0530,52967.05078125,53021.1484375,52882.05078125,52970.05078125,0.0
2024-09-19 14:15:00+0530,52969.0,53081.55078125,52916.3515625,53053.1484375,0.0
2024-09-19 15:15:00+0530,53055.05078125,53102.19921875,53013.3984375,53045.1484375,0.0
2024-09-20 09:15:00+0530,53256.80078125,53432.8984375,53042.19921875,53348.19921875,0.0
2024-09-20 10:15:00+0530,53352.8984375,53553.94921875,53296.8515625,53535.44921875,0.0
2024-09-20 11:15:00+0530,53535.44921875,53638.6015625,53453.94921875,53598.0,0.0
2024-09-20 12:15:00+0530,53598.55078125,53706.1015625,53545.94921875,53649.1015625,0.0
2024-09-20 13:15:00+0530,53644.30078125,53676.6015625,53095.05078125,53410.19921875,0.0
2024-09-20 14:15:00+0530,53414.3984375,53851.25,53246.0,53826.80078125,0.0
2024-09-20 15:15:00+0530,53828.1015625,54065.1484375,53778.6015625,53937.1484375,0.0
2024-09-23 09:15:00+0530,53872.69921875,53985.80078125,53754.6015625,53934.3515625,0.0
2024-09-23 10:15:00+0530,53935.5,53983.75,53868.3515625,53966.5,0.0
2024-09-23 11:15:00+0530,53968.55078125,53994.3515625,53891.44921875,53952.30078125,0.0
2024-09-23 12:15:00+0530,53954.44921875,54051.19921875,53935.5,54024.8984375,0.0
2024-09-23 13:15:00+0530,54027.05078125,54091.6484375,54008.44921875,54069.6484375,0.0
2024-09-23 14:15:00+0530,54075.6484375,54195.30078125,54039.8515625,54080.75,0.0
2024-09-23 15:15:00+0530,54088.8515625,54120.55078125,54042.8984375,54076.30078125,0.0
2024-09-24 09:15:00+0530,54111.1484375,54157.44921875,53965.8515625,54069.94921875,0.0
2024-09-24 10:15:00+0530,54066.80078125,54119.8515625,53966.44921875,53985.55078125,0.0
2024-09-24 11:15:00+0530,53984.3984375,54033.6015625,53941.0,54021.3984375,0.0
2024-09-24 12:15:00+0530,54021.69921875,54127.6484375,54016.69921875,54105.25,0.0
2024-09-24 13:15:00+0530,54107.05078125,54151.3984375,54055.5,54105.75,0.0
2024-09-24 14:15:00+0530,54108.3984375,54237.5,53904.6484375,53978.6015625,0.0
2024-09-24 15:15:00+0530,53977.1015625,54028.55078125,53951.3984375,53971.25,0.0
2024-09-25 09:15:00+0530,53793.8515625,54030.25,53793.8515625,53951.6015625,0.0
2024-09-25 10:15:00+0530,53953.75,54082.8984375,53949.6015625,54009.8984375,0.0
2024-09-25 11:15:00+0530,54013.3984375,54056.55078125,53979.94921875,54026.44921875,0.0
2024-09-25 12:15:00+0530,54021.1015625,54062.19921875,53989.8515625,54035.0,0.0
2024-09-25 13:15:00+0530,54032.0,54092.75,54029.69921875,54075.6015625,0.0
2024-09-25 14:15:00+0530,54076.8515625,54139.3984375,54028.3984375,54114.55078125,0.0
2024-09-25 15:15:00+0530,54105.44921875,54136.3515625,54060.6484375,54135.75,0.0
2024-09-26 09:15:00+0530,54045.8515625,54177.19921875,54015.55078125,54140.55078125,0.0
2024-09-26 10:15:00+0530,54141.05078125,54200.80078125,54111.69921875,54148.75,0.0
2024-09-26 11:15:00+0530,54148.75,54241.3515625,54122.6484375,54233.8984375,0.0
2024-09-26 12:15:00+0530,54231.3984375,54261.44921875,54122.19921875,54149.75,0.0
2024-09-26 13:15:00+0530,54154.55078125,54225.80078125,54084.8984375,54170.5,0.0
2024-09-26 14:15:00+0530,54176.1484375,54464.94921875,54174.44921875,54324.6015625,0.0
2024-09-26 15:15:00+0530,54321.8984375,54356.3515625,54243.75,54281.5,0.0
2024-09-27 09:15:00+0530,54264.80078125,54326.0,54173.3515625,54295.6484375,0.0
2024-09-27 10:15:00+0530,54290.44921875,54327.44921875,54173.55078125,54216.0,0.0
2024-09-27 11:15:00+0530,54217.8984375,54231.30078125,54149.0,54184.69921875,0.0
2024-09-27 12:15:00+0530,54184.3984375,54188.1484375,53947.3515625,53974.6015625,0.0
2024-09-27 13:15:00+0530,53971.55078125,53978.8984375,53831.44921875,53903.25,0.0
2024-09-27 14:15:00+0530,53895.5,53945.1015625,53770.55078125,53833.0,0.0
2024-09-27 15:15:00+0530,53834.75,53876.69921875,53787.5,53834.30078125,0.0
2024-09-30 09:15:00+0530,53528.6015625,53716.25,53110.1015625,53240.8515625,0.0
2024-09-30 10:15:00+0530,53242.8515625,53357.6015625,53184.30078125,53247.30078125,0.0
2024-09-30 11:15:00+0530,53249.25,53301.5,53075.8984375,53103.1484375,0.0
2024-09-30 12:15:00+0530,53097.94921875,53141.55078125,53040.55078125,53070.05078125,0.0
2024-09-30 13:15:00+0530,53070.6484375,53090.75,52956.1015625,53022.55078125,0.0
2024-09-30 14:15:00+0530,53011.05078125,53073.1015625,52932.1015625,53000.44921875,0.0
2024-09-30 15:15:00+0530,52999.75,53019.0,52963.75,52989.69921875,0.0
2024-10-01 09:15:00+0530,52911.1015625,53234.8515625,52908.75,52960.80078125,0.0
2024-10-01 10:15:00+0530,52965.69921875,53026.3984375,52818.55078125,52959.19921875,0.0
2024-10-01 11:15:00+0530,52960.3984375,53079.05078125,52943.80078125,52987.1015625,0.0
2024-10-01 12:15:00+0530,52984.55078125,53020.1484375,52923.80078125,52982.69921875,0.0
2024-10-01 13:15:00+0530,52980.6015625,53010.75,52949.0,52967.0,0.0
2024-10-01 14:15:00+0530,52965.75,52987.6484375,52859.5,52912.80078125,0.0
2024-10-01 15:15:00+0530,52913.6015625,52993.94921875,52882.69921875,52980.0,0.0
2024-10-03 09:15:00+0530,52432.80078125,52580.55078125,52313.1484375,52321.3984375,0.0
2024-10-03 10:15:00+0530,52323.0,52397.0,52226.6015625,52339.3984375,0.0
2024-10-03 11:15:00+0530,52339.30078125,52343.8984375,52139.19921875,52187.05078125,0.0
2024-10-03 12:15:00+0530,52187.1015625,52193.3984375,51937.75,51972.1015625,0.0
2024-10-03 13:15:00+0530,51969.94921875,51976.05078125,51697.6484375,51796.3515625,0.0
2024-10-03 14:15:00+0530,51795.1484375,51966.19921875,51688.1484375,51858.94921875,0.0
2024-10-03 15:15:00+0530,51857.05078125,51898.75,51815.30078125,51860.8515625,0.0
2024-10-04 09:15:00+0530,51721.05078125,52056.69921875,51672.05078125,51839.94921875,0.0
2024-10-04 10:15:00+0530,51834.6484375,52241.3984375,51770.3515625,52193.80078125,0.0
2024-10-04 11:15:00+0530,52188.0,52356.19921875,52035.44921875,52353.3515625,0.0
2024-10-04 12:15:00+0530,52351.6484375,52356.80078125,51645.0,51726.44921875,0.0
2024-10-04 13:15:00+0530,51726.0,51746.69921875,51461.8515625,51528.25,0.0
2024-10-04 14:15:00+0530,51527.0,51619.44921875,51347.25,51488.5,0.0
2024-10-04 15:15:00+0530,51488.1484375,51561.30078125,51483.19921875,51555.75,0.0
2024-10-07 09:15:00+0530,51543.19921875,51782.69921875,51420.6484375,51565.1484375,0.0
2024-10-07 10:15:00+0530,51563.94921875,51615.6015625,51113.8984375,51198.6015625,0.0
2024-10-07 11:15:00+0530,51195.30078125,51568.75,51012.6015625,51117.8984375,0.0
2024-10-07 12:15:00+0530,51114.30078125,51255.94921875,50691.8515625,50757.75,0.0
2024-10-07 13:15:00+0530,50766.05078125,50869.55078125,50210.69921875,50578.8515625,0.0
2024-10-07 14:15:00+0530,50573.1484375,51495.44921875,50323.3984375,50401.5,0.0
2024-10-07 15:15:00+0530,50407.8984375,50671.44921875,50387.75,50637.0,0.0
2024-10-08 09:15:00+0530,50760.30078125,51023.0,50467.44921875,50826.3515625,0.0
2024-10-08 10:15:00+0530,50826.19921875,51089.6015625,50779.25,51018.3515625,0.0
2024-10-08 11:15:00+0530,51018.55078125,51104.1484375,50941.5,51012.5,0.0
2024-10-08 12:15:00+0530,51005.8515625,51144.6484375,50909.19921875,51094.8515625,0.0
2024-10-08 13:15:00+0530,51093.44921875,51159.80078125,51038.05078125,51143.8515625,0.0
2024-10-08 14:15:00+0530,51143.75,51175.6484375,50943.1484375,51017.1484375,0.0
2024-10-08 15:15:00+0530,51017.8515625,51094.25,51011.75,51075.8515625,0.0
2024-10-09 09:15:00+0530,51119.1015625,51603.6484375,50911.75,51603.5,0.0
2024-10-09 10:15:00+0530,51593.6484375,51706.3515625,51177.05078125,51502.69921875,0.0
2024-10-09 11:15:00+0530,51494.69921875,51536.55078125,51047.19921875,51086.3984375,0.0
2024-10-09 12:15:00+0530,51091.6015625,51229.80078125,51040.6484375,51064.44921875,0.0
2024-10-09 13:15:00+0530,51057.3515625,51144.0,50986.8515625,51076.6015625,0.0
2024-10-09 14:15:00+0530,51079.3984375,51129.0,50906.69921875,51014.75,0.0
2024-10-09 15:15:00+0530,51017.0,51108.8984375,51009.6484375,51088.19921875,0.0
2024-10-10 09:15:00+0530,51227.75,51413.80078125,51047.0,51374.30078125,0.0
2024-10-10 10:15:00+0530,51375.30078125,51390.8984375,51224.0,51234.1015625,0.0
2024-10-10 11:15:00+0530,51242.44921875,51444.0,51216.94921875,51393.0,0.0
2024-10-10 12:15:00+0530,51393.1015625,51479.80078125,51363.8515625,51476.94921875,0.0
2024-10-10 13:15:00+0530,51478.3984375,51628.44921875,51446.6015625,51566.19921875,0.0
2024-10-10 14:15:00+0530,51561.19921875,51659.19921875,51515.94921875,51531.5,0.0
2024-10-10 15:15:00+0530,51530.3515625,51535.80078125,51493.1484375,51533.3984375,0.0
2024-10-11 09:15:00+0530,51525.5,51559.1015625,51275.3984375,51538.6484375,0.0
2024-10-11 10:15:00+0530,51537.8984375,51543.3515625,51174.44921875,51187.8984375,0.0
2024-10-11 11:15:00+0530,51189.1484375,51227.0,51006.19921875,51087.8984375,0.0
2024-10-11 12:15:00+0530,51088.5,51191.3984375,51083.44921875,51167.3984375,0.0
2024-10-11 13:15:00+0530,51166.3515625,51246.5,51111.1484375,51169.1484375,0.0
2024-10-11 14:15:00+0530,51164.25,51222.3984375,51113.25,51159.55078125,0.0
2024-10-11 15:15:00+0530,51160.55078125,51194.5,51151.80078125,51189.25,0.0
2024-10-14 09:15:00+0530,51263.25,51735.3984375,51230.6015625,51617.19921875,0.0
2024-10-14 10:15:00+0530,51615.0,51757.55078125,51615.0,51738.30078125,0.0
2024-10-14 11:15:00+0530,51741.25,51791.3984375,51695.3984375,51752.1484375,0.0
2024-10-14 12:15:00+0530,51752.1015625,51770.94921875,51670.69921875,51686.19921875,0.0
2024-10-14 13:15:00+0530,51687.30078125,51796.69921875,51669.44921875,51782.05078125,0.0
2024-10-14 14:15:00+0530,51784.8515625,51839.19921875,51747.94921875,51798.55078125,0.0
2024-10-14 15:15:00+0530,51798.8515625,51881.94921875,51792.8515625,51879.05078125,0.0
2024-10-15 09:15:00+0530,51954.1015625,52021.6484375,51709.1484375,51753.8515625,0.0
2024-10-15 10:15:00+0530,51756.3984375,51963.8515625,51737.75,51778.5,0.0
2024-10-15 11:15:00+0530,51778.80078125,51892.6484375,51700.44921875,51873.3515625,0.0
2024-10-15 12:15:00+0530,51874.0,51951.19921875,51815.05078125,51819.19921875,0.0
2024-10-15 13:15:00+0530,51815.80078125,51946.8984375,51807.94921875,51909.80078125,0.0
2024-10-15 14:15:00+0530,51909.30078125,51962.30078125,51797.05078125,51905.8515625,0.0
2024-10-15 15:15:00+0530,51906.0,51990.69921875,51886.8984375,51945.3984375,0.0
2024-10-16 09:15:00+0530,51711.19921875,52031.3515625,51711.19921875,51944.30078125,0.0
2024-10-16 10:15:00+0530,51944.30078125,51964.75,51882.94921875,51909.6015625,0.0
2024-10-16 11:15:00+0530,51905.8984375,51913.75,51831.6015625,51866.8984375,0.0
2024-10-16 12:15:00+0530,51867.6484375,51922.44921875,51856.30078125,51911.6015625,0.0
2024-10-16 13:15:00+0530,51911.44921875,51923.25,51840.30078125,51856.1484375,0.0
2024-10-16 14:15:00+0530,51854.5,51893.1015625,51766.0,51810.8984375,0.0
2024-10-16 15:15:00+0530,51810.3515625,51825.6484375,51770.0,51796.3984375,0.0
2024-10-17 09:15:00+0530,51843.94921875,51919.8515625,51352.19921875,51401.0,0.0
2024-10-17 10:15:00+0530,51398.05078125,51437.94921875,51240.30078125,51253.25,0.0
2024-10-17 11:15:00+0530,51254.0,51325.30078125,51150.25,51302.25,0.0
2024-10-17 12:15:00+0530,51308.6015625,51355.80078125,51186.69921875,51230.55078125,0.0
2024-10-17 13:15:00+0530,51231.44921875,51297.80078125,51178.3515625,51260.3515625,0.0
2024-10-17 14:15:00+0530,51257.94921875,51304.0,51209.30078125,51295.1484375,0.0
2024-10-17 15:15:00+0530,51295.1484375,51346.80078125,51247.8984375,51269.55078125,0.0
2024-10-18 09:15:00+0530,51261.0,51565.6484375,51001.0,51555.30078125,0.0
2024-10-18 10:15:00+0530,51555.0,51659.25,51459.0,51529.1484375,0.0
2024-10-18 11:15:00+0530,51533.6015625,51853.69921875,51489.55078125,51763.3984375,0.0
2024-10-18 12:15:00+0530,51767.3984375,51961.69921875,51767.25,51878.6484375,0.0
2024-10-18 13:15:00+0530,51876.80078125,52172.8984375,51868.6484375,52121.25,0.0
2024-10-18 14:15:00+0530,52117.6015625,52198.94921875,52021.94921875,52057.1015625,0.0
2024-10-18 15:15:00+0530,52074.3984375,52155.25,52059.6015625,52138.69921875,0.0
2024-10-21 09:15:00+0530,52358.1015625,52577.05078125,51947.3984375,52151.05078125,0.0
2024-10-21 10:15:00+0530,52155.1015625,52231.69921875,52042.30078125,52110.44921875,0.0
2024-10-21 11:15:00+0530,52114.6015625,52135.1015625,51913.3515625,51915.5,0.0
2024-10-21 12:15:00+0530,51913.69921875,52014.0,51880.3515625,51978.6484375,0.0
2024-10-21 13:15:00+0530,51975.1484375,52123.6015625,51968.5,52020.1015625,0.0
2024-10-21 14:15:00+0530,52019.0,52081.1484375,51919.1484375,51997.8515625,0.0
2024-10-21 15:15:00+0530,51998.8984375,51998.8984375,51857.05078125,51857.05078125,0.0
2024-10-22 09:15:00+0530,51995.1484375,52257.30078125,51859.19921875,52070.69921875,0.0
2024-10-22 10:15:00+0530,52069.80078125,52083.8984375,51724.94921875,51940.25,0.0
2024-10-22 11:15:00+0530,51941.80078125,51955.80078125,51514.8515625,51629.94921875,0.0
2024-10-22 12:15:00+0530,51627.30078125,51770.44921875,51447.05078125,51504.0,0.0
2024-10-22 13:15:00+0530,51505.1015625,51681.19921875,51411.75,51672.05078125,0.0
2024-10-22 14:15:00+0530,51676.25,51679.1484375,51188.0,51239.75,0.0
2024-10-22 15:15:00+0530,51237.8984375,51312.1484375,51189.8515625,51271.6015625,0.0
2024-10-23 09:15:00+0530,51195.75,51547.44921875,51110.75,51295.8984375,0.0
2024-10-23 10:15:00+0530,51298.0,51371.6484375,51167.1015625,51249.80078125,0.0
2024-10-23 11:15:00+0530,51245.8515625,51298.25,51167.3984375,51197.05078125,0.0
2024-10-23 12:15:00+0530,51198.25,51261.1015625,51165.94921875,51220.55078125,0.0
2024-10-23 13:15:00+0530,51218.25,51291.05078125,51191.44921875,51214.8515625,0.0
2024-10-23 14:15:00+0530,51216.75,51300.6015625,51164.30078125,51222.6484375,0.0
2024-10-23 15:15:00+0530,51221.6015625,51259.55078125,51158.19921875,51256.05078125,0.0
2024-10-24 09:15:00+0530,51272.30078125,51678.25,51202.3515625,51647.55078125,0.0
2024-10-24 10:15:00+0530,51647.30078125,51781.55078125,51554.44921875,51568.1484375,0.0
2024-10-24 11:15:00+0530,51567.6015625,51710.8515625,51559.94921875,51608.3515625,0.0
2024-10-24 12:15:00+0530,51609.6015625,51648.3515625,51504.1015625,51555.8984375,0.0
2024-10-24 13:15:00+0530,51555.6015625,51623.1015625,51493.75,51583.94921875,0.0
2024-10-24 14:15:00+0530,51583.1484375,51598.8984375,51411.30078125,51539.8515625,0.0
2024-10-24 15:15:00+0530,51539.05078125,51582.75,51522.8515625,51565.8984375,0.0
2024-10-25 09:15:00+0530,51369.75,51497.3515625,50587.94921875,50641.3515625,0.0
2024-10-25 10:15:00+0530,50647.25,50748.8984375,50443.1484375,50507.69921875,0.0
2024-10-25 11:15:00+0530,50515.3984375,50715.1484375,50510.6484375,50613.5,0.0
2024-10-25 12:15:00+0530,50617.75,50667.55078125,50545.8515625,50638.1015625,0.0
2024-10-25 13:15:00+0530,50638.69921875,50662.3984375,50450.30078125,50473.94921875,0.0
2024-10-25 14:15:00+0530,50481.05078125,50828.8984375,50382.1015625,50795.6484375,0.0
2024-10-25 15:15:00+0530,50800.8515625,50888.94921875,50798.1015625,50854.69921875,0.0
2024-10-28 09:15:00+0530,51137.05078125,51454.6015625,51032.1484375,51423.6484375,0.0
2024-10-28 10:15:00+0530,51421.19921875,51563.44921875,51254.8984375,51375.55078125,0.0
2024-10-28 11:15:00+0530,51376.25,51585.19921875,51305.8515625,51569.1484375,0.0
2024-10-28 12:15:00+0530,51568.55078125,51584.3984375,51350.0,51433.94921875,0.0
2024-10-28 13:15:00+0530,51443.3984375,51497.0,51296.8984375,51328.25,0.0
2024-10-28 14:15:00+0530,51328.3984375,51351.80078125,51157.44921875,51296.1015625,0.0
2024-10-28 15:15:00+0530,51293.6484375,51359.55078125,51254.44921875,51328.1484375,0.0
2024-10-29 09:15:00+0530,51440.1015625,51538.6484375,51281.0,51521.8515625,0.0
2024-10-29 10:15:00+0530,51522.8984375,51556.3984375,51331.75,51455.55078125,0.0
2024-10-29 11:15:00+0530,51456.8515625,51763.6484375,51375.8515625,51759.5,0.0
2024-10-29 12:15:00+0530,51761.30078125,51919.80078125,51701.8984375,51894.1484375,0.0
2024-10-29 13:15:00+0530,51903.25,52267.94921875,51785.94921875,52252.8984375,0.0
2024-10-29 14:15:00+0530,52253.05078125,52351.69921875,52188.3984375,52345.3984375,0.0
2024-10-29 15:15:00+0530,52343.05078125,52349.44921875,52263.19921875,52284.8515625,0.0
2024-10-30 09:15:00+0530,51978.3515625,52218.94921875,51817.44921875,51929.8515625,0.0
2024-10-30 10:15:00+0530,51930.30078125,52100.75,51735.75,51933.8515625,0.0
2024-10-30 11:15:00+0530,51934.69921875,52049.80078125,51896.6015625,51960.6015625,0.0
2024-10-30 12:15:00+0530,51959.05078125,52191.8515625,51941.44921875,51967.8984375,0.0
2024-10-30 13:15:00+0530,51969.55078125,51978.0,51805.55078125,51808.69921875,0.0
2024-10-30 14:15:00+0530,51797.80078125,51839.0,51742.69921875,51782.6484375,0.0
2024-10-30 15:15:00+0530,51778.6484375,51899.3984375,51757.25,51849.19921875,0.0
2024-10-31 09:15:00+0530,51666.6484375,52004.05078125,51666.6484375,51861.44921875,0.0
2024-10-31 10:15:00+0530,51859.0,51870.69921875,51736.1484375,51755.5,0.0
2024-10-31 11:15:00+0530,51755.19921875,51759.1015625,51629.80078125,51640.94921875,0.0
2024-10-31 12:15:00+0530,51640.75,51644.69921875,51341.55078125,51450.1484375,0.0
2024-10-31 13:15:00+0530,51450.05078125,51535.80078125,51340.3515625,51340.69921875,0.0
2024-10-31 14:15:00+0530,51341.75,51480.44921875,51318.1015625,51452.30078125,0.0
2024-10-31 15:15:00+0530,51452.80078125,51579.1015625,51450.55078125,51555.6015625,0.0
2024-11-04 09:15:00+0530,51742.69921875,51742.69921875,51275.30078125,51301.55078125,0.0
2024-11-04 10:15:00+0530,51301.3515625,51355.3515625,51094.94921875,51121.3984375,0.0
2024-11-04 11:15:00+0530,51121.55078125,51174.6484375,51067.19921875,51102.6484375,0.0
2024-11-04 12:15:00+0530,51096.3984375,51165.0,51069.8984375,51143.3984375,0.0
2024-11-04 13:15:00+0530,51143.05078125,51224.75,51108.6015625,51216.30078125,0.0
2024-11-04 14:15:00+0530,51210.8515625,51236.6015625,51141.80078125,51218.94921875,0.0
2024-11-04 15:15:00+0530,51218.1484375,51260.80078125,51181.1484375,51227.19921875,0.0
2024-11-05 09:15:00+0530,51052.30078125,51279.55078125,51052.30078125,51207.94921875,0.0
2024-11-05 10:15:00+0530,51206.94921875,51436.8515625,51028.75,51240.6015625,0.0
2024-11-05 11:15:00+0530,51238.3984375,51278.8515625,50869.69921875,51029.1015625,0.0
2024-11-05 12:15:00+0530,51030.55078125,51230.8515625,50922.75,51113.55078125,0.0
2024-11-05 13:15:00+0530,51112.8984375,52128.30078125,51100.19921875,52110.1015625,0.0
2024-11-05 14:15:00+0530,52112.5,52285.94921875,52059.6484375,52192.8984375,0.0
2024-11-05 15:15:00+0530,52190.19921875,52209.6484375,52094.3984375,52105.8515625,0.0
2024-11-06 09:15:00+0530,52443.8515625,52470.0,52267.1015625,52340.1484375,0.0
2024-11-06 10:15:00+0530,52341.44921875,52365.69921875,52199.25,52321.75,0.0
2024-11-06 11:15:00+0530,52320.3515625,52451.1484375,52306.3984375,52395.94921875,0.0
2024-11-06 12:15:00+0530,52395.94921875,52409.80078125,52326.69921875,52341.44921875,0.0
2024-11-06 13:15:00+0530,52338.25,52377.25,52284.25,52352.8984375,0.0
2024-11-06 14:15:00+0530,52355.1015625,52409.3984375,52232.3515625,52293.69921875,0.0
2024-11-06 15:15:00+0530,52294.55078125,52396.5,52293.75,52384.55078125,0.0
2024-11-07 09:15:00+0530,52258.94921875,52358.0,51774.1015625,51835.44921875,0.0
2024-11-07 10:15:00+0530,51839.1484375,52090.75,51755.3515625,51957.25,0.0
2024-11-07 11:15:00+0530,51958.1484375,51958.44921875,51775.94921875,51868.0,0.0
2024-11-07 12:15:00+0530,51869.30078125,52062.6484375,51824.6484375,52061.05078125,0.0
2024-11-07 13:15:00+0530,52061.8984375,52063.1015625,51853.1015625,51948.44921875,0.0
2024-11-07 14:15:00+0530,51950.80078125,51977.5,51858.8984375,51894.44921875,0.0
2024-11-07 15:15:00+0530,51893.6015625,51941.19921875,51868.94921875,51891.8984375,0.0
2024-11-08 09:15:00+0530,51869.1484375,52004.1484375,51609.75,51826.44921875,0.0
2024-11-08 10:15:00+0530,51825.3515625,51853.19921875,51560.0,51669.44921875,0.0
2024-11-08 11:15:00+0530,51668.6015625,51683.25,51495.3984375,51550.80078125,0.0
2024-11-08 12:15:00+0530,51550.0,51730.3984375,51542.94921875,51724.1015625,0.0
2024-11-08 13:15:00+0530,51725.80078125,51862.1484375,51606.80078125,51631.3515625,0.0
2024-11-08 14:15:00+0530,51630.6484375,51673.75,51505.0,51550.05078125,0.0
2024-11-08 15:15:00+0530,51550.69921875,51586.3515625,51501.80078125,51532.1484375,0.0
2024-11-11 09:15:00+0530,51559.5,51673.30078125,51295.1484375,51545.94921875,0.0
2024-11-11 10:15:00+0530,51545.30078125,52103.1484375,51522.3515625,52100.1015625,0.0
2024-11-11 11:15:00+0530,52103.1484375,52176.8984375,52042.94921875,52091.19921875,0.0
2024-11-11 12:15:00+0530,52091.55078125,52109.5,51963.5,52044.1015625,0.0
2024-11-11 13:15:00+0530,52046.69921875,52078.6015625,51831.69921875,51832.94921875,0.0
2024-11-11 14:15:00+0530,51830.6015625,51965.1015625,51767.75,51940.80078125,0.0
2024-11-11 15:15:00+0530,51945.75,51958.55078125,51799.25,51812.3515625,0.0
2024-11-12 09:15:00+0530,52057.3515625,52168.25,51782.6015625,51964.25,0.0
2024-11-12 10:15:00+0530,51966.6015625,52008.05078125,51590.25,51777.94921875,0.0
2024-11-12 11:15:00+0530,51773.19921875,51873.6015625,51686.69921875,51725.3515625,0.0
2024-11-12 12:15:00+0530,51724.44921875,51765.1015625,51235.6484375,51292.19921875,0.0
2024-11-12 13:15:00+0530,51292.1484375,51364.25,51127.3515625,51230.55078125,0.0
2024-11-12 14:15:00+0530,51226.44921875,51337.1484375,51013.6015625,51100.75,0.0
2024-11-12 15:15:00+0530,51103.25,51205.0,51100.8984375,51121.30078125,0.0
2024-11-13 09:15:00+0530,51044.69921875,51352.75,50867.0,50895.6015625,0.0
2024-11-13 10:15:00+0530,50895.5,51047.8984375,50700.8515625,50707.0,0.0
2024-11-13 11:15:00+0530,50705.05078125,50746.3984375,50620.8515625,50665.8515625,0.0
2024-11-13 12:15:00+0530,50665.94921875,50770.3984375,50629.55078125,50697.6484375,0.0
2024-11-13 13:15:00+0530,50680.3515625,50853.6015625,50543.3984375,50587.30078125,0.0
2024-11-13 14:15:00+0530,50590.25,50593.6015625,49906.05078125,50072.1484375,0.0
2024-11-13 15:15:00+0530,50070.55078125,50340.1484375,50070.55078125,50290.5,0.0
2024-11-14 09:15:00+0530,50066.0,50559.55078125,50066.0,50471.5,0.0
2024-11-14 10:15:00+0530,50465.25,50544.5,49971.0,50002.94921875,0.0
2024-11-14 11:15:00+0530,49975.1015625,50364.94921875,49966.5,50353.75,0.0
2024-11-14 12:15:00+0530,50354.80078125,50357.69921875,50165.19921875,50306.0,0.0
2024-11-14 13:15:00+0530,50305.75,50345.19921875,50145.44921875,50212.55078125,0.0
2024-11-14 14:15:00+0530,50214.55078125,50245.75,50078.3515625,50184.3984375,0.0
2024-11-14 15:15:00+0530,50187.94921875,50244.5,50172.25,50239.19921875,0.0
2024-11-18 09:15:00+0530,50313.3984375,50366.8984375,50077.6015625,50263.55078125,0.0
2024-11-18 10:15:00+0530,50256.8984375,50320.5,50176.94921875,50232.3984375,0.0
2024-11-18 11:15:00+0530,50232.75,50407.44921875,50225.69921875,50387.0,0.0
2024-11-18 12:15:00+0530,50387.3984375,50445.6484375,50324.75,50399.69921875,0.0
2024-11-18 13:15:00+0530,50399.5,50406.6484375,50320.3515625,50372.94921875,0.0
2024-11-18 14:15:00+0530,50372.3984375,50398.6484375,50296.25,50390.3515625,0.0
2024-11-18 15:15:00+0530,50389.8515625,50434.25,50311.05078125,50361.8515625,0.0
2024-11-19 09:15:00+0530,50577.19921875,50837.3515625,50453.25,50780.05078125,0.0
2024-11-19 10:15:00+0530,50778.55078125,50925.8984375,50754.94921875,50920.3515625,0.0
2024-11-19 11:15:00+0530,50918.19921875,50963.1015625,50837.1484375,50883.30078125,0.0
2024-11-19 12:15:00+0530,50881.55078125,50957.3984375,50861.6015625,50947.6484375,0.0
2024-11-19 13:15:00+0530,50943.8515625,50983.5,50805.8984375,50835.5,0.0
2024-11-19 14:15:00+0530,50835.8515625,50876.44921875,50590.19921875,50611.25,0.0
2024-11-19 15:15:00+0530,50608.6484375,50661.0,50443.75,50466.0,0.0
2024-11-21 09:15:00+0530,50628.55078125,50628.55078125,49789.3515625,50026.05078125,0.0
2024-11-21 10:15:00+0530,50024.8984375,50218.6484375,49981.69921875,50158.94921875,0.0
2024-11-21 11:15:00+0530,50161.8984375,50549.8515625,50145.75,50459.44921875,0.0
2024-11-21 12:15:00+0530,50460.5,50531.69921875,50162.6484375,50330.80078125,0.0
2024-11-21 13:15:00+0530,50326.30078125,50479.25,50297.19921875,50404.0,0.0
2024-11-21 14:15:00+0530,50402.55078125,50470.55078125,50249.55078125,50373.3984375,0.0
2024-11-21 15:15:00+0530,50376.5,50476.30078125,50364.44921875,50448.0,0.0
2024-11-22 09:15:00+0530,50555.80078125,50981.80078125,50526.69921875,50913.69921875,0.0
2024-11-22 10:15:00+0530,50913.0,50937.6015625,50608.69921875,50743.8515625,0.0
2024-11-22 11:15:00+0530,50739.6015625,51031.94921875,50662.44921875,50951.80078125,0.0
2024-11-22 12:15:00+0530,50951.30078125,51048.69921875,50914.30078125,50987.8515625,0.0
2024-11-22 13:15:00+0530,50985.8515625,51250.1484375,50894.05078125,51162.44921875,0.0
2024-11-22 14:15:00+0530,51166.44921875,51271.5,51040.05078125,51141.1015625,0.0
2024-11-22 15:15:00+0530,51141.0,51151.69921875,51043.55078125,51098.55078125,0.0
2024-11-25 09:15:00+0530,52055.75,52254.5,51801.55078125,52119.44921875,0.0
2024-11-25 10:15:00+0530,52119.8515625,52286.80078125,52117.0,52243.5,0.0
2024-11-25 11:15:00+0530,52246.94921875,52295.44921875,52172.0,52243.6015625,0.0
2024-11-25 12:15:00+0530,52243.3515625,52249.8515625,51944.8984375,52039.6015625,0.0
2024-11-25 13:15:00+0530,52039.8515625,52116.8515625,51986.3984375,52036.75,0.0
2024-11-25 14:15:00+0530,52036.1015625,52232.1015625,51998.25,52195.3515625,0.0
2024-11-25 15:15:00+0530,52195.05078125,52315.1484375,52159.30078125,52199.3984375,0.0
2024-11-26 09:15:00+0530,52477.8984375,52477.8984375,52119.5,52240.5,0.0
2024-11-26 10:15:00+0530,52237.1015625,52237.1015625,52005.3515625,52091.3515625,0.0
2024-11-26 11:15:00+0530,52085.6484375,52170.3515625,52055.1484375,52113.5,0.0
2024-11-26 12:15:00+0530,52114.69921875,52163.44921875,52075.75,52094.6015625,0.0
2024-11-26 13:15:00+0530,52098.19921875,52163.44921875,52069.05078125,52116.69921875,0.0
2024-11-26 14:15:00+0530,52116.1484375,52231.8515625,52111.25,52212.6015625,0.0
2024-11-26 15:15:00+0530,52215.1484375,52231.19921875,52158.94921875,52178.5,0.0
2024-11-27 09:15:00+0530,52209.94921875,52289.3515625,52019.6484375,52125.69921875,0.0
2024-11-27 10:15:00+0530,52125.8984375,52188.8984375,52034.55078125,52137.44921875,0.0
2024-11-27 11:15:00+0530,52136.3515625,52391.05078125,52112.19921875,52331.44921875,0.0
2024-11-27 12:15:00+0530,52331.05078125,52442.80078125,52319.1015625,52390.6484375,0.0
2024-11-27 13:15:00+0530,52386.1484375,52418.44921875,52324.44921875,52330.25,0.0
2024-11-27 14:15:00+0530,52333.05078125,52388.0,52265.8984375,52302.30078125,0.0
2024-11-27 15:15:00+0530,52302.0,52317.94921875,52271.30078125,52302.55078125,0.0
2024-11-28 09:15:00+0530,52406.94921875,52759.69921875,52364.8984375,52706.8515625,0.0
2024-11-28 10:15:00+0530,52706.55078125,52718.19921875,52119.80078125,52168.8515625,0.0
2024-11-28 11:15:00+0530,52169.25,52248.75,52023.19921875,52153.55078125,0.0
2024-11-28 12:15:00+0530,52154.1015625,52224.55078125,51910.94921875,51927.69921875,0.0
2024-11-28 13:15:00+0530,51924.44921875,52117.3984375,51784.1015625,51908.55078125,0.0
2024-11-28 14:15:00+0530,51906.30078125,52005.6484375,51821.6015625,51912.8515625,0.0
2024-11-28 15:15:00+0530,51913.8515625,51987.94921875,51912.3515625,51983.3984375,0.0
2024-11-29 09:15:00+0530,52026.3515625,52168.5,51825.6484375,51825.80078125,0.0
2024-11-29 10:15:00+0530,51824.8984375,52085.80078125,51779.3984375,51969.3984375,0.0
2024-11-29 11:15:00+0530,51975.80078125,52012.75,51760.44921875,51889.6015625,0.0
2024-11-29 12:15:00+0530,51889.0,51926.5,51811.6015625,51884.80078125,0.0
2024-11-29 13:15:00+0530,51885.05078125,52071.75,51868.3984375,51977.55078125,0.0
2024-11-29 14:15:00+0530,51977.1484375,52122.55078125,51951.25,52044.0,0.0
2024-11-29 15:15:00+0530,52044.94921875,52095.25,51998.05078125,52023.8515625,0.0
2024-12-02 09:15:00+0530,52071.55078125,52088.0,51697.0,51807.25,0.0
2024-12-02 10:15:00+0530,51805.3515625,51927.3515625,51736.69921875,51822.05078125,0.0
2024-12-02 11:15:00+0530,51822.8984375,51880.3515625,51770.05078125,51794.44921875,0.0
2024-12-02 12:15:00+0530,51796.94921875,51908.8515625,51789.8515625,51846.3984375,0.0
2024-12-02 13:15:00+0530,51846.3515625,52011.0,51796.69921875,52005.8984375,0.0
2024-12-02 14:15:00+0530,52004.6484375,52197.19921875,51999.3515625,52118.94921875,0.0
2024-12-02 15:15:00+0530,52118.69921875,52123.69921875,52045.55078125,52118.3515625,0.0
2024-12-03 09:15:00+0530,52371.8515625,52538.1015625,52220.3984375,52515.19921875,0.0
2024-12-03 10:15:00+0530,52517.6484375,52709.05078125,52512.30078125,52681.75,0.0
2024-12-03 11:15:00+0530,52679.05078125,52746.3984375,52599.6484375,52635.80078125,0.0
2024-12-03 12:15:00+0530,52634.19921875,52698.5,52563.19921875,52651.80078125,0.0
2024-12-03 13:15:00+0530,52650.75,52733.05078125,52615.69921875,52706.25,0.0
2024-12-03 14:15:00+0530,52706.5,52780.6484375,52655.25,52684.80078125,0.0
2024-12-03 15:15:00+0530,52685.1015625,52720.55078125,52661.1484375,52661.1484375,0.0
2024-12-04 09:15:00+0530,52759.05078125,53075.0,52688.8515625,53031.80078125,0.0
2024-12-04 10:15:00+0530,53031.80078125,53180.55078125,52927.8515625,53134.6015625,0.0
2024-12-04 11:15:00+0530,53134.80078125,53193.5,52884.75,53018.6015625,0.0
2024-12-04 12:15:00+0530,53018.19921875,53128.6484375,52969.69921875,53112.3984375,0.0
2024-12-04 13:15:00+0530,53119.30078125,53371.94921875,53110.5,53358.05078125,0.0
2024-12-04 14:15:00+0530,53364.5,53386.25,53204.30078125,53275.8984375,0.0
2024-12-04 15:15:00+0530,53279.05078125,53294.6015625,53223.6484375,53235.8984375,0.0
2024-12-05 09:15:00+0530,53354.44921875,53363.19921875,53008.0,53032.6015625,0.0
2024-12-05 10:15:00+0530,53038.30078125,53159.94921875,52852.55078125,52953.19921875,0.0
2024-12-05 11:15:00+0530,52950.3515625,53505.3984375,52909.19921875,53484.5,0.0
2024-12-05 12:15:00+0530,53475.80078125,53647.44921875,53452.6484375,53609.94921875,0.0
2024-12-05 13:15:00+0530,53614.80078125,53728.1484375,53461.3515625,53704.25,0.0
2024-12-05 14:15:00+0530,53708.6015625,53887.0,53271.69921875,53659.6015625,0.0
2024-12-05 15:15:00+0530,53661.44921875,53671.6015625,53581.05078125,53606.75,0.0
2024-12-06 09:15:00+0530,53659.80078125,53676.1015625,53163.8984375,53318.1015625,0.0
2024-12-06 10:15:00+0530,53313.55078125,53864.30078125,53178.25,53697.80078125,0.0
2024-12-06 11:15:00+0530,53702.44921875,53709.69921875,53544.8984375,53631.30078125,0.0
2024-12-06 12:15:00+0530,53631.8984375,53664.94921875,53549.94921875,53615.55078125,0.0
2024-12-06 13:15:00+0530,53614.44921875,53637.55078125,53544.80078125,53578.6015625,0.0
2024-12-06 14:15:00+0530,53575.3984375,53598.44921875,53492.8984375,53532.25,0.0
2024-12-06 15:15:00+0530,53533.5,53572.05078125,53472.30078125,53487.0,0.0
2024-12-09 09:15:00+0530,53378.6484375,53668.6015625,53378.6484375,53408.69921875,0.0
2024-12-09 10:15:00+0530,53412.1484375,53598.69921875,53406.8984375,53589.75,0.0
2024-12-09 11:15:00+0530,53587.19921875,53774.94921875,53573.6484375,53632.3984375,0.0
2024-12-09 12:15:00+0530,53632.3984375,53667.5,53554.80078125,53616.1484375,0.0
2024-12-09 13:15:00+0530,53615.25,53650.69921875,53470.1484375,53500.3984375,0.0
2024-12-09 14:15:00+0530,53499.8515625,53536.25,53363.6484375,53369.55078125,0.0
2024-12-09 15:15:00+0530,53371.3984375,53446.8515625,53370.6484375,53415.5,0.0
2024-12-10 09:15:00+0530,53436.0,53596.30078125,53352.6484375,53531.69921875,0.0
2024-12-10 10:15:00+0530,53532.6484375,53550.69921875,53417.8515625,53519.3984375,0.0
2024-12-10 11:15:00+0530,53520.1015625,53579.69921875,53494.6015625,53526.3984375,0.0
2024-12-10 12:15:00+0530,53528.1015625,53528.1015625,53302.69921875,53411.19921875,0.0
2024-12-10 13:15:00+0530,53412.1015625,53432.1484375,53303.30078125,53403.80078125,0.0
2024-12-10 14:15:00+0530,53403.8984375,53600.55078125,53369.5,53568.19921875,0.0
2024-12-10 15:15:00+0530,53567.80078125,53623.75,53550.1015625,53604.75,0.0
2024-12-11 09:15:00+0530,53527.8984375,53527.8984375,53331.1015625,53393.19921875,0.0
2024-12-11 10:15:00+0530,53393.8515625,53530.19921875,53303.8515625,53495.05078125,0.0
2024-12-11 11:15:00+0530,53497.05078125,53647.5,53455.55078125,53559.25,0.0
2024-12-11 12:15:00+0530,53557.5,53593.1484375,53444.94921875,53484.30078125,0.0
2024-12-11 13:15:00+0530,53484.6484375,53550.6484375,53463.8515625,53513.94921875,0.0
2024-12-11 14:15:00+0530,53515.5,53541.3515625,53341.5,53429.6484375,0.0
2024-12-11 15:15:00+0530,53426.0,53435.1015625,53369.1484375,53392.25,0.0
2024-12-12 09:15:00+0530,53201.0,53536.94921875,53201.0,53374.0,0.0
2024-12-12 10:15:00+0530,53373.1015625,53444.5,53334.8984375,53360.8984375,0.0
2024-12-12 11:15:00+0530,53360.75,53415.6484375,53227.8515625,53248.19921875,0.0
2024-12-12 12:15:00+0530,53247.8515625,53298.8984375,53199.55078125,53231.1484375,0.0
2024-12-12 13:15:00+0530,53235.1015625,53275.69921875,53175.0,53246.25,0.0
2024-12-12 14:15:00+0530,53246.3515625,53282.6015625,53181.19921875,53211.6015625,0.0
2024-12-12 15:15:00+0530,53215.6015625,53265.6484375,53205.0,53224.8515625,0.0
2024-12-13 09:15:00+0530,53109.80078125,53208.1484375,52671.19921875,52684.75,0.0
2024-12-13 10:15:00+0530,52685.30078125,52685.30078125,52264.6484375,52450.6015625,0.0
2024-12-13 11:15:00+0530,52460.6484375,53119.6484375,52409.69921875,53019.8984375,0.0
2024-12-13 12:15:00+0530,53019.3515625,53312.75,52936.1484375,53226.80078125,0.0
2024-12-13 13:15:00+0530,53223.75,53452.69921875,53080.05078125,53367.80078125,0.0
2024-12-13 14:15:00+0530,53362.19921875,53640.3515625,53353.8984375,53606.25,0.0
2024-12-13 15:15:00+0530,53605.30078125,53653.55078125,53570.0,53630.55078125,0.0
2024-12-16 09:15:00+0530,53501.05078125,53738.8984375,53387.30078125,53633.69921875,0.0
2024-12-16 10:15:00+0530,53633.80078125,53633.8515625,53402.94921875,53413.6484375,0.0
2024-12-16 11:15:00+0530,53413.75,53501.6015625,53358.8984375,53363.6484375,0.0
2024-12-16 12:15:00+0530,53364.5,53546.19921875,53335.5,53531.8984375,0.0
2024-12-16 13:15:00+0530,53532.05078125,53639.05078125,53493.8515625,53578.19921875,0.0
2024-12-16 14:15:00+0530,53579.44921875,53675.05078125,53541.8515625,53574.69921875,0.0
2024-12-16 15:15:00+0530,53573.8984375,53588.80078125,53490.8984375,53490.8984375,0.0
2024-12-17 09:15:00+0530,53393.80078125,53511.8984375,53167.0,53240.80078125,0.0
2024-12-17 10:15:00+0530,53240.69921875,53276.55078125,52950.5,53173.8515625,0.0
2024-12-17 11:15:00+0530,53174.8984375,53230.75,52803.6484375,52839.6015625,0.0
2024-12-17 12:15:00+0530,52838.94921875,53038.25,52774.6015625,52874.3984375,0.0
2024-12-17 13:15:00+0530,52870.05078125,52906.25,52738.05078125,52791.3515625,0.0
2024-12-17 14:15:00+0530,52794.69921875,52911.8984375,52713.8515625,52806.6484375,0.0
2024-12-17 15:15:00+0530,52805.80078125,52860.30078125,52782.8515625,52789.94921875,0.0
2024-12-18 09:15:00+0530,52696.94921875,52827.1484375,52379.75,52388.8984375,0.0
2024-12-18 10:15:00+0530,52386.55078125,52541.25,52231.1015625,52305.75,0.0
2024-12-18 11:15:00+0530,52305.1015625,52369.0,52186.0,52220.8984375,0.0
2024-12-18 12:15:00+0530,52218.75,52339.1484375,52146.75,52288.05078125,0.0
2024-12-18 13:15:00+0530,52285.1015625,52322.1484375,52085.55078125,52113.6015625,0.0
2024-12-18 14:15:00+0530,52114.19921875,52155.1015625,52011.5,52099.05078125,0.0
2024-12-18 15:15:00+0530,52096.30078125,52225.6015625,52095.3984375,52205.44921875,0.0
2024-12-19 09:15:00+0530,51446.30078125,51655.19921875,51269.75,51460.0,0.0
2024-12-19 10:15:00+0530,51463.55078125,51586.30078125,51397.0,51486.6015625,0.0
2024-12-19 11:15:00+0530,51485.94921875,51788.1015625,51485.30078125,51683.55078125,0.0
2024-12-19 12:15:00+0530,51683.55078125,51697.19921875,51574.30078125,51597.1484375,0.0
2024-12-19 13:15:00+0530,51596.75,51599.3515625,51461.55078125,51540.3515625,0.0
2024-12-19 14:15:00+0530,51544.6015625,51626.94921875,51474.8984375,51578.6015625,0.0
2024-12-19 15:15:00+0530,51575.8984375,51621.0,51549.6484375,51610.94921875,0.0
2024-12-20 09:15:00+0530,51433.5,51628.0,51113.69921875,51194.05078125,0.0
2024-12-20 10:15:00+0530,51196.05078125,51450.75,51166.6015625,51410.8984375,0.0
2024-12-20 11:15:00+0530,51415.69921875,51483.94921875,51314.6484375,51366.1015625,0.0
2024-12-20 12:15:00+0530,51363.8984375,51363.8984375,51077.0,51129.75,0.0
2024-12-20 13:15:00+0530,51131.94921875,51217.6484375,50881.30078125,50906.8984375,0.0
2024-12-20 14:15:00+0530,50904.30078125,50999.8984375,50613.05078125,50688.3515625,0.0
2024-12-20 15:15:00+0530,50690.94921875,50915.3515625,50686.8515625,50872.44921875,0.0
2024-12-23 09:15:00+0530,51054.8984375,51410.1015625,51042.8984375,51354.5,0.0
2024-12-23 10:15:00+0530,51361.6484375,51416.8515625,51270.75,51360.05078125,0.0
2024-12-23 11:15:00+0530,51359.30078125,51395.25,51218.0,51275.6484375,0.0
2024-12-23 12:15:00+0530,51274.75,51301.5,51118.80078125,51172.55078125,0.0
2024-12-23 13:15:00+0530,51172.69921875,51265.55078125,51144.6484375,51219.1484375,0.0
2024-12-23 14:15:00+0530,51221.5,51340.44921875,51211.5,51334.69921875,0.0
2024-12-23 15:15:00+0530,51331.30078125,51353.1484375,51287.25,51306.8984375,0.0
2024-12-24 09:15:00+0530,51351.6484375,51365.94921875,51138.25,51249.94921875,0.0
2024-12-24 10:15:00+0530,51249.0,51292.19921875,51199.1484375,51259.19921875,0.0
2024-12-24 11:15:00+0530,51259.6015625,51297.69921875,51176.94921875,51231.3515625,0.0
2024-12-24 12:15:00+0530,51234.19921875,51313.30078125,51194.3984375,51229.19921875,0.0
2024-12-24 13:15:00+0530,51231.1484375,51263.44921875,51168.44921875,51246.19921875,0.0
2024-12-24 14:15:00+0530,51244.6015625,51263.6484375,51172.75,51199.1484375,0.0
2024-12-24 15:15:00+0530,51190.8515625,51306.44921875,51190.8515625,51288.75,0.0
2024-12-26 09:15:00+0530,51400.6484375,51736.6484375,51247.6484375,51265.5,0.0
2024-12-26 10:15:00+0530,51263.19921875,51348.1015625,51046.0,51236.3515625,0.0
2024-12-26 11:15:00+0530,51238.8984375,51294.5,51120.55078125,51150.8984375,0.0
2024-12-26 12:15:00+0530,51153.75,51174.55078125,51061.8515625,51133.55078125,0.0
2024-12-26 13:15:00+0530,51135.30078125,51193.6015625,50952.3984375,51165.30078125,0.0
2024-12-26 14:15:00+0530,51164.75,51190.44921875,51106.1015625,51164.25,0.0
2024-12-26 15:15:00+0530,51168.05078125,51266.19921875,51157.25,51213.0,0.0
2024-12-27 09:15:00+0530,51281.5,51627.5,51272.0,51609.6484375,0.0
2024-12-27 10:15:00+0530,51612.3984375,51621.69921875,51478.19921875,51564.55078125,0.0
2024-12-27 11:15:00+0530,51565.1015625,51571.19921875,51340.44921875,51340.44921875,0.0
2024-12-27 12:15:00+0530,51340.8984375,51351.3984375,51241.05078125,51321.44921875,0.0
2024-12-27 13:15:00+0530,51320.30078125,51388.6015625,51281.75,51311.6484375,0.0
2024-12-27 14:15:00+0530,51311.5,51348.44921875,51253.05078125,51291.94921875,0.0
2024-12-27 15:15:00+0530,51294.3984375,51371.55078125,51280.25,51347.75,0.0
2024-12-30 09:15:00+0530,51270.30078125,51448.3984375,51173.05078125,51434.19921875,0.0
2024-12-30 10:15:00+0530,51434.19921875,51542.80078125,51371.1484375,51403.80078125,0.0
2024-12-30 11:15:00+0530,51399.8515625,51979.30078125,51389.8515625,51872.94921875,0.0
2024-12-30 12:15:00+0530,51873.3984375,51895.75,51237.3515625,51305.75,0.0
2024-12-30 13:15:00+0530,51306.1484375,51397.3984375,50760.1015625,50791.25,0.0
2024-12-30 14:15:00+0530,50787.8984375,51044.6484375,50719.8984375,50941.5,0.0
2024-12-30 15:15:00+0530,50942.30078125,51091.0,50897.8515625,50899.8984375,0.0
2024-12-31 09:15:00+0530,50638.19921875,50910.6484375,50638.19921875,50726.5,0.0
2024-12-31 10:15:00+0530,50731.80078125,50918.6015625,50729.44921875,50914.5,0.0
2024-12-31 11:15:00+0530,50915.69921875,50927.0,50758.3984375,50774.0,0.0
2024-12-31 12:15:00+0530,50777.94921875,50877.05078125,50765.6484375,50840.6015625,0.0
2024-12-31 13:15:00+0530,50844.0,50944.80078125,50836.69921875,50901.0,0.0
2024-12-31 14:15:00+0530,50897.6015625,50907.3515625,50811.94921875,50876.0,0.0
2024-12-31 15:15:00+0530,50875.94921875,50906.3515625,50852.69921875,50884.30078125,0.0
2025-01-01 09:15:00+0530,50846.94921875,50969.1484375,50486.6015625,50790.25,0.0
2025-01-01 10:15:00+0530,50790.05078125,51161.19921875,50765.1484375,51103.5,0.0
2025-01-01 11:15:00+0530,51108.1015625,51167.3984375,50971.1015625,51059.80078125,0.0
2025-01-01 12:15:00+0530,51059.55078125,51153.75,51001.6015625,51012.75,0.0
2025-01-01 13:15:00+0530,51013.3984375,51321.1015625,51008.30078125,51232.6015625,0.0
2025-01-01 14:15:00+0530,51232.30078125,51250.8515625,51001.8515625,51047.6015625,0.0
2025-01-01 15:15:00+0530,51049.19921875,51122.94921875,51031.3515625,51096.05078125,0.0
2025-01-02 09:15:00+0530,51092.19921875,51229.0,50993.0,51109.80078125,0.0
2025-01-02 10:15:00+0530,51110.1484375,51316.94921875,51103.0,51275.8515625,0.0
2025-01-02 11:15:00+0530,51276.94921875,51349.69921875,51110.25,51126.6015625,0.0
2025-01-02 12:15:00+0530,51129.5,51369.30078125,51081.6015625,51347.1484375,0.0
2025-01-02 13:15:00+0530,51342.6015625,51594.8515625,51339.44921875,51520.6015625,0.0
2025-01-02 14:15:00+0530,51518.6015625,51671.75,51518.6015625,51603.8984375,0.0
2025-01-02 15:15:00+0530,51604.0,51626.1484375,51585.19921875,51605.8515625,0.0
2025-01-03 09:15:00+0530,51567.1484375,51670.0,51222.55078125,51250.44921875,0.0
2025-01-03 10:15:00+0530,51249.1484375,51351.6015625,51083.1015625,51214.44921875,0.0
2025-01-03 11:15:00+0530,51215.8515625,51381.75,51190.8984375,51271.0,0.0
2025-01-03 12:15:00+0530,51274.55078125,51316.05078125,51122.75,51227.5,0.0
2025-01-03 13:15:00+0530,51227.0,51256.6015625,50941.3515625,51006.1484375,0.0
2025-01-03 14:15:00+0530,51009.6015625,51089.0,50909.19921875,50968.8515625,0.0
2025-01-03 15:15:00+0530,50967.6484375,51025.55078125,50947.05078125,50974.25,0.0
2025-01-06 09:15:00+0530,50989.3515625,51020.80078125,50525.1484375,50759.69921875,0.0
2025-01-06 10:15:00+0530,50755.8984375,50813.55078125,50214.8515625,50260.8515625,0.0
2025-01-06 11:15:00+0530,50260.19921875,50384.19921875,49987.25,50183.55078125,0.0
2025-01-06 12:15:00+0530,50185.1015625,50217.0,50027.80078125,50053.3984375,0.0
2025-01-06 13:15:00+0530,50048.30078125,50048.30078125,49796.6015625,49808.0,0.0
2025-01-06 14:15:00+0530,49803.94921875,49970.55078125,49757.19921875,49856.55078125,0.0
2025-01-06 15:15:00+0530,49855.5,49986.44921875,49855.5,49960.19921875,0.0
2025-01-07 09:15:00+0530,50076.94921875,50362.3984375,49969.80078125,50225.1015625,0.0
2025-01-07 10:15:00+0530,50229.8515625,50303.6015625,50133.3984375,50236.25,0.0
2025-01-07 11:15:00+0530,50236.05078125,50414.8984375,50189.94921875,50341.8515625,0.0
2025-01-07 12:15:00+0530,50345.3515625,50414.44921875,50306.1015625,50338.75,0.0
2025-01-07 13:15:00+0530,50342.0,50446.6015625,50224.1015625,50289.05078125,0.0
2025-01-07 14:15:00+0530,50292.44921875,50324.69921875,50152.8984375,50211.6015625,0.0
2025-01-07 15:15:00+0530,50211.25,50230.8515625,50141.1015625,50183.69921875,0.0
2025-01-08 09:15:00+0530,50218.44921875,50246.75,50024.1015625,50088.05078125,0.0
2025-01-08 10:15:00+0530,50085.69921875,50138.0,49623.3984375,49666.75,0.0
2025-01-08 11:15:00+0530,49664.3515625,49755.3984375,49515.8984375,49520.80078125,0.0
2025-01-08 12:15:00+0530,49515.55078125,49602.19921875,49391.30078125,49430.44921875,0.0
2025-01-08 13:15:00+0530,49431.55078125,49884.3515625,49398.05078125,49862.3515625,0.0
2025-01-08 14:15:00+0530,49864.75,49979.05078125,49787.0,49845.44921875,0.0
2025-01-08 15:15:00+0530,49847.75,49868.25,49823.5,49836.1484375,0.0
2025-01-09 09:15:00+0530,49733.80078125,49785.80078125,49512.69921875,49686.25,0.0
2025-01-09 10:15:00+0530,49685.0,49701.69921875,49281.80078125,49318.44921875,0.0
2025-01-09 11:15:00+0530,49318.44921875,49426.30078125,49285.75,49357.80078125,0.0
2025-01-09 12:15:00+0530,49359.6484375,49505.0,49232.55078125,49342.6015625,0.0
2025-01-09 13:15:00+0530,49342.30078125,49492.6015625,49320.25,49470.94921875,0.0
2025-01-09 14:15:00+0530,49472.19921875,49531.80078125,49395.8984375,49501.44921875,0.0
2025-01-09 15:15:00+0530,49505.44921875,49557.3515625,49490.94921875,49552.69921875,0.0
2025-01-10 09:15:00+0530,49422.6484375,49473.6015625,48839.1484375,49015.3515625,0.0
2025-01-10 10:15:00+0530,49011.1015625,49273.6484375,48939.6484375,49273.6484375,0.0
2025-01-10 11:15:00+0530,49275.8515625,49359.3515625,48955.8984375,49057.8515625,0.0
2025-01-10 12:15:00+0530,49053.5,49131.8515625,48951.0,48979.80078125,0.0
2025-01-10 13:15:00+0530,48982.75,49034.05078125,48799.5,48800.55078125,0.0
2025-01-10 14:15:00+0530,48800.1484375,48833.5,48632.6015625,48636.3984375,0.0
2025-01-10 15:15:00+0530,48637.0,48793.75,48637.0,48779.80078125,0.0
2025-01-13 09:15:00+0530,48256.30078125,48466.05078125,48116.80078125,48461.3515625,0.0
2025-01-13 10:15:00+0530,48475.3515625,48605.80078125,48339.8984375,48481.5,0.0
2025-01-13 11:15:00+0530,48482.30078125,48573.05078125,48251.44921875,48282.3515625,0.0
2025-01-13 12:15:00+0530,48279.75,48334.69921875,48154.6484375,48180.3984375,0.0
2025-01-13 13:15:00+0530,48183.6484375,48212.94921875,48016.1015625,48047.30078125,0.0
2025-01-13 14:15:00+0530,48049.8515625,48082.94921875,47900.8984375,48036.19921875,0.0
2025-01-13 15:15:00+0530,48037.44921875,48118.8515625,48021.3984375,48047.30078125,0.0
2025-01-14 09:15:00+0530,48259.30078125,48708.5,48257.05078125,48555.3984375,0.0
2025-01-14 10:15:00+0530,48556.05078125,48805.5,48433.0,48784.5,0.0
2025-01-14 11:15:00+0530,48782.8984375,48788.75,48496.94921875,48531.3984375,0.0
2025-01-14 12:15:00+0530,48530.55078125,48592.6015625,48430.6484375,48571.1484375,0.0
2025-01-14 13:15:00+0530,48571.1015625,48919.55078125,48555.25,48907.3515625,0.0
2025-01-14 14:15:00+0530,48907.44921875,49003.55078125,48588.3984375,48727.44921875,0.0
2025-01-14 15:15:00+0530,48728.1484375,48910.75,48717.30078125,48884.6015625,0.0
2025-01-15 09:15:00+0530,48832.75,49005.6015625,48653.8515625,48917.8515625,0.0
2025-01-15 10:15:00+0530,48914.1484375,49082.6484375,48868.0,48997.05078125,0.0
2025-01-15 11:15:00+0530,48996.3515625,49023.05078125,48833.80078125,48920.3984375,0.0
2025-01-15 12:15:00+0530,48918.80078125,48933.8984375,48792.0,48798.19921875,0.0
2025-01-15 13:15:00+0530,48796.25,48797.75,48523.1484375,48636.1015625,0.0
2025-01-15 14:15:00+0530,48636.19921875,48819.6015625,48612.5,48735.1015625,0.0
2025-01-15 15:15:00+0530,48735.69921875,48784.05078125,48699.6015625,48783.3515625,0.0
2025-01-16 09:15:00+0530,49097.6484375,49427.3515625,49061.25,49231.19921875,0.0
2025-01-16 10:15:00+0530,49231.30078125,49356.8515625,49170.94921875,49236.05078125,0.0
2025-01-16 11:15:00+0530,49238.30078125,49357.6484375,49195.3515625,49282.0,0.0
2025-01-16 12:15:00+0530,49284.94921875,49457.3515625,49240.75,49445.30078125,0.0
2025-01-16 13:15:00+0530,49445.19921875,49450.3515625,49333.75,49348.05078125,0.0
2025-01-16 14:15:00+0530,49349.75,49349.75,49134.3515625,49304.8984375,0.0
2025-01-16 15:15:00+0530,49305.94921875,49390.75,49289.0,49386.3984375,0.0
2025-01-17 09:15:00+0530,49005.30078125,49032.69921875,48565.05078125,48591.1015625,0.0
2025-01-17 10:15:00+0530,48591.8515625,48684.8984375,48315.3984375,48403.0,0.0
2025-01-17 11:15:00+0530,48400.05078125,48578.5,48389.75,48513.3515625,0.0
2025-01-17 12:15:00+0530,48512.94921875,48610.1015625,48439.19921875,48461.55078125,0.0
2025-01-17 13:15:00+0530,48462.94921875,48506.80078125,48375.1015625,48471.05078125,0.0
2025-01-17 14:15:00+0530,48474.0,48607.5,48452.30078125,48521.8984375,0.0
2025-01-17 15:15:00+0530,48527.05078125,48585.3515625,48521.05078125,48553.8515625,0.0
2025-01-20 09:15:00+0530,48862.0,48992.75,48684.1015625,48945.1484375,0.0
2025-01-20 10:15:00+0530,48943.3984375,49063.94921875,48938.0,49054.69921875,0.0
2025-01-20 11:15:00+0530,49052.44921875,49374.05078125,49051.05078125,49311.30078125,0.0
2025-01-20 12:15:00+0530,49315.8984375,49561.0,49291.75,49541.8515625,0.0
2025-01-20 13:15:00+0530,49545.30078125,49650.3984375,49399.1015625,49463.94921875,0.0
2025-01-20 14:15:00+0530,49463.94921875,49489.6015625,49359.69921875,49386.94921875,0.0
2025-01-20 15:15:00+0530,49389.3515625,49389.3515625,49295.8984375,49334.55078125,0.0
2025-01-21 09:15:00+0530,49532.0,49539.55078125,48984.55078125,49034.44921875,0.0
2025-01-21 10:15:00+0530,49035.69921875,49036.19921875,48695.8984375,48745.1015625,0.0
2025-01-21 11:15:00+0530,48745.80078125,49280.69921875,48693.1484375,48934.6015625,0.0
2025-01-21 12:15:00+0530,48934.3515625,48961.80078125,48626.19921875,48857.25,0.0
2025-01-21 13:15:00+0530,48852.69921875,48916.3984375,48636.8984375,48742.5,0.0
2025-01-21 14:15:00+0530,48741.5,48769.75,48431.55078125,48580.94921875,0.0
2025-01-21 15:15:00+0530,48581.1015625,48639.30078125,48578.3984375,48626.1015625,0.0
2025-01-22 09:15:00+0530,48701.8984375,48735.80078125,48461.94921875,48675.1484375,0.0
2025-01-22 10:15:00+0530,48673.94921875,48727.80078125,48443.69921875,48469.8515625,0.0
2025-01-22 11:15:00+0530,48471.8515625,48478.3984375,48281.75,48321.6484375,0.0
2025-01-22 12:15:00+0530,48323.19921875,48354.1015625,48111.0,48258.1015625,0.0
2025-01-22 13:15:00+0530,48259.94921875,48422.69921875,48076.8984375,48385.19921875,0.0
2025-01-22 14:15:00+0530,48388.0,48781.1015625,48353.30078125,48768.6484375,0.0
2025-01-22 15:15:00+0530,48762.5,48775.80078125,48677.69921875,48766.3984375,0.0
2025-01-23 09:15:00+0530,48763.8984375,48806.5,48494.3515625,48786.6484375,0.0
2025-01-23 10:15:00+0530,48788.8515625,48890.6015625,48630.5,48717.80078125,0.0
2025-01-23 11:15:00+0530,48715.55078125,48749.80078125,48559.6015625,48613.44921875,0.0
2025-01-23 12:15:00+0530,48613.0,48764.30078125,48590.8515625,48719.05078125,0.0
2025-01-23 13:15:00+0530,48714.75,48802.3984375,48618.8984375,48663.3515625,0.0
2025-01-23 14:15:00+0530,48670.8515625,48676.3984375,48551.0,48591.30078125,0.0
2025-01-23 15:15:00+0530,48593.30078125,48604.0,48563.05078125,48595.8515625,0.0
2025-01-24 09:15:00+0530,48546.05078125,48718.25,48351.30078125,48451.1484375,0.0
2025-01-24 10:15:00+0530,48441.1015625,48814.69921875,48349.05078125,48796.30078125,0.0
2025-01-24 11:15:00+0530,48790.3515625,48832.19921875,48653.8984375,48804.94921875,0.0
2025-01-24 12:15:00+0530,48803.0,48857.30078125,48505.44921875,48590.55078125,0.0
2025-01-24 13:15:00+0530,48583.19921875,48590.55078125,48393.75,48399.6484375,0.0
2025-01-24 14:15:00+0530,48398.30078125,48420.3515625,48203.0,48352.94921875,0.0
2025-01-24 15:15:00+0530,48352.0,48399.94921875,48340.1484375,48349.3984375,0.0
2025-01-27 09:15:00+0530,47888.55078125,48244.75,47873.55078125,48134.30078125,0.0
2025-01-27 10:15:00+0530,48129.19921875,48148.69921875,47924.75,48076.25,0.0
2025-01-27 11:15:00+0530,48076.0,48271.6015625,48073.05078125,48161.19921875,0.0
2025-01-27 12:15:00+0530,48160.05078125,48318.8984375,48124.25,48234.0,0.0
2025-01-27 13:15:00+0530,48234.0,48254.1015625,48081.8984375,48122.1015625,0.0
2025-01-27 14:15:00+0530,48118.55078125,48195.3984375,47981.3515625,48111.19921875,0.0
2025-01-27 15:15:00+0530,48109.1484375,48111.1015625,47997.1484375,48026.30078125,0.0
2025-01-28 09:15:00+0530,48641.30078125,48789.19921875,48464.6484375,48725.3984375,0.0
2025-01-28 10:15:00+0530,48724.19921875,48908.44921875,48720.6015625,48897.75,0.0
2025-01-28 11:15:00+0530,48899.6484375,49124.19921875,48832.75,49116.75,0.0
2025-01-28 12:15:00+0530,49119.69921875,49182.69921875,49038.05078125,49176.8984375,0.0
2025-01-28 13:15:00+0530,49172.1015625,49183.8515625,49047.55078125,49066.3984375,0.0
2025-01-28 14:15:00+0530,49066.8515625,49243.1484375,48755.30078125,48861.25,0.0
2025-01-28 15:15:00+0530,48863.94921875,48939.3984375,48832.0,48886.6015625,0.0
2025-01-29 09:15:00+0530,48997.19921875,49059.55078125,48854.44921875,49032.19921875,0.0
2025-01-29 10:15:00+0530,49031.80078125,49165.3515625,49013.55078125,49036.8515625,0.0
2025-01-29 11:15:00+0530,49034.75,49146.25,48859.69921875,49052.94921875,0.0
2025-01-29 12:15:00+0530,49053.1015625,49149.5,48968.44921875,48994.5,0.0
2025-01-29 13:15:00+0530,48994.8515625,49162.5,48986.44921875,49145.30078125,0.0
2025-01-29 14:15:00+0530,49148.75,49185.8515625,49094.8515625,49157.6484375,0.0
2025-01-29 15:15:00+0530,49154.8515625,49199.44921875,49132.3515625,49163.1015625,0.0
2025-01-30 09:15:00+0530,49166.1015625,49274.3515625,49040.3984375,49247.0,0.0
2025-01-30 10:15:00+0530,49247.44921875,49360.0,49114.05078125,49241.30078125,0.0
2025-01-30 11:15:00+0530,49236.69921875,49269.5,49176.44921875,49238.75,0.0
2025-01-30 12:15:00+0530,49238.44921875,49339.94921875,49211.05078125,49319.1015625,0.0
2025-01-30 13:15:00+0530,49322.05078125,49380.3515625,49263.55078125,49314.0,0.0
2025-01-30 14:15:00+0530,49314.1015625,49336.19921875,49213.8984375,49308.80078125,0.0
2025-01-30 15:15:00+0530,49305.25,49424.6015625,49279.94921875,49400.5,0.0
2025-01-31 09:15:00+0530,49301.19921875,49304.30078125,49032.5,49104.8515625,0.0
2025-01-31 10:15:00+0530,49105.3984375,49369.1484375,49099.0,49286.8515625,0.0
2025-01-31 11:15:00+0530,49284.8984375,49411.8984375,49218.80078125,49388.8515625,0.0
2025-01-31 12:15:00+0530,49391.8984375,49607.8984375,49348.94921875,49568.05078125,0.0
2025-01-31 13:15:00+0530,49565.94921875,49674.0,49339.5,49370.94921875,0.0
2025-01-31 14:15:00+0530,49367.05078125,49605.55078125,49302.1015625,49598.6015625,0.0
2025-01-31 15:15:00+0530,49594.25,49647.80078125,49567.3515625,49619.6484375,0.0
2025-02-01 09:15:00+0530,49605.3515625,49774.6015625,49489.6484375,49737.75,0.0
2025-02-01 10:15:00+0530,49740.3984375,49848.94921875,49719.1015625,49845.75,0.0
2025-02-01 11:15:00+0530,49844.5,50008.5,49275.80078125,49286.44921875,0.0
2025-02-01 12:15:00+0530,49294.25,49540.8984375,48925.44921875,49067.05078125,0.0
2025-02-01 13:15:00+0530,49065.1015625,49535.30078125,48941.8515625,49516.3984375,0.0
2025-02-01 14:15:00+0530,49524.1484375,49669.0,49442.6015625,49514.94921875,0.0
2025-02-01 15:15:00+0530,49515.1484375,49527.94921875,49429.1484375,49520.94921875,0.0
2025-02-03 09:15:00+0530,49074.80078125,49275.55078125,48909.55078125,49084.0,0.0
2025-02-03 10:15:00+0530,49081.44921875,49279.8984375,49050.44921875,49271.94921875,0.0
2025-02-03 11:15:00+0530,49270.1484375,49286.19921875,49054.6484375,49198.55078125,0.0
2025-02-03 12:15:00+0530,49198.94921875,49369.3515625,49123.30078125,49344.55078125,0.0
2025-02-03 13:15:00+0530,49347.69921875,49358.44921875,49188.1484375,49257.6484375,0.0
2025-02-03 14:15:00+0530,49255.94921875,49297.69921875,49185.80078125,49222.55078125,0.0
2025-02-03 15:15:00+0530,49225.94921875,49235.0,49183.25,49218.3984375,0.0
2025-02-04 09:15:00+0530,49531.25,50017.3984375,49498.3515625,49859.1484375,0.0
2025-02-04 10:15:00+0530,49859.19921875,49922.8515625,49611.3515625,49819.44921875,0.0
2025-02-04 11:15:00+0530,49823.30078125,49919.69921875,49767.69921875,49848.05078125,0.0
2025-02-04 12:15:00+0530,49846.05078125,50082.94921875,49841.69921875,50055.75,0.0
2025-02-04 13:15:00+0530,50057.75,50111.80078125,49912.94921875,49967.8515625,0.0
2025-02-04 14:15:00+0530,49959.80078125,50202.94921875,49888.3515625,50192.25,0.0
2025-02-04 15:15:00+0530,50192.0,50198.0,50083.6484375,50111.6484375,0.0
2025-02-05 09:15:00+0530,50400.69921875,50479.1015625,50216.5,50431.25,0.0
2025-02-05 10:15:00+0530,50429.1484375,50492.80078125,50341.30078125,50374.25,0.0
2025-02-05 11:15:00+0530,50369.44921875,50453.3515625,50320.8515625,50342.25,0.0
2025-02-05 12:15:00+0530,50343.30078125,50499.80078125,50326.1015625,50498.5,0.0
2025-02-05 13:15:00+0530,50498.3984375,50521.8984375,50422.55078125,50433.8515625,0.0
2025-02-05 14:15:00+0530,50433.6015625,50494.3984375,50325.3515625,50354.75,0.0
2025-02-05 15:15:00+0530,50353.69921875,50354.30078125,50280.44921875,50299.8984375,0.0
2025-02-06 09:15:00+0530,50468.3515625,50525.30078125,50204.8515625,50305.0,0.0
2025-02-06 10:15:00+0530,50305.30078125,50371.05078125,50211.6015625,50243.8515625,0.0
2025-02-06 11:15:00+0530,50243.25,50286.44921875,50150.3515625,50273.25,0.0
2025-02-06 12:15:00+0530,50276.69921875,50315.44921875,50173.25,50219.19921875,0.0
2025-02-06 13:15:00+0530,50219.3515625,50316.1484375,50199.05078125,50260.80078125,0.0
2025-02-06 14:15:00+0530,50256.05078125,50410.6484375,50246.55078125,50374.69921875,0.0
2025-02-06 15:15:00+0530,50378.3515625,50447.1015625,50362.6484375,50427.1015625,0.0
2025-02-07 09:15:00+0530,50466.44921875,50638.44921875,50299.75,50411.80078125,0.0
2025-02-07 10:15:00+0530,50409.69921875,50436.0,50043.8984375,50290.05078125,0.0
2025-02-07 11:15:00+0530,50286.69921875,50463.6015625,50114.25,50114.25,0.0
2025-02-07 12:15:00+0530,50112.6015625,50217.8984375,50055.55078125,50086.44921875,0.0
2025-02-07 13:15:00+0530,50086.30078125,50166.6484375,49890.55078125,49916.1484375,0.0
2025-02-07 14:15:00+0530,49915.0,50182.75,49871.80078125,50180.8515625,0.0
2025-02-07 15:15:00+0530,50181.69921875,50248.3515625,50145.8984375,50204.3515625,0.0
2025-02-10 09:15:00+0530,50138.80078125,50138.80078125,49769.8984375,49776.55078125,0.0
2025-02-10 10:15:00+0530,49774.55078125,49867.05078125,49703.8515625,49853.8515625,0.0
2025-02-10 11:15:00+0530,49850.3984375,49895.75,49760.3515625,49822.55078125,0.0
2025-02-10 12:15:00+0530,49819.55078125,49894.55078125,49779.1015625,49843.25,0.0
2025-02-10 13:15:00+0530,49841.55078125,49960.69921875,49791.19921875,49826.1015625,0.0
2025-02-10 14:15:00+0530,49823.5,50049.1015625,49806.8515625,49987.69921875,0.0
2025-02-10 15:15:00+0530,49990.75,50007.5,49951.69921875,49960.80078125,0.0
2025-02-11 09:15:00+0530,49819.8515625,49892.55078125,49535.5,49582.69921875,0.0
2025-02-11 10:15:00+0530,49583.0,49663.30078125,49478.19921875,49608.30078125,0.0
2025-02-11 11:15:00+0530,49607.25,49639.1015625,49526.1015625,49550.5,0.0
2025-02-11 12:15:00+0530,49550.3515625,49600.19921875,49276.75,49294.80078125,0.0
2025-02-11 13:15:00+0530,49294.25,49411.05078125,49177.5,49311.25,0.0
2025-02-11 14:15:00+0530,49310.19921875,49477.6484375,49226.8984375,49415.19921875,0.0
2025-02-11 15:15:00+0530,49414.19921875,49436.1015625,49344.3984375,49358.6015625,0.0
2025-02-12 09:15:00+0530,49412.3515625,49448.8515625,48743.05078125,48807.25,0.0
2025-02-12 10:15:00+0530,48810.94921875,49196.1484375,48734.94921875,49001.80078125,0.0
2025-02-12 11:15:00+0530,49001.05078125,49449.6015625,48975.1015625,49376.6015625,0.0
2025-02-12 12:15:00+0530,49378.8515625,49648.3515625,49286.05078125,49603.3515625,0.0
2025-02-12 13:15:00+0530,49603.1484375,49701.44921875,49248.69921875,49332.5,0.0
2025-02-12 14:15:00+0530,49334.3984375,49521.6015625,49236.6015625,49518.80078125,0.0
2025-02-12 15:15:00+0530,49518.25,49552.1015625,49491.80078125,49526.55078125,0.0
2025-02-13 09:15:00+0530,49475.6015625,49789.19921875,49435.05078125,49721.94921875,0.0
2025-02-13 10:15:00+0530,49724.1484375,49834.6484375,49652.05078125,49757.1015625,0.0
2025-02-13 11:15:00+0530,49756.6015625,49829.3984375,49668.0,49698.75,0.0
2025-02-13 12:15:00+0530,49698.80078125,49743.6015625,49478.1015625,49478.1015625,0.0
2025-02-13 13:15:00+0530,49480.80078125,49563.44921875,49284.0,49349.0,0.0
2025-02-13 14:15:00+0530,49349.05078125,49429.0,49277.3515625,49356.80078125,0.0
2025-02-13 15:15:00+0530,49357.75,49388.55078125,49320.1484375,49342.0,0.0
2025-02-14 09:15:00+0530,49466.3515625,49588.8984375,49286.3515625,49385.0,0.0
2025-02-14 10:15:00+0530,49385.05078125,49482.3515625,48921.1015625,49035.6015625,0.0
2025-02-14 11:15:00+0530,49034.5,49073.6484375,48847.44921875,48865.1015625,0.0
2025-02-14 12:15:00+0530,48865.3984375,48941.80078125,48720.25,48815.94921875,0.0
2025-02-14 13:15:00+0530,48815.6015625,48891.05078125,48720.25,48778.8515625,0.0
2025-02-14 14:15:00+0530,48777.44921875,49243.05078125,48765.94921875,49109.3984375,0.0
2025-02-14 15:15:00+0530,49109.44921875,49122.1015625,49050.6015625,49057.75,0.0
2025-02-17 09:15:00+0530,48880.3984375,48995.5,48528.80078125,48569.19921875,0.0
2025-02-17 10:15:00+0530,48565.69921875,49036.3515625,48541.3984375,48741.8984375,0.0
2025-02-17 11:15:00+0530,48738.1015625,48948.44921875,48725.3984375,48788.94921875,0.0
2025-02-17 12:15:00+0530,48791.25,48987.1015625,48729.44921875,48851.44921875,0.0
2025-02-17 13:15:00+0530,48854.19921875,49224.8515625,48842.30078125,49052.0,0.0
2025-02-17 14:15:00+0530,49052.0,49284.80078125,49051.1015625,49267.25,0.0
2025-02-17 15:15:00+0530,49262.55078125,49318.8984375,49247.5,49279.8984375,0.0
2025-02-18 09:15:00+0530,49237.1015625,49318.05078125,48910.94921875,48981.05078125,0.0
2025-02-18 10:15:00+0530,48980.3515625,49027.44921875,48814.94921875,48865.6484375,0.0
2025-02-18 11:15:00+0530,48866.80078125,49088.8984375,48850.44921875,49012.44921875,0.0
2025-02-18 12:15:00+0530,49012.6484375,49104.69921875,48908.55078125,48993.94921875,0.0
2025-02-18 13:15:00+0530,48996.3515625,49136.19921875,48994.55078125,49048.1484375,0.0
2025-02-18 14:15:00+0530,49047.05078125,49158.25,49035.94921875,49085.05078125,0.0
2025-02-18 15:15:00+0530,49085.80078125,49099.8515625,49053.30078125,49064.1484375,0.0
2025-02-19 09:15:00+0530,48872.3515625,49509.6484375,48807.3984375,49504.8515625,0.0
2025-02-19 10:15:00+0530,49509.55078125,49626.1484375,49350.3984375,49502.25,0.0
2025-02-19 11:15:00+0530,49503.94921875,49586.44921875,49407.8984375,49511.3515625,0.0
2025-02-19 12:15:00+0530,49510.1015625,49560.75,49419.1484375,49460.3984375,0.0
2025-02-19 13:15:00+0530,49459.8515625,49538.5,49430.5,49485.94921875,0.0
2025-02-19 14:15:00+0530,49485.1484375,49607.8984375,49279.6015625,49579.25,0.0
2025-02-19 15:15:00+0530,49580.30078125,49580.3515625,49510.94921875,49519.5,0.0
2025-02-20 09:15:00+0530,49314.1015625,49455.05078125,49151.1015625,49251.6484375,0.0
2025-02-20 10:15:00+0530,49251.80078125,49337.80078125,49240.3984375,49329.8515625,0.0
2025-02-20 11:15:00+0530,49329.5,49346.3515625,49234.6015625,49235.5,0.0
2025-02-20 12:15:00+0530,49233.30078125,49302.1015625,49221.6484375,49254.6484375,0.0
2025-02-20 13:15:00+0530,49253.8515625,49396.44921875,49233.5,49338.5,0.0
2025-02-20 14:15:00+0530,49337.69921875,49397.19921875,49321.1484375,49347.3984375,0.0
2025-02-20 15:15:00+0530,49334.19921875,49338.1015625,49281.8515625,49289.69921875,0.0
2025-02-21 09:15:00+0530,49143.1015625,49304.5,48827.25,48827.3515625,0.0
2025-02-21 10:15:00+0530,48826.8515625,48930.8984375,48766.8515625,48917.1015625,0.0
2025-02-21 11:15:00+0530,48916.75,49001.80078125,48878.3984375,48944.69921875,0.0
2025-02-21 12:15:00+0530,48945.3515625,49069.6484375,48881.30078125,48921.30078125,0.0
2025-02-21 13:15:00+0530,48921.1484375,48962.0,48799.80078125,48951.80078125,0.0
2025-02-21 14:15:00+0530,48952.5,49046.25,48862.44921875,49007.30078125,0.0
2025-02-21 15:15:00+0530,49008.25,49011.19921875,48885.3984375,48908.5,0.0
2025-02-24 09:15:00+0530,48626.3984375,48740.25,48284.69921875,48425.80078125,0.0
2025-02-24 10:15:00+0530,48426.1015625,48495.8984375,48371.6015625,48394.3984375,0.0
2025-02-24 11:15:00+0530,48392.5,48686.6015625,48384.30078125,48521.8984375,0.0
2025-02-24 12:15:00+0530,48521.69921875,48661.3515625,48508.44921875,48592.3515625,0.0
2025-02-24 13:15:00+0530,48593.94921875,48635.6484375,48514.6484375,48573.6484375,0.0
2025-02-24 14:15:00+0530,48573.6484375,48748.3984375,48564.3984375,48655.1015625,0.0
2025-02-24 15:15:00+0530,48653.6015625,48689.75,48619.8984375,48657.25,0.0
2025-02-25 09:15:00+0530,48691.19921875,48861.69921875,48649.19921875,48787.05078125,0.0
2025-02-25 10:15:00+0530,48787.5,48794.05078125,48577.44921875,48627.6015625,0.0
2025-02-25 11:15:00+0530,48629.75,48666.19921875,48582.44921875,48651.94921875,0.0
2025-02-25 12:15:00+0530,48650.3515625,48706.25,48639.3515625,48669.0,0.0
2025-02-25 13:15:00+0530,48668.6015625,48706.25,48629.1015625,48654.80078125,0.0
2025-02-25 14:15:00+0530,48651.19921875,48661.8984375,48599.05078125,48622.8515625,0.0
2025-02-25 15:15:00+0530,48619.6015625,48638.75,48539.94921875,48591.1015625,0.0
2025-02-27 09:15:00+0530,48732.19921875,48972.55078125,48732.19921875,48895.0,0.0
2025-02-27 10:15:00+0530,48894.1015625,48951.25,48873.6015625,48908.30078125,0.0
2025-02-27 11:15:00+0530,48908.69921875,48913.8515625,48849.80078125,48875.6015625,0.0
2025-02-27 12:15:00+0530,48874.44921875,48896.69921875,48830.19921875,48843.1015625,0.0
2025-02-27 13:15:00+0530,48844.25,48902.8984375,48840.8984375,48863.55078125,0.0
2025-02-27 14:15:00+0530,48863.75,48909.3984375,48726.55078125,48736.6484375,0.0
2025-02-27 15:15:00+0530,48734.1015625,48736.69921875,48629.3515625,48641.5,0.0
2025-02-28 09:15:00+0530,48437.19921875,48475.19921875,48163.25,48432.30078125,0.0
2025-02-28 10:15:00+0530,48435.30078125,48534.44921875,48364.3984375,48491.8515625,0.0
2025-02-28 11:15:00+0530,48491.5,48574.30078125,48405.05078125,48417.44921875,0.0
2025-02-28 12:15:00+0530,48416.1484375,48498.3984375,48078.8984375,48115.44921875,0.0
2025-02-28 13:15:00+0530,48118.25,48318.19921875,48104.8984375,48307.19921875,0.0
2025-02-28 14:15:00+0530,48307.5,48499.75,48270.3515625,48351.3515625,0.0
2025-02-28 15:15:00+0530,48351.30078125,48351.30078125,48238.6015625,48262.5,0.0
2025-03-03 09:15:00+0530,48515.19921875,48566.19921875,47842.1015625,47885.75,0.0
2025-03-03 10:15:00+0530,47891.1484375,48051.19921875,47871.69921875,47928.94921875,0.0
2025-03-03 11:15:00+0530,47932.3984375,48051.80078125,47845.80078125,48047.80078125,0.0
2025-03-03 12:15:00+0530,48053.0,48224.8984375,48008.8984375,48188.6484375,0.0
2025-03-03 13:15:00+0530,48186.94921875,48258.44921875,48008.5,48101.30078125,0.0
2025-03-03 14:15:00+0530,48096.30078125,48201.55078125,48054.94921875,48111.30078125,0.0
2025-03-03 15:15:00+0530,48110.3515625,48162.5,48073.75,48159.8515625,0.0
2025-03-04 09:15:00+0530,47935.80078125,48350.8515625,47935.80078125,48176.05078125,0.0
2025-03-04 10:15:00+0530,48175.80078125,48342.8984375,48172.80078125,48250.05078125,0.0
2025-03-04 11:15:00+0530,48249.8984375,48282.69921875,48132.55078125,48161.55078125,0.0
2025-03-04 12:15:00+0530,48163.19921875,48272.30078125,48145.69921875,48272.30078125,0.0
2025-03-04 13:15:00+0530,48267.3984375,48373.80078125,48223.30078125,48332.80078125,0.0
2025-03-04 14:15:00+0530,48332.6015625,48347.5,48169.05078125,48233.0,0.0
2025-03-04 15:15:00+0530,48234.19921875,48314.6015625,48226.05078125,48289.30078125,0.0
2025-03-05 09:15:00+0530,48235.75,48655.6484375,48217.25,48529.1015625,0.0
2025-03-05 10:15:00+0530,48528.3515625,48556.25,48409.19921875,48480.1484375,0.0
2025-03-05 11:15:00+0530,48480.6484375,48612.6484375,48460.8515625,48600.69921875,0.0
2025-03-05 12:15:00+0530,48600.5,48617.6015625,48445.30078125,48502.1484375,0.0
2025-03-05 13:15:00+0530,48501.1484375,48522.3515625,48389.8515625,48466.6015625,0.0
2025-03-05 14:15:00+0530,48466.6484375,48543.1484375,48406.3984375,48478.6015625,0.0
2025-03-05 15:15:00+0530,48479.44921875,48508.3984375,48453.6015625,48506.3984375,0.0
2025-03-06 09:15:00+0530,48760.1015625,48760.1015625,48300.6015625,48493.6484375,0.0
2025-03-06 10:15:00+0530,48498.5,48674.19921875,48475.6484375,48622.0,0.0
2025-03-06 11:15:00+0530,48623.6484375,48627.1015625,48408.5,48542.1484375,0.0
2025-03-06 12:15:00+0530,48541.3515625,48611.19921875,48529.1484375,48582.19921875,0.0
2025-03-06 13:15:00+0530,48584.94921875,48649.25,48559.8515625,48616.19921875,0.0
2025-03-06 14:15:00+0530,48618.75,48681.0,48589.8515625,48634.94921875,0.0
2025-03-06 15:15:00+0530,48636.69921875,48653.75,48596.8515625,48608.44921875,0.0
2025-03-07 09:15:00+0530,48463.80078125,48617.25,48371.30078125,48616.6484375,0.0
2025-03-07 10:15:00+0530,48618.5,48708.94921875,48548.05078125,48655.8984375,0.0
2025-03-07 11:15:00+0530,48655.6015625,48693.44921875,48433.6015625,48483.75,0.0
2025-03-07 12:15:00+0530,48484.0,48559.8984375,48409.8984375,48430.6015625,0.0
2025-03-07 13:15:00+0530,48431.25,48505.55078125,48359.6484375,48427.8515625,0.0
2025-03-07 14:15:00+0530,48429.3515625,48607.8984375,48419.8984375,48513.55078125,0.0
2025-03-07 15:15:00+0530,48513.80078125,48516.6015625,48432.30078125,48453.8515625,0.0
2025-03-10 09:15:00+0530,48455.69921875,48598.6015625,48340.80078125,48477.55078125,0.0
2025-03-10 10:15:00+0530,48478.75,48539.69921875,48431.6484375,48447.1484375,0.0
2025-03-10 11:15:00+0530,48448.1015625,48531.30078125,48419.55078125,48437.5,0.0
2025-03-10 12:15:00+0530,48434.94921875,48584.0,48401.69921875,48554.3515625,0.0
2025-03-10 13:15:00+0530,48551.8984375,48566.75,48445.25,48507.6484375,0.0
2025-03-10 14:15:00+0530,48506.1015625,48510.25,48146.80078125,48235.80078125,0.0
2025-03-10 15:15:00+0530,48237.94921875,48244.05078125,48131.25,48168.25,0.0
2025-03-11 09:15:00+0530,47874.80078125,48018.6484375,47715.8515625,47840.80078125,0.0
2025-03-11 10:15:00+0530,47841.19921875,47990.44921875,47793.75,47923.25,0.0
2025-03-11 11:15:00+0530,47923.19921875,47928.0,47793.94921875,47814.1015625,0.0
2025-03-11 12:15:00+0530,47814.5,47900.55078125,47783.6015625,47844.05078125,0.0
2025-03-11 13:15:00+0530,47843.55078125,48028.6484375,47817.3515625,47979.3984375,0.0
2025-03-11 14:15:00+0530,47980.0,47995.25,47786.30078125,47864.25,0.0
2025-03-11 15:15:00+0530,47865.55078125,47896.0,47847.30078125,47885.6015625,0.0
2025-03-12 09:15:00+0530,47892.30078125,48210.44921875,47892.30078125,48094.0,0.0
2025-03-12 10:15:00+0530,48093.25,48221.8515625,48064.19921875,48113.19921875,0.0
2025-03-12 11:15:00+0530,48112.69921875,48114.6015625,47847.55078125,47941.25,0.0
2025-03-12 12:15:00+0530,47941.55078125,48042.75,47849.1015625,48029.1015625,0.0
2025-03-12 13:15:00+0530,48029.05078125,48113.30078125,47979.8515625,48109.30078125,0.0
2025-03-12 14:15:00+0530,48109.05078125,48150.6015625,48002.75,48054.75,0.0
2025-03-12 15:15:00+0530,48055.75,48086.3984375,48018.1015625,48055.75,0.0
2025-03-13 09:15:00+0530,48222.1015625,48283.19921875,48066.1484375,48278.1015625,0.0
2025-03-13 10:15:00+0530,48275.80078125,48351.0,48236.5,48284.8984375,0.0
2025-03-13 11:15:00+0530,48285.94921875,48286.3984375,48109.69921875,48153.69921875,0.0
2025-03-13 12:15:00+0530,48154.75,48240.30078125,48128.94921875,48142.44921875,0.0
2025-03-13 13:15:00+0530,48139.3984375,48202.55078125,48090.3984375,48123.6484375,0.0
2025-03-13 14:15:00+0530,48124.3515625,48130.1015625,48009.69921875,48082.55078125,0.0
2025-03-13 15:15:00+0530,48084.75,48092.25,48006.1015625,48024.0,0.0
2025-03-17 09:15:00+0530,48223.3515625,48432.19921875,48210.1015625,48384.5,0.0
2025-03-17 10:15:00+0530,48386.25,48420.55078125,48293.69921875,48415.5,0.0
2025-03-17 11:15:00+0530,48414.6484375,48481.3515625,48367.8515625,48458.05078125,0.0
2025-03-17 12:15:00+0530,48457.6484375,48457.8984375,48310.3515625,48381.80078125,0.0
2025-03-17 13:15:00+0530,48382.6484375,48449.30078125,48288.30078125,48427.8515625,0.0
2025-03-17 14:15:00+0530,48430.0,48438.1015625,48331.55078125,48359.30078125,0.0
2025-03-17 15:15:00+0530,48358.6015625,48376.05078125,48331.5,48347.05078125,0.0
2025-03-18 09:15:00+0530,48762.1015625,49009.1015625,48630.55078125,48994.94921875,0.0
2025-03-18 10:15:00+0530,48997.1484375,49052.55078125,48963.44921875,49022.3515625,0.0
2025-03-18 11:15:00+0530,49022.1015625,49102.3515625,48982.1015625,49089.3984375,0.0
2025-03-18 12:15:00+0530,49090.25,49118.44921875,48908.19921875,49028.8515625,0.0
2025-03-18 13:15:00+0530,49030.8515625,49174.44921875,49024.80078125,49125.55078125,0.0
2025-03-18 14:15:00+0530,49128.80078125,49310.3515625,49109.75,49302.6015625,0.0
2025-03-18 15:15:00+0530,49303.1015625,49399.25,49291.30078125,49383.80078125,0.0
2025-03-19 09:15:00+0530,49405.8984375,49604.5,49331.69921875,49546.6015625,0.0
2025-03-19 10:15:00+0530,49548.5,49748.1484375,49547.8984375,49719.8984375,0.0
2025-03-19 11:15:00+0530,49720.69921875,49754.75,49669.25,49689.8984375,0.0
2025-03-19 12:15:00+0530,49691.1015625,49806.1015625,49690.94921875,49743.19921875,0.0
2025-03-19 13:15:00+0530,49743.1015625,49787.0,49730.1015625,49743.80078125,0.0
2025-03-19 14:15:00+0530,49742.75,49791.5,49678.55078125,49694.6484375,0.0
2025-03-19 15:15:00+0530,49695.1484375,49752.94921875,49672.8515625,49727.1015625,0.0
2025-03-20 09:15:00+0530,49943.6015625,50031.0,49772.1484375,49819.19921875,0.0
2025-03-20 10:15:00+0530,49818.5,49922.3984375,49808.1484375,49906.75,0.0
2025-03-20 11:15:00+0530,49908.30078125,49923.6015625,49818.25,49855.75,0.0
2025-03-20 12:15:00+0530,49855.8515625,49981.44921875,49827.6015625,49963.94921875,0.0
2025-03-20 13:15:00+0530,49970.1484375,50129.05078125,49945.19921875,50048.3984375,0.0
2025-03-20 14:15:00+0530,50045.0,50155.30078125,50026.94921875,50042.05078125,0.0
2025-03-20 15:15:00+0530,50041.80078125,50071.3984375,49984.69921875,49993.80078125,0.0
2025-03-21 09:15:00+0530,49975.5,50235.8515625,49956.94921875,50221.55078125,0.0
2025-03-21 10:15:00+0530,50220.1484375,50500.80078125,50195.44921875,50479.05078125,0.0
2025-03-21 11:15:00+0530,50480.30078125,50532.19921875,50366.8515625,50423.94921875,0.0
2025-03-21 12:15:00+0530,50423.44921875,50516.25,50410.6015625,50440.5,0.0
2025-03-21 13:15:00+0530,50439.8984375,50510.75,50270.6015625,50382.6015625,0.0
2025-03-21 14:15:00+0530,50381.1015625,50649.75,50377.3984375,50576.75,0.0
2025-03-21 15:15:00+0530,50579.8984375,50666.1484375,50532.6015625,50570.30078125,0.0
2025-03-24 09:15:00+0530,50982.69921875,51415.69921875,50807.75,51407.3515625,0.0
2025-03-24 10:15:00+0530,51404.05078125,51766.6015625,51391.6015625,51666.44921875,0.0
2025-03-24 11:15:00+0530,51668.25,51676.5,51526.25,51596.1015625,0.0
2025-03-24 12:15:00+0530,51594.5,51703.94921875,51585.44921875,51690.30078125,0.0
2025-03-24 13:15:00+0530,51688.8984375,51720.0,51567.19921875,51707.69921875,0.0
2025-03-24 14:15:00+0530,51706.3515625,51774.94921875,51625.25,51671.25,0.0
2025-03-24 15:15:00+0530,51673.6484375,51797.94921875,51673.6484375,51769.6015625,0.0
2025-03-25 09:15:00+0530,51843.0,52062.1484375,51647.8984375,51928.80078125,0.0
2025-03-25 10:15:00+0530,51929.8515625,52052.69921875,51759.44921875,51820.25,0.0
2025-03-25 11:15:00+0530,51820.5,51847.5,51625.05078125,51715.6484375,0.0
2025-03-25 12:15:00+0530,51711.5,51726.30078125,51573.6484375,51624.69921875,0.0
2025-03-25 13:15:00+0530,51626.19921875,51787.6484375,51537.94921875,51777.0,0.0
2025-03-25 14:15:00+0530,51771.1015625,51787.25,51587.05078125,51615.55078125,0.0
2025-03-25 15:15:00+0530,51618.3515625,51649.94921875,51441.6015625,51490.30078125,0.0
2025-03-26 09:15:00+0530,51651.69921875,51819.1015625,51578.6484375,51749.94921875,0.0
2025-03-26 10:15:00+0530,51749.80078125,51875.5,51513.25,51595.1015625,0.0
2025-03-26 11:15:00+0530,51595.94921875,51626.44921875,51423.69921875,51477.1484375,0.0
2025-03-26 12:15:00+0530,51473.8984375,51504.1484375,51223.94921875,51280.1484375,0.0
2025-03-26 13:15:00+0530,51275.25,51280.75,51126.5,51184.0,0.0
2025-03-26 14:15:00+0530,51185.8984375,51245.6484375,51070.30078125,51239.19921875,0.0
2025-03-26 15:15:00+0530,51241.55078125,51241.55078125,51171.80078125,51180.69921875,0.0
2025-03-27 09:15:00+0530,51084.0,51642.05078125,51080.69921875,51597.1015625,0.0
2025-03-27 10:15:00+0530,51589.6015625,51669.1484375,51495.25,51653.19921875,0.0
2025-03-27 11:15:00+0530,51653.30078125,51674.1484375,51568.94921875,51615.05078125,0.0
2025-03-27 12:15:00+0530,51616.30078125,51637.8984375,51561.0,51596.5,0.0
2025-03-27 13:15:00+0530,51596.80078125,51666.5,51582.94921875,51606.94921875,0.0
2025-03-27 14:15:00+0530,51612.8984375,51711.69921875,51523.1015625,51536.1015625,0.0
2025-03-27 15:15:00+0530,51531.25,51671.1484375,51484.1015625,51534.0,0.0
2025-03-28 09:15:00+0530,51619.75,51811.69921875,51455.3984375,51546.6015625,0.0
2025-03-28 10:15:00+0530,51550.1015625,51772.0,51509.94921875,51512.19921875,0.0
2025-03-28 11:15:00+0530,51513.05078125,51606.3984375,51445.6484375,51582.0,0.0
2025-03-28 12:15:00+0530,51587.44921875,51589.6484375,51335.3515625,51415.1015625,0.0
2025-03-28 13:15:00+0530,51415.80078125,51559.6015625,51391.44921875,51552.44921875,0.0
2025-03-28 14:15:00+0530,51552.44921875,51835.8515625,51527.44921875,51594.6015625,0.0
2025-03-28 15:15:00+0530,51594.19921875,51595.69921875,51518.05078125,51552.6484375,0.0
2025-04-01 09:15:00+0530,51178.1484375,51683.69921875,51178.1484375,51393.69921875,0.0
2025-04-01 10:15:00+0530,51392.30078125,51489.19921875,50827.6484375,50910.75,0.0
2025-04-01 11:15:00+0530,50909.69921875,50979.8515625,50743.6015625,50856.25,0.0
2025-04-01 12:15:00+0530,50859.5,50963.0,50766.1484375,50843.69921875,0.0
2025-04-01 13:15:00+0530,50844.55078125,50867.3984375,50756.1484375,50807.94921875,0.0
2025-04-01 14:15:00+0530,50806.69921875,50890.6015625,50757.1484375,50838.25,0.0
2025-04-01 15:15:00+0530,50836.6484375,50865.05078125,50813.3515625,50851.0,0.0
2025-04-02 09:15:00+0530,50955.94921875,51240.80078125,50909.5,51104.1015625,0.0
2025-04-02 10:15:00+0530,51101.3984375,51276.1015625,51070.05078125,51227.3515625,0.0
2025-04-02 11:15:00+0530,51226.94921875,51267.75,51114.8984375,51246.3984375,0.0
2025-04-02 12:15:00+0530,51246.1484375,51279.19921875,51110.94921875,51233.1015625,0.0
2025-04-02 13:15:00+0530,51238.0,51286.8984375,51189.55078125,51218.3515625,0.0
2025-04-02 14:15:00+0530,51223.5,51379.30078125,51203.69921875,51362.1015625,0.0
2025-04-02 15:15:00+0530,51362.30078125,51404.19921875,51342.05078125,51372.75,0.0
2025-04-03 09:15:00+0530,50910.0,51437.69921875,50910.0,51400.0,0.0
2025-04-03 10:15:00+0530,51399.69921875,51527.1484375,51345.6015625,51492.8515625,0.0
2025-04-03 11:15:00+0530,51495.94921875,51518.3984375,51441.8984375,51477.0,0.0
2025-04-03 12:15:00+0530,51484.94921875,51491.75,51401.80078125,51466.19921875,0.0
2025-04-03 13:15:00+0530,51470.0,51659.6484375,51434.1484375,51559.80078125,0.0
2025-04-03 14:15:00+0530,51556.30078125,51632.55078125,51527.44921875,51613.55078125,0.0
2025-04-03 15:15:00+0530,51612.8984375,51619.80078125,51571.8515625,51581.55078125,0.0
2025-04-04 09:15:00+0530,51711.44921875,51891.05078125,51475.25,51522.8515625,0.0
2025-04-04 10:15:00+0530,51523.1484375,51734.19921875,51511.25,51686.69921875,0.0
2025-04-04 11:15:00+0530,51686.6484375,51763.3515625,51600.8515625,51661.0,0.0
2025-04-04 12:15:00+0530,51659.8984375,51706.1484375,51602.25,51617.8515625,0.0
2025-04-04 13:15:00+0530,51616.75,51676.05078125,51468.19921875,51617.5,0.0
2025-04-04 14:15:00+0530,51610.25,51637.6484375,51360.8984375,51557.8984375,0.0
2025-04-04 15:15:00+0530,51548.44921875,51558.25,51488.6015625,51515.25,0.0
2025-04-07 09:15:00+0530,49285.1484375,50417.6484375,49285.1484375,49668.3984375,0.0
2025-04-07 10:15:00+0530,49660.6484375,50013.3515625,49582.55078125,49672.05078125,0.0
2025-04-07 11:15:00+0530,49671.55078125,49783.0,49278.6484375,49289.0,0.0
2025-04-07 12:15:00+0530,49292.8984375,49471.44921875,49158.05078125,49333.44921875,0.0
2025-04-07 13:15:00+0530,49336.44921875,49698.05078125,49215.94921875,49581.05078125,0.0
2025-04-07 14:15:00+0530,49584.3515625,49958.19921875,49503.05078125,49907.44921875,0.0
2025-04-07 15:15:00+0530,49909.8984375,50041.6015625,49843.19921875,49985.94921875,0.0
2025-04-08 09:15:00+0530,50417.3515625,50790.8515625,50264.1015625,50290.3515625,0.0
2025-04-08 10:15:00+0530,50291.6015625,50486.3984375,50031.3515625,50383.5,0.0
2025-04-08 11:15:00+0530,50383.6484375,50548.75,50103.0,50548.75,0.0
2025-04-08 12:15:00+0530,50550.6484375,50763.6484375,50447.1484375,50720.6484375,0.0
2025-04-08 13:15:00+0530,50722.1015625,50771.5,50321.8984375,50555.1015625,0.0
2025-04-08 14:15:00+0530,50562.55078125,50672.6484375,50419.5,50494.19921875,0.0
2025-04-08 15:15:00+0530,50493.69921875,50607.6484375,50477.0,50575.1015625,0.0
2025-04-09 09:15:00+0530,50474.8984375,50481.19921875,50145.5,50168.80078125,0.0
2025-04-09 10:15:00+0530,50169.6015625,50355.19921875,49910.8515625,49953.0,0.0
2025-04-09 11:15:00+0530,49950.69921875,50210.8515625,49935.30078125,50129.30078125,0.0
2025-04-09 12:15:00+0530,50134.5,50295.3515625,50103.25,50280.8515625,0.0
2025-04-09 13:15:00+0530,50283.8515625,50306.6015625,50180.25,50247.19921875,0.0
2025-04-09 14:15:00+0530,50249.80078125,50305.69921875,50200.3984375,50248.8515625,0.0
2025-04-09 15:15:00+0530,50247.75,50293.3984375,50231.3515625,50283.75,0.0
2025-04-11 09:15:00+0530,50686.55078125,51064.3984375,50686.55078125,50927.80078125,0.0
2025-04-11 10:15:00+0530,50927.5,50983.75,50756.55078125,50964.55078125,0.0
2025-04-11 11:15:00+0530,50965.05078125,51205.3515625,50953.19921875,51203.6484375,0.0
2025-04-11 12:15:00+0530,51205.3515625,51242.8515625,51152.94921875,51196.05078125,0.0
2025-04-11 13:15:00+0530,51194.3515625,51210.69921875,50980.25,51011.44921875,0.0
2025-04-11 14:15:00+0530,51014.8984375,51056.75,50900.1015625,51005.80078125,0.0
2025-04-11 15:15:00+0530,51004.0,51037.19921875,50938.19921875,51007.55078125,0.0
2025-04-15 09:15:00+0530,52244.69921875,52265.3515625,51869.19921875,52255.19921875,0.0
2025-04-15 10:15:00+0530,52253.94921875,52276.0,52159.25,52258.05078125,0.0
2025-04-15 11:15:00+0530,52260.3515625,52399.6015625,52255.05078125,52327.6015625,0.0
2025-04-15 12:15:00+0530,52333.3984375,52363.0,52276.6015625,52311.1484375,0.0
2025-04-15 13:15:00+0530,52312.3515625,52374.69921875,52298.55078125,52371.3515625,0.0
2025-04-15 14:15:00+0530,52371.55078125,52398.6015625,52316.3515625,52358.75,0.0
2025-04-15 15:15:00+0530,52360.5,52464.3984375,52355.55078125,52415.1484375,0.0
2025-04-16 09:15:00+0530,52659.6484375,52819.8984375,52472.44921875,52786.19921875,0.0
2025-04-16 10:15:00+0530,52787.69921875,52805.1484375,52612.05078125,52744.30078125,0.0
2025-04-16 11:15:00+0530,52747.0,52813.8984375,52720.5,52771.55078125,0.0
2025-04-16 12:15:00+0530,52771.5,52876.30078125,52745.94921875,52874.19921875,0.0
2025-04-16 13:15:00+0530,52874.8515625,53123.44921875,52728.1484375,53116.5,0.0
2025-04-16 14:15:00+0530,53121.80078125,53152.80078125,53037.8984375,53087.6015625,0.0
2025-04-16 15:15:00+0530,53086.1484375,53163.1015625,53079.6015625,53109.25,0.0
2025-04-17 09:15:00+0530,53153.75,53524.80078125,53104.8515625,53380.8515625,0.0
2025-04-17 10:15:00+0530,53386.25,53486.0,53346.80078125,53459.69921875,0.0
2025-04-17 11:15:00+0530,53460.8515625,53807.3984375,53447.75,53797.44921875,0.0
2025-04-17 12:15:00+0530,53799.25,54308.8515625,53762.5,54305.55078125,0.0
2025-04-17 13:15:00+0530,54304.5,54404.5,54225.3984375,54280.19921875,0.0
2025-04-17 14:15:00+0530,54282.0,54400.44921875,54250.6015625,54259.19921875,0.0
2025-04-17 15:15:00+0530,54260.1015625,54332.25,54214.6015625,54252.05078125,0.0
2025-04-21 09:15:00+0530,54851.1015625,55290.3515625,54720.3515625,55167.1484375,0.0
2025-04-21 10:15:00+0530,55162.8515625,55383.55078125,55094.55078125,55366.1015625,0.0
2025-04-21 11:15:00+0530,55371.8515625,55433.1015625,55296.05078125,55385.3984375,0.0
2025-04-21 12:15:00+0530,55386.25,55460.69921875,55368.25,55412.69921875,0.0
2025-04-21 13:15:00+0530,55412.0,55432.0,55228.3515625,55320.1484375,0.0
2025-04-21 14:15:00+0530,55321.3515625,55338.1484375,55244.1484375,55288.0,0.0
2025-04-21 15:15:00+0530,55285.1484375,55346.25,55285.1484375,55295.5,0.0
2025-04-22 09:15:00+0530,55447.3515625,55704.8984375,55244.0,55696.5,0.0
2025-04-22 10:15:00+0530,55696.0,55960.3984375,55692.6484375,55906.69921875,0.0
2025-04-22 11:15:00+0530,55910.44921875,55916.6015625,55603.80078125,55728.3984375,0.0
2025-04-22 12:15:00+0530,55721.6484375,55768.0,55628.0,55755.1484375,0.0
2025-04-22 13:15:00+0530,55758.80078125,55818.25,55670.55078125,55717.6015625,0.0
2025-04-22 14:15:00+0530,55716.3984375,55766.6484375,55601.55078125,55666.8984375,0.0
2025-04-22 15:15:00+0530,55666.25,55669.3984375,55529.55078125,55559.19921875,0.0
2025-04-23 09:15:00+0530,56096.44921875,56096.44921875,55339.05078125,55342.8515625,0.0
2025-04-23 10:15:00+0530,55344.6015625,55440.94921875,55162.5,55224.5,0.0
2025-04-23 11:15:00+0530,55225.19921875,55390.1484375,55215.8515625,55263.30078125,0.0
2025-04-23 12:15:00+0530,55263.3515625,55369.3515625,55185.44921875,55306.3984375,0.0
2025-04-23 13:15:00+0530,55305.3515625,55443.3984375,55255.1015625,55414.6015625,0.0
2025-04-23 14:15:00+0530,55414.3984375,55424.6484375,55343.05078125,55394.6015625,0.0
2025-04-23 15:15:00+0530,55352.8515625,55374.6484375,55297.8515625,55318.8984375,0.0
2025-04-24 09:15:00+0530,55106.94921875,55548.1015625,55106.94921875,55381.69921875,0.0
2025-04-24 10:15:00+0530,55386.1015625,55409.3515625,55330.05078125,55378.8515625,0.0
2025-04-24 11:15:00+0530,55377.0,55392.3515625,55286.3515625,55347.3984375,0.0
2025-04-24 12:15:00+0530,55347.80078125,55384.1484375,55321.8515625,55341.5,0.0
2025-04-24 13:15:00+0530,55347.0,55388.94921875,55338.1484375,55357.19921875,0.0
2025-04-24 14:15:00+0530,55357.5,55400.3515625,55100.25,55206.05078125,0.0
2025-04-24 15:15:00+0530,55216.3984375,55231.75,55104.1484375,55125.69921875,0.0
2025-04-25 09:15:00+0530,55225.1484375,55349.6484375,54485.1484375,54668.55078125,0.0
2025-04-25 10:15:00+0530,54669.75,54698.6015625,54321.44921875,54411.8515625,0.0
2025-04-25 11:15:00+0530,54418.0,54435.25,54181.8515625,54377.44921875,0.0
2025-04-25 12:15:00+0530,54377.6015625,54616.69921875,54333.25,54605.69921875,0.0
2025-04-25 13:15:00+0530,54605.55078125,54911.0,54579.19921875,54774.1484375,0.0
2025-04-25 14:15:00+0530,54773.25,54870.69921875,54635.80078125,54694.6484375,0.0
2025-04-25 15:15:00+0530,54695.05078125,54696.5,54535.80078125,54552.44921875,0.0
2025-04-28 09:15:00+0530,54610.30078125,55293.44921875,54598.3515625,55288.19921875,0.0
2025-04-28 10:15:00+0530,55289.3984375,55327.80078125,55159.19921875,55168.80078125,0.0
2025-04-28 11:15:00+0530,55169.55078125,55390.8984375,55121.6015625,55349.3515625,0.0
2025-04-28 12:15:00+0530,55347.94921875,55576.75,55343.3515625,55514.75,0.0
2025-04-28 13:15:00+0530,55519.69921875,55520.6484375,55423.1484375,55511.05078125,0.0
2025-04-28 14:15:00+0530,55519.25,55527.1015625,55316.1484375,55422.3984375,0.0
2025-04-28 15:15:00+0530,55422.25,55446.6015625,55377.5,55428.1015625,0.0
2025-04-29 09:15:00+0530,55516.55078125,55957.25,55473.8515625,55531.75,0.0
2025-04-29 10:15:00+0530,55529.05078125,55549.3984375,55371.75,55454.94921875,0.0
2025-04-29 11:15:00+0530,55454.75,55482.8515625,55306.3984375,55352.25,0.0
2025-04-29 12:15:00+0530,55352.6015625,55548.44921875,55289.05078125,55460.0,0.0
2025-04-29 13:15:00+0530,55459.19921875,55479.30078125,55402.6484375,55446.6484375,0.0
2025-04-29 14:15:00+0530,55447.5,55523.69921875,55391.80078125,55392.55078125,0.0
2025-04-29 15:15:00+0530,55390.6484375,55400.1484375,55265.1484375,55301.1015625,0.0
2025-04-30 09:15:00+0530,55371.0,55478.25,55095.6484375,55247.80078125,0.0
2025-04-30 10:15:00+0530,55249.3984375,55291.75,55049.8515625,55158.3984375,0.0
2025-04-30 11:15:00+0530,55159.69921875,55254.19921875,55115.94921875,55131.3984375,0.0
2025-04-30 12:15:00+0530,55132.3515625,55283.94921875,55103.94921875,55225.6484375,0.0
2025-04-30 13:15:00+0530,55222.0,55252.1484375,55135.30078125,55170.8515625,0.0
2025-04-30 14:15:00+0530,55171.3515625,55233.6484375,55092.75,55136.6484375,0.0
2025-04-30 15:15:00+0530,55138.19921875,55146.94921875,54935.44921875,54956.5,0.0
2025-05-02 09:15:00+0530,55100.94921875,55689.6015625,55100.94921875,55579.8984375,0.0
2025-05-02 10:15:00+0530,55579.75,55594.80078125,55321.6015625,55370.44921875,0.0
2025-05-02 11:15:00+0530,55370.19921875,55422.0,55144.19921875,55173.75,0.0
2025-05-02 12:15:00+0530,55170.8984375,55185.8984375,54996.05078125,55073.25,0.0
2025-05-02 13:15:00+0530,55072.80078125,55290.75,55072.80078125,55227.6015625,0.0
2025-05-02 14:15:00+0530,55226.80078125,55246.8515625,54997.0,55177.6015625,0.0
2025-05-02 15:15:00+0530,55175.25,55183.1015625,55037.30078125,55051.1484375,0.0
2025-05-05 09:15:00+0530,55051.69921875,55336.8984375,54891.3515625,55038.8984375,0.0
2025-05-05 10:15:00+0530,55043.19921875,55180.0,54932.5,54975.80078125,0.0
2025-05-05 11:15:00+0530,54979.69921875,54992.30078125,54824.8984375,54875.05078125,0.0
2025-05-05 12:15:00+0530,54876.05078125,54930.55078125,54786.5,54895.3515625,0.0
2025-05-05 13:15:00+0530,54889.80078125,55048.0,54859.0,55005.6015625,0.0
2025-05-05 14:15:00+0530,55004.25,55081.1484375,54880.1484375,54904.8984375,0.0
2025-05-05 15:15:00+0530,54904.25,54963.0,54895.19921875,54907.19921875,0.0
2025-05-06 09:15:00+0530,54924.19921875,55036.94921875,54601.0,54601.0,0.0
2025-05-06 10:15:00+0530,54595.19921875,54601.19921875,54489.1484375,54534.1484375,0.0
2025-05-06 11:15:00+0530,54532.80078125,54545.75,54400.94921875,54515.05078125,0.0
2025-05-06 12:15:00+0530,54515.55078125,54570.55078125,54453.5,54498.25,0.0
2025-05-06 13:15:00+0530,54499.25,54583.25,54465.1484375,54512.3984375,0.0
2025-05-06 14:15:00+0530,54517.6015625,54522.5,54245.30078125,54284.44921875,0.0
2025-05-06 15:15:00+0530,54284.3515625,54290.3984375,54179.0,54183.8515625,0.0
2025-05-07 09:15:00+0530,53945.05078125,54671.3515625,53933.6015625,54307.3515625,0.0
2025-05-07 10:15:00+0530,54306.8984375,54389.69921875,54222.19921875,54327.8515625,0.0
2025-05-07 11:15:00+0530,54326.8515625,54477.8515625,54291.44921875,54337.5,0.0
2025-05-07 12:15:00+0530,54338.05078125,54389.44921875,54226.6015625,54271.5,0.0
2025-05-07 13:15:00+0530,54271.05078125,54459.80078125,54257.8515625,54410.1015625,0.0
2025-05-07 14:15:00+0530,54419.05078125,54605.0,54326.05078125,54597.6484375,0.0
2025-05-07 15:15:00+0530,54597.1484375,54680.75,54594.25,54628.30078125,0.0
2025-05-08 09:15:00+0530,54771.8984375,54933.8984375,54602.5,54763.5,0.0
2025-05-08 10:15:00+0530,54760.30078125,54870.25,54733.3984375,54781.75,0.0
2025-05-08 11:15:00+0530,54781.25,54802.75,54698.6484375,54743.1015625,0.0
2025-05-08 12:15:00+0530,54740.94921875,54849.1015625,54719.0,54791.8515625,0.0
2025-05-08 13:15:00+0530,54791.8515625,54842.8515625,54518.25,54540.19921875,0.0
2025-05-08 14:15:00+0530,54536.8984375,54653.19921875,54343.8515625,54466.0,0.0
2025-05-08 15:15:00+0530,54467.80078125,54470.05078125,54109.94921875,54141.75,0.0
2025-05-09 09:15:00+0530,53620.25,54051.05078125,53547.55078125,53765.8984375,0.0
2025-05-09 10:15:00+0530,53769.80078125,53843.69921875,53622.1484375,53713.3515625,0.0
2025-05-09 11:15:00+0530,53713.80078125,53920.8515625,53604.6015625,53716.30078125,0.0
2025-05-09 12:15:00+0530,53717.3984375,53738.25,53584.0,53615.1015625,0.0
2025-05-09 13:15:00+0530,53614.30078125,53660.0,53533.75,53590.0,0.0
2025-05-09 14:15:00+0530,53589.3984375,53643.8515625,53485.05078125,53588.5,0.0
2025-05-09 15:15:00+0530,53589.5,53676.80078125,53573.1484375,53674.05078125,0.0
2025-05-12 09:15:00+0530,54658.75,55290.30078125,54570.6484375,55146.3984375,0.0
2025-05-12 10:15:00+0530,55148.3515625,55346.19921875,55135.30078125,55304.55078125,0.0
2025-05-12 11:15:00+0530,55306.1484375,55390.25,55134.8984375,55150.55078125,0.0
2025-05-12 12:15:00+0530,55155.3984375,55336.75,55123.44921875,55189.8984375,0.0
2025-05-12 13:15:00+0530,55192.6015625,55291.94921875,55184.19921875,55291.25,0.0
2025-05-12 14:15:00+0530,55289.75,55377.0,55227.75,55325.0,0.0
2025-05-12 15:15:00+0530,55324.69921875,55464.94921875,55320.6484375,55411.30078125,0.0
2025-05-13 09:15:00+0530,55233.55078125,55497.25,54983.30078125,55182.05078125,0.0
2025-05-13 10:15:00+0530,55176.3515625,55314.0,54945.44921875,55108.80078125,0.0
2025-05-13 11:15:00+0530,55107.69921875,55332.0,55087.8515625,55171.3515625,0.0
2025-05-13 12:15:00+0530,55168.3515625,55211.55078125,54925.69921875,54990.80078125,0.0
2025-05-13 13:15:00+0530,54986.94921875,54997.05078125,54889.19921875,54947.30078125,0.0
2025-05-13 14:15:00+0530,54946.5,55038.05078125,54894.44921875,54929.69921875,0.0
2025-05-13 15:15:00+0530,54932.75,54984.6484375,54890.55078125,54964.44921875,0.0
2025-05-14 09:15:00+0530,55008.55078125,55205.25,54886.25,55089.30078125,0.0
2025-05-14 10:15:00+0530,55084.55078125,55094.1015625,54951.6484375,55012.8515625,0.0
2025-05-14 11:15:00+0530,55008.3515625,55033.94921875,54805.75,54839.3984375,0.0
2025-05-14 12:15:00+0530,54842.8515625,54845.0,54492.6484375,54682.94921875,0.0
2025-05-14 13:15:00+0530,54682.8515625,54711.55078125,54582.69921875,54654.94921875,0.0
2025-05-14 14:15:00+0530,54655.1484375,54831.19921875,54578.6015625,54808.1484375,0.0
2025-05-14 15:15:00+0530,54810.80078125,54898.80078125,54759.3984375,54860.55078125,0.0
2025-05-15 09:15:00+0530,54853.69921875,54906.19921875,54443.8515625,54562.75,0.0
2025-05-15 10:15:00+0530,54553.80078125,55018.0,54491.30078125,54616.69921875,0.0
2025-05-15 11:15:00+0530,54617.1015625,54807.0,54570.69921875,54711.30078125,0.0
2025-05-15 12:15:00+0530,54711.69921875,55100.30078125,54629.6484375,55096.3984375,0.0
2025-05-15 13:15:00+0530,55098.80078125,55462.1484375,55017.75,55432.0,0.0
2025-05-15 14:15:00+0530,55427.69921875,55486.3984375,55302.8984375,55362.55078125,0.0
2025-05-15 15:15:00+0530,55357.5,55375.8984375,55319.55078125,55336.69921875,0.0
2025-05-16 09:15:00+0530,55288.0,55417.3515625,55170.6015625,55277.44921875,0.0
2025-05-16 10:15:00+0530,55280.25,55350.44921875,55220.05078125,55273.5,0.0
2025-05-16 11:15:00+0530,55271.55078125,55315.3984375,55242.55078125,55263.05078125,0.0
2025-05-16 12:15:00+0530,55257.8984375,55359.3515625,55230.19921875,55306.30078125,0.0
2025-05-16 13:15:00+0530,55306.3984375,55381.1484375,55276.1015625,55347.69921875,0.0
2025-05-16 14:15:00+0530,55347.30078125,55392.75,55313.25,55363.1015625,0.0
2025-05-16 15:15:00+0530,55367.3984375,55376.75,55311.0,55350.80078125,0.0
2025-05-19 09:15:00+0530,55331.3515625,55511.25,55305.25,55480.94921875,0.0
2025-05-19 10:15:00+0530,55478.0,55648.05078125,55474.44921875,55587.3515625,0.0
2025-05-19 11:15:00+0530,55588.3515625,55671.1484375,55542.19921875,55591.69921875,0.0
2025-05-19 12:15:00+0530,55592.3984375,55694.30078125,55522.1484375,55542.05078125,0.0
2025-05-19 13:15:00+0530,55542.05078125,55599.5,55355.8984375,55399.6015625,0.0
2025-05-19 14:15:00+0530,55400.75,55457.5,55303.6484375,55417.1015625,0.0
2025-05-19 15:15:00+0530,55418.30078125,55450.94921875,55376.94921875,55400.6484375,0.0
2025-05-20 09:15:00+0530,55443.8515625,55565.94921875,55121.1484375,55194.3984375,0.0
2025-05-20 10:15:00+0530,55196.05078125,55344.94921875,55140.30078125,55208.30078125,0.0
2025-05-20 11:15:00+0530,55208.1015625,55209.44921875,55074.3515625,55122.19921875,0.0
2025-05-20 12:15:00+0530,55131.1484375,55209.05078125,55007.30078125,55009.6484375,0.0
2025-05-20 13:15:00+0530,55009.3984375,55049.6015625,54931.94921875,54965.5,0.0
2025-05-20 14:15:00+0530,54962.8984375,54975.05078125,54830.0,54910.25,0.0
2025-05-20 15:15:00+0530,54910.8515625,54934.30078125,54854.3984375,54932.3515625,0.0
2025-05-21 09:15:00+0530,55069.5,55265.44921875,54933.3515625,55260.30078125,0.0
2025-05-21 10:15:00+0530,55261.0,55336.75,55163.8515625,55218.1015625,0.0
2025-05-21 11:15:00+0530,55219.25,55233.8515625,54790.94921875,54813.25,0.0
2025-05-21 12:15:00+0530,54817.55078125,55026.69921875,54690.80078125,55011.1484375,0.0
2025-05-21 13:15:00+0530,55012.94921875,55109.3515625,54891.8984375,55007.94921875,0.0
2025-05-21 14:15:00+0530,55007.75,55112.44921875,54990.3984375,55066.8984375,0.0
2025-05-21 15:15:00+0530,55066.6015625,55097.44921875,55036.5,55065.6015625,0.0
2025-05-22 09:15:00+0530,54869.19921875,54934.3984375,54719.8515625,54849.5,0.0
2025-05-22 10:15:00+0530,54849.80078125,54889.6015625,54742.1484375,54747.75,0.0
2025-05-22 11:15:00+0530,54746.44921875,54776.6015625,54588.80078125,54644.80078125,0.0
2025-05-22 12:15:00+0530,54646.6484375,54671.80078125,54577.69921875,54647.3515625,0.0
2025-05-22 13:15:00+0530,54651.80078125,54692.1015625,54616.25,54653.75,0.0
2025-05-22 14:15:00+0530,54653.5,54995.94921875,54587.1484375,54937.6484375,0.0
2025-05-22 15:15:00+0530,54938.75,54989.6015625,54889.80078125,54963.25,0.0
2025-05-23 09:15:00+0530,54959.30078125,55200.6015625,54855.19921875,55171.1484375,0.0
2025-05-23 10:15:00+0530,55170.05078125,55338.44921875,55002.94921875,55309.25,0.0
2025-05-23 11:15:00+0530,55311.8515625,55431.80078125,55192.6484375,55236.3984375,0.0
2025-05-23 12:15:00+0530,55232.05078125,55430.5,55230.6015625,55362.25,0.0
2025-05-23 13:15:00+0530,55361.69921875,55438.94921875,55302.6015625,55395.75,0.0
2025-05-23 14:15:00+0530,55394.55078125,55420.8984375,55303.1015625,55391.25,0.0
2025-05-23 15:15:00+0530,55391.25,55426.1015625,55379.6484375,55389.6015625,0.0
2025-05-26 09:15:00+0530,55534.8984375,55875.6015625,55520.44921875,55741.3515625,0.0
2025-05-26 10:15:00+0530,55739.55078125,55760.1015625,55308.05078125,55480.1015625,0.0
2025-05-26 11:15:00+0530,55481.3515625,55576.25,55406.80078125,55531.1015625,0.0
2025-05-26 12:15:00+0530,55531.19921875,55611.1015625,55422.75,55509.1015625,0.0
2025-05-26 13:15:00+0530,55506.1484375,55555.1484375,55456.8984375,55527.1015625,0.0
2025-05-26 14:15:00+0530,55528.94921875,55598.3515625,55447.30078125,55577.1015625,0.0
2025-05-26 15:15:00+0530,55578.25,55612.6484375,55548.3515625,55558.8984375,0.0
2025-05-27 09:15:00+0530,55483.8984375,55493.94921875,55041.3515625,55112.44921875,0.0
2025-05-27 10:15:00+0530,55109.55078125,55449.75,55054.69921875,55354.3515625,0.0
2025-05-27 11:15:00+0530,55365.6484375,55828.44921875,55364.44921875,55593.44921875,0.0
2025-05-27 12:15:00+0530,55598.80078125,55623.1015625,55340.8515625,55411.5,0.0
2025-05-27 13:15:00+0530,55412.55078125,55529.75,55213.55078125,55266.94921875,0.0
2025-05-27 14:15:00+0530,55258.8984375,55393.94921875,55110.05078125,55384.55078125,0.0
2025-05-27 15:15:00+0530,55386.55078125,55406.1015625,55319.05078125,55352.44921875,0.0
2025-05-28 09:15:00+0530,55328.6015625,55521.6015625,55236.55078125,55335.6015625,0.0
2025-05-28 10:15:00+0530,55335.30078125,55463.05078125,55278.94921875,55384.8984375,0.0
2025-05-28 11:15:00+0530,55383.6015625,55432.55078125,55303.80078125,55318.5,0.0
2025-05-28 12:15:00+0530,55319.94921875,55506.8515625,55311.30078125,55433.55078125,0.0
2025-05-28 13:15:00+0530,55433.19921875,55464.6484375,55345.6015625,55415.05078125,0.0
2025-05-28 14:15:00+0530,55415.6015625,55478.25,55335.5,55407.75,0.0
2025-05-28 15:15:00+0530,55410.05078125,55454.25,55396.1015625,55447.55078125,0.0
2025-05-29 09:15:00+0530,55589.3515625,55725.3515625,55319.0,55350.80078125,0.0
2025-05-29 10:15:00+0530,55351.55078125,55385.0,55196.8984375,55213.1015625,0.0
2025-05-29 11:15:00+0530,55197.25,55241.30078125,55150.6015625,55191.44921875,0.0
2025-05-29 12:15:00+0530,55189.6484375,55282.3984375,55096.69921875,55266.3515625,0.0
2025-05-29 13:15:00+0530,55261.6015625,55302.25,55187.94921875,55201.25,0.0
2025-05-29 14:15:00+0530,55201.55078125,55594.8515625,55177.69921875,55591.80078125,0.0
2025-05-29 15:15:00+0530,55591.0,55781.1015625,55566.0,55765.19921875,0.0
2025-05-30 09:15:00+0530,55611.3984375,55695.55078125,55461.8984375,55559.8515625,0.0
2025-05-30 10:15:00+0530,55557.1015625,55562.1484375,55356.8515625,55460.8515625,0.0
2025-05-30 11:15:00+0530,55462.94921875,55551.44921875,55426.8515625,55430.5,0.0
2025-05-30 12:15:00+0530,55415.80078125,55581.94921875,55402.25,55557.8515625,0.0
2025-05-30 13:15:00+0530,55557.5,55776.3984375,55557.5,55624.1484375,0.0
2025-05-30 14:15:00+0530,55626.0,55812.6015625,55618.1015625,55755.75,0.0
2025-05-30 15:15:00+0530,55755.44921875,55778.8984375,55729.05078125,55755.69921875,0.0
2025-06-02 09:15:00+0530,55598.25,55683.3515625,55401.94921875,55585.25,0.0
2025-06-02 10:15:00+0530,55585.55078125,55686.44921875,55551.5,55615.69921875,0.0
2025-06-02 11:15:00+0530,55616.55078125,55752.19921875,55572.8515625,55726.1015625,0.0
2025-06-02 12:15:00+0530,55725.1015625,55834.8515625,55690.25,55780.8984375,0.0
2025-06-02 13:15:00+0530,55781.25,55872.1015625,55759.05078125,55787.1484375,0.0
2025-06-02 14:15:00+0530,55787.94921875,55964.0,55702.75,55918.30078125,0.0
2025-06-02 15:15:00+0530,55918.0,55921.8515625,55811.5,55862.05078125,0.0
2025-06-03 09:15:00+0530,56104.80078125,56143.8984375,55716.5,55841.6484375,0.0
2025-06-03 10:15:00+0530,55841.94921875,56016.3984375,55704.19921875,55706.80078125,0.0
2025-06-03 11:15:00+0530,55709.44921875,55805.30078125,55660.80078125,55680.05078125,0.0
2025-06-03 12:15:00+0530,55683.25,55727.25,55459.75,55524.1015625,0.0
2025-06-03 13:15:00+0530,55523.1484375,55659.44921875,55467.69921875,55647.6015625,0.0
2025-06-03 14:15:00+0530,55650.3515625,55722.1015625,55582.19921875,55600.94921875,0.0
2025-06-03 15:15:00+0530,55598.80078125,55635.8515625,55525.3515625,55540.0,0.0
2025-06-04 09:15:00+0530,55652.1484375,55779.5,55408.44921875,55522.44921875,0.0
2025-06-04 10:15:00+0530,55522.44921875,55641.6015625,55493.3984375,55595.5,0.0
2025-06-04 11:15:00+0530,55594.5,55702.3515625,55588.6484375,55686.05078125,0.0
2025-06-04 12:15:00+0530,55687.05078125,55700.19921875,55624.55078125,55645.3984375,0.0
2025-06-04 13:15:00+0530,55645.55078125,55690.05078125,55597.19921875,55670.6484375,0.0
2025-06-04 14:15:00+0530,55670.1015625,55738.0,55624.30078125,55666.30078125,0.0
2025-06-04 15:15:00+0530,55665.55078125,55693.6015625,55656.30078125,55665.55078125,0.0
2025-06-05 09:15:00+0530,55798.1484375,55849.44921875,55586.44921875,55748.80078125,0.0
2025-06-05 10:15:00+0530,55744.6015625,55781.6484375,55666.6484375,55718.44921875,0.0
2025-06-05 11:15:00+0530,55720.25,55970.55078125,55694.1484375,55963.25,0.0
2025-06-05 12:15:00+0530,55967.25,56009.1484375,55773.6015625,55792.69921875,0.0
2025-06-05 13:15:00+0530,55763.69921875,55796.94921875,55629.25,55676.8515625,0.0
2025-06-05 14:15:00+0530,55677.1015625,55783.3515625,55659.1015625,55770.19921875,0.0
2025-06-05 15:15:00+0530,55764.5,55841.5,55753.69921875,55809.75,0.0
2025-06-06 09:15:00+0530,55699.44921875,55992.55078125,55560.3515625,55690.55078125,0.0
2025-06-06 10:15:00+0530,55691.3984375,56577.1015625,55536.5,56567.8515625,0.0
2025-06-06 11:15:00+0530,56569.3515625,56649.80078125,56478.6015625,56591.8984375,0.0
2025-06-06 12:15:00+0530,56590.5,56627.30078125,56454.8515625,56568.3515625,0.0
2025-06-06 13:15:00+0530,56567.75,56638.05078125,56495.94921875,56636.69921875,0.0
2025-06-06 14:15:00+0530,56634.30078125,56693.6484375,56548.1015625,56571.1484375,0.0
2025-06-06 15:15:00+0530,56571.1484375,56594.05078125,56539.8984375,56584.80078125,0.0
2025-06-09 09:15:00+0530,57002.0,57008.30078125,56793.25,56996.3515625,0.0
2025-06-09 10:15:00+0530,56991.25,57032.55078125,56942.8515625,56947.8984375,0.0
2025-06-09 11:15:00+0530,56949.8515625,56956.05078125,56856.6484375,56933.55078125,0.0
2025-06-09 12:15:00+0530,56934.6484375,56981.94921875,56878.94921875,56935.05078125,0.0
2025-06-09 13:15:00+0530,56937.55078125,56955.30078125,56845.1015625,56850.0,0.0
2025-06-09 14:15:00+0530,56847.19921875,56893.1484375,56827.05078125,56851.0,0.0
2025-06-09 15:15:00+0530,56851.30078125,56857.44921875,56811.3984375,56846.19921875,0.0
2025-06-10 09:15:00+0530,56993.8984375,57012.6015625,56570.44921875,56781.69921875,0.0
2025-06-10 10:15:00+0530,56783.6484375,56804.69921875,56602.80078125,56666.8515625,0.0
2025-06-10 11:15:00+0530,56670.30078125,56676.69921875,56573.3984375,56610.1015625,0.0
2025-06-10 12:15:00+0530,56608.05078125,56732.55078125,56586.30078125,56688.3515625,0.0
2025-06-10 13:15:00+0530,56676.8984375,56709.8984375,56639.1484375,56652.05078125,0.0
2025-06-10 14:15:00+0530,56652.30078125,56679.80078125,56591.8515625,56647.3515625,0.0
2025-06-10 15:15:00+0530,56648.05078125,56653.80078125,56565.1015625,56579.55078125,0.0
2025-06-11 09:15:00+0530,56640.75,56662.55078125,56444.3515625,56621.3515625,0.0
2025-06-11 10:15:00+0530,56619.6484375,56641.80078125,56568.25,56613.30078125,0.0
2025-06-11 11:15:00+0530,56702.1484375,56780.44921875,56674.19921875,56743.25,0.0
2025-06-11 12:15:00+0530,56743.25,56781.5,56664.30078125,56666.80078125,0.0
2025-06-11 13:15:00+0530,56667.75,56672.5,56400.44921875,56423.0,0.0
2025-06-11 14:15:00+0530,56425.75,56507.30078125,56411.1484375,56454.75,0.0
2025-06-11 15:15:00+0530,56454.6484375,56473.25,56416.3515625,56438.05078125,0.0
2025-06-12 09:15:00+0530,56454.69921875,56611.0,56383.0,56395.80078125,0.0
2025-06-12 10:15:00+0530,56397.75,56439.05078125,56242.1015625,56268.1015625,0.0
2025-06-12 11:15:00+0530,56267.75,56354.05078125,56197.30078125,56257.94921875,0.0
2025-06-12 12:15:00+0530,56259.80078125,56333.55078125,56209.80078125,56245.0,0.0
2025-06-12 13:15:00+0530,56245.0,56263.05078125,55969.80078125,56012.75,0.0
2025-06-12 14:15:00+0530,56015.0,56205.69921875,56004.25,56076.8984375,0.0
2025-06-12 15:15:00+0530,56076.1015625,56081.19921875,55980.44921875,55997.80078125,0.0
2025-06-13 09:15:00+0530,55165.5,55514.8984375,55165.5,55455.8984375,0.0
2025-06-13 10:15:00+0530,55452.8515625,55591.0,55380.8515625,55446.55078125,0.0
2025-06-13 11:15:00+0530,55440.75,55542.55078125,55419.0,55471.80078125,0.0
2025-06-13 12:15:00+0530,55471.8515625,55553.6484375,55440.0,55501.55078125,0.0
2025-06-13 13:15:00+0530,55498.0,55687.5,55480.55078125,55560.8984375,0.0
2025-06-13 14:15:00+0530,55560.6484375,55586.44921875,55376.19921875,55546.8515625,0.0
2025-06-13 15:15:00+0530,55545.75,55581.3515625,55514.3515625,55577.1015625,0.0
2025-06-16 09:15:00+0530,55565.8515625,55601.8984375,55382.25,55477.30078125,0.0
2025-06-16 10:15:00+0530,55476.8984375,55801.6484375,55469.19921875,55739.6015625,0.0
2025-06-16 11:15:00+0530,55736.69921875,55842.3984375,55657.3515625,55809.30078125,0.0
2025-06-16 12:15:00+0530,55810.3984375,55914.19921875,55739.55078125,55876.1484375,0.0
2025-06-16 13:15:00+0530,55876.80078125,55956.0,55836.6484375,55945.3515625,0.0
2025-06-16 14:15:00+0530,55947.19921875,55961.1015625,55857.69921875,55957.3515625,0.0
2025-06-16 15:15:00+0530,55957.6015625,55999.1484375,55942.3515625,55973.5,0.0
2025-06-17 09:15:00+0530,55983.0,56067.30078125,55788.8515625,55850.3984375,0.0
2025-06-17 10:15:00+0530,55846.8515625,55958.3515625,55795.25,55826.05078125,0.0
2025-06-17 11:15:00+0530,55821.19921875,55826.5,55721.0,55728.0,0.0
2025-06-17 12:15:00+0530,55728.0,55750.19921875,55654.0,55683.94921875,0.0
2025-06-17 13:15:00+0530,55683.25,55725.6015625,55643.94921875,55715.80078125,0.0
2025-06-17 14:15:00+0530,55715.19921875,55769.75,55679.25,55742.75,0.0
2025-06-17 15:15:00+0530,55742.44921875,55743.6015625,55660.1015625,55678.69921875,0.0
2025-06-18 09:15:00+0530,55567.80078125,55933.44921875,55528.44921875,55889.3984375,0.0
2025-06-18 10:15:00+0530,55889.3984375,55908.0,55715.6015625,55752.8984375,0.0
2025-06-18 11:15:00+0530,55752.6015625,55799.69921875,55612.19921875,55776.19921875,0.0
2025-06-18 12:15:00+0530,55776.8984375,55793.25,55712.30078125,55770.1484375,0.0
2025-06-18 13:15:00+0530,55770.5,55831.3984375,55681.6484375,55694.69921875,0.0
2025-06-18 14:15:00+0530,55695.8515625,55858.94921875,55641.1015625,55823.25,0.0
2025-06-18 15:15:00+0530,55827.19921875,55857.8515625,55775.05078125,55802.8515625,0.0
2025-06-19 09:15:00+0530,55803.19921875,55941.94921875,55685.75,55809.94921875,0.0
2025-06-19 10:15:00+0530,55808.6015625,55818.05078125,55662.05078125,55685.3515625,0.0
2025-06-19 11:15:00+0530,55686.5,55694.05078125,55612.3515625,55653.8984375,0.0
2025-06-19 12:15:00+0530,55653.19921875,55706.80078125,55543.0,55653.30078125,0.0
2025-06-19 13:15:00+0530,55652.94921875,55710.3515625,55592.69921875,55678.25,0.0
2025-06-19 14:15:00+0530,55677.1015625,55705.3515625,55562.1484375,55565.6015625,0.0
2025-06-19 15:15:00+0530,55570.25,55597.8984375,55482.3984375,55497.05078125,0.0
2025-06-20 09:15:00+0530,55566.69921875,55833.6015625,55566.69921875,55799.69921875,0.0
2025-06-20 10:15:00+0530,55798.19921875,56134.69921875,55796.25,56132.8984375,0.0
2025-06-20 11:15:00+0530,56133.94921875,56198.3984375,56095.3515625,56165.75,0.0
2025-06-20 12:15:00+0530,56167.0,56186.8984375,56027.44921875,56168.6015625,0.0
2025-06-20 13:15:00+0530,56169.3515625,56242.1015625,56137.80078125,56155.0,0.0
2025-06-20 14:15:00+0530,56156.25,56294.80078125,56067.0,56239.1484375,0.0
2025-06-20 15:15:00+0530,56240.94921875,56323.25,56208.69921875,56216.5,0.0
2025-06-23 09:15:00+0530,55855.3515625,56057.44921875,55782.80078125,55828.3984375,0.0
2025-06-23 10:15:00+0530,55826.69921875,55950.80078125,55811.55078125,55917.69921875,0.0
2025-06-23 11:15:00+0530,55917.6015625,55949.1015625,55856.8984375,55914.0,0.0
2025-06-23 12:15:00+0530,55914.1015625,55975.6484375,55902.5,55973.55078125,0.0
2025-06-23 13:15:00+0530,55976.25,56231.8984375,55961.30078125,56125.44921875,0.0
2025-06-23 14:15:00+0530,56125.69921875,56129.8984375,56011.8984375,56063.19921875,0.0
2025-06-23 15:15:00+0530,56057.25,56085.80078125,56021.55078125,56034.55078125,0.0
2025-06-24 09:15:00+0530,56529.44921875,56728.0,56461.44921875,56619.6015625,0.0
2025-06-24 10:15:00+0530,56620.6484375,56711.8515625,56487.19921875,56692.80078125,0.0
2025-06-24 11:15:00+0530,56691.75,56860.8515625,56653.55078125,56826.19921875,0.0
2025-06-24 12:15:00+0530,56831.30078125,56840.3515625,56488.6484375,56566.05078125,0.0
2025-06-24 13:15:00+0530,56566.44921875,56614.6015625,56278.3515625,56370.6484375,0.0
2025-06-24 14:15:00+0530,56372.0,56513.3515625,56349.69921875,56457.6484375,0.0
2025-06-24 15:15:00+0530,56457.75,56506.6484375,56440.80078125,56471.3984375,0.0
2025-06-25 09:15:00+0530,56566.0,56663.5,56435.3984375,56567.25,0.0
2025-06-25 10:15:00+0530,56571.1015625,56646.75,56561.25,56566.0,0.0
2025-06-25 11:15:00+0530,56566.8984375,56619.80078125,56519.94921875,56564.55078125,0.0
2025-06-25 12:15:00+0530,56564.19921875,56634.55078125,56529.75,56610.30078125,0.0
2025-06-25 13:15:00+0530,56609.44921875,56643.3984375,56567.05078125,56625.3984375,0.0
2025-06-25 14:15:00+0530,56622.05078125,56681.05078125,56586.94921875,56616.94921875,0.0
2025-06-25 15:15:00+0530,56617.19921875,56629.69921875,56564.30078125,56591.0,0.0
2025-06-26 09:15:00+0530,56689.8515625,56802.5,56569.55078125,56695.69921875,0.0
2025-06-26 10:15:00+0530,56693.19921875,56743.75,56560.5,56609.75,0.0
2025-06-26 11:15:00+0530,56609.75,57033.6015625,56567.3984375,56989.8515625,0.0
2025-06-26 12:15:00+0530,56997.75,57027.0,56804.5,56861.69921875,0.0
2025-06-26 13:15:00+0530,56863.44921875,57157.0,56843.75,57150.1484375,0.0
2025-06-26 14:15:00+0530,57156.1015625,57250.75,57090.3515625,57187.8515625,0.0
2025-06-26 15:15:00+0530,57184.05078125,57263.05078125,57143.6484375,57173.8515625,0.0
2025-06-27 09:15:00+0530,57228.30078125,57251.8515625,56995.05078125,57159.5,0.0
2025-06-27 10:15:00+0530,57160.1015625,57340.19921875,57158.1015625,57294.6015625,0.0
2025-06-27 11:15:00+0530,57296.05078125,57381.0,57263.6015625,57352.80078125,0.0
2025-06-27 12:15:00+0530,57352.44921875,57413.0,57315.69921875,57370.05078125,0.0
2025-06-27 13:15:00+0530,57374.1484375,57435.8515625,57341.6484375,57379.3515625,0.0
2025-06-27 14:15:00+0530,57380.5,57461.30078125,57312.25,57451.94921875,0.0
2025-06-27 15:15:00+0530,57452.05078125,57472.75,57380.1484375,57399.94921875,0.0
2025-06-30 09:15:00+0530,57529.25,57605.3515625,57323.80078125,57414.5,0.0
2025-06-30 10:15:00+0530,57415.8984375,57470.05078125,57297.80078125,57358.80078125,0.0
2025-06-30 11:15:00+0530,57358.0,57509.0,57332.25,57496.5,0.0
2025-06-30 12:15:00+0530,57496.0,57524.75,57310.6484375,57347.3515625,0.0
2025-06-30 13:15:00+0530,57349.8515625,57388.05078125,57212.6484375,57248.1484375,0.0
2025-06-30 14:15:00+0530,57252.25,57340.6015625,57196.19921875,57332.1484375,0.0
2025-06-30 15:15:00+0530,57331.1484375,57341.0,57261.1484375,57278.1484375,0.0
2025-07-01 09:15:00+0530,57376.69921875,57422.1015625,57197.80078125,57205.94921875,0.0
2025-07-01 10:15:00+0530,57202.69921875,57262.80078125,57151.75,57213.1015625,0.0
2025-07-01 11:15:00+0530,57211.55078125,57303.44921875,57189.1484375,57283.80078125,0.0
2025-07-01 12:15:00+0530,57284.6015625,57460.5,57271.44921875,57439.1484375,0.0
2025-07-01 13:15:00+0530,57439.3984375,57530.3515625,57401.5,57530.3515625,0.0
2025-07-01 14:15:00+0530,57530.3515625,57533.3515625,57406.80078125,57441.8984375,0.0
2025-07-01 15:15:00+0530,57439.05078125,57501.30078125,57425.8984375,57442.69921875,0.0
2025-07-02 09:15:00+0530,57535.30078125,57590.25,57209.75,57268.3515625,0.0
2025-07-02 10:15:00+0530,57268.94921875,57278.75,57153.30078125,57202.05078125,0.0
2025-07-02 11:15:00+0530,57201.3984375,57235.30078125,57138.69921875,57158.30078125,0.0
2025-07-02 12:15:00+0530,57155.75,57177.6484375,57043.30078125,57043.30078125,0.0
2025-07-02 13:15:00+0530,57042.30078125,57050.75,56852.5,56888.1484375,0.0
2025-07-02 14:15:00+0530,56891.8984375,57066.1015625,56834.1015625,57017.05078125,0.0
2025-07-02 15:15:00+0530,57018.69921875,57019.5,56951.80078125,56972.1484375,0.0
2025-07-03 09:15:00+0530,57022.19921875,57190.19921875,56895.3984375,57119.3515625,0.0
2025-07-03 10:15:00+0530,57121.05078125,57158.44921875,57061.44921875,57103.25,0.0
2025-07-03 11:15:00+0530,57103.6015625,57135.5,56956.69921875,56989.75,0.0
2025-07-03 12:15:00+0530,56989.3515625,57048.3984375,56949.8515625,56978.80078125,0.0
2025-07-03 13:15:00+0530,56978.55078125,57116.1484375,56907.25,56923.30078125,0.0
2025-07-03 14:15:00+0530,56921.8515625,56945.94921875,56767.44921875,56794.1484375,0.0
2025-07-03 15:15:00+0530,56798.94921875,56832.6015625,56765.80078125,56772.75,0.0
2025-07-04 09:15:00+0530,56825.6484375,56920.8984375,56680.19921875,56795.6015625,0.0
2025-07-04 10:15:00+0530,56796.3515625,56898.19921875,56776.3984375,56855.69921875,0.0
2025-07-04 11:15:00+0530,56855.5,56861.75,56628.8984375,56639.05078125,0.0
2025-07-04 12:15:00+0530,56639.30078125,56759.3515625,56623.6015625,56752.1015625,0.0
2025-07-04 13:15:00+0530,56751.25,56872.19921875,56728.3515625,56864.44921875,0.0
2025-07-04 14:15:00+0530,56863.55078125,57056.30078125,56793.8515625,57045.55078125,0.0
2025-07-04 15:15:00+0530,57044.8515625,57072.19921875,56997.8984375,57044.80078125,0.0
2025-07-07 09:15:00+0530,56938.69921875,57064.75,56854.05078125,56919.3515625,0.0
2025-07-07 10:15:00+0530,56920.25,57152.19921875,56896.1015625,57021.69921875,0.0
2025-07-07 11:15:00+0530,57028.3984375,57042.6015625,56899.8984375,56909.8515625,0.0
2025-07-07 12:15:00+0530,56909.94921875,56985.19921875,56838.8515625,56950.6484375,0.0
2025-07-07 13:15:00+0530,56947.3515625,57029.5,56909.30078125,56965.94921875,0.0
2025-07-07 14:15:00+0530,56975.44921875,56986.69921875,56856.1015625,56947.1015625,0.0
2025-07-07 15:15:00+0530,56947.8515625,56965.3515625,56913.3515625,56919.8515625,0.0
2025-07-08 09:15:00+0530,56996.19921875,57257.55078125,56941.30078125,57146.80078125,0.0
2025-07-08 10:15:00+0530,57147.0,57220.5,57077.1015625,57087.5,0.0
2025-07-08 11:15:00+0530,57087.3984375,57175.80078125,57060.69921875,57110.8984375,0.0
2025-07-08 12:15:00+0530,57103.44921875,57200.0,57076.6484375,57147.8984375,0.0
2025-07-08 13:15:00+0530,57146.05078125,57169.1015625,57074.30078125,57094.30078125,0.0
2025-07-08 14:15:00+0530,57094.55078125,57287.75,57081.55078125,57271.3515625,0.0
2025-07-08 15:15:00+0530,57272.1015625,57302.1015625,57220.6015625,57240.8515625,0.0
2025-07-09 09:15:00+0530,57168.8515625,57231.1484375,57038.69921875,57193.8515625,0.0
2025-07-09 10:15:00+0530,57193.94921875,57217.8984375,57127.80078125,57186.0,0.0
2025-07-09 11:15:00+0530,57186.69921875,57217.0,57097.19921875,57197.44921875,0.0
2025-07-09 12:15:00+0530,57201.8984375,57270.75,57174.5,57268.44921875,0.0
2025-07-09 13:15:00+0530,57267.44921875,57290.6484375,57187.0,57212.8984375,0.0
2025-07-09 14:15:00+0530,57221.55078125,57246.8515625,57154.5,57218.0,0.0
2025-07-09 15:15:00+0530,57218.0,57230.69921875,57170.05078125,57187.8515625,0.0
2025-07-10 09:15:00+0530,57339.75,57361.30078125,57152.80078125,57184.6484375,0.0
2025-07-10 10:15:00+0530,57180.69921875,57280.1015625,57116.55078125,57187.1484375,0.0
2025-07-10 11:15:00+0530,57187.1015625,57194.05078125,57023.94921875,57058.8984375,0.0
2025-07-10 12:15:00+0530,57058.5,57203.3515625,57039.69921875,57075.30078125,0.0
2025-07-10 13:15:00+0530,57074.30078125,57172.55078125,56994.5,57098.6484375,0.0
2025-07-10 14:15:00+0530,57097.3984375,57150.5,56976.5,57002.25,0.0
2025-07-10 15:15:00+0530,57005.8515625,57046.6484375,56946.1484375,56956.94921875,0.0
2025-07-11 09:15:00+0530,56843.44921875,57090.30078125,56808.0,56816.5,0.0
2025-07-11 10:15:00+0530,56814.6015625,56823.1484375,56647.19921875,56689.3515625,0.0
2025-07-11 11:15:00+0530,56689.0,56736.19921875,56608.80078125,56661.25,0.0
2025-07-11 12:15:00+0530,56660.1484375,56837.94921875,56639.44921875,56734.05078125,0.0
2025-07-11 13:15:00+0530,56733.94921875,56796.80078125,56679.44921875,56760.3984375,0.0
2025-07-11 14:15:00+0530,56761.6015625,56799.75,56706.0,56760.80078125,0.0
2025-07-11 15:15:00+0530,56760.8515625,56764.75,56695.69921875,56712.8515625,0.0
2025-07-14 09:15:00+0530,56765.55078125,56895.5,56653.5,56848.0,0.0
2025-07-14 10:15:00+0530,56849.1015625,56892.5,56659.8984375,56673.5,0.0
2025-07-14 11:15:00+0530,56673.5,56699.55078125,56597.69921875,56659.44921875,0.0
2025-07-14 12:15:00+0530,56659.8984375,56728.44921875,56617.8984375,56648.80078125,0.0
2025-07-14 13:15:00+0530,56650.19921875,56726.0,56595.19921875,56665.55078125,0.0
2025-07-14 14:15:00+0530,56669.30078125,56830.6484375,56622.05078125,56764.3515625,0.0
2025-07-14 15:15:00+0530,56764.8515625,56791.1015625,56732.44921875,56763.6015625,0.0
2025-07-15 09:15:00+0530,56730.0,57063.05078125,56730.0,57036.5,0.0
2025-07-15 10:15:00+0530,57038.0,57134.44921875,56989.8984375,57078.44921875,0.0
2025-07-15 11:15:00+0530,57077.94921875,57114.75,57034.6484375,57054.94921875,0.0
2025-07-15 12:15:00+0530,57056.44921875,57117.1015625,56992.05078125,57034.8515625,0.0
2025-07-15 13:15:00+0530,57038.44921875,57048.1484375,56915.3984375,56983.69921875,0.0
2025-07-15 14:15:00+0530,56983.6484375,57042.8984375,56908.19921875,57038.3515625,0.0
2025-07-15 15:15:00+0530,57043.5,57076.80078125,57011.8515625,57049.6015625,0.0
2025-07-16 09:15:00+0530,57111.25,57158.3515625,56991.55078125,57023.1015625,0.0
2025-07-16 10:15:00+0530,57024.0,57085.3984375,56938.44921875,57030.80078125,0.0
2025-07-16 11:15:00+0530,57030.6484375,57173.55078125,56984.6484375,57109.94921875,0.0
2025-07-16 12:15:00+0530,57113.5,57271.0,57102.80078125,57249.6015625,0.0
2025-07-16 13:15:00+0530,57251.8515625,57276.55078125,57163.44921875,57237.69921875,0.0
2025-07-16 14:15:00+0530,57239.6015625,57252.6484375,57153.75,57179.05078125,0.0
2025-07-16 15:15:00+0530,57181.25,57195.1484375,57084.1484375,57108.3984375,0.0
2025-07-17 09:15:00+0530,57231.94921875,57251.3515625,56981.55078125,56992.6015625,0.0
2025-07-17 10:15:00+0530,56990.6015625,57037.44921875,56916.8984375,56991.6015625,0.0
2025-07-17 11:15:00+0530,56992.69921875,57039.1015625,56953.94921875,56955.80078125,0.0
2025-07-17 12:15:00+0530,56955.5,56960.69921875,56868.75,56896.30078125,0.0
2025-07-17 13:15:00+0530,56894.6015625,56956.05078125,56835.0,56862.80078125,0.0
2025-07-17 14:15:00+0530,56861.3984375,56909.1015625,56817.3515625,56854.25,0.0
2025-07-17 15:15:00+0530,56849.5,56852.19921875,56782.19921875,56805.1015625,0.0
2025-07-18 09:15:00+0530,56558.8984375,56692.94921875,56404.05078125,56408.8984375,0.0
2025-07-18 10:15:00+0530,56410.8984375,56411.5,56206.3984375,56311.3515625,0.0
2025-07-18 11:15:00+0530,56316.6015625,56376.44921875,56268.1015625,56275.8515625,0.0
2025-07-18 12:15:00+0530,56274.05078125,56330.69921875,56240.80078125,56273.5,0.0
2025-07-18 13:15:00+0530,56274.75,56364.5,56245.30078125,56303.8984375,0.0
2025-07-18 14:15:00+0530,56303.44921875,56431.94921875,56264.44921875,56280.80078125,0.0
2025-07-18 15:15:00+0530,56280.05078125,56307.6015625,56237.8984375,56253.69921875,0.0
2025-07-21 09:15:00+0530,56622.3515625,56760.3984375,56259.1015625,56720.6015625,0.0
2025-07-21 10:15:00+0530,56725.19921875,56810.19921875,56633.0,56769.25,0.0
2025-07-21 11:15:00+0530,56770.1015625,56827.1484375,56639.1484375,56777.8984375,0.0
2025-07-21 12:15:00+0530,56776.44921875,56928.6015625,56690.69921875,56894.3984375,0.0
2025-07-21 13:15:00+0530,56898.1015625,56923.05078125,56733.30078125,56816.8984375,0.0
2025-07-21 14:15:00+0530,56817.6484375,56966.19921875,56757.8515625,56954.30078125,0.0
2025-07-21 15:15:00+0530,56953.05078125,56982.3515625,56901.30078125,56916.75,0.0
2025-07-22 09:15:00+0530,57262.75,57262.75,56918.6484375,57029.1015625,0.0
2025-07-22 10:15:00+0530,57029.75,57122.30078125,56864.0,56916.05078125,0.0
2025-07-22 11:15:00+0530,56917.1484375,56923.1015625,56812.05078125,56882.6015625,0.0
2025-07-22 12:15:00+0530,56884.69921875,56969.69921875,56873.94921875,56888.44921875,0.0
2025-07-22 13:15:00+0530,56887.75,56897.30078125,56794.30078125,56827.19921875,0.0
2025-07-22 14:15:00+0530,56828.0,56841.6015625,56735.6484375,56769.5,0.0
2025-07-22 15:15:00+0530,56771.25,56784.8984375,56693.44921875,56721.75,0.0
2025-07-23 09:15:00+0530,56918.1484375,56918.1484375,56716.8984375,56761.1015625,0.0
2025-07-23 10:15:00+0530,56759.25,56881.69921875,56727.30078125,56862.55078125,0.0
2025-07-23 11:15:00+0530,56859.44921875,56957.3515625,56785.25,56939.69921875,0.0
2025-07-23 12:15:00+0530,56938.19921875,57096.25,56934.1484375,57049.5,0.0
2025-07-23 13:15:00+0530,57050.5,57192.3515625,57025.94921875,57192.3515625,0.0
2025-07-23 14:15:00+0530,57192.25,57248.5,57138.05078125,57212.8984375,0.0
2025-07-23 15:15:00+0530,57210.44921875,57219.44921875,57176.19921875,57191.6484375,0.0
2025-07-24 09:15:00+0530,57316.6015625,57316.6015625,56995.0,57000.05078125,0.0
2025-07-24 10:15:00+0530,56998.05078125,57107.25,56982.55078125,57031.30078125,0.0
2025-07-24 11:15:00+0530,57031.30078125,57078.69921875,56852.30078125,56905.94921875,0.0
2025-07-24 12:15:00+0530,56905.44921875,56981.75,56854.1484375,56931.80078125,0.0
2025-07-24 13:15:00+0530,56931.8984375,57148.69921875,56913.05078125,57107.75,0.0
2025-07-24 14:15:00+0530,57106.8515625,57151.05078125,57050.94921875,57075.05078125,0.0
2025-07-24 15:15:00+0530,57074.75,57086.69921875,57001.55078125,57033.69921875,0.0
2025-07-25 09:15:00+0530,57170.69921875,57170.69921875,56869.44921875,56941.80078125,0.0
2025-07-25 10:15:00+0530,56940.94921875,56940.94921875,56644.6484375,56657.75,0.0
2025-07-25 11:15:00+0530,56659.55078125,56778.80078125,56526.75,56547.69921875,0.0
2025-07-25 12:15:00+0530,56547.3515625,56600.30078125,56465.25,56554.55078125,0.0
2025-07-25 13:15:00+0530,56554.25,56610.8984375,56440.75,56504.1484375,0.0
2025-07-25 14:15:00+0530,56504.25,56564.1484375,56463.8515625,56551.8984375,0.0
2025-07-25 15:15:00+0530,56550.05078125,56553.55078125,56475.75,56520.44921875,0.0
2025-07-28 09:15:00+0530,56254.94921875,56522.1015625,56190.6015625,56476.1015625,0.0
2025-07-28 10:15:00+0530,56478.6015625,56577.1484375,56331.6015625,56418.0,0.0
2025-07-28 11:15:00+0530,56418.1015625,56477.3984375,56335.5,56361.05078125,0.0
2025-07-28 12:15:00+0530,56361.30078125,56414.1484375,56148.30078125,56163.0,0.0
2025-07-28 13:15:00+0530,56162.94921875,56176.3984375,55998.3984375,56060.30078125,0.0
2025-07-28 14:15:00+0530,56064.75,56178.55078125,56040.3515625,56074.5,0.0
2025-07-28 15:15:00+0530,56074.3984375,56113.3515625,56051.94921875,56053.30078125,0.0
2025-07-29 09:15:00+0530,55863.3984375,56148.0,55863.3984375,56048.0,0.0
2025-07-29 10:15:00+0530,56049.8515625,56067.05078125,55897.94921875,55962.69921875,0.0
2025-07-29 11:15:00+0530,55963.8984375,56094.44921875,55955.69921875,56037.19921875,0.0
2025-07-29 12:15:00+0530,56040.80078125,56102.94921875,55980.94921875,56084.55078125,0.0
2025-07-29 13:15:00+0530,56083.30078125,56295.6484375,56075.05078125,56244.55078125,0.0
2025-07-29 14:15:00+0530,56251.3515625,56282.75,56082.1015625,56205.5,0.0
2025-07-29 15:15:00+0530,56207.44921875,56279.30078125,56202.3984375,56230.1484375,0.0
2025-07-30 09:15:00+0530,56292.8984375,56292.8984375,56106.1015625,56201.94921875,0.0
2025-07-30 10:15:00+0530,56201.3515625,56211.6015625,56067.30078125,56210.1015625,0.0
2025-07-30 11:15:00+0530,56207.69921875,56320.69921875,56191.5,56233.1484375,0.0
2025-07-30 12:15:00+0530,56233.5,56292.75,56156.69921875,56190.55078125,0.0
2025-07-30 13:15:00+0530,56189.6484375,56264.8984375,56152.75,56188.19921875,0.0
2025-07-30 14:15:00+0530,56184.8515625,56255.3515625,56133.25,56140.8515625,0.0
2025-07-30 15:15:00+0530,56144.80078125,56160.8984375,56098.5,56114.6015625,0.0
2025-07-31 09:15:00+0530,55755.69921875,55956.8984375,55564.5,55607.19921875,0.0
2025-07-31 10:15:00+0530,55606.75,55877.55078125,55552.3515625,55809.3515625,0.0
2025-07-31 11:15:00+0530,55808.8515625,56121.19921875,55789.55078125,56090.30078125,0.0
2025-07-31 12:15:00+0530,56091.55078125,56362.1015625,56076.6015625,56306.55078125,0.0
2025-07-31 13:15:00+0530,56304.55078125,56403.55078125,56261.80078125,56308.0,0.0
2025-07-31 14:15:00+0530,56307.19921875,56312.19921875,55937.8984375,55967.6484375,0.0
2025-07-31 15:15:00+0530,55968.19921875,56005.55078125,55906.44921875,55992.6484375,0.0
2025-08-01 09:15:00+0530,55896.55078125,55982.44921875,55774.69921875,55982.0,0.0
2025-08-01 10:15:00+0530,55984.25,56096.69921875,55883.3984375,55896.94921875,0.0
2025-08-01 11:15:00+0530,55897.6484375,55906.8515625,55756.0,55807.19921875,0.0
2025-08-01 12:15:00+0530,55808.69921875,55895.55078125,55729.8515625,55809.44921875,0.0
2025-08-01 13:15:00+0530,55809.69921875,55923.05078125,55743.80078125,55792.8515625,0.0
2025-08-01 14:15:00+0530,55793.19921875,55814.6484375,55562.30078125,55591.55078125,0.0
2025-08-01 15:15:00+0530,55594.5,55658.8984375,55570.05078125,55639.55078125,0.0
2025-08-04 09:15:00+0530,55554.30078125,55751.6015625,55440.8515625,55528.05078125,0.0
2025-08-04 10:15:00+0530,55528.1484375,55652.0,55462.75,55578.6484375,0.0
2025-08-04 11:15:00+0530,55578.75,55670.6015625,55541.30078125,55635.6484375,0.0
2025-08-04 12:15:00+0530,55637.69921875,55721.19921875,55604.44921875,55631.30078125,0.0
2025-08-04 13:15:00+0530,55631.0,55689.8515625,55511.8984375,55614.80078125,0.0
2025-08-04 14:15:00+0530,55611.19921875,55657.25,55568.69921875,55613.6484375,0.0
2025-08-04 15:15:00+0530,55613.3984375,55656.94921875,55612.8984375,55643.94921875,0.0
2025-08-05 09:15:00+0530,55545.05078125,55644.55078125,55421.1015625,55481.30078125,0.0
2025-08-05 10:15:00+0530,55480.94921875,55506.19921875,55370.19921875,55456.8515625,0.0
2025-08-05 11:15:00+0530,55460.1484375,55520.30078125,55409.05078125,55492.55078125,0.0
2025-08-05 12:15:00+0530,55496.05078125,55518.94921875,55374.1015625,55394.3515625,0.0
2025-08-05 13:15:00+0530,55391.80078125,55396.1484375,55203.05078125,55250.3515625,0.0
2025-08-05 14:15:00+0530,55249.80078125,55403.80078125,55219.25,55398.8984375,0.0
2025-08-05 15:15:00+0530,55399.55078125,55410.44921875,55332.3984375,55392.5,0.0
2025-08-06 09:15:00+0530,55322.0,55506.80078125,55277.44921875,55354.19921875,0.0
2025-08-06 10:15:00+0530,55354.55078125,55499.6484375,55228.19921875,55270.44921875,0.0
2025-08-06 11:15:00+0530,55270.05078125,55365.8515625,55242.25,55338.6484375,0.0
2025-08-06 12:15:00+0530,55337.80078125,55463.25,55335.19921875,55444.1015625,0.0
2025-08-06 13:15:00+0530,55444.69921875,55559.3984375,55408.1015625,55420.19921875,0.0
2025-08-06 14:15:00+0530,55418.44921875,55488.30078125,55310.3984375,55397.25,0.0
2025-08-06 15:15:00+0530,55396.8984375,55470.80078125,55392.1484375,55422.25,0.0
2025-08-07 09:15:00+0530,55216.1484375,55363.69921875,55148.30078125,55173.25,0.0
2025-08-07 10:15:00+0530,55173.25,55205.80078125,55076.3984375,55111.44921875,0.0
2025-08-07 11:15:00+0530,55113.3515625,55202.75,55096.69921875,55172.3984375,0.0
2025-08-07 12:15:00+0530,55175.0,55196.25,55092.25,55115.80078125,0.0
2025-08-07 13:15:00+0530,55115.3984375,55142.44921875,54973.8984375,55124.30078125,0.0
2025-08-07 14:15:00+0530,55122.3984375,55551.80078125,55122.3984375,55513.3984375,0.0
2025-08-07 15:15:00+0530,55514.1484375,55614.05078125,55507.19921875,55591.3515625,0.0
2025-08-08 09:15:00+0530,55610.3515625,55622.94921875,55230.3984375,55252.3515625,0.0
2025-08-08 10:15:00+0530,55243.6015625,55324.1015625,55159.8984375,55210.8515625,0.0
2025-08-08 11:15:00+0530,55213.3515625,55221.25,55078.6015625,55114.1015625,0.0
2025-08-08 12:15:00+0530,55114.80078125,55272.25,55087.8984375,55137.94921875,0.0
2025-08-08 13:15:00+0530,55137.44921875,55200.30078125,55060.69921875,55125.8984375,0.0
2025-08-08 14:15:00+0530,55122.05078125,55183.69921875,54928.0,54985.55078125,0.0
2025-08-08 15:15:00+0530,54987.6015625,55023.8984375,54907.80078125,54920.1484375,0.0
2025-08-11 09:15:00+0530,55011.30078125,55249.3984375,54928.25,55216.80078125,0.0
2025-08-11 10:15:00+0530,55215.75,55319.69921875,55201.8515625,55233.75,0.0
2025-08-11 11:15:00+0530,55236.5,55303.8515625,55128.80078125,55167.8515625,0.0
2025-08-11 12:15:00+0530,55169.44921875,55321.94921875,55143.1484375,55226.05078125,0.0
2025-08-11 13:15:00+0530,55226.25,55411.55078125,55208.8984375,55403.69921875,0.0
2025-08-11 14:15:00+0530,55405.94921875,55553.3984375,55362.25,55518.94921875,0.0
2025-08-11 15:15:00+0530,55515.19921875,55522.0,55418.5,55423.55078125,0.0
2025-08-12 09:15:00+0530,55392.30078125,55566.69921875,55218.6484375,55449.3515625,0.0
2025-08-12 10:15:00+0530,55448.3515625,55486.5,55190.5,55202.75,0.0
2025-08-12 11:15:00+0530,55201.80078125,55298.8984375,55193.69921875,55265.19921875,0.0
2025-08-12 12:15:00+0530,55265.6015625,55408.75,55257.44921875,55320.55078125,0.0
2025-08-12 13:15:00+0530,55320.55078125,55320.6015625,55116.6015625,55135.0,0.0
2025-08-12 14:15:00+0530,55133.8984375,55164.6015625,55002.6015625,55043.05078125,0.0
2025-08-12 15:15:00+0530,55043.75,55085.75,55013.19921875,55039.3515625,0.0
2025-08-13 09:15:00+0530,55301.94921875,55301.94921875,55094.8515625,55119.3515625,0.0
2025-08-13 10:15:00+0530,55123.44921875,55170.94921875,55026.94921875,55118.3515625,0.0
2025-08-13 11:15:00+0530,55117.55078125,55161.1015625,55031.80078125,55099.6015625,0.0
2025-08-13 12:15:00+0530,55100.6015625,55234.1015625,55073.6015625,55172.1015625,0.0
2025-08-13 13:15:00+0530,55181.5,55271.8984375,55110.3984375,55255.5,0.0
2025-08-13 14:15:00+0530,55256.3515625,55263.25,55160.3515625,55172.80078125,0.0
2025-08-13 15:15:00+0530,55174.1015625,55207.30078125,55159.69921875,55189.05078125,0.0
2025-08-14 09:15:00+0530,55133.6015625,55419.8515625,55133.6015625,55344.80078125,0.0
2025-08-14 10:15:00+0530,55344.1015625,55472.1484375,55292.69921875,55300.55078125,0.0
2025-08-14 11:15:00+0530,55306.69921875,55361.0,55230.05078125,55328.6484375,0.0
2025-08-14 12:15:00+0530,55331.19921875,55442.80078125,55328.0,55395.6484375,0.0
2025-08-14 13:15:00+0530,55395.44921875,55429.44921875,55304.55078125,55353.5,0.0
2025-08-14 14:15:00+0530,55355.30078125,55426.19921875,55254.8984375,55340.75,0.0
2025-08-14 15:15:00+0530,55340.25,55355.8984375,55288.5,55318.05078125,0.0
2025-08-18 09:15:00+0530,55940.6015625,56155.94921875,55828.75,56030.94921875,0.0
2025-08-18 10:15:00+0530,56028.30078125,56070.19921875,55892.1015625,55909.8515625,0.0
2025-08-18 11:15:00+0530,55910.0,56011.80078125,55711.3984375,55715.8984375,0.0
2025-08-18 12:15:00+0530,55714.75,55831.6015625,55648.8984375,55818.5,0.0
2025-08-18 13:15:00+0530,55818.69921875,55836.05078125,55692.80078125,55777.69921875,0.0
2025-08-18 14:15:00+0530,55776.6484375,55845.6015625,55722.05078125,55732.6484375,0.0
2025-08-18 15:15:00+0530,55727.3984375,55765.8515625,55701.30078125,55745.55078125,0.0
2025-08-19 09:15:00+0530,55677.19921875,55791.80078125,55613.3984375,55700.3515625,0.0
2025-08-19 10:15:00+0530,55699.44921875,55812.0,55644.94921875,55791.69921875,0.0
2025-08-19 11:15:00+0530,55789.25,55915.3515625,55769.1015625,55905.5,0.0
2025-08-19 12:15:00+0530,55905.69921875,55960.44921875,55852.8984375,55911.80078125,0.0
2025-08-19 13:15:00+0530,55911.5,55939.69921875,55724.6015625,55764.5,0.0
2025-08-19 14:15:00+0530,55763.94921875,55903.6015625,55740.80078125,55856.3984375,0.0
2025-08-19 15:15:00+0530,55855.25,55888.5,55836.8984375,55849.80078125,0.0
2025-08-20 09:15:00+0530,55784.5,55798.69921875,55578.80078125,55721.69921875,0.0
2025-08-20 10:15:00+0530,55724.5,55739.1484375,55609.0,55676.30078125,0.0
2025-08-20 11:15:00+0530,55676.30078125,55686.8515625,55612.69921875,55654.75,0.0
2025-08-20 12:15:00+0530,55654.75,55739.1015625,55642.8984375,55706.55078125,0.0
2025-08-20 13:15:00+0530,55706.8984375,55785.6015625,55662.69921875,55759.8984375,0.0
2025-08-20 14:15:00+0530,55761.0,55768.55078125,55650.6015625,55696.19921875,0.0
2025-08-20 15:15:00+0530,55694.0,55728.94921875,55677.75,55702.1015625,0.0
2025-08-21 09:15:00+0530,55972.05078125,55979.55078125,55720.69921875,55915.1015625,0.0
2025-08-21 10:15:00+0530,55913.1484375,55965.69921875,55876.05078125,55903.5,0.0
2025-08-21 11:15:00+0530,55905.05078125,55928.1015625,55780.1015625,55785.69921875,0.0
2025-08-21 12:15:00+0530,55786.3515625,55838.6484375,55754.3984375,55815.3515625,0.0
2025-08-21 13:15:00+0530,55814.6484375,55838.3984375,55725.94921875,55836.8984375,0.0
2025-08-21 14:15:00+0530,55837.6484375,55894.6484375,55730.6484375,55741.69921875,0.0
2025-08-21 15:15:00+0530,55742.5,55756.69921875,55711.44921875,55733.8984375,0.0
2025-08-22 09:15:00+0530,55669.25,55730.1015625,55303.5,55342.3984375,0.0
2025-08-22 10:15:00+0530,55336.94921875,55342.1484375,55219.30078125,55293.75,0.0
2025-08-22 11:15:00+0530,55293.19921875,55370.8984375,55245.3515625,55314.80078125,0.0
2025-08-22 12:15:00+0530,55315.30078125,55344.30078125,55281.75,55316.1484375,0.0
2025-08-22 13:15:00+0530,55311.94921875,55360.19921875,55276.94921875,55284.8515625,0.0
2025-08-22 14:15:00+0530,55286.05078125,55287.19921875,55137.6484375,55163.8515625,0.0
2025-08-22 15:15:00+0530,55162.30078125,55170.30078125,55106.05078125,55152.44921875,0.0
2025-08-25 09:15:00+0530,55177.6015625,55305.75,55060.25,55076.44921875,0.0
2025-08-25 10:15:00+0530,55076.80078125,55164.30078125,55048.3984375,55111.8984375,0.0
2025-08-25 11:15:00+0530,55112.19921875,55201.19921875,55100.05078125,55181.75,0.0
2025-08-25 12:15:00+0530,55183.19921875,55248.6484375,55175.25,55240.8515625,0.0
2025-08-25 13:15:00+0530,55241.8515625,55246.05078125,55183.6015625,55219.3515625,0.0
2025-08-25 14:15:00+0530,55219.0,55260.19921875,55112.1015625,55121.0,0.0
2025-08-25 15:15:00+0530,55122.44921875,55192.3515625,55117.0,55161.75,0.0
2025-08-26 09:15:00+0530,54986.8515625,55063.19921875,54479.0,54596.6015625,0.0
2025-08-26 10:15:00+0530,54595.0,54653.8515625,54528.94921875,54608.55078125,0.0
2025-08-26 11:15:00+0530,54605.6015625,54717.44921875,54595.44921875,54609.8984375,0.0
2025-08-26 12:15:00+0530,54610.05078125,54639.8515625,54551.75,54616.1015625,0.0
2025-08-26 13:15:00+0530,54615.8515625,54643.5,54463.3515625,54483.55078125,0.0
2025-08-26 14:15:00+0530,54483.0,54545.44921875,54411.75,54421.05078125,0.0
2025-08-26 15:15:00+0530,54426.25,54478.80078125,54396.1015625,54416.44921875,0.0
2025-08-28 09:15:00+0530,54256.0,54337.8984375,53917.6015625,54058.30078125,0.0
2025-08-28 10:15:00+0530,54054.94921875,54353.30078125,54004.55078125,54245.0,0.0
2025-08-28 11:15:00+0530,54244.3515625,54336.80078125,54126.25,54188.1015625,0.0
2025-08-28 12:15:00+0530,54190.6015625,54204.8984375,53967.25,53990.1484375,0.0
2025-08-28 13:15:00+0530,54000.3515625,54047.6484375,53911.75,54015.75,0.0
2025-08-28 14:15:00+0530,54010.80078125,54036.80078125,53774.5,53825.5,0.0
2025-08-28 15:15:00+0530,53827.44921875,53956.80078125,53805.44921875,53894.25,0.0
2025-08-29 09:15:00+0530,53696.6484375,54006.94921875,53696.6484375,53887.3515625,0.0
2025-08-29 10:15:00+0530,53887.69921875,54084.6484375,53868.25,53986.1484375,0.0
2025-08-29 11:15:00+0530,53985.6484375,54039.55078125,53922.80078125,53991.6484375,0.0
2025-08-29 12:15:00+0530,53990.05078125,53991.69921875,53805.6484375,53808.44921875,0.0
2025-08-29 13:15:00+0530,53807.80078125,53871.8515625,53724.1015625,53794.5,0.0
2025-08-29 14:15:00+0530,53794.44921875,53839.8984375,53607.1484375,53608.0,0.0
2025-08-29 15:15:00+0530,53609.25,53748.3515625,53609.25,53692.8515625,0.0
2025-09-01 09:15:00+0530,53712.6015625,53987.05078125,53712.6015625,53864.1484375,0.0
2025-09-01 10:15:00+0530,53860.8984375,53896.3984375,53755.75,53829.1484375,0.0
2025-09-01 11:15:00+0530,53828.80078125,53857.69921875,53717.0,53788.94921875,0.0
2025-09-01 12:15:00+0530,53789.05078125,53919.05078125,53761.3984375,53917.5,0.0
2025-09-01 13:15:00+0530,53916.1015625,53949.94921875,53878.8984375,53935.30078125,0.0
2025-09-01 14:15:00+0530,53933.94921875,54016.19921875,53873.25,54002.94921875,0.0
2025-09-01 15:15:00+0530,54000.8984375,54034.6484375,53984.94921875,53993.3984375,0.0
2025-09-02 09:15:00+0530,54034.55078125,54160.69921875,53913.0,54096.8984375,0.0
2025-09-02 10:15:00+0530,54096.6484375,54140.44921875,54045.8515625,54104.55078125,0.0
2025-09-02 11:15:00+0530,54101.19921875,54103.25,54003.75,54016.94921875,0.0
2025-09-02 12:15:00+0530,54018.19921875,54093.80078125,53961.75,53985.6015625,0.0
2025-09-02 13:15:00+0530,53987.25,53998.1015625,53578.8984375,53652.5,0.0
2025-09-02 14:15:00+0530,53643.30078125,53765.94921875,53624.19921875,53670.19921875,0.0
2025-09-02 15:15:00+0530,53675.55078125,53691.1015625,53619.8984375,53627.25,0.0
2025-09-03 09:15:00+0530,53648.05078125,53862.5,53567.25,53853.69921875,0.0
2025-09-03 10:15:00+0530,53851.8515625,53855.3515625,53667.30078125,53706.5,0.0
2025-09-03 11:15:00+0530,53705.0,53755.1484375,53647.75,53750.94921875,0.0
2025-09-03 12:15:00+0530,53749.5,53814.6484375,53633.94921875,53679.8515625,0.0
2025-09-03 13:15:00+0530,53680.94921875,53890.75,53669.44921875,53862.80078125,0.0
2025-09-03 14:15:00+0530,53863.5,54135.05078125,53856.69921875,54096.1015625,0.0
2025-09-03 15:15:00+0530,54093.69921875,54100.80078125,54028.0,54068.1015625,0.0
2025-09-04 09:15:00+0530,54383.80078125,54420.25,54195.69921875,54221.19921875,0.0
2025-09-04 10:15:00+0530,54218.05078125,54307.25,54145.8984375,54198.0,0.0
2025-09-04 11:15:00+0530,54197.6484375,54261.25,54134.05078125,54181.1484375,0.0
2025-09-04 12:15:00+0530,54187.1484375,54273.94921875,54109.69921875,54221.69921875,0.0
2025-09-04 13:15:00+0530,54222.5,54272.94921875,54095.94921875,54112.55078125,0.0
2025-09-04 14:15:00+0530,54112.80078125,54175.0,53972.8515625,54041.0,0.0
2025-09-04 15:15:00+0530,54044.1015625,54111.25,54037.30078125,54105.3984375,0.0
2025-09-05 09:15:00+0530,54280.69921875,54285.55078125,53882.25,53882.8984375,0.0
2025-09-05 10:15:00+0530,53883.25,53937.3515625,53748.69921875,53884.3984375,0.0
2025-09-05 11:15:00+0530,53884.05078125,53920.25,53800.19921875,53800.19921875,0.0
2025-09-05 12:15:00+0530,53802.69921875,53815.0,53720.19921875,53811.55078125,0.0
2025-09-05 13:15:00+0530,53813.94921875,54139.8984375,53798.3515625,54028.6484375,0.0
2025-09-05 14:15:00+0530,54034.3515625,54172.44921875,54014.75,54093.75,0.0
2025-09-05 15:15:00+0530,54094.25,54127.69921875,54078.69921875,54099.19921875,0.0
2025-09-08 09:15:00+0530,54214.8515625,54329.19921875,54089.44921875,54166.94921875,0.0
2025-09-08 10:15:00+0530,54167.94921875,54210.5,54070.1015625,54207.55078125,0.0
2025-09-08 11:15:00+0530,54207.69921875,54315.8515625,54199.05078125,54303.80078125,0.0
2025-09-08 12:15:00+0530,54302.0,54382.80078125,54239.1484375,54366.5,0.0
2025-09-08 13:15:00+0530,54366.6484375,54378.19921875,54280.6015625,54326.30078125,0.0
2025-09-08 14:15:00+0530,54328.55078125,54518.3515625,54137.1015625,54184.8515625,0.0
2025-09-08 15:15:00+0530,54182.6484375,54257.8515625,54153.94921875,54222.30078125,0.0
2025-09-09 09:15:00+0530,54330.55078125,54330.55078125,54189.30078125,54197.05078125,0.0
2025-09-09 10:15:00+0530,54200.8515625,54217.0,54133.94921875,54176.3515625,0.0
2025-09-09 11:15:00+0530,54173.0,54217.44921875,54082.6015625,54127.25,0.0
2025-09-09 12:15:00+0530,54127.44921875,54194.6484375,54092.30078125,54154.8984375,0.0
2025-09-09 13:15:00+0530,54156.80078125,54252.1484375,54139.69921875,54244.69921875,0.0
2025-09-09 14:15:00+0530,54244.8984375,54291.94921875,54145.3515625,54225.69921875,0.0
2025-09-09 15:15:00+0530,54219.8984375,54241.3984375,54176.8515625,54228.19921875,0.0
2025-09-10 09:15:00+0530,54527.30078125,54530.25,54406.75,54500.94921875,0.0
2025-09-10 10:15:00+0530,54499.0,54703.75,54499.0,54627.1484375,0.0
2025-09-10 11:15:00+0530,54627.55078125,54635.3984375,54533.3515625,54597.55078125,0.0
2025-09-10 12:15:00+0530,54596.55078125,54629.3515625,54504.30078125,54506.6015625,0.0
2025-09-10 13:15:00+0530,54506.6484375,54607.8984375,54477.3984375,54565.5,0.0
2025-09-10 14:15:00+0530,54566.5,54572.6015625,54432.69921875,54552.8984375,0.0
2025-09-10 15:15:00+0530,54553.3515625,54565.5,54513.1015625,54532.6484375,0.0
2025-09-11 09:15:00+0530,54406.05078125,54648.6015625,54406.05078125,54547.19921875,0.0
2025-09-11 10:15:00+0530,54547.8515625,54630.6484375,54540.69921875,54618.6015625,0.0
2025-09-11 11:15:00+0530,54621.6015625,54646.25,54531.05078125,54642.5,0.0
2025-09-11 12:15:00+0530,54645.44921875,54733.8984375,54637.55078125,54699.0,0.0
2025-09-11 13:15:00+0530,54699.55078125,54750.8515625,54658.75,54734.5,0.0
2025-09-11 14:15:00+0530,54735.69921875,54755.69921875,54612.80078125,54651.30078125,0.0
2025-09-11 15:15:00+0530,54651.0,54693.3515625,54625.8984375,54644.6015625,0.0
2025-09-12 09:15:00+0530,54805.3515625,54824.6484375,54580.3515625,54684.94921875,0.0
2025-09-12 10:15:00+0530,54687.55078125,54745.3984375,54649.30078125,54731.8515625,0.0
2025-09-12 11:15:00+0530,54733.75,54850.05078125,54723.44921875,54799.30078125,0.0
2025-09-12 12:15:00+0530,54797.3515625,54839.8984375,54766.44921875,54820.5,0.0
2025-09-12 13:15:00+0530,54819.5,54833.5,54749.8515625,54797.3515625,0.0
2025-09-12 14:15:00+0530,54799.5,54828.8515625,54768.6484375,54812.6015625,0.0
2025-09-12 15:15:00+0530,54811.8984375,54826.1015625,54779.6484375,54784.55078125,0.0
2025-09-15 09:15:00+0530,54884.05078125,54953.1484375,54808.1015625,54895.5,0.0
2025-09-15 10:15:00+0530,54895.75,54955.05078125,54862.0,54912.25,0.0
2025-09-15 11:15:00+0530,54908.3515625,55018.69921875,54890.05078125,54987.6015625,0.0
2025-09-15 12:15:00+0530,54988.69921875,55006.25,54917.05078125,54953.25,0.0
2025-09-15 13:15:00+0530,54953.75,54969.6015625,54810.75,54889.6015625,0.0
2025-09-15 14:15:00+0530,54888.1015625,54991.1484375,54874.1015625,54889.8515625,0.0
2025-09-15 15:15:00+0530,54888.8984375,54898.05078125,54840.3984375,54852.69921875,0.0
2025-09-16 09:15:00+0530,54837.6484375,55120.94921875,54807.44921875,55073.75,0.0
2025-09-16 10:15:00+0530,55073.3515625,55117.1015625,55040.69921875,55094.05078125,0.0
2025-09-16 11:15:00+0530,55095.8984375,55158.8515625,55063.6484375,55111.1015625,0.0
2025-09-16 12:15:00+0530,55109.3515625,55174.80078125,55057.6484375,55091.1484375,0.0
2025-09-16 13:15:00+0530,55090.6015625,55120.80078125,55026.3515625,55080.1484375,0.0
2025-09-16 14:15:00+0530,55079.55078125,55176.8984375,55075.3515625,55141.25,0.0
2025-09-16 15:15:00+0530,55144.5,55184.0,55121.5,55166.80078125,0.0
2025-09-17 09:15:00+0530,55158.3515625,55371.6015625,55146.94921875,55286.3515625,0.0
2025-09-17 10:15:00+0530,55286.1015625,55397.05078125,55234.55078125,55369.19921875,0.0
2025-09-17 11:15:00+0530,55365.25,55371.6015625,55307.25,55368.25,0.0
2025-09-17 12:15:00+0530,55368.1484375,55427.6015625,55354.8984375,55410.44921875,0.0
2025-09-17 13:15:00+0530,55410.30078125,55451.0,55378.1015625,55396.30078125,0.0
2025-09-17 14:15:00+0530,55395.94921875,55540.75,55376.69921875,55498.1484375,0.0
2025-09-17 15:15:00+0530,55497.25,55501.3515625,55444.6484375,55480.8515625,0.0
2025-09-18 09:15:00+0530,55797.1015625,55833.25,55612.94921875,55761.05078125,0.0
2025-09-18 10:15:00+0530,55764.05078125,55826.44921875,55736.3984375,55775.8984375,0.0
2025-09-18 11:15:00+0530,55783.6015625,55810.8515625,55720.94921875,55752.0,0.0
2025-09-18 12:15:00+0530,55752.0,55777.69921875,55493.30078125,55570.8515625,0.0
2025-09-18 13:15:00+0530,55569.44921875,55667.05078125,55531.3984375,55604.6015625,0.0
2025-09-18 14:15:00+0530,55609.3984375,55757.1484375,55524.3515625,55732.6015625,0.0
2025-09-18 15:15:00+0530,55732.6484375,55764.69921875,55700.6484375,55716.5,0.0
2025-09-19 09:15:00+0530,55677.44921875,55684.44921875,55462.69921875,55516.0,0.0
2025-09-19 10:15:00+0530,55517.44921875,55598.6484375,55413.0,55432.69921875,0.0
2025-09-19 11:15:00+0530,55434.5,55471.0,55381.44921875,55444.25,0.0
2025-09-19 12:15:00+0530,55448.0,55482.44921875,55357.80078125,55471.44921875,0.0
2025-09-19 13:15:00+0530,55474.25,55536.1015625,55457.25,55518.6015625,0.0
2025-09-19 14:15:00+0530,55517.94921875,55534.44921875,55413.80078125,55463.69921875,0.0
2025-09-19 15:15:00+0530,55465.6015625,55507.30078125,55437.6484375,55494.69921875,0.0
2025-09-22 09:15:00+0530,55430.25,55620.55078125,55315.55078125,55581.19921875,0.0
2025-09-22 10:15:00+0530,55581.94921875,55666.1015625,55532.3984375,55550.25,0.0
2025-09-22 11:15:00+0530,55550.8515625,55582.3515625,55472.69921875,55538.94921875,0.0
2025-09-22 12:15:00+0530,55541.1484375,55619.5,55520.19921875,55586.25,0.0
2025-09-22 13:15:00+0530,55587.8984375,55588.25,55412.8984375,55480.3984375,0.0
2025-09-22 14:15:00+0530,55482.6015625,55484.1484375,55217.8984375,55273.6484375,0.0
2025-09-22 15:15:00+0530,55273.44921875,55320.1015625,55260.30078125,55280.69921875,0.0
2025-09-23 09:15:00+0530,55321.1484375,55367.19921875,55160.1015625,55317.6484375,0.0
2025-09-23 10:15:00+0530,55316.30078125,55329.1484375,55199.80078125,55214.19921875,0.0
2025-09-23 11:15:00+0530,55214.8515625,55322.30078125,55181.55078125,55315.6484375,0.0
2025-09-23 12:15:00+0530,55317.8984375,55576.8984375,55303.05078125,55522.8515625,0.0
2025-09-23 13:15:00+0530,55522.75,55661.94921875,55507.0,55544.5,0.0
2025-09-23 14:15:00+0530,55546.3515625,55604.19921875,55474.30078125,55512.3515625,0.0
2025-09-23 15:15:00+0530,55512.5,55561.3515625,55496.6484375,55555.6484375,0.0
2025-09-24 09:15:00+0530,55390.0,55509.8515625,55227.05078125,55321.5,0.0
2025-09-24 10:15:00+0530,55322.1015625,55355.6015625,55051.8515625,55121.1484375,0.0
2025-09-24 11:15:00+0530,55121.6484375,55158.3515625,55081.3515625,55156.69921875,0.0
2025-09-24 12:15:00+0530,55156.1484375,55241.5,55118.55078125,55235.55078125,0.0
2025-09-24 13:15:00+0530,55234.3984375,55283.75,55123.3515625,55136.19921875,0.0
2025-09-24 14:15:00+0530,55136.3984375,55176.80078125,55040.8515625,55144.3515625,0.0
2025-09-24 15:15:00+0530,55146.3515625,55157.0,55111.94921875,55131.3984375,0.0
2025-09-25 09:15:00+0530,55063.6015625,55252.6015625,54993.55078125,55153.25,0.0
2025-09-25 10:15:00+0530,55153.05078125,55191.80078125,55071.6015625,55136.3984375,0.0
2025-09-25 11:15:00+0530,55136.94921875,55190.6484375,55020.19921875,55069.55078125,0.0
2025-09-25 12:15:00+0530,55066.25,55275.3515625,55055.1015625,55216.8984375,0.0
2025-09-25 13:15:00+0530,55216.8984375,55256.19921875,55137.30078125,55192.1484375,0.0
2025-09-25 14:15:00+0530,55186.6015625,55204.6484375,54936.8984375,54944.8984375,0.0
2025-09-25 15:15:00+0530,54946.6484375,54977.0,54906.6015625,54950.94921875,0.0
2025-09-26 09:15:00+0530,54822.1484375,54872.69921875,54594.94921875,54650.44921875,0.0
2025-09-26 10:15:00+0530,54651.94921875,54719.3515625,54539.8984375,54562.6015625,0.0
2025-09-26 11:15:00+0530,54566.44921875,54593.19921875,54509.5,54560.55078125,0.0
2025-09-26 12:15:00+0530,54560.3984375,54630.05078125,54528.3984375,54564.75,0.0
2025-09-26 13:15:00+0530,54565.94921875,54578.44921875,54310.94921875,54372.69921875,0.0
2025-09-26 14:15:00+0530,54371.30078125,54429.30078125,54324.55078125,54394.55078125,0.0
2025-09-26 15:15:00+0530,54393.3515625,54422.19921875,54371.19921875,54413.8984375,0.0
2025-09-29 09:15:00+0530,54446.19921875,54625.30078125,54367.19921875,54585.1015625,0.0
2025-09-29 10:15:00+0530,54585.1015625,54685.75,54503.80078125,54517.0,0.0
2025-09-29 11:15:00+0530,54514.0,54519.44921875,54253.75,54279.5,0.0
2025-09-29 12:15:00+0530,54279.5,54504.30078125,54228.19921875,54497.3984375,0.0
2025-09-29 13:15:00+0530,54500.3515625,54672.05078125,54421.19921875,54607.1484375,0.0
2025-09-29 14:15:00+0530,54610.19921875,54649.1484375,54383.94921875,54471.75,0.0
2025-09-29 15:15:00+0530,54473.94921875,54586.44921875,54445.25,54541.3515625,0.0
2025-09-30 09:15:00+0530,54705.5,54791.80078125,54564.69921875,54578.80078125,0.0
2025-09-30 10:15:00+0530,54579.0,54672.8515625,54505.6484375,54645.25,0.0
2025-09-30 11:15:00+0530,54645.5,54690.94921875,54562.55078125,54670.30078125,0.0
2025-09-30 12:15:00+0530,54670.6484375,54771.1484375,54667.5,54732.25,0.0
2025-09-30 13:15:00+0530,54732.19921875,54761.1484375,54560.6484375,54610.1015625,0.0
2025-09-30 14:15:00+0530,54614.05078125,54717.1015625,54538.5,54674.55078125,0.0
2025-09-30 15:15:00+0530,54665.44921875,54686.3984375,54625.80078125,54679.75,0.0
2025-10-01 09:15:00+0530,54653.8984375,54967.19921875,54583.94921875,54940.6484375,0.0
2025-10-01 10:15:00+0530,54937.25,55079.6484375,54855.94921875,55079.1015625,0.0
2025-10-01 11:15:00+0530,55078.1015625,55392.94921875,55077.6015625,55290.3984375,0.0
2025-10-01 12:15:00+0530,55289.8984375,55317.80078125,55179.75,55267.05078125,0.0
2025-10-01 13:15:00+0530,55266.5,55391.19921875,55226.3984375,55335.69921875,0.0
2025-10-01 14:15:00+0530,55337.94921875,55405.94921875,55294.30078125,55312.19921875,0.0
2025-10-01 15:15:00+0530,55313.05078125,55390.44921875,55307.05078125,55386.6484375,0.0
2025-10-03 09:15:00+0530,55185.30078125,55534.1484375,55185.30078125,55466.69921875,0.0
2025-10-03 10:15:00+0530,55466.8984375,55478.05078125,55331.3984375,55460.8984375,0.0
2025-10-03 11:15:00+0530,55463.3984375,55578.44921875,55413.0,55531.6484375,0.0
2025-10-03 12:15:00+0530,55529.6484375,55567.94921875,55452.8515625,55559.5,0.0
2025-10-03 13:15:00+0530,55555.0,55557.94921875,55463.1015625,55488.80078125,0.0
2025-10-03 14:15:00+0530,55490.6484375,55615.6484375,55489.0,55582.80078125,0.0
2025-10-03 15:15:00+0530,55586.3984375,55608.3984375,55543.25,55596.94921875,0.0
2025-10-06 09:15:00+0530,55818.80078125,55975.05078125,55730.19921875,55967.6484375,0.0
2025-10-06 10:15:00+0530,55971.1484375,56052.69921875,55920.8984375,56041.80078125,0.0
2025-10-06 11:15:00+0530,56041.80078125,56066.8515625,55953.1015625,56065.80078125,0.0
2025-10-06 12:15:00+0530,56065.3515625,56163.19921875,56046.6484375,56147.30078125,0.0
2025-10-06 13:15:00+0530,56144.3515625,56159.05078125,55980.8984375,56063.1015625,0.0
2025-10-06 14:15:00+0530,56064.55078125,56130.6484375,56008.69921875,56113.1484375,0.0
2025-10-06 15:15:00+0530,56110.44921875,56113.8515625,56052.19921875,56073.05078125,0.0
2025-10-07 09:15:00+0530,56128.1015625,56379.05078125,56025.6015625,56326.80078125,0.0
2025-10-07 10:15:00+0530,56331.0,56373.80078125,56290.55078125,56308.30078125,0.0
2025-10-07 11:15:00+0530,56311.3515625,56426.8984375,56171.1484375,56391.75,0.0
2025-10-07 12:15:00+0530,56392.3515625,56444.19921875,56346.6015625,56414.94921875,0.0
2025-10-07 13:15:00+0530,56417.55078125,56501.0,56358.0,56450.55078125,0.0
2025-10-07 14:15:00+0530,56447.55078125,56463.55078125,56197.55078125,56214.3515625,0.0
2025-10-07 15:15:00+0530,56212.3984375,56248.3515625,56159.8515625,56215.6015625,0.0
2025-10-08 09:15:00+0530,56098.5,56302.6015625,56038.75,56103.44921875,0.0
2025-10-08 10:15:00+0530,56101.6484375,56119.69921875,55855.80078125,55857.55078125,0.0
2025-10-08 11:15:00+0530,55859.19921875,55985.0,55821.0,55947.75,0.0
2025-10-08 12:15:00+0530,55944.80078125,56144.80078125,55858.19921875,56110.1484375,0.0
2025-10-08 13:15:00+0530,56109.0,56225.80078125,56019.8515625,56079.25,0.0
2025-10-08 14:15:00+0530,56085.8515625,56112.25,55988.75,55990.5,0.0
2025-10-08 15:15:00+0530,55989.5,56025.3984375,55927.0,55938.3515625,0.0
2025-10-09 09:15:00+0530,55968.30078125,56076.25,55845.6484375,55913.5,0.0
2025-10-09 10:15:00+0530,55912.8984375,56173.6015625,55901.25,56159.55078125,0.0
2025-10-09 11:15:00+0530,56157.8515625,56282.8984375,56133.0,56167.3515625,0.0
2025-10-09 12:15:00+0530,56165.5,56222.25,56035.8515625,56086.30078125,0.0
2025-10-09 13:15:00+0530,56088.6484375,56276.5,56084.44921875,56173.3515625,0.0
2025-10-09 14:15:00+0530,56174.8984375,56243.19921875,56079.55078125,56170.55078125,0.0
2025-10-09 15:15:00+0530,56174.1484375,56210.1015625,56121.0,56143.1484375,0.0
2025-10-10 09:15:00+0530,56185.05078125,56554.25,56163.6484375,56535.75,0.0
2025-10-10 10:15:00+0530,56534.1015625,56660.55078125,56533.19921875,56641.8984375,0.0
2025-10-10 11:15:00+0530,56641.0,56655.8515625,56567.6015625,56617.1484375,0.0
2025-10-10 12:15:00+0530,56617.8984375,56736.6484375,56589.6015625,56670.5,0.0
2025-10-10 13:15:00+0530,56672.05078125,56758.69921875,56648.5,56706.3984375,0.0
2025-10-10 14:15:00+0530,56703.25,56735.05078125,56560.25,56603.25,0.0
2025-10-10 15:15:00+0530,56606.55078125,56649.75,56588.0,56620.94921875,0.0
2025-10-13 09:15:00+0530,56332.1484375,56562.19921875,56329.5,56518.44921875,0.0
2025-10-13 10:15:00+0530,56518.44921875,56682.25,56480.8515625,56614.1484375,0.0
2025-10-13 11:15:00+0530,56611.3515625,56675.05078125,56538.55078125,56600.25,0.0
2025-10-13 12:15:00+0530,56593.3515625,56652.8515625,56540.5,56647.80078125,0.0
2025-10-13 13:15:00+0530,56646.3515625,56667.05078125,56537.1484375,56612.25,0.0
2025-10-13 14:15:00+0530,56627.25,56769.30078125,56589.30078125,56609.1484375,0.0
2025-10-13 15:15:00+0530,56612.0,56649.8515625,56605.25,56633.1015625,0.0
2025-10-14 09:15:00+0530,56555.8515625,56717.1484375,56474.1015625,56536.30078125,0.0
2025-10-14 10:15:00+0530,56536.5,56604.80078125,56471.69921875,56534.80078125,0.0
2025-10-14 11:15:00+0530,56363.3515625,56425.80078125,56269.30078125,56294.05078125,0.0
2025-10-14 12:15:00+0530,56293.19921875,56357.5,56230.69921875,56270.0,0.0
2025-10-14 13:15:00+0530,56282.3984375,56416.19921875,56255.69921875,56400.8515625,0.0
2025-10-14 14:15:00+0530,56399.55078125,56552.1484375,56334.30078125,56502.44921875,0.0
2025-10-14 15:15:00+0530,56503.6015625,56527.0,56429.3515625,56459.55078125,0.0
2025-10-15 09:15:00+0530,56534.0,56702.55078125,56492.55078125,56664.8984375,0.0
2025-10-15 10:15:00+0530,56665.94921875,56844.8984375,56662.6015625,56758.75,0.0
2025-10-15 11:15:00+0530,56759.0,56805.05078125,56716.8515625,56726.5,0.0
2025-10-15 12:15:00+0530,56727.19921875,56878.3984375,56695.3515625,56828.3515625,0.0
2025-10-15 13:15:00+0530,56828.44921875,56920.3515625,56746.6484375,56790.8515625,0.0
2025-10-15 14:15:00+0530,56790.3984375,56836.8984375,56703.1015625,56812.19921875,0.0
2025-10-15 15:15:00+0530,56815.44921875,56850.5,56793.69921875,56818.5,0.0
2025-10-16 09:15:00+0530,57156.19921875,57219.3515625,56994.69921875,57005.5,0.0
2025-10-16 10:15:00+0530,57008.8984375,57148.05078125,57004.1015625,57116.19921875,0.0
2025-10-16 11:15:00+0530,57115.8515625,57141.8984375,57078.69921875,57134.25,0.0
2025-10-16 12:15:00+0530,57131.80078125,57313.6015625,57129.94921875,57311.0,0.0
2025-10-16 13:15:00+0530,57310.1484375,57482.6484375,57275.3515625,57425.44921875,0.0
2025-10-16 14:15:00+0530,57426.6015625,57525.1015625,57374.8515625,57405.44921875,0.0
2025-10-16 15:15:00+0530,57401.05078125,57448.44921875,57372.30078125,57373.25,0.0
2025-10-17 09:15:00+0530,57335.5,57566.3515625,57243.3515625,57536.75,0.0
2025-10-17 10:15:00+0530,57536.55078125,57828.30078125,57503.55078125,57809.3515625,0.0
2025-10-17 11:15:00+0530,57807.75,57826.5,57644.6015625,57763.3984375,0.0
2025-10-17 12:15:00+0530,57765.8515625,57830.19921875,57465.30078125,57534.1015625,0.0
2025-10-17 13:15:00+0530,57534.19921875,57652.05078125,57396.80078125,57570.1484375,0.0
2025-10-17 14:15:00+0530,57565.44921875,57763.75,57488.30078125,57698.6015625,0.0
2025-10-17 15:15:00+0530,57699.25,57751.30078125,57678.55078125,57724.0,0.0
2025-10-20 09:15:00+0530,57899.1015625,58224.6015625,57884.25,58059.1484375,0.0
2025-10-20 10:15:00+0530,58059.1484375,58241.3984375,58020.44921875,58199.05078125,0.0
2025-10-20 11:15:00+0530,58199.80078125,58216.94921875,58118.5,58192.6015625,0.0
2025-10-20 12:15:00+0530,58193.75,58232.3515625,58118.6484375,58220.69921875,0.0
2025-10-20 13:15:00+0530,58221.8515625,58261.55078125,58116.80078125,58160.55078125,0.0
2025-10-20 14:15:00+0530,58158.94921875,58211.44921875,57948.8515625,58045.6484375,0.0
2025-10-20 15:15:00+0530,58048.8515625,58075.6015625,58017.25,58051.0,0.0
2025-10-21 13:15:00+0530,58063.3984375,58153.25,57991.3515625,58078.44921875,0.0
2025-10-21 14:15:00+0530,58078.6484375,58101.3515625,57887.6015625,58007.19921875,0.0
2025-10-23 09:15:00+0530,58314.55078125,58542.0,58161.94921875,58533.1484375,0.0
2025-10-23 10:15:00+0530,58534.0,58554.25,58414.6484375,58513.0,0.0
2025-10-23 11:15:00+0530,58512.6015625,58560.6015625,58463.80078125,58540.19921875,0.0
2025-10-23 12:15:00+0530,58532.5,58576.5,58378.1484375,58461.3515625,0.0
2025-10-23 13:15:00+0530,58454.19921875,58529.05078125,58205.94921875,58238.69921875,0.0
2025-10-23 14:15:00+0530,58237.6484375,58297.19921875,58021.69921875,58030.80078125,0.0
2025-10-23 15:15:00+0530,58032.1484375,58091.80078125,57966.3984375,57981.1015625,0.0
2025-10-24 09:15:00+0530,58172.75,58232.8984375,57987.80078125,58002.0,0.0
2025-10-24 10:15:00+0530,57996.75,57999.6484375,57778.80078125,57855.05078125,0.0
2025-10-24 11:15:00+0530,57853.6484375,57888.75,57738.6484375,57861.6015625,0.0
2025-10-24 12:15:00+0530,57861.6015625,57915.1484375,57669.44921875,57738.6484375,0.0
2025-10-24 13:15:00+0530,57737.94921875,57752.25,57483.55078125,57613.3984375,0.0
2025-10-24 14:15:00+0530,57612.44921875,57718.25,57565.94921875,57709.0,0.0
2025-10-24 15:15:00+0530,57707.55078125,57750.44921875,57691.0,57741.5,0.0
2025-10-27 09:15:00+0530,57796.44921875,58077.1015625,57687.1484375,58050.5,0.0
2025-10-27 10:15:00+0530,58054.75,58172.5,58049.5,58130.55078125,0.0
2025-10-27 11:15:00+0530,58125.6484375,58195.1015625,58035.6015625,58161.30078125,0.0
2025-10-27 12:15:00+0530,58163.1015625,58179.6015625,58039.1484375,58077.3984375,0.0
2025-10-27 13:15:00+0530,58077.3984375,58083.30078125,57951.19921875,58013.94921875,0.0
2025-10-27 14:15:00+0530,58013.3984375,58123.3515625,57978.0,58053.8984375,0.0
2025-10-27 15:15:00+0530,58051.6015625,58206.05078125,58046.0,58198.6015625,0.0
2025-10-28 09:15:00+0530,58006.55078125,58313.80078125,57863.75,57928.94921875,0.0
2025-10-28 10:15:00+0530,57934.94921875,57964.3515625,57770.6015625,57818.1015625,0.0
2025-10-28 11:15:00+0530,57817.55078125,57966.75,57800.05078125,57918.1015625,0.0
2025-10-28 12:15:00+0530,57914.55078125,58186.8515625,57870.19921875,58141.19921875,0.0
2025-10-28 13:15:00+0530,58138.19921875,58212.19921875,57998.19921875,58078.0,0.0
2025-10-28 14:15:00+0530,58072.55078125,58253.6015625,57937.8515625,58244.3515625,0.0
2025-10-28 15:15:00+0530,58242.6015625,58305.0,58216.3984375,58271.55078125,0.0
2025-10-29 09:15:00+0530,58316.25,58370.25,58092.1015625,58148.3515625,0.0
2025-10-29 10:15:00+0530,58149.75,58280.3515625,58087.05078125,58160.8515625,0.0
2025-10-29 11:15:00+0530,58158.6015625,58335.25,58156.1015625,58307.3984375,0.0
2025-10-29 12:15:00+0530,58310.1015625,58368.3515625,58269.05078125,58363.3515625,0.0
2025-10-29 13:15:00+0530,58361.94921875,58469.19921875,58321.8984375,58404.8515625,0.0
2025-10-29 14:15:00+0530,58404.05078125,58458.19921875,58322.44921875,58367.0,0.0
2025-10-29 15:15:00+0530,58370.8515625,58419.6484375,58367.30078125,58399.05078125,0.0
2025-10-30 09:15:00+0530,58152.05078125,58329.69921875,58076.1484375,58264.05078125,0.0
2025-10-30 10:15:00+0530,58262.75,58307.69921875,58158.8515625,58243.6484375,0.0
2025-10-30 11:15:00+0530,58242.44921875,58260.3515625,58131.55078125,58159.8515625,0.0
2025-10-30 12:15:00+0530,58159.8984375,58253.8984375,58121.8515625,58237.8515625,0.0
2025-10-30 13:15:00+0530,58242.6015625,58282.55078125,58081.1484375,58132.6015625,0.0
2025-10-30 14:15:00+0530,58131.8515625,58187.1484375,58000.30078125,58024.55078125,0.0
2025-10-30 15:15:00+0530,58026.6484375,58067.1015625,58007.8515625,58067.1015625,0.0
2025-10-31 09:15:00+0530,57946.6015625,58253.55078125,57930.94921875,58031.3984375,0.0
2025-10-31 10:15:00+0530,58033.8515625,58033.8515625,57675.44921875,57758.30078125,0.0
2025-10-31 11:15:00+0530,57759.3515625,58046.19921875,57726.3984375,57952.8515625,0.0
2025-10-31 12:15:00+0530,57955.6484375,58002.5,57898.8984375,57937.0,0.0
2025-10-31 13:15:00+0530,57933.3515625,57961.5,57801.6484375,57858.1015625,0.0
2025-10-31 14:15:00+0530,57857.19921875,57946.6484375,57751.30078125,57765.44921875,0.0
2025-10-31 15:15:00+0530,57764.0,57808.3515625,57743.1484375,57778.75,0.0
2025-11-03 09:15:00+0530,57742.80078125,58063.75,57730.19921875,57995.6015625,0.0
2025-11-03 10:15:00+0530,57995.05078125,58125.94921875,57942.30078125,58075.6484375,0.0
2025-11-03 11:15:00+0530,58075.5,58080.19921875,57939.6015625,58038.05078125,0.0
2025-11-03 12:15:00+0530,58042.30078125,58153.30078125,57984.44921875,58142.8984375,0.0
2025-11-03 13:15:00+0530,58142.1015625,58210.3984375,58054.3515625,58191.8515625,0.0
2025-11-03 14:15:00+0530,58191.25,58246.1484375,58058.44921875,58104.69921875,0.0
2025-11-03 15:15:00+0530,58102.80078125,58147.25,58092.5,58116.25,0.0
2025-11-04 09:15:00+0530,57966.6484375,58118.1484375,57869.3515625,57919.44921875,0.0
2025-11-04 10:15:00+0530,57919.6015625,58051.94921875,57853.0,57946.30078125,0.0
2025-11-04 11:15:00+0530,57950.3515625,57972.8515625,57803.1015625,57897.25,0.0
2025-11-04 12:15:00+0530,57900.19921875,57924.3515625,57819.75,57846.3984375,0.0
2025-11-04 13:15:00+0530,57841.05078125,57983.69921875,57812.05078125,57854.0,0.0
2025-11-04 14:15:00+0530,57856.55078125,57911.8984375,57805.3515625,57843.6484375,0.0
2025-11-04 15:15:00+0530,57839.55078125,57851.8984375,57747.55078125,57778.94921875,0.0
2025-11-06 09:15:00+0530,57773.6484375,57942.05078125,57609.19921875,57618.5,0.0
2025-11-06 10:15:00+0530,57616.8515625,57702.94921875,57598.80078125,57628.30078125,0.0
2025-11-06 11:15:00+0530,57628.69921875,57669.1484375,57525.3515625,57597.0,0.0
2025-11-06 12:15:00+0530,57596.05078125,57762.55078125,57536.75,57687.6484375,0.0
2025-11-06 13:15:00+0530,57684.25,57743.30078125,57573.3984375,57687.75,0.0
2025-11-06 14:15:00+0530,57686.25,57692.1484375,57527.94921875,57545.44921875,0.0
2025-11-06 15:15:00+0530,57544.8984375,57594.5,57523.75,57573.94921875,0.0
2025-11-07 09:15:00+0530,57423.1015625,57433.05078125,57158.6015625,57285.55078125,0.0
2025-11-07 10:15:00+0530,57283.94921875,57570.6015625,57266.75,57560.94921875,0.0
2025-11-07 11:15:00+0530,57564.19921875,57811.25,57553.55078125,57692.69921875,0.0
2025-11-07 12:15:00+0530,57695.94921875,57930.3515625,57679.30078125,57872.8515625,0.0
2025-11-07 13:15:00+0530,57873.3984375,57999.1015625,57768.19921875,57828.25,0.0
2025-11-07 14:15:00+0530,57830.80078125,57982.1015625,57815.0,57869.19921875,0.0
2025-11-07 15:15:00+0530,57871.3984375,57940.94921875,57871.3984375,57903.44921875,0.0
2025-11-10 09:15:00+0530,57878.80078125,58059.3984375,57865.6015625,57977.75,0.0
2025-11-10 10:15:00+0530,57976.6484375,58065.0,57919.80078125,58014.8984375,0.0
2025-11-10 11:15:00+0530,58020.69921875,58077.80078125,57981.8984375,57986.05078125,0.0
2025-11-10 12:15:00+0530,57991.44921875,58085.19921875,57982.1015625,58016.80078125,0.0
2025-11-10 13:15:00+0530,58019.6015625,58057.25,57930.3984375,58000.69921875,0.0
2025-11-10 14:15:00+0530,58004.44921875,58095.94921875,57924.05078125,57938.75,0.0
2025-11-10 15:15:00+0530,57938.75,57966.75,57877.44921875,57893.0,0.0
2025-11-11 09:15:00+0530,57970.94921875,58077.6015625,57709.44921875,57716.8984375,0.0
2025-11-11 10:15:00+0530,57717.5,57773.6484375,57594.5,57733.75,0.0
2025-11-11 11:15:00+0530,57733.94921875,57869.8984375,57691.80078125,57850.94921875,0.0
2025-11-11 12:15:00+0530,57851.25,57964.19921875,57832.30078125,57954.25,0.0
2025-11-11 13:15:00+0530,57959.3515625,58145.6015625,57956.69921875,58007.3515625,0.0
2025-11-11 14:15:00+0530,58007.80078125,58166.44921875,58001.55078125,58142.8984375,0.0
2025-11-11 15:15:00+0530,58143.6484375,58182.5,58121.6484375,58148.05078125,0.0
2025-11-12 09:15:00+0530,58489.6484375,58499.3984375,58274.3984375,58307.6015625,0.0
2025-11-12 10:15:00+0530,58307.69921875,58370.1015625,58225.1484375,58333.0,0.0
2025-11-12 11:15:00+0530,58330.75,58398.25,58293.1484375,58322.30078125,0.0
2025-11-12 12:15:00+0530,58322.19921875,58471.5,58322.19921875,58428.30078125,0.0
2025-11-12 13:15:00+0530,58429.1484375,58471.6015625,58303.55078125,58349.5,0.0
2025-11-12 14:15:00+0530,58349.1015625,58418.55078125,58286.55078125,58297.30078125,0.0
2025-11-12 15:15:00+0530,58298.8984375,58298.8984375,58176.94921875,58211.44921875,0.0
2025-11-13 09:15:00+0530,58188.3984375,58485.05078125,58127.1015625,58456.8984375,0.0
2025-11-13 10:15:00+0530,58456.25,58608.3984375,58456.25,58552.1484375,0.0
2025-11-13 11:15:00+0530,58553.55078125,58615.19921875,58510.75,58595.44921875,0.0
2025-11-13 12:15:00+0530,58598.3984375,58615.75,58477.8515625,58569.8984375,0.0
2025-11-13 13:15:00+0530,58574.75,58605.6015625,58336.0,58380.1015625,0.0
2025-11-13 14:15:00+0530,58380.75,58471.3984375,58343.94921875,58373.1484375,0.0
2025-11-13 15:15:00+0530,58371.19921875,58439.8515625,58360.5,58387.5,0.0
2025-11-14 09:15:00+0530,58115.6484375,58467.8984375,58111.3984375,58229.6484375,0.0
2025-11-14 10:15:00+0530,58230.69921875,58413.3984375,58170.3515625,58372.25,0.0
2025-11-14 11:15:00+0530,58368.25,58402.6484375,58232.6484375,58341.5,0.0
2025-11-14 12:15:00+0530,58342.25,58387.55078125,58246.30078125,58272.1484375,0.0
2025-11-14 13:15:00+0530,58270.6015625,58323.05078125,58152.94921875,58218.6484375,0.0
2025-11-14 14:15:00+0530,58211.19921875,58577.05078125,58166.3984375,58552.94921875,0.0
2025-11-14 15:15:00+0530,58552.8984375,58583.6484375,58493.30078125,58540.69921875,0.0
2025-11-17 09:15:00+0530,58688.05078125,58976.8515625,58612.44921875,58888.19921875,0.0
2025-11-17 10:15:00+0530,58889.19921875,58978.30078125,58862.1484375,58929.1015625,0.0
2025-11-17 11:15:00+0530,58929.19921875,58943.3984375,58836.1484375,58921.94921875,0.0
2025-11-17 12:15:00+0530,58928.75,58994.69921875,58904.5,58961.6015625,0.0
2025-11-17 13:15:00+0530,58962.30078125,58999.75,58911.1015625,58967.0,0.0
2025-11-17 14:15:00+0530,58968.94921875,58973.19921875,58899.55078125,58957.3515625,0.0
2025-11-17 15:15:00+0530,58958.94921875,58997.94921875,58948.94921875,58976.5,0.0
2025-11-18 09:15:00+0530,59005.0,59010.8984375,58850.80078125,58885.1484375,0.0
2025-11-18 10:15:00+0530,58884.6484375,59007.94921875,58878.44921875,59001.94921875,0.0
2025-11-18 11:15:00+0530,59001.80078125,59045.1484375,58950.0,58985.6015625,0.0
2025-11-18 12:15:00+0530,58985.80078125,59030.1015625,58947.30078125,58990.30078125,0.0
2025-11-18 13:15:00+0530,58988.0,59103.3515625,58988.0,59072.0,0.0
2025-11-18 14:15:00+0530,59071.69921875,59086.44921875,58877.1015625,58880.3984375,0.0
2025-11-18 15:15:00+0530,58879.05078125,58912.25,58806.6015625,58835.8515625,0.0
2025-11-19 09:15:00+0530,58908.1484375,58952.75,58688.55078125,58871.75,0.0
2025-11-19 10:15:00+0530,58872.30078125,58909.6015625,58783.3515625,58783.8984375,0.0
2025-11-19 11:15:00+0530,58783.94921875,58940.05078125,58767.05078125,58926.75,0.0
2025-11-19 12:15:00+0530,58925.8984375,59081.6484375,58913.5,59060.05078125,0.0
2025-11-19 13:15:00+0530,59059.0,59128.25,58930.80078125,59119.94921875,0.0
2025-11-19 14:15:00+0530,59117.6015625,59261.80078125,59115.25,59225.6484375,0.0
2025-11-19 15:15:00+0530,59228.1484375,59232.6015625,59173.6484375,59207.94921875,0.0
2025-11-20 09:15:00+0530,59308.19921875,59320.25,59125.94921875,59170.6015625,0.0
2025-11-20 10:15:00+0530,59171.30078125,59249.8515625,59128.80078125,59206.8984375,0.0
2025-11-20 11:15:00+0530,59208.19921875,59265.19921875,59199.1484375,59231.1015625,0.0
2025-11-20 12:15:00+0530,59230.75,59380.1015625,59186.6015625,59319.25,0.0
2025-11-20 13:15:00+0530,59322.44921875,59411.44921875,59314.3515625,59381.75,0.0
2025-11-20 14:15:00+0530,59384.1015625,59439.6015625,59313.80078125,59350.8984375,0.0
2025-11-20 15:15:00+0530,59352.1015625,59376.05078125,59310.80078125,59343.8984375,0.0
2025-11-21 09:15:00+0530,59116.69921875,59230.80078125,58959.3515625,58991.55078125,0.0
2025-11-21 10:15:00+0530,58994.3984375,58994.3984375,58833.8984375,58944.44921875,0.0
2025-11-21 11:15:00+0530,58945.0,59032.6015625,58898.8984375,59027.3984375,0.0
2025-11-21 12:15:00+0530,59027.5,59149.94921875,59008.0,59050.44921875,0.0
2025-11-21 13:15:00+0530,59056.3515625,59113.5,58970.94921875,59109.44921875,0.0
2025-11-21 14:15:00+0530,59109.5,59126.5,58861.5,58887.25,0.0
2025-11-21 15:15:00+0530,58884.1484375,58912.3515625,58825.1484375,58851.8515625,0.0
2025-11-24 09:15:00+0530,59039.1484375,59131.8984375,58891.80078125,59128.55078125,0.0
2025-11-24 10:15:00+0530,59129.30078125,59238.6484375,59112.6484375,59185.69921875,0.0
2025-11-24 11:15:00+0530,59186.8515625,59309.8984375,59164.6484375,59206.44921875,0.0
2025-11-24 12:15:00+0530,59204.3515625,59267.94921875,59141.8984375,59247.44921875,0.0
2025-11-24 13:15:00+0530,59252.69921875,59279.25,59141.69921875,59194.75,0.0
2025-11-24 14:15:00+0530,59191.6015625,59193.5,58829.44921875,58836.6484375,0.0
2025-11-24 15:15:00+0530,58836.19921875,58857.80078125,58669.44921875,58731.05078125,0.0
2025-11-25 09:15:00+0530,58935.05078125,59051.19921875,58746.8984375,59026.6015625,0.0
2025-11-25 10:15:00+0530,59030.80078125,59062.94921875,58755.8515625,58814.55078125,0.0
2025-11-25 11:15:00+0530,58815.1484375,59008.3515625,58810.69921875,58956.6484375,0.0
2025-11-25 12:15:00+0530,58958.30078125,58982.6015625,58836.8984375,58931.8984375,0.0
2025-11-25 13:15:00+0530,58933.6015625,59139.6484375,58927.19921875,59127.8515625,0.0
2025-11-25 14:15:00+0530,59129.1015625,59165.1015625,58747.25,58825.3515625,0.0
2025-11-25 15:15:00+0530,58825.44921875,58851.6015625,58790.3515625,58810.80078125,0.0
2025-11-26 09:15:00+0530,59023.8515625,59495.5,58989.75,59453.19921875,0.0
2025-11-26 10:15:00+0530,59454.55078125,59515.1484375,59367.75,59442.3984375,0.0
2025-11-26 11:15:00+0530,59442.55078125,59484.6484375,59373.6484375,59463.1015625,0.0
2025-11-26 12:15:00+0530,59465.5,59522.3984375,59426.0,59516.8515625,0.0
2025-11-26 13:15:00+0530,59518.69921875,59550.05078125,59432.1015625,59505.6015625,0.0
2025-11-26 14:15:00+0530,59506.5,59541.5,59434.8984375,59535.75,0.0
2025-11-26 15:15:00+0530,59538.0,59552.55078125,59508.3515625,59527.1484375,0.0
2025-11-27 09:15:00+0530,59605.30078125,59798.8984375,59551.75,59765.8984375,0.0
2025-11-27 10:15:00+0530,59771.8984375,59865.8515625,59684.6015625,59850.1015625,0.0
2025-11-27 11:15:00+0530,59852.6015625,59861.1484375,59714.8515625,59758.19921875,0.0
2025-11-27 12:15:00+0530,59758.19921875,59850.1484375,59649.30078125,59656.30078125,0.0
2025-11-27 13:15:00+0530,59658.69921875,59698.44921875,59523.6015625,59665.3984375,0.0
2025-11-27 14:15:00+0530,59668.80078125,59768.1484375,59616.8515625,59722.3515625,0.0
2025-11-27 15:15:00+0530,59726.44921875,59782.19921875,59701.69921875,59764.1484375,0.0
2025-11-28 09:15:00+0530,59754.05078125,59773.69921875,59603.1484375,59689.44921875,0.0
2025-11-28 10:15:00+0530,59689.44921875,59868.44921875,59630.5,59860.80078125,0.0
2025-11-28 11:15:00+0530,59863.30078125,59895.30078125,59764.8515625,59794.6015625,0.0
2025-11-28 12:15:00+0530,59794.05078125,59836.8515625,59752.6015625,59774.3515625,0.0
2025-11-28 13:15:00+0530,59775.1484375,59822.25,59712.1484375,59743.5,0.0
2025-11-28 14:15:00+0530,59742.75,59826.8984375,59723.1484375,59739.6015625,0.0
2025-11-28 15:15:00+0530,59741.69921875,59776.94921875,59722.80078125,59722.80078125,0.0
2025-12-01 09:15:00+0530,60088.55078125,60104.5,59892.19921875,60067.0,0.0
2025-12-01 10:15:00+0530,60064.30078125,60113.8984375,59968.8515625,60011.19921875,0.0
2025-12-01 11:15:00+0530,60012.80078125,60020.75,59676.6015625,59702.44921875,0.0
2025-12-01 12:15:00+0530,59700.55078125,59784.3984375,59633.75,59773.80078125,0.0
2025-12-01 13:15:00+0530,59773.44921875,59815.94921875,59658.3984375,59776.25,0.0
2025-12-01 14:15:00+0530,59776.80078125,59779.94921875,59529.3515625,59715.0,0.0
2025-12-01 15:15:00+0530,59714.0,59715.3984375,59632.3984375,59697.1484375,0.0
2025-12-02 09:15:00+0530,59354.19921875,59574.75,59306.0,59471.6484375,0.0
2025-12-02 10:15:00+0530,59472.44921875,59656.30078125,59436.8984375,59565.44921875,0.0
2025-12-02 11:15:00+0530,59567.30078125,59604.75,59469.19921875,59504.25,0.0
2025-12-02 12:15:00+0530,59505.8515625,59586.80078125,59469.69921875,59490.30078125,0.0
2025-12-02 13:15:00+0530,59491.55078125,59500.44921875,59428.8984375,59448.94921875,0.0
2025-12-02 14:15:00+0530,59450.6484375,59476.19921875,59252.8984375,59294.1484375,0.0
2025-12-02 15:15:00+0530,59294.6484375,59347.1015625,59256.19921875,59347.1015625,0.0
2025-12-03 09:15:00+0530,59207.5,59356.75,59006.1015625,59043.1015625,0.0
2025-12-03 10:15:00+0530,59043.1015625,59048.69921875,58931.05078125,58979.8515625,0.0
2025-12-03 11:15:00+0530,58977.3984375,59190.0,58927.44921875,59158.5,0.0
2025-12-03 12:15:00+0530,59156.55078125,59162.8515625,59062.55078125,59083.44921875,0.0
2025-12-03 13:15:00+0530,59082.44921875,59145.5,59007.55078125,59114.0,0.0
2025-12-03 14:15:00+0530,59113.30078125,59414.05078125,59077.55078125,59380.6484375,0.0
2025-12-03 15:15:00+0530,59378.44921875,59398.25,59333.1484375,59333.1484375,0.0
2025-12-04 09:15:00+0530,59280.6015625,59411.3984375,59180.94921875,59393.5,0.0
2025-12-04 10:15:00+0530,59395.3515625,59548.6015625,59390.05078125,59408.80078125,0.0
2025-12-04 11:15:00+0530,59410.3515625,59412.1015625,59225.44921875,59250.25,0.0
2025-12-04 12:15:00+0530,59252.55078125,59290.5,59134.8515625,59180.1015625,0.0
2025-12-04 13:15:00+0530,59179.3984375,59242.69921875,59063.44921875,59154.80078125,0.0
2025-12-04 14:15:00+0530,59158.1484375,59314.5,59123.75,59283.44921875,0.0
2025-12-04 15:15:00+0530,59280.19921875,59335.55078125,59251.75,59272.69921875,0.0
2025-12-05 09:15:00+0530,59161.8984375,59658.6484375,59138.8984375,59561.80078125,0.0
2025-12-05 10:15:00+0530,59557.1484375,59677.80078125,59345.05078125,59601.55078125,0.0
2025-12-05 11:15:00+0530,59604.0,59643.6484375,59517.05078125,59520.1484375,0.0
2025-12-05 12:15:00+0530,59518.3515625,59762.3515625,59505.0,59724.94921875,0.0
2025-12-05 13:15:00+0530,59723.1484375,59777.1015625,59629.69921875,59711.3515625,0.0
2025-12-05 14:15:00+0530,59711.6015625,59799.1015625,59599.55078125,59778.94921875,0.0
2025-12-05 15:15:00+0530,59778.44921875,59805.05078125,59711.30078125,59735.80078125,0.0
2025-12-08 09:15:00+0530,59656.25,59711.6015625,59465.8984375,59547.25,0.0
2025-12-08 10:15:00+0530,59549.3984375,59620.6484375,59396.3515625,59436.8515625,0.0
2025-12-08 11:15:00+0530,59435.6484375,59445.30078125,59355.94921875,59363.25,0.0
2025-12-08 12:15:00+0530,59371.5,59406.0,59232.25,59342.25,0.0
2025-12-08 13:15:00+0530,59342.3515625,59344.8515625,59068.44921875,59105.1015625,0.0
2025-12-08 14:15:00+0530,59103.69921875,59310.5,59031.75,59249.55078125,0.0
2025-12-08 15:15:00+0530,59248.69921875,59258.3515625,59110.80078125,59147.30078125,0.0
2025-12-09 09:15:00+0530,58918.8515625,59103.44921875,58887.1015625,59055.1015625,0.0
2025-12-09 10:15:00+0530,59056.0,59263.69921875,59022.05078125,59246.55078125,0.0
2025-12-09 11:15:00+0530,59246.5,59284.8515625,59102.55078125,59253.44921875,0.0
2025-12-09 12:15:00+0530,59249.69921875,59316.69921875,59158.8984375,59227.3984375,0.0
2025-12-09 13:15:00+0530,59231.8515625,59358.25,59213.6484375,59275.8515625,0.0
2025-12-09 14:15:00+0530,59273.80078125,59282.8515625,59170.6015625,59217.3515625,0.0
2025-12-09 15:15:00+0530,59219.05078125,59230.94921875,59187.0,59212.1015625,0.0
2025-12-10 09:15:00+0530,59277.8984375,59440.1015625,59190.8984375,59375.44921875,0.0
2025-12-10 10:15:00+0530,59379.25,59427.69921875,59147.5,59212.8984375,0.0
2025-12-10 11:15:00+0530,59214.55078125,59226.1015625,58974.94921875,59046.5,0.0
2025-12-10 12:15:00+0530,59048.8515625,59062.55078125,58895.19921875,58964.80078125,0.0
2025-12-10 13:15:00+0530,58963.8984375,59091.8984375,58869.8515625,58892.75,0.0
2025-12-10 14:15:00+0530,58891.5,59009.55078125,58856.3515625,58963.69921875,0.0
2025-12-10 15:15:00+0530,58964.94921875,58979.5,58910.30078125,58938.30078125,0.0
2025-12-11 09:15:00+0530,58980.69921875,59113.3984375,58801.55078125,59082.19921875,0.0
2025-12-11 10:15:00+0530,59083.8515625,59246.8984375,59077.94921875,59142.30078125,0.0
2025-12-11 11:15:00+0530,59143.25,59415.5,59130.80078125,59345.5,0.0
2025-12-11 12:15:00+0530,59352.1015625,59423.3515625,59139.8984375,59181.80078125,0.0
2025-12-11 13:15:00+0530,59177.80078125,59302.25,59157.8984375,59209.30078125,0.0
2025-12-11 14:15:00+0530,59209.30078125,59326.05078125,59135.6484375,59201.1015625,0.0
2025-12-11 15:15:00+0530,59200.8984375,59225.30078125,59177.5,59204.6015625,0.0
2025-12-12 09:15:00+0530,59401.5,59545.19921875,59340.25,59441.69921875,0.0
2025-12-12 10:15:00+0530,59448.69921875,59482.55078125,59225.69921875,59285.3984375,0.0
2025-12-12 11:15:00+0530,59285.3984375,59443.8984375,59282.6015625,59382.25,0.0
2025-12-12 12:15:00+0530,59382.25,59418.3984375,59315.8984375,59378.69921875,0.0
2025-12-12 13:15:00+0530,59378.3984375,59439.94921875,59310.6015625,59389.1484375,0.0
2025-12-12 14:15:00+0530,59388.1015625,59418.75,59335.6484375,59408.1015625,0.0
2025-12-12 15:15:00+0530,59405.44921875,59426.1484375,59367.1484375,59396.80078125,0.0
2025-12-15 09:15:00+0530,59087.94921875,59346.1015625,59087.94921875,59212.25,0.0
2025-12-15 10:15:00+0530,59213.8515625,59299.0,59138.19921875,59258.3515625,0.0
2025-12-15 11:15:00+0530,59257.55078125,59516.1015625,59223.80078125,59459.75,0.0
2025-12-15 12:15:00+0530,59462.6015625,59532.44921875,59413.5,59527.1015625,0.0
2025-12-15 13:15:00+0530,59527.75,59528.3515625,59405.8984375,59436.80078125,0.0
2025-12-15 14:15:00+0530,59437.3984375,59528.8984375,59430.8984375,59469.8984375,0.0
2025-12-15 15:15:00+0530,59469.80078125,59473.1015625,59414.55078125,59444.69921875,0.0
2025-12-16 09:15:00+0530,59308.80078125,59334.1484375,59045.05078125,59128.69921875,0.0
2025-12-16 10:15:00+0530,59122.69921875,59165.8984375,59068.30078125,59084.3515625,0.0
2025-12-16 11:15:00+0530,59081.80078125,59119.75,58986.5,59072.8515625,0.0
2025-12-16 12:15:00+0530,59072.1015625,59138.25,59025.55078125,59053.6015625,0.0
2025-12-16 13:15:00+0530,59053.5,59169.0,59018.5,59032.30078125,0.0
2025-12-16 14:15:00+0530,59034.6015625,59117.25,58991.6484375,59018.80078125,0.0
2025-12-16 15:15:00+0530,59021.3515625,59030.5,58969.3515625,59010.6015625,0.0
2025-12-17 09:15:00+0530,59072.80078125,59126.8984375,58894.25,58956.0,0.0
2025-12-17 10:15:00+0530,58959.1015625,58989.3515625,58866.19921875,58970.8515625,0.0
2025-12-17 11:15:00+0530,58969.80078125,59020.5,58889.94921875,58899.55078125,0.0
2025-12-17 12:15:00+0530,58901.0,58951.69921875,58841.1015625,58847.8515625,0.0
2025-12-17 13:15:00+0530,58847.0,58945.80078125,58801.5,58863.8984375,0.0
2025-12-17 14:15:00+0530,58865.6015625,58954.30078125,58855.8515625,58921.6484375,0.0
2025-12-17 15:15:00+0530,58921.05078125,58988.8515625,58892.94921875,58961.5,0.0
2025-12-18 09:15:00+0530,58811.75,59003.80078125,58737.6484375,58989.80078125,0.0
2025-12-18 10:15:00+0530,58992.44921875,59173.55078125,58980.1015625,59099.3984375,0.0
2025-12-18 11:15:00+0530,59096.75,59173.55078125,59049.25,59166.6484375,0.0
2025-12-18 12:15:00+0530,59166.30078125,59210.3515625,59103.05078125,59112.19921875,0.0
2025-12-18 13:15:00+0530,59114.75,59126.3984375,58950.75,58961.94921875,0.0
2025-12-18 14:15:00+0530,58962.94921875,59001.8984375,58882.1484375,58933.8984375,0.0
2025-12-18 15:15:00+0530,58932.94921875,58938.69921875,58877.55078125,58905.25,0.0
2025-12-19 09:15:00+0530,59047.3984375,59132.30078125,58971.25,59018.05078125,0.0
2025-12-19 10:15:00+0530,59018.1484375,59121.1484375,58977.94921875,59009.6015625,0.0
2025-12-19 11:15:00+0530,59009.5,59042.3515625,58897.75,59007.5,0.0
2025-12-19 12:15:00+0530,59010.1484375,59035.6484375,58924.5,58952.1484375,0.0
2025-12-19 13:15:00+0530,58949.75,59125.25,58935.8515625,59070.25,0.0
2025-12-19 14:15:00+0530,59069.55078125,59138.94921875,59047.44921875,59080.0,0.0
2025-12-19 15:15:00+0530,59080.80078125,59083.0,59026.69921875,59046.80078125,0.0
2025-12-22 09:15:00+0530,59224.75,59371.1015625,59158.8984375,59307.8515625,0.0
2025-12-22 10:15:00+0530,59307.3984375,59318.8515625,59226.80078125,59239.44921875,0.0
2025-12-22 11:15:00+0530,59238.19921875,59312.8984375,59232.75,59281.19921875,0.0
2025-12-22 12:15:00+0530,59280.19921875,59312.44921875,59183.6015625,59265.6015625,0.0
2025-12-22 13:15:00+0530,59273.80078125,59324.5,59249.94921875,59283.1484375,0.0
2025-12-22 14:15:00+0530,59284.19921875,59339.44921875,59245.44921875,59313.5,0.0
2025-12-22 15:15:00+0530,59314.05078125,59316.05078125,59274.25,59284.1015625,0.0
2025-12-23 09:15:00+0530,59346.5,59398.3984375,59217.80078125,59361.5,0.0
2025-12-23 10:15:00+0530,59361.5,59368.05078125,59278.8515625,59319.8984375,0.0
2025-12-23 11:15:00+0530,59321.8984375,59338.25,59230.80078125,59275.0,0.0
2025-12-23 12:15:00+0530,59278.19921875,59325.55078125,59230.3984375,59303.1484375,0.0
2025-12-23 13:15:00+0530,59303.44921875,59346.0,59290.30078125,59329.94921875,0.0
2025-12-23 14:15:00+0530,59330.8515625,59370.1484375,59255.19921875,59328.69921875,0.0
2025-12-23 15:15:00+0530,59325.44921875,59331.25,59255.3984375,59276.55078125,0.0
2025-12-24 09:15:00+0530,59366.0,59476.6484375,59251.8515625,59416.69921875,0.0
2025-12-24 10:15:00+0530,59413.1484375,59452.69921875,59359.25,59398.55078125,0.0
2025-12-24 11:15:00+0530,59396.8984375,59411.94921875,59319.1015625,59343.3515625,0.0
2025-12-24 12:15:00+0530,59336.80078125,59364.5,59239.8515625,59251.44921875,0.0
2025-12-24 13:15:00+0530,59252.75,59254.0,59163.75,59201.55078125,0.0
2025-12-24 14:15:00+0530,59207.80078125,59255.55078125,59161.75,59201.75,0.0
2025-12-24 15:15:00+0530,59202.30078125,59211.0,59119.0,59150.80078125,0.0
2025-12-26 09:15:00+0530,59094.44921875,59178.30078125,59077.6484375,59115.30078125,0.0
2025-12-26 10:15:00+0530,59110.69921875,59165.30078125,59071.19921875,59078.75,0.0
2025-12-26 11:15:00+0530,59078.69921875,59086.30078125,58994.05078125,59045.8515625,0.0
2025-12-26 12:15:00+0530,59043.80078125,59073.30078125,58983.44921875,59034.1484375,0.0
2025-12-26 13:15:00+0530,59033.25,59065.05078125,58998.6484375,59011.8515625,0.0
2025-12-26 14:15:00+0530,59009.5,59039.5,58947.05078125,59011.55078125,0.0
2025-12-26 15:15:00+0530,59014.5,59033.0,58970.44921875,58994.44921875,0.0
2025-12-29 09:15:00+0530,59012.25,59136.25,58918.8984375,58979.55078125,0.0
2025-12-29 10:15:00+0530,58971.6484375,58986.6484375,58857.8984375,58869.6015625,0.0
2025-12-29 11:15:00+0530,58871.05078125,58880.3984375,58810.80078125,58841.94921875,0.0
2025-12-29 12:15:00+0530,58838.1015625,58893.80078125,58813.6015625,58855.5,0.0
2025-12-29 13:15:00+0530,58858.1015625,58968.1015625,58811.1015625,58917.1484375,0.0
2025-12-29 14:15:00+0530,58909.8984375,58997.1015625,58872.19921875,58928.5,0.0
2025-12-29 15:15:00+0530,58923.5,58963.3984375,58916.75,58953.94921875,0.0
2025-12-30 09:15:00+0530,58903.80078125,58964.05078125,58737.94921875,58944.6484375,0.0
2025-12-30 10:15:00+0530,58943.05078125,59075.5,58883.3515625,58924.3984375,0.0
2025-12-30 11:15:00+0530,58925.1484375,58993.6015625,58860.55078125,58872.05078125,0.0
2025-12-30 12:15:00+0530,58875.44921875,58976.1484375,58864.80078125,58922.8984375,0.0
2025-12-30 13:15:00+0530,58923.94921875,59114.25,58914.75,59087.75,0.0
2025-12-30 14:15:00+0530,59087.3515625,59250.1015625,59018.55078125,59196.0,0.0
2025-12-30 15:15:00+0530,59198.1015625,59272.69921875,59156.3984375,59253.94921875,0.0
2025-12-31 09:15:00+0530,59194.6015625,59413.55078125,59194.6015625,59347.1015625,0.0
2025-12-31 10:15:00+0530,59349.3984375,59495.75,59313.69921875,59453.19921875,0.0
2025-12-31 11:15:00+0530,59450.8515625,59525.3984375,59400.3515625,59514.6015625,0.0
2025-12-31 12:15:00+0530,59514.1015625,59742.3515625,59511.1015625,59703.80078125,0.0
2025-12-31 13:15:00+0530,59705.5,59747.80078125,59616.69921875,59729.94921875,0.0
2025-12-31 14:15:00+0530,59727.25,59764.80078125,59541.8515625,59584.55078125,0.0
2025-12-31 15:15:00+0530,59587.0,59637.19921875,59557.80078125,59619.3515625,0.0
2026-01-01 09:15:00+0530,59672.30078125,59719.1015625,59569.6484375,59658.19921875,0.0
2026-01-01 10:15:00+0530,59661.05078125,59742.69921875,59573.1015625,59714.8515625,0.0
2026-01-01 11:15:00+0530,59714.8984375,59738.30078125,59624.44921875,59628.3984375,0.0
2026-01-01 12:15:00+0530,59628.0,59699.6015625,59600.8984375,59680.3984375,0.0
2026-01-01 13:15:00+0530,59680.80078125,59727.1015625,59628.3515625,59712.80078125,0.0
2026-01-01 14:15:00+0530,59711.94921875,59735.80078125,59668.5,59691.1015625,0.0
2026-01-01 15:15:00+0530,59686.6015625,59721.75,59670.19921875,59707.55078125,0.0
2026-01-02 09:15:00+0530,59757.3984375,60062.55078125,59746.1484375,60015.6484375,0.0
2026-01-02 10:15:00+0530,60013.8515625,60033.69921875,59978.05078125,60015.05078125,0.0
2026-01-02 11:15:00+0530,60011.05078125,60147.19921875,59994.8515625,60145.3984375,0.0
2026-01-02 12:15:00+0530,60143.8984375,60152.1484375,60066.75,60106.25,0.0
2026-01-02 13:15:00+0530,60106.30078125,60150.6015625,60078.8515625,60104.8984375,0.0
2026-01-02 14:15:00+0530,60105.94921875,60133.1484375,59978.1484375,60110.8515625,0.0
2026-01-02 15:15:00+0530,60107.3515625,60200.05078125,60102.3515625,60174.75,0.0
2026-01-05 09:15:00+0530,60378.8515625,60430.94921875,60124.0,60345.6015625,0.0
2026-01-05 10:15:00+0530,60341.94921875,60357.0,60270.80078125,60314.55078125,0.0
2026-01-05 11:15:00+0530,60314.6484375,60319.75,60184.5,60250.55078125,0.0
2026-01-05 12:15:00+0530,60253.25,60272.19921875,60127.1484375,60131.94921875,0.0
2026-01-05 13:15:00+0530,60127.6015625,60151.6015625,59862.6484375,59907.19921875,0.0
2026-01-05 14:15:00+0530,59908.3984375,60125.1015625,59887.19921875,60051.25,0.0
2026-01-05 15:15:00+0530,60052.55078125,60056.05078125,59988.44921875,60055.5,0.0
2026-01-06 09:15:00+0530,59960.1015625,60301.8515625,59862.75,60276.75,0.0
2026-01-06 10:15:00+0530,60274.8515625,60304.6484375,60193.44921875,60226.75,0.0
2026-01-06 11:15:00+0530,60226.69921875,60260.6015625,60090.3984375,60230.0,0.0
2026-01-06 12:15:00+0530,60228.30078125,60251.80078125,60121.1015625,60197.1484375,0.0
2026-01-06 13:15:00+0530,60193.69921875,60198.05078125,60053.80078125,60076.6015625,0.0
2026-01-06 14:15:00+0530,60076.44921875,60143.0,60006.1484375,60136.80078125,0.0
2026-01-06 15:15:00+0530,60134.8984375,60141.3515625,60100.6484375,60115.8515625,0.0
2026-01-07 09:15:00+0530,60039.69921875,60046.5,59862.75,59912.44921875,0.0
2026-01-07 10:15:00+0530,59910.3984375,60027.8984375,59864.6015625,59987.05078125,0.0
2026-01-07 11:15:00+0530,59989.30078125,60064.75,59896.1015625,59906.80078125,0.0
2026-01-07 12:15:00+0530,59908.1015625,59938.6015625,59842.8984375,59895.19921875,0.0
2026-01-07 13:15:00+0530,59895.05078125,59900.3984375,59766.1015625,59834.55078125,0.0
2026-01-07 14:15:00+0530,59833.80078125,60026.0,59822.19921875,60017.5,0.0
2026-01-07 15:15:00+0530,60017.8984375,60026.0,59959.80078125,59976.8515625,0.0
2026-01-08 09:15:00+0530,59869.75,60112.69921875,59856.8515625,59959.55078125,0.0
2026-01-08 10:15:00+0530,59961.75,60022.6015625,59750.3515625,59783.6015625,0.0
2026-01-08 11:15:00+0530,59786.30078125,59805.1484375,59568.19921875,59701.1484375,0.0
2026-01-08 12:15:00+0530,59697.44921875,59745.6484375,59608.30078125,59716.75,0.0
2026-01-08 13:15:00+0530,59713.6484375,59781.75,59635.44921875,59779.25,0.0
2026-01-08 14:15:00+0530,59777.94921875,59827.6015625,59670.1015625,59688.30078125,0.0
2026-01-08 15:15:00+0530,59688.3515625,59691.6015625,59621.8984375,59676.69921875,0.0
2026-01-09 09:15:00+0530,59592.1015625,59739.6484375,59409.1484375,59542.75,0.0
2026-01-09 10:15:00+0530,59544.6015625,59625.1484375,59420.1484375,59428.5,0.0
2026-01-09 11:15:00+0530,59434.19921875,59486.25,59344.8984375,59352.5,0.0
2026-01-09 12:15:00+0530,59353.05078125,59388.3984375,59229.75,59273.94921875,0.0
2026-01-09 13:15:00+0530,59272.80078125,59329.1015625,59197.44921875,59205.6015625,0.0
2026-01-09 14:15:00+0530,59208.75,59309.69921875,59155.69921875,59268.44921875,0.0
2026-01-09 15:15:00+0530,59270.6015625,59273.1484375,59215.44921875,59269.3515625,0.0
2026-01-12 09:15:00+0530,59186.6015625,59311.55078125,58983.55078125,59043.25,0.0
2026-01-12 10:15:00+0530,59043.05078125,59177.69921875,59010.1015625,59013.44921875,0.0
2026-01-12 11:15:00+0530,59014.6484375,59072.8515625,58864.6484375,59072.0,0.0
2026-01-12 12:15:00+0530,59074.55078125,59540.3515625,59046.75,59498.3515625,0.0
2026-01-12 13:15:00+0530,59494.30078125,59521.6015625,59394.1484375,59408.80078125,0.0
2026-01-12 14:15:00+0530,59409.19921875,59507.0,59303.75,59424.05078125,0.0
2026-01-12 15:15:00+0530,59423.25,59534.6015625,59422.8984375,59534.05078125,0.0
2026-01-13 09:15:00+0530,59767.55078125,59767.55078125,59464.5,59552.8515625,0.0
2026-01-13 10:15:00+0530,59552.8515625,59697.75,59530.1484375,59664.19921875,0.0
2026-01-13 11:15:00+0530,59663.25,59728.6484375,59622.3984375,59667.0,0.0
2026-01-13 14:15:00+0530,59580.44921875,59652.80078125,59511.8984375,59575.8984375,0.0
2026-01-13 15:15:00+0530,59574.3984375,59607.75,59535.69921875,59542.3515625,0.0
2026-01-14 09:15:00+0530,59327.6015625,59666.44921875,59327.6015625,59483.8515625,0.0
2026-01-14 10:15:00+0530,59483.30078125,59596.05078125,59364.94921875,59575.0,0.0
2026-01-14 11:15:00+0530,59577.1015625,59708.6015625,59553.5,59577.0,0.0
2026-01-14 12:15:00+0530,59578.19921875,59750.75,59549.05078125,59734.8984375,0.0
2026-01-14 13:15:00+0530,59730.75,59796.1015625,59543.8515625,59627.30078125,0.0
2026-01-14 14:15:00+0530,59629.8984375,59717.0,59457.0,59564.69921875,0.0
2026-01-14 15:15:00+0530,59580.6015625,59586.25,59546.30078125,59575.80078125,0.0
2026-01-16 09:15:00+0530,59590.3515625,60026.3984375,59517.8515625,60008.44921875,0.0
2026-01-16 10:15:00+0530,60006.8515625,60159.80078125,59993.0,60022.8984375,0.0
2026-01-16 11:15:00+0530,60021.1484375,60118.69921875,59998.44921875,60084.3515625,0.0
2026-01-16 12:15:00+0530,60085.1015625,60094.8515625,59899.1015625,59980.5,0.0
2026-01-16 13:15:00+0530,59981.0,60083.3984375,59916.75,60035.75,0.0
2026-01-16 14:15:00+0530,60035.75,60120.5,59999.69921875,60074.69921875,0.0
2026-01-16 15:15:00+0530,60075.69921875,60139.75,60058.5,60110.5,0.0
2026-01-19 09:15:00+0530,60093.30078125,60093.30078125,59595.05078125,59668.8515625,0.0
2026-01-19 10:15:00+0530,59664.5,59809.30078125,59655.8515625,59725.1015625,0.0
2026-01-19 11:15:00+0530,59727.1015625,59802.30078125,59681.1484375,59769.6484375,0.0
2026-01-19 12:15:00+0530,59770.1015625,59903.44921875,59766.1484375,59857.6484375,0.0
2026-01-19 13:15:00+0530,59852.69921875,59989.25,59774.1015625,59849.1015625,0.0
2026-01-19 14:15:00+0530,59848.55078125,59974.80078125,59834.25,59910.5,0.0
2026-01-19 15:15:00+0530,59910.80078125,59919.3984375,59798.44921875,59829.8984375,0.0
2026-01-20 09:15:00+0530,59844.8515625,59990.44921875,59624.44921875,59666.6484375,0.0
2026-01-20 10:15:00+0530,59672.6015625,59760.94921875,59630.5,59697.8984375,0.0
2026-01-20 11:15:00+0530,59696.6015625,59840.1015625,59667.25,59702.1015625,0.0
2026-01-20 12:15:00+0530,59706.19921875,59727.1015625,59623.1015625,59674.94921875,0.0
2026-01-20 13:15:00+0530,59674.80078125,59721.25,59483.6015625,59488.1015625,0.0
2026-01-20 14:15:00+0530,59488.6484375,59600.8515625,59385.5,59385.5,0.0
2026-01-20 15:15:00+0530,59388.44921875,59452.0,59288.5,59372.30078125,0.0
2026-01-21 09:15:00+0530,59142.0,59444.3984375,58971.1484375,58983.25,0.0
2026-01-21 10:15:00+0530,58976.6015625,58992.30078125,58278.6484375,58627.1015625,0.0
2026-01-21 11:15:00+0530,58629.3984375,58778.19921875,58514.44921875,58773.75,0.0
2026-01-21 12:15:00+0530,58773.6484375,59270.19921875,58671.0,59019.8984375,0.0
2026-01-21 13:15:00+0530,59027.30078125,59065.8984375,58735.19921875,58764.05078125,0.0
2026-01-21 14:15:00+0530,58768.3515625,58922.55078125,58732.30078125,58778.44921875,0.0
2026-01-21 15:15:00+0530,58776.3515625,58821.0,58728.1015625,58741.19921875,0.0
2026-01-22 09:15:00+0530,59230.75,59572.5,59098.69921875,59333.30078125,0.0
2026-01-22 10:15:00+0530,59332.75,59353.19921875,58863.94921875,58904.5,0.0
2026-01-22 11:15:00+0530,58904.1484375,59067.25,58825.94921875,58989.6484375,0.0
2026-01-22 12:15:00+0530,58990.69921875,59151.55078125,58899.0,58957.19921875,0.0
2026-01-22 13:15:00+0530,58956.3984375,59132.6484375,58927.25,59015.6484375,0.0
2026-01-22 14:15:00+0530,59015.05078125,59238.05078125,58979.6484375,59215.0,0.0
2026-01-22 15:15:00+0530,59211.94921875,59310.3515625,59207.55078125,59257.55078125,0.0
2026-01-23 09:15:00+0530,59304.3515625,59382.69921875,59028.19921875,59082.0,0.0
2026-01-23 10:15:00+0530,59086.44921875,59242.80078125,59032.80078125,59209.19921875,0.0
2026-01-23 11:15:00+0530,59207.8984375,59215.3515625,58897.80078125,58931.6484375,0.0
2026-01-23 12:15:00+0530,58927.8515625,59124.6484375,58927.8515625,58986.69921875,0.0
2026-01-23 13:15:00+0530,58987.3515625,58993.94921875,58517.05078125,58537.19921875,0.0
2026-01-23 14:15:00+0530,58539.8984375,58655.3984375,58446.3984375,58517.05078125,0.0
2026-01-23 15:15:00+0530,58518.5,58554.1015625,58347.44921875,58501.1015625,0.0
2026-01-27 09:15:00+0530,58366.05078125,58700.6484375,58124.3515625,58680.94921875,0.0
2026-01-27 10:15:00+0530,58683.80078125,58774.8515625,58375.55078125,58561.3515625,0.0
2026-01-27 11:15:00+0530,58562.05078125,58858.44921875,58534.6484375,58741.05078125,0.0
2026-01-27 12:15:00+0530,58743.3984375,58793.25,58589.25,58723.94921875,0.0
2026-01-27 13:15:00+0530,58719.6015625,58824.1484375,58620.75,58724.44921875,0.0
2026-01-27 14:15:00+0530,58724.80078125,59218.8515625,58683.55078125,59153.44921875,0.0
2026-01-27 15:15:00+0530,59150.80078125,59433.80078125,59148.25,59348.25,0.0
2026-01-28 09:15:00+0530,59562.05078125,59657.3984375,59418.0,59446.75,0.0
2026-01-28 10:15:00+0530,59447.44921875,59626.6015625,59391.1484375,59568.8515625,0.0
2026-01-28 11:15:00+0530,59570.25,59699.44921875,59532.19921875,59554.8515625,0.0
2026-01-28 12:15:00+0530,59554.8515625,59570.3515625,59438.3984375,59512.69921875,0.0
2026-01-28 13:15:00+0530,59514.5,59563.1484375,59246.55078125,59304.3984375,0.0
2026-01-28 14:15:00+0530,59304.25,59624.25,59246.0,59574.3515625,0.0
2026-01-28 15:15:00+0530,59571.69921875,59619.75,59551.69921875,59574.80078125,0.0
2026-01-29 09:15:00+0530,59463.3984375,59602.8515625,59355.8984375,59558.94921875,0.0
2026-01-29 10:15:00+0530,59560.0,59717.55078125,59493.75,59697.6484375,0.0
2026-01-29 11:15:00+0530,59696.3984375,59763.8515625,59611.3984375,59718.1015625,0.0
2026-01-29 12:15:00+0530,59718.75,59918.1484375,59705.8515625,59864.3984375,0.0
2026-01-29 13:15:00+0530,59870.05078125,59975.1015625,59778.55078125,59942.30078125,0.0
2026-01-29 14:15:00+0530,59943.0,60058.55078125,59884.0,59909.05078125,0.0
2026-01-29 15:15:00+0530,59903.8984375,60017.19921875,59883.44921875,59980.3984375,0.0
2026-01-30 09:15:00+0530,59584.25,59894.69921875,59564.8984375,59894.6015625,0.0
2026-01-30 10:15:00+0530,59894.0,59905.6484375,59731.8515625,59752.75,0.0
2026-01-30 11:15:00+0530,59752.75,59853.25,59685.69921875,59815.19921875,0.0
2026-01-30 12:15:00+0530,59814.6484375,59864.5,59602.69921875,59604.25,0.0
2026-01-30 13:15:00+0530,59603.19921875,59804.6015625,59505.25,59777.75,0.0
2026-01-30 14:15:00+0530,59777.8984375,59782.55078125,59579.05078125,59614.05078125,0.0
2026-01-30 15:15:00+0530,59612.3984375,59687.8984375,59557.6484375,59557.6484375,0.0
2026-02-02 09:15:00+0530,58226.75,58516.94921875,57942.5,58254.05078125,0.0
2026-02-02 10:15:00+0530,58251.30078125,58320.6484375,57832.19921875,57974.44921875,0.0
2026-02-02 11:15:00+0530,57971.8984375,58261.25,57848.5,58250.1015625,0.0
2026-02-02 12:15:00+0530,58250.1015625,58343.25,58115.8515625,58207.6484375,0.0
2026-02-02 13:15:00+0530,58206.3984375,58438.0,58004.5,58317.1484375,0.0
2026-02-02 14:15:00+0530,58317.8984375,58634.25,58232.19921875,58604.6015625,0.0
2026-02-02 15:15:00+0530,58609.69921875,58671.1484375,58552.69921875,58602.5,0.0
2026-02-03 09:15:00+0530,61379.8984375,61702.1015625,59794.30078125,59891.80078125,0.0
2026-02-03 10:15:00+0530,59896.30078125,60228.80078125,59896.30078125,60129.30078125,0.0
2026-02-03 11:15:00+0530,60129.8984375,60264.1484375,60116.1484375,60165.1484375,0.0
2026-02-03 12:15:00+0530,60164.8515625,60185.55078125,60049.6484375,60136.55078125,0.0
2026-02-03 13:15:00+0530,60134.1484375,60191.8515625,60030.8515625,60165.69921875,0.0
2026-02-03 14:15:00+0530,60168.80078125,60184.75,59973.94921875,60035.19921875,0.0
2026-02-03 15:15:00+0530,60031.80078125,60107.94921875,59972.3984375,59986.69921875,0.0
2026-02-04 09:15:00+0530,60094.3984375,60326.05078125,59906.8984375,60264.3984375,0.0
2026-02-04 10:15:00+0530,60265.8515625,60283.5,60137.55078125,60200.69921875,0.0
2026-02-04 11:15:00+0530,60201.3984375,60247.8515625,60136.30078125,60235.8984375,0.0
2026-02-04 12:15:00+0530,60235.3515625,60254.3984375,60102.0,60196.30078125,0.0
2026-02-04 13:15:00+0530,60197.19921875,60329.0,60176.94921875,60329.0,0.0
2026-02-04 14:15:00+0530,60325.44921875,60389.3984375,60242.6015625,60269.8984375,0.0
2026-02-04 15:15:00+0530,60271.3515625,60288.5,60135.30078125,60148.1015625,0.0
2026-02-05 09:15:00+0530,60275.44921875,60326.69921875,60064.80078125,60170.55078125,0.0
2026-02-05 10:15:00+0530,60170.05078125,60250.8984375,59991.75,60072.94921875,0.0
2026-02-05 11:15:00+0530,60070.05078125,60107.75,60006.3515625,60013.3984375,0.0
2026-02-05 12:15:00+0530,60015.75,60049.1484375,59965.1484375,60005.3984375,0.0
2026-02-05 13:15:00+0530,60005.80078125,60069.1484375,59913.6015625,59950.69921875,0.0
2026-02-05 14:15:00+0530,59951.1484375,60121.55078125,59882.19921875,60082.44921875,0.0
2026-02-05 15:15:00+0530,60083.55078125,60087.1484375,60007.0,60055.25,0.0
2026-02-06 09:15:00+0530,59999.6015625,60118.3984375,59873.94921875,59915.8515625,0.0
2026-02-06 10:15:00+0530,59916.94921875,60002.1015625,59645.1015625,59818.8984375,0.0
2026-02-06 11:15:00+0530,59817.8515625,60011.69921875,59769.94921875,59887.55078125,0.0
2026-02-06 12:15:00+0530,59890.55078125,59897.94921875,59717.8984375,59795.94921875,0.0
2026-02-06 13:15:00+0530,59796.6484375,60004.5,59768.25,59946.1484375,0.0
2026-02-06 14:15:00+0530,59946.6015625,60143.30078125,59927.6484375,60132.3984375,0.0
2026-02-06 15:15:00+0530,60130.80078125,60149.8515625,60078.5,60112.80078125,0.0
2026-02-09 09:15:00+0530,60796.44921875,60827.75,60501.30078125,60643.8515625,0.0
2026-02-09 10:15:00+0530,60638.8984375,60712.69921875,60572.6484375,60654.0,0.0
2026-02-09 11:15:00+0530,60654.0,60677.80078125,60604.75,60629.69921875,0.0
2026-02-09 12:15:00+0530,60630.8515625,60650.1484375,60516.19921875,60587.8515625,0.0
2026-02-09 13:15:00+0530,60588.75,60616.6484375,60543.8984375,60593.5,0.0
2026-02-09 14:15:00+0530,60593.80078125,60685.19921875,60581.69921875,60665.75,0.0
2026-02-09 15:15:00+0530,60665.8515625,60700.3515625,60638.25,60666.80078125,0.0
2026-02-10 09:15:00+0530,60715.6484375,60760.6015625,60598.30078125,60682.44921875,0.0
2026-02-10 10:15:00+0530,60682.80078125,60786.1484375,60673.69921875,60751.1484375,0.0
2026-02-10 11:15:00+0530,60753.1484375,60763.3984375,60701.69921875,60732.3984375,0.0
2026-02-10 12:15:00+0530,60732.30078125,60797.30078125,60712.80078125,60771.5,0.0
2026-02-10 13:15:00+0530,60769.75,60781.8984375,60534.19921875,60645.1015625,0.0
2026-02-10 14:15:00+0530,60647.05078125,60709.44921875,60607.19921875,60634.3984375,0.0
2026-02-10 15:15:00+0530,60633.30078125,60655.1484375,60550.8515625,60568.25,0.0
2026-02-11 09:15:00+0530,60716.6015625,60716.6015625,60447.8984375,60504.6015625,0.0
2026-02-11 10:15:00+0530,60503.05078125,60695.6484375,60493.3515625,60671.1015625,0.0
2026-02-11 11:15:00+0530,60673.75,60749.25,60637.0,60651.0,0.0
2026-02-11 12:15:00+0530,60650.94921875,60704.55078125,60613.80078125,60660.75,0.0
2026-02-11 13:15:00+0530,60663.3515625,60750.8515625,60655.3515625,60736.3515625,0.0
2026-02-11 14:15:00+0530,60736.3515625,60778.19921875,60679.94921875,60773.6484375,0.0
2026-02-11 15:15:00+0530,60777.30078125,60777.30078125,60717.3984375,60743.94921875,0.0
2026-02-12 09:15:00+0530,60766.8984375,60854.8515625,60681.94921875,60843.05078125,0.0
2026-02-12 10:15:00+0530,60852.3515625,60863.1484375,60772.1015625,60819.1484375,0.0
2026-02-12 11:15:00+0530,60816.69921875,60819.80078125,60685.8984375,60711.05078125,0.0
2026-02-12 12:15:00+0530,60711.80078125,60827.5,60703.6484375,60782.44921875,0.0
2026-02-12 13:15:00+0530,60784.6484375,60844.80078125,60728.6015625,60779.3984375,0.0
2026-02-12 14:15:00+0530,60784.75,60818.55078125,60598.3515625,60750.6015625,0.0
2026-02-12 15:15:00+0530,60749.55078125,60761.94921875,60696.3515625,60707.80078125,0.0
2026-02-13 09:15:00+0530,60503.0,60609.05078125,60418.3515625,60421.0,0.0
2026-02-13 10:15:00+0530,60420.69921875,60462.1015625,60273.19921875,60314.6015625,0.0
2026-02-13 11:15:00+0530,60315.0,60323.80078125,60253.3515625,60301.94921875,0.0
2026-02-13 12:15:00+0530,60301.30078125,60409.3984375,60271.1484375,60352.05078125,0.0
2026-02-13 13:15:00+0530,60351.1484375,60360.5,60234.0,60297.1484375,0.0
2026-02-13 14:15:00+0530,60300.94921875,60311.94921875,60242.8515625,60247.8515625,0.0
2026-02-13 15:15:00+0530,60242.3515625,60263.25,60113.5,60169.69921875,0.0
2026-02-16 09:15:00+0530,59932.69921875,60440.1484375,59896.30078125,60440.1484375,0.0
2026-02-16 10:15:00+0530,60439.44921875,60474.44921875,60353.75,60429.19921875,0.0
2026-02-16 11:15:00+0530,60431.3515625,60496.5,60374.0,60477.30078125,0.0
2026-02-16 12:15:00+0530,60478.3515625,60751.1015625,60457.8984375,60703.5,0.0
2026-02-16 13:15:00+0530,60705.3984375,60807.0,60668.3984375,60782.80078125,0.0
2026-02-16 14:15:00+0530,60777.6484375,60988.8984375,60771.6484375,60931.5,0.0
2026-02-16 15:15:00+0530,60933.94921875,61010.5,60913.6484375,60993.8515625,0.0
2026-02-17 09:15:00+0530,60838.55078125,60879.6484375,60561.44921875,60878.19921875,0.0
2026-02-17 10:15:00+0530,60878.6484375,61177.19921875,60863.6015625,61029.8984375,0.0
2026-02-17 11:15:00+0530,61029.55078125,61162.8515625,61000.8515625,61137.5,0.0
2026-02-17 12:15:00+0530,61138.1015625,61195.8515625,61080.05078125,61151.44921875,0.0
2026-02-17 13:15:00+0530,61151.8515625,61238.1484375,61044.3984375,61054.25,0.0
2026-02-17 14:15:00+0530,61052.30078125,61206.75,61034.75,61158.1484375,0.0
2026-02-17 15:15:00+0530,61158.1015625,61200.3515625,61133.05078125,61144.1484375,0.0
2026-02-18 09:15:00+0530,61254.30078125,61309.30078125,61107.25,61222.3515625,0.0
2026-02-18 10:15:00+0530,61228.3515625,61278.3984375,61177.25,61229.30078125,0.0
2026-02-18 11:15:00+0530,61230.6015625,61295.8984375,61174.6484375,61285.19921875,0.0
2026-02-18 12:15:00+0530,61284.6015625,61356.55078125,61253.44921875,61342.5,0.0
2026-02-18 13:15:00+0530,61343.44921875,61381.5,61246.30078125,61374.94921875,0.0
2026-02-18 14:15:00+0530,61375.1015625,61596.1015625,61361.6484375,61554.30078125,0.0
2026-02-18 15:15:00+0530,61552.8984375,61571.8515625,61520.3984375,61520.3984375,0.0
2026-02-19 09:15:00+0530,61662.75,61668.5,61370.5,61378.3515625,0.0
2026-02-19 10:15:00+0530,61378.8984375,61403.6484375,61255.8515625,61322.1484375,0.0
2026-02-19 11:15:00+0530,61321.6015625,61341.1015625,61066.69921875,61069.80078125,0.0
2026-02-19 12:15:00+0530,61066.5,61156.6015625,60959.6015625,61098.6484375,0.0
2026-02-19 13:15:00+0530,61096.6484375,61116.5,60913.6015625,60986.30078125,0.0
2026-02-19 14:15:00+0530,60988.30078125,61061.0,60713.80078125,60723.6484375,0.0
2026-02-19 15:15:00+0530,60729.1015625,60741.1484375,60592.8984375,60660.75,0.0
2026-02-20 09:15:00+0530,60643.80078125,61111.55078125,60573.6015625,61006.6015625,0.0
2026-02-20 10:15:00+0530,61006.44921875,61214.3515625,61003.1015625,61107.8984375,0.0
2026-02-20 11:15:00+0530,61116.3515625,61224.1015625,61116.3515625,61176.55078125,0.0
2026-02-20 12:15:00+0530,61178.05078125,61360.5,60961.25,61030.30078125,0.0
2026-02-20 13:15:00+0530,61029.55078125,61263.3984375,60987.30078125,61245.44921875,0.0
2026-02-20 14:15:00+0530,61248.1484375,61320.6484375,61136.1484375,61176.3515625,0.0
2026-02-20 15:15:00+0530,61176.1484375,61204.44921875,61096.1484375,61140.3515625,0.0
2026-02-23 09:15:00+0530,61152.19921875,61516.19921875,61071.8515625,61300.3984375,0.0
2026-02-23 10:15:00+0530,61301.3984375,61360.75,61116.1484375,61284.1015625,0.0
2026-02-23 11:15:00+0530,61278.25,61287.5,61101.6484375,61152.6015625,0.0
2026-02-23 12:15:00+0530,61152.69921875,61208.8984375,61053.1015625,61075.8984375,0.0
2026-02-23 13:15:00+0530,61080.19921875,61194.55078125,61029.6484375,61081.80078125,0.0
2026-02-23 14:15:00+0530,61078.8984375,61291.3515625,61060.75,61268.75,0.0
2026-02-23 15:15:00+0530,61269.25,61305.8515625,61242.5,61275.0,0.0
2026-02-24 09:15:00+0530,61288.6484375,61337.1015625,61129.6015625,61211.19921875,0.0
2026-02-24 10:15:00+0530,61204.8515625,61316.8515625,61175.3515625,61286.44921875,0.0
2026-02-24 11:15:00+0530,61288.6484375,61434.30078125,61184.44921875,61222.69921875,0.0
2026-02-24 12:15:00+0530,61225.3515625,61225.44921875,60926.0,61047.05078125,0.0
2026-02-24 13:15:00+0530,61047.1484375,61120.1015625,60803.55078125,61118.8515625,0.0
2026-02-24 14:15:00+0530,61118.80078125,61156.6484375,60939.1015625,61024.44921875,0.0
2026-02-24 15:15:00+0530,61025.5,61117.6484375,61018.44921875,61072.44921875,0.0
2026-02-25 09:15:00+0530,61167.05078125,61317.1015625,61145.5,61231.44921875,0.0
2026-02-25 10:15:00+0530,61231.8515625,61300.25,61084.44921875,61130.8984375,0.0
2026-02-25 11:15:00+0530,61129.80078125,61160.1015625,61067.75,61087.3515625,0.0
2026-02-25 12:15:00+0530,61085.30078125,61151.69921875,60834.1484375,60891.44921875,0.0
2026-02-25 13:15:00+0530,60894.69921875,60977.44921875,60817.6484375,60897.5,0.0
2026-02-25 14:15:00+0530,60897.5,61103.75,60886.6015625,61039.75,0.0
2026-02-25 15:15:00+0530,61039.3984375,61067.6015625,60997.1015625,61012.3515625,0.0
2026-02-26 09:15:00+0530,61174.6015625,61249.0,61063.05078125,61159.30078125,0.0
2026-02-26 10:15:00+0530,61160.0,61170.3984375,61027.6484375,61088.75,0.0
2026-02-26 11:15:00+0530,61091.6015625,61146.6015625,60955.6484375,60957.3515625,0.0
2026-02-26 12:15:00+0530,60966.19921875,60985.0,60813.8984375,60888.80078125,0.0
2026-02-26 13:15:00+0530,60889.5,60989.19921875,60862.75,60958.1015625,0.0
2026-02-26 14:15:00+0530,60964.25,61284.6484375,60932.1015625,61187.30078125,0.0
2026-02-26 15:15:00+0530,61190.05078125,61219.94921875,61064.30078125,61097.0,0.0
2026-02-27 09:15:00+0530,61082.44921875,61082.44921875,60686.75,60717.44921875,0.0
2026-02-27 10:15:00+0530,60714.05078125,60838.0,60665.0,60773.0,0.0
2026-02-27 11:15:00+0530,60776.69921875,60818.0,60635.0,60719.1484375,0.0
2026-02-27 12:15:00+0530,60716.94921875,60776.30078125,60675.6015625,60715.6484375,0.0
2026-02-27 13:15:00+0530,60715.6484375,60864.69921875,60661.5,60780.55078125,0.0
2026-02-27 14:15:00+0530,60777.8515625,60820.3515625,60440.19921875,60526.1015625,0.0
2026-02-27 15:15:00+0530,60526.0,60558.6015625,60446.30078125,60482.44921875,0.0
2026-03-02 09:15:00+0530,59341.8515625,60176.8515625,59341.8515625,59907.19921875,0.0
2026-03-02 10:15:00+0530,59906.3515625,59922.80078125,59723.3515625,59836.25,0.0
2026-03-02 11:15:00+0530,59839.8515625,59887.0,59721.30078125,59723.6484375,0.0
2026-03-02 12:15:00+0530,59719.6015625,59786.19921875,59594.94921875,59628.6015625,0.0
2026-03-02 13:15:00+0530,59625.8515625,59764.5,59345.30078125,59723.25,0.0
2026-03-02 14:15:00+0530,59724.80078125,59909.69921875,59615.5,59907.19921875,0.0
2026-03-02 15:15:00+0530,59906.8515625,59956.69921875,59838.69921875,59856.05078125,0.0
2026-03-04 09:15:00+0530,58511.8984375,58996.94921875,58415.3515625,58717.44921875,0.0
2026-03-04 10:15:00+0530,58720.30078125,58753.8984375,58452.94921875,58633.30078125,0.0
2026-03-04 11:15:00+0530,58631.8984375,58641.3515625,58479.25,58482.0,0.0
2026-03-04 12:15:00+0530,58484.6484375,58754.0,58468.25,58739.3984375,0.0
2026-03-04 13:15:00+0530,58737.3515625,58971.19921875,58609.0,58965.44921875,0.0
2026-03-04 14:15:00+0530,58965.80078125,59056.80078125,58679.1015625,58723.94921875,0.0
2026-03-04 15:15:00+0530,58723.44921875,58777.0,58657.6015625,58759.6484375,0.0
2026-03-05 09:15:00+0530,58994.8515625,59088.25,58818.80078125,58957.25,0.0
2026-03-05 10:15:00+0530,58954.8515625,59140.1484375,58846.1015625,59093.05078125,0.0
2026-03-05 11:15:00+0530,59087.8515625,59120.1484375,58687.8984375,58781.0,0.0
2026-03-05 12:15:00+0530,58781.3984375,58915.0,58716.94921875,58850.94921875,0.0
2026-03-05 13:15:00+0530,58854.25,58897.05078125,58544.8984375,58559.5,0.0
2026-03-05 14:15:00+0530,58561.3984375,59269.80078125,58506.3984375,58926.55078125,0.0
2026-03-05 15:15:00+0530,58930.69921875,59040.25,58885.1015625,58970.25,0.0
2026-03-06 09:15:00+0530,58650.05078125,58666.80078125,58407.5,58445.6484375,0.0
2026-03-06 10:15:00+0530,58441.55078125,58480.8984375,58334.30078125,58368.75,0.0
2026-03-06 11:15:00+0530,58369.1484375,58456.1015625,58290.1484375,58331.75,0.0
2026-03-06 12:15:00+0530,58336.05078125,58364.19921875,58237.25,58264.8515625,0.0
2026-03-06 13:15:00+0530,58262.94921875,58346.75,58158.6484375,58240.0,0.0
2026-03-06 14:15:00+0530,58241.25,58295.3984375,57730.55078125,57750.94921875,0.0
2026-03-06 15:15:00+0530,57747.55078125,57798.80078125,57700.1015625,57782.3984375,0.0
2026-03-09 09:15:00+0530,56075.55078125,56258.6484375,55276.6015625,55522.3984375,0.0
2026-03-09 10:15:00+0530,55518.05078125,55832.1484375,55276.3984375,55605.44921875,0.0
2026-03-09 11:15:00+0530,55607.0,55952.75,55542.69921875,55687.8515625,0.0
2026-03-09 12:15:00+0530,55686.6484375,55837.25,55627.8515625,55690.6484375,0.0
2026-03-09 13:15:00+0530,55689.19921875,55894.8984375,55642.1015625,55647.6484375,0.0
2026-03-09 14:15:00+0530,55662.0,56094.0,55596.1484375,56082.5,0.0
2026-03-09 15:15:00+0530,56084.5,56097.5,55987.94921875,55998.6015625,0.0
2026-03-10 09:15:00+0530,56665.5,56723.25,56387.19921875,56659.0,0.0
2026-03-10 10:15:00+0530,56658.75,56941.1015625,56655.1484375,56870.05078125,0.0
2026-03-10 11:15:00+0530,56872.6015625,56990.80078125,56776.69921875,56780.05078125,0.0
2026-03-10 12:15:00+0530,56778.1015625,56932.6015625,56658.6484375,56824.3515625,0.0
2026-03-10 13:15:00+0530,56828.5,57085.3984375,56745.94921875,57082.8984375,0.0
2026-03-10 14:15:00+0530,57082.8984375,57096.8515625,56790.94921875,56925.55078125,0.0
2026-03-10 15:15:00+0530,56923.19921875,57071.3515625,56921.8984375,57002.1015625,0.0
2026-03-11 09:15:00+0530,56899.05078125,56914.05078125,56518.80078125,56542.0,0.0
2026-03-11 10:15:00+0530,56541.69921875,56584.44921875,56306.8984375,56335.6484375,0.0
2026-03-11 11:15:00+0530,56337.3984375,56337.55078125,56019.1015625,56110.44921875,0.0
2026-03-11 12:15:00+0530,56113.19921875,56165.69921875,55944.19921875,55952.25,0.0
2026-03-11 13:15:00+0530,55958.30078125,56125.05078125,55899.05078125,55950.69921875,0.0
2026-03-11 14:15:00+0530,55950.8515625,56076.8515625,55712.1484375,55745.5,0.0
2026-03-11 15:15:00+0530,55741.80078125,55797.69921875,55633.94921875,55666.3984375,0.0
2026-03-12 09:15:00+0530,55034.1015625,55238.69921875,54767.44921875,55013.25,0.0
2026-03-12 10:15:00+0530,55013.1484375,55370.6484375,54975.25,55267.69921875,0.0
2026-03-12 11:15:00+0530,55267.0,55295.94921875,55047.5,55232.94921875,0.0
2026-03-12 12:15:00+0530,55236.25,55335.1484375,55065.3515625,55196.25,0.0
2026-03-12 13:15:00+0530,55204.44921875,55636.05078125,55168.05078125,55369.55078125,0.0
2026-03-12 14:15:00+0530,55368.30078125,55429.94921875,54997.0,55064.75,0.0
2026-03-12 15:15:00+0530,55067.8984375,55151.94921875,55062.1484375,55133.6015625,0.0
2026-03-13 09:15:00+0530,54595.1484375,54695.75,54116.94921875,54148.1484375,0.0
2026-03-13 10:15:00+0530,54154.30078125,54178.94921875,53963.05078125,54057.3515625,0.0
2026-03-13 11:15:00+0530,54053.1015625,54270.19921875,54014.05078125,54079.44921875,0.0
2026-03-13 12:15:00+0530,54084.3515625,54090.75,53766.5,53820.80078125,0.0
2026-03-13 13:15:00+0530,53826.1484375,53915.1015625,53679.80078125,53909.6015625,0.0
2026-03-13 14:15:00+0530,53913.8515625,54107.0,53730.44921875,53781.30078125,0.0
2026-03-13 15:15:00+0530,53780.19921875,53788.1484375,53684.05078125,53770.8984375,0.0
2026-03-16 09:15:00+0530,53719.94921875,54169.6484375,53635.80078125,53829.55078125,0.0
2026-03-16 10:15:00+0530,53824.55078125,53827.05078125,53261.55078125,53593.55078125,0.0
2026-03-16 11:15:00+0530,53595.0,53923.6484375,53583.6015625,53692.30078125,0.0
2026-03-16 12:15:00+0530,53693.0,53778.8984375,53518.55078125,53579.6015625,0.0
2026-03-16 13:15:00+0530,53578.1015625,53783.25,53563.30078125,53716.3515625,0.0
2026-03-16 14:15:00+0530,53714.8984375,54663.55078125,53670.0,54492.55078125,0.0
2026-03-16 15:15:00+0530,54493.55078125,54496.1015625,54228.8515625,54287.75,0.0
2026-03-17 09:15:00+0530,54633.1015625,54633.1015625,54115.8984375,54482.19921875,0.0
2026-03-17 10:15:00+0530,54483.44921875,54692.25,54292.6015625,54368.80078125,0.0
2026-03-17 11:15:00+0530,54369.69921875,54419.8984375,54182.80078125,54392.55078125,0.0
2026-03-17 12:15:00+0530,54393.80078125,54594.6484375,54260.6484375,54592.6015625,0.0
2026-03-17 13:15:00+0530,54596.75,54796.3984375,54518.75,54779.05078125,0.0
2026-03-17 14:15:00+0530,54780.0,54994.55078125,54568.3984375,54961.6484375,0.0
2026-03-17 15:15:00+0530,54958.8984375,54960.1015625,54816.0,54838.75,0.0
2026-03-18 09:15:00+0530,54942.80078125,55104.3515625,54693.1015625,54787.25,0.0
2026-03-18 10:15:00+0530,54790.5,55062.0,54769.44921875,55043.3984375,0.0
2026-03-18 11:15:00+0530,55040.1015625,55329.80078125,54985.75,55226.1015625,0.0
2026-03-18 12:15:00+0530,55226.69921875,55293.6015625,55123.1484375,55233.94921875,0.0
2026-03-18 13:15:00+0530,55232.3984375,55466.8515625,55219.94921875,55377.1484375,0.0
2026-03-18 14:15:00+0530,55375.69921875,55553.05078125,55298.6015625,55342.80078125,0.0
2026-03-18 15:15:00+0530,55346.8515625,55348.05078125,55229.75,55324.5,0.0
2026-03-19 09:15:00+0530,53573.6015625,54109.55078125,53487.8515625,53643.25,0.0
2026-03-19 10:15:00+0530,53639.8984375,53959.1484375,53551.8515625,53760.6015625,0.0
2026-03-19 11:15:00+0530,53761.5,54054.69921875,53675.8515625,54040.69921875,0.0
2026-03-19 12:15:00+0530,54042.19921875,54149.3984375,53923.94921875,53933.1484375,0.0
2026-03-19 13:15:00+0530,53932.19921875,53985.8515625,53660.1484375,53700.30078125,0.0
2026-03-19 14:15:00+0530,53701.94921875,53793.3515625,53245.25,53384.3984375,0.0
2026-03-19 15:15:00+0530,53382.25,53699.8515625,53366.19921875,53693.0,0.0
2026-03-20 09:15:00+0530,53548.19921875,54382.1484375,53548.19921875,54015.44921875,0.0
2026-03-20 10:15:00+0530,54017.1015625,54154.19921875,53911.80078125,54092.3984375,0.0
2026-03-20 11:15:00+0530,54092.30078125,54249.30078125,53770.5,53833.8515625,0.0
2026-03-20 12:15:00+0530,53834.30078125,53929.80078125,53510.44921875,53850.1484375,0.0
2026-03-20 13:15:00+0530,53847.05078125,53966.1484375,53647.6015625,53715.44921875,0.0
2026-03-20 14:15:00+0530,53711.80078125,53726.75,53358.1484375,53383.8515625,0.0
2026-03-20 15:15:00+0530,53385.3515625,53457.6484375,53298.6015625,53453.8515625,0.0
2026-03-23 09:15:00+0530,52605.80078125,52629.8515625,51796.30078125,51826.6015625,0.0
2026-03-23 10:15:00+0530,51825.1484375,51896.05078125,51569.75,51747.0,0.0
2026-03-23 11:15:00+0530,51748.75,51817.80078125,51632.05078125,51708.0,0.0
2026-03-23 12:15:00+0530,51706.6484375,51806.80078125,51557.3515625,51605.1484375,0.0
2026-03-23 13:15:00+0530,51607.3984375,52041.3515625,51597.3515625,51942.1015625,0.0
2026-03-23 14:15:00+0530,51941.75,51992.25,51402.3515625,51410.75,0.0
2026-03-23 15:15:00+0530,51407.05078125,51491.3984375,51327.8515625,51446.1484375,0.0
2026-03-24 09:15:00+0530,52438.69921875,52494.30078125,51997.75,52075.25,0.0
2026-03-24 10:15:00+0530,52077.30078125,52248.0,51828.30078125,51957.44921875,0.0
2026-03-24 11:15:00+0530,51976.3515625,52185.6484375,51924.6484375,51993.3984375,0.0
2026-03-24 12:15:00+0530,51994.80078125,52859.55078125,51972.1484375,52768.75,0.0
2026-03-24 13:15:00+0530,52765.19921875,52947.55078125,52676.30078125,52809.44921875,0.0
2026-03-24 14:15:00+0530,52814.44921875,52917.75,52530.75,52548.0,0.0
2026-03-24 15:15:00+0530,52549.69921875,52753.1015625,52493.1484375,52745.6484375,0.0
2026-03-25 09:15:00+0530,53026.3515625,53750.94921875,53026.3515625,53718.75,0.0
2026-03-25 10:15:00+0530,53713.25,53990.1484375,53628.05078125,53987.19921875,0.0
2026-03-25 11:15:00+0530,53985.6484375,54096.30078125,53683.0,54090.05078125,0.0
2026-03-25 12:15:00+0530,54095.30078125,54144.80078125,53827.05078125,53900.80078125,0.0
2026-03-25 13:15:00+0530,53899.44921875,54119.5,53830.8515625,53907.6484375,0.0
2026-03-25 14:15:00+0530,53915.69921875,53927.19921875,53623.8515625,53676.1484375,0.0
2026-03-25 15:15:00+0530,53676.1015625,53735.94921875,53653.3515625,53689.94921875,0.0
2026-03-27 09:15:00+0530,53244.25,53259.75,52618.3515625,52629.1015625,0.0
2026-03-27 10:15:00+0530,52632.3984375,52761.1484375,52533.1484375,52591.94921875,0.0
2026-03-27 11:15:00+0530,52591.75,52616.55078125,52435.30078125,52492.1484375,0.0
2026-03-27 12:15:00+0530,52487.3515625,52668.5,52428.5,52615.6484375,0.0
2026-03-27 13:15:00+0530,52617.1484375,52707.8984375,52427.75,52504.6015625,0.0
2026-03-27 14:15:00+0530,52502.94921875,52511.3515625,52238.1015625,52309.3984375,0.0
2026-03-27 15:15:00+0530,52308.55078125,52364.3515625,52220.8515625,52364.3515625,0.0
2026-03-30 09:15:00+0530,51576.8984375,51576.8984375,50892.8984375,51104.3984375,0.0
2026-03-30 10:15:00+0530,51101.3984375,51117.44921875,50768.0,50808.44921875,0.0
2026-03-30 11:15:00+0530,50804.8515625,50973.5,50747.25,50930.1484375,0.0
2026-03-30 12:15:00+0530,50931.3984375,51008.94921875,50733.19921875,50774.94921875,0.0
2026-03-30 13:15:00+0530,50772.55078125,50811.19921875,50596.3515625,50612.25,0.0
2026-03-30 14:15:00+0530,50608.69921875,50625.44921875,50110.1484375,50297.0,0.0
2026-03-30 15:15:00+0530,50297.6484375,50443.6015625,50262.3984375,50403.3515625,0.0
2026-04-01 09:15:00+0530,51441.69921875,51806.1015625,51433.75,51451.94921875,0.0
2026-04-01 10:15:00+0530,51452.55078125,51474.19921875,51133.55078125,51226.1015625,0.0
2026-04-01 11:15:00+0530,51225.19921875,51662.25,51181.69921875,51644.55078125,0.0
2026-04-01 12:15:00+0530,51644.44921875,51977.8984375,51600.1484375,51975.69921875,0.0
2026-04-01 13:15:00+0530,51977.6015625,52025.0,51418.75,51732.8984375,0.0
2026-04-01 14:15:00+0530,51738.6015625,51740.30078125,51369.80078125,51418.3984375,0.0
2026-04-01 15:15:00+0530,51417.44921875,51532.75,51411.5,51526.1015625,0.0
2026-04-02 09:15:00+0530,50618.25,50618.25,50005.80078125,50172.30078125,0.0
2026-04-02 10:15:00+0530,50173.25,50173.25,49957.1484375,50111.1484375,0.0
2026-04-02 11:15:00+0530,50115.8515625,50254.6015625,50054.8515625,50133.30078125,0.0
2026-04-02 12:15:00+0530,50137.30078125,50529.1484375,50030.8515625,50398.25,0.0
2026-04-02 13:15:00+0530,50398.3984375,51174.8515625,50392.3984375,51174.8515625,0.0
2026-04-02 14:15:00+0530,51170.44921875,51729.75,50989.8515625,51674.3515625,0.0
2026-04-02 15:15:00+0530,51674.30078125,51730.3984375,51487.44921875,51556.19921875,0.0
2026-04-06 09:15:00+0530,51771.80078125,51877.75,51111.6015625,51474.25,0.0
2026-04-06 10:15:00+0530,51490.6484375,51664.55078125,51352.55078125,51417.44921875,0.0
2026-04-06 11:15:00+0530,51418.6015625,51773.94921875,51400.69921875,51659.19921875,0.0
2026-04-06 12:15:00+0530,51659.44921875,52238.8984375,51617.75,52224.25,0.0
2026-04-06 13:15:00+0530,52224.19921875,52396.3515625,52158.44921875,52394.55078125,0.0
2026-04-06 14:15:00+0530,52395.44921875,52691.8984375,52311.8515625,52676.44921875,0.0
2026-04-06 15:15:00+0530,52675.3984375,52703.80078125,52555.94921875,52572.69921875,0.0
2026-04-07 09:15:00+0530,52278.6484375,52278.6484375,51868.44921875,52183.3984375,0.0
2026-04-07 10:15:00+0530,52181.75,52346.55078125,51950.94921875,51986.69921875,0.0
2026-04-07 11:15:00+0530,51986.6015625,52304.25,51962.3515625,52174.94921875,0.0
2026-04-07 12:15:00+0530,52175.1015625,52213.05078125,52057.0,52158.44921875,0.0
2026-04-07 13:15:00+0530,52162.1484375,52594.05078125,52162.1484375,52455.1015625,0.0
2026-04-07 14:15:00+0530,52464.8984375,52776.25,52351.44921875,52685.55078125,0.0
2026-04-07 15:15:00+0530,52684.75,52756.0,52660.55078125,52706.1484375,0.0
2026-04-08 09:15:00+0530,54904.44921875,55306.6015625,54809.8515625,55181.05078125,0.0
2026-04-08 10:15:00+0530,55184.6484375,55533.8515625,55151.5,55489.44921875,0.0
2026-04-08 11:15:00+0530,55488.1484375,55550.3984375,55279.55078125,55419.30078125,0.0
2026-04-08 12:15:00+0530,55422.05078125,55491.44921875,55266.30078125,55424.55078125,0.0
2026-04-08 13:15:00+0530,55426.75,55533.19921875,55393.94921875,55422.05078125,0.0
2026-04-08 14:15:00+0530,55422.8984375,55753.0,55416.5,55678.8984375,0.0
2026-04-08 15:15:00+0530,55678.55078125,55777.3515625,55660.94921875,55757.75,0.0
2026-04-09 09:15:00+0530,55525.05078125,55576.0,55078.8515625,55349.3515625,0.0
2026-04-09 10:15:00+0530,55349.0,55567.80078125,55284.80078125,55372.0,0.0
2026-04-09 11:15:00+0530,55372.0,55385.80078125,55182.3515625,55230.8515625,0.0
2026-04-09 12:15:00+0530,55230.5,55244.1484375,54939.80078125,54961.6015625,0.0
2026-04-09 13:15:00+0530,54959.44921875,54962.30078125,54771.6015625,54828.05078125,0.0
2026-04-09 14:15:00+0530,54826.3984375,54932.8515625,54626.8515625,54884.25,0.0
2026-04-09 15:15:00+0530,54881.6484375,54887.44921875,54790.30078125,54820.0,0.0
2026-04-10 09:15:00+0530,55193.55078125,55859.44921875,55180.80078125,55849.1484375,0.0
2026-04-10 10:15:00+0530,55859.8515625,55928.75,55720.3984375,55849.3984375,0.0
2026-04-10 11:15:00+0530,55848.3515625,55851.55078125,55682.1015625,55767.44921875,0.0
2026-04-10 12:15:00+0530,55767.3515625,55855.1015625,55710.05078125,55808.1015625,0.0
2026-04-10 13:15:00+0530,55807.44921875,55968.8515625,55787.1484375,55881.6484375,0.0
2026-04-10 14:15:00+0530,55885.5,55977.6484375,55649.94921875,55921.8984375,0.0
2026-04-10 15:15:00+0530,55923.3984375,55957.19921875,55900.1015625,55929.3984375,0.0
2026-04-13 09:15:00+0530,54697.75,54825.55078125,54364.5,54741.0,0.0
2026-04-13 10:15:00+0530,54743.75,55018.69921875,54669.55078125,54954.05078125,0.0
2026-04-13 11:15:00+0530,54953.19921875,55213.0,54882.55078125,55209.80078125,0.0
2026-04-13 12:15:00+0530,55208.8515625,55442.94921875,55201.05078125,55391.30078125,0.0
2026-04-13 13:15:00+0530,55394.8515625,55749.6484375,55365.0,55575.0,0.0
2026-04-13 14:15:00+0530,55583.1484375,55737.05078125,55524.94921875,55639.3984375,0.0
2026-04-13 15:15:00+0530,55640.6015625,55644.75,55540.75,55571.8515625,0.0
2026-04-15 09:15:00+0530,56373.0,56781.75,56311.94921875,56503.1015625,0.0
2026-04-15 10:15:00+0530,56502.69921875,56622.0,56142.80078125,56143.30078125,0.0
2026-04-15 11:15:00+0530,56143.6484375,56357.0,56109.19921875,56326.5,0.0
2026-04-15 12:15:00+0530,56326.05078125,56345.8984375,56172.0,56288.55078125,0.0
2026-04-15 13:15:00+0530,56291.6015625,56349.8984375,56210.05078125,56293.8515625,0.0
2026-04-15 14:15:00+0530,56291.8515625,56430.8984375,56249.8984375,56291.30078125,0.0
2026-04-15 15:15:00+0530,56297.3515625,56300.94921875,56223.6015625,56258.8515625,0.0
2026-04-16 09:15:00+0530,56657.25,56832.8984375,56445.5,56603.3515625,0.0
2026-04-16 10:15:00+0530,56604.94921875,56636.19921875,56491.3515625,56535.8984375,0.0
2026-04-16 11:15:00+0530,56536.3984375,56574.3984375,56055.3515625,56146.19921875,0.0
2026-04-16 12:15:00+0530,56140.8515625,56162.1015625,55900.44921875,55936.69921875,0.0
2026-04-16 13:15:00+0530,55939.19921875,56172.30078125,55912.25,56100.44921875,0.0
2026-04-16 14:15:00+0530,56101.8984375,56324.0,56018.6484375,56069.0,0.0
2026-04-16 15:15:00+0530,56068.6015625,56089.1484375,55998.55078125,56036.3984375,0.0
2026-04-17 09:15:00+0530,56098.1015625,56266.8515625,55853.6484375,56207.8515625,0.0
2026-04-17 10:15:00+0530,56211.19921875,56307.80078125,56106.3984375,56165.8984375,0.0
2026-04-17 11:15:00+0530,56167.80078125,56373.8515625,56165.6015625,56311.30078125,0.0
2026-04-17 12:15:00+0530,56313.1484375,56392.80078125,56308.94921875,56376.30078125,0.0
2026-04-17 13:15:00+0530,56376.30078125,56468.8984375,56328.75,56422.5,0.0
2026-04-17 14:15:00+0530,56419.1484375,56627.94921875,56413.44921875,56570.30078125,0.0
2026-04-17 15:15:00+0530,56569.3984375,56625.6015625,56541.55078125,56625.6015625,0.0
2026-04-20 14:15:00+0530,56633.55078125,56655.8984375,56617.1015625,56625.1484375,0.0
2026-04-20 15:15:00+0530,56625.05078125,56625.05078125,56491.8984375,56551.30078125,0.0
2026-04-21 09:15:00+0530,56805.0,57238.1484375,56717.30078125,57174.05078125,0.0
2026-04-21 10:15:00+0530,57174.3984375,57320.6015625,57120.6484375,57287.8984375,0.0
2026-04-21 11:15:00+0530,57284.30078125,57309.5,57160.05078125,57280.55078125,0.0
2026-04-21 12:15:00+0530,57282.5,57357.5,57203.1015625,57330.44921875,0.0
2026-04-21 13:15:00+0530,57332.3984375,57427.1484375,57288.94921875,57362.75,0.0
2026-04-21 14:15:00+0530,57360.75,57455.3515625,57271.69921875,57399.6015625,0.0
2026-04-21 15:15:00+0530,57394.80078125,57429.3515625,57311.6484375,57351.80078125,0.0
2026-04-22 09:15:00+0530,57178.25,57395.69921875,57004.0,57121.6484375,0.0
2026-04-22 10:15:00+0530,57117.25,57409.1015625,57071.0,57345.6015625,0.0
2026-04-22 11:15:00+0530,57346.1015625,57437.6015625,57286.55078125,57317.05078125,0.0
2026-04-22 12:15:00+0530,57320.8515625,57373.5,57263.5,57334.44921875,0.0
2026-04-22 13:15:00+0530,57333.3515625,57397.5,57230.8984375,57278.0,0.0
2026-04-22 14:15:00+0530,57274.1484375,57315.25,57103.3515625,57108.3984375,0.0
2026-04-22 15:15:00+0530,57111.1484375,57127.3984375,57078.44921875,57114.8984375,0.0
2026-04-23 09:15:00+0530,56626.80078125,56868.55078125,56498.44921875,56767.69921875,0.0
2026-04-23 10:15:00+0530,56770.5,56808.55078125,56522.19921875,56557.55078125,0.0
2026-04-23 11:15:00+0530,56561.75,56611.1484375,56494.19921875,56569.3984375,0.0
2026-04-23 12:15:00+0530,56570.80078125,56590.5,56243.55078125,56396.94921875,0.0
2026-04-23 13:15:00+0530,56397.3984375,56510.19921875,56253.44921875,56263.3515625,0.0
2026-04-23 14:15:00+0530,56268.94921875,56424.1484375,56217.8515625,56272.44921875,0.0
2026-04-23 15:15:00+0530,56264.25,56318.5,56248.69921875,56316.0,0.0
2026-04-24 09:15:00+0530,56188.8515625,56440.3984375,55851.05078125,56042.1015625,0.0
2026-04-24 10:15:00+0530,56036.1484375,56037.44921875,55896.94921875,55925.55078125,0.0
2026-04-24 11:15:00+0530,55922.6015625,56127.25,55910.19921875,56115.5,0.0
2026-04-24 12:15:00+0530,56115.25,56139.5,55880.44921875,55917.44921875,0.0
2026-04-24 13:15:00+0530,55917.3984375,55945.6484375,55757.05078125,55833.5,0.0
2026-04-24 14:15:00+0530,55832.75,56172.75,55830.8515625,56074.55078125,0.0
2026-04-24 15:15:00+0530,56071.0,56191.44921875,56064.0,56097.0,0.0
2026-04-27 09:15:00+0530,56200.3984375,56470.19921875,56142.30078125,56234.0,0.0
2026-04-27 10:15:00+0530,56231.55078125,56327.1015625,55968.3984375,56112.0,0.0
2026-04-27 11:15:00+0530,56113.3515625,56163.94921875,55923.1015625,56065.3984375,0.0
2026-04-27 12:15:00+0530,56064.44921875,56271.44921875,56036.1484375,56269.94921875,0.0
2026-04-27 13:15:00+0530,56272.69921875,56412.6015625,56222.8515625,56349.55078125,0.0
2026-04-27 14:15:00+0530,56347.30078125,56374.3515625,56226.75,56294.55078125,0.0
2026-04-27 15:15:00+0530,56294.69921875,56307.69921875,56241.0,56302.1015625,0.0
2026-04-28 09:15:00+0530,55855.44921875,56136.94921875,55855.05078125,56036.3984375,0.0
2026-04-28 10:15:00+0530,56035.80078125,56099.25,55901.3515625,55932.6015625,0.0
2026-04-28 11:15:00+0530,55932.6015625,55934.3984375,55614.30078125,55666.5,0.0
2026-04-28 12:15:00+0530,55667.94921875,55739.8984375,55591.25,55610.19921875,0.0
2026-04-28 13:15:00+0530,55609.44921875,55696.25,55479.3515625,55482.94921875,0.0
2026-04-28 14:15:00+0530,55486.6015625,55589.69921875,55365.69921875,55385.6015625,0.0
2026-04-28 15:15:00+0530,55386.6484375,55450.3515625,55266.8515625,55415.3515625,0.0
2026-04-29 09:15:00+0530,55634.5,55818.30078125,55334.0,55812.6015625,0.0
2026-04-29 10:15:00+0530,55818.3515625,55928.94921875,55772.19921875,55855.3984375,0.0
2026-04-29 11:15:00+0530,55863.30078125,55997.25,55856.1015625,55992.5,0.0
2026-04-29 12:15:00+0530,55995.69921875,56178.0,55988.25,56069.0,0.0
2026-04-29 13:15:00+0530,56071.6015625,56086.8984375,55590.6484375,55663.3984375,0.0
2026-04-29 14:15:00+0530,55662.55078125,55671.1015625,55391.6484375,55395.94921875,0.0
2026-04-29 15:15:00+0530,55393.55078125,55402.5,55292.30078125,55329.8515625,0.0
2026-04-30 09:15:00+0530,54890.6015625,54890.6015625,54505.1484375,54544.5,0.0
2026-04-30 10:15:00+0530,54544.05078125,54602.05078125,54442.6015625,54489.80078125,0.0
2026-04-30 11:15:00+0530,54489.8515625,54682.5,54464.8515625,54678.44921875,0.0
2026-04-30 12:15:00+0530,54685.8515625,54844.6015625,54620.6015625,54816.3515625,0.0
2026-04-30 13:15:00+0530,54814.05078125,55107.30078125,54769.3984375,54942.1484375,0.0
2026-04-30 14:15:00+0530,54945.19921875,55068.69921875,54724.6015625,54818.8515625,0.0
2026-04-30 15:15:00+0530,54823.25,55026.69921875,54809.5,55003.25,0.0
2026-05-04 09:15:00+0530,54956.69921875,55599.8515625,54956.69921875,55307.1015625,0.0
2026-05-04 10:15:00+0530,55309.25,55418.8984375,55246.3515625,55407.05078125,0.0
2026-05-04 11:15:00+0530,55407.6015625,55448.69921875,55070.3515625,55073.44921875,0.0
2026-05-04 12:15:00+0530,55077.25,55162.05078125,54898.1484375,54946.44921875,0.0
2026-05-04 13:15:00+0530,54945.8515625,54949.3515625,54727.8984375,54922.05078125,0.0
2026-05-04 14:15:00+0530,54921.3984375,55017.6015625,54725.44921875,54892.80078125,0.0
2026-05-04 15:15:00+0530,54896.80078125,54947.94921875,54854.94921875,54896.44921875,0.0
2026-05-05 09:15:00+0530,54695.55078125,54712.1484375,54443.5,54489.69921875,0.0
2026-05-05 10:15:00+0530,54487.6015625,54530.1015625,54336.0,54425.3515625,0.0
2026-05-05 11:15:00+0530,54423.44921875,54492.6484375,54221.8515625,54316.6484375,0.0
2026-05-05 12:15:00+0530,54315.05078125,54811.75,54314.1484375,54807.1015625,0.0
2026-05-05 13:15:00+0530,54810.25,54885.3515625,54614.25,54649.5,0.0
2026-05-05 14:15:00+0530,54652.0,54827.8984375,54501.1015625,54605.55078125,0.0
2026-05-05 15:15:00+0530,54602.19921875,54626.94921875,54521.55078125,54558.75,0.0
2026-05-06 09:15:00+0530,55125.8984375,55343.55078125,55008.69921875,55087.25,0.0
2026-05-06 10:15:00+0530,55085.30078125,55190.69921875,54946.8515625,54975.5,0.0
2026-05-06 11:15:00+0530,54967.19921875,55022.44921875,54835.0,54857.1015625,0.0
2026-05-06 12:15:00+0530,54854.6015625,54859.94921875,54587.19921875,54709.0,0.0
2026-05-06 13:15:00+0530,54703.5,55079.1484375,54703.0,55075.5,0.0
2026-05-06 14:15:00+0530,55083.44921875,56020.55078125,55083.44921875,55940.80078125,0.0
2026-05-06 15:15:00+0530,55940.44921875,56072.94921875,55933.1015625,56039.30078125,0.0
2026-05-07 09:15:00+0530,56090.3515625,56141.3984375,55825.6484375,55903.80078125,0.0
2026-05-07 10:15:00+0530,55904.69921875,56120.3515625,55898.3515625,55922.6015625,0.0
2026-05-07 11:15:00+0530,55922.6484375,56001.0,55783.94921875,55984.3515625,0.0
2026-05-07 12:15:00+0530,55987.8984375,56331.80078125,55949.1484375,56068.8984375,0.0
2026-05-07 13:15:00+0530,56068.05078125,56138.30078125,55921.44921875,56086.6484375,0.0
2026-05-07 14:15:00+0530,56088.94921875,56152.8515625,55943.05078125,55963.8515625,0.0
2026-05-07 15:15:00+0530,55964.3515625,56111.25,55959.69921875,56093.8984375,0.0
2026-05-08 09:15:00+0530,55791.3515625,55791.3515625,55509.05078125,55654.44921875,0.0
2026-05-08 10:15:00+0530,55659.55078125,55694.05078125,55517.55078125,55634.1484375,0.0
2026-05-08 11:15:00+0530,55633.25,55662.3515625,55479.6484375,55505.25,0.0
2026-05-08 12:15:00+0530,55503.8515625,55559.94921875,55370.5,55416.30078125,0.0
2026-05-08 13:15:00+0530,55420.80078125,55562.55078125,55080.5,55080.5,0.0
2026-05-08 14:15:00+0530,55074.19921875,55416.6484375,55063.19921875,55322.75,0.0
2026-05-08 15:15:00+0530,55323.3515625,55369.8515625,55256.1484375,55324.0,0.0
2026-05-11 09:15:00+0530,54854.5,54920.6015625,54395.5,54473.0,0.0
2026-05-11 10:15:00+0530,54472.8984375,54648.94921875,54366.8515625,54647.44921875,0.0
2026-05-11 11:15:00+0530,54646.75,54826.94921875,54643.44921875,54805.55078125,0.0
2026-05-11 12:15:00+0530,54803.94921875,55001.3515625,54681.25,54958.30078125,0.0
2026-05-11 13:15:00+0530,54960.55078125,54968.8984375,54746.30078125,54834.55078125,0.0
2026-05-11 14:15:00+0530,54837.25,54872.8984375,54363.69921875,54382.80078125,0.0
2026-05-11 15:15:00+0530,54382.05078125,54484.80078125,54379.5,54476.1015625,0.0
2026-05-12 09:15:00+0530,54172.80078125,54364.19921875,53980.0,54200.55078125,0.0
2026-05-12 10:15:00+0530,54203.25,54285.6484375,53853.6484375,53863.55078125,0.0
2026-05-12 11:15:00+0530,53861.1484375,53932.8515625,53816.6484375,53857.0,0.0
2026-05-12 12:15:00+0530,53858.3515625,53921.6484375,53632.05078125,53765.1484375,0.0
2026-05-12 13:15:00+0530,53764.6015625,53851.80078125,53593.8984375,53617.3984375,0.0
2026-05-12 14:15:00+0530,53618.8515625,53753.1015625,53459.0,53502.6484375,0.0
2026-05-12 15:15:00+0530,53505.05078125,53713.3984375,53503.0,53705.1015625,0.0
2026-05-13 09:15:00+0530,53666.0,53915.05078125,53195.6015625,53510.19921875,0.0
2026-05-13 10:15:00+0530,53510.44921875,53800.44921875,53492.1015625,53598.5,0.0
2026-05-13 11:15:00+0530,53598.80078125,54028.3515625,53564.6015625,54027.75,0.0
2026-05-13 12:15:00+0530,54025.0,54103.19921875,53697.25,53941.94921875,0.0
2026-05-13 13:15:00+0530,53945.1015625,53952.25,53755.19921875,53872.5,0.0
2026-05-13 14:15:00+0530,53868.30078125,53888.44921875,53404.75,53511.3984375,0.0
2026-05-13 15:15:00+0530,53508.44921875,53512.44921875,53385.44921875,53475.80078125,0.0
2026-05-14 09:15:00+0530,53669.0,53967.0,53485.3984375,53587.3515625,0.0
2026-05-14 10:15:00+0530,53593.25,53669.25,53193.6015625,53386.3984375,0.0
2026-05-14 11:15:00+0530,53389.1015625,54217.0,53386.05078125,54163.8515625,0.0
2026-05-14 12:15:00+0530,54163.8984375,54390.8515625,54157.3515625,54302.8984375,0.0
2026-05-14 13:15:00+0530,54306.5,54388.80078125,54236.3984375,54338.1484375,0.0
2026-05-14 14:15:00+0530,54335.19921875,54391.55078125,54025.3984375,54078.30078125,0.0
2026-05-14 15:15:00+0530,54082.25,54247.05078125,54044.3515625,54217.69921875,0.0
2026-05-15 09:15:00+0530,54225.8984375,54310.6484375,53776.3515625,54177.30078125,0.0
2026-05-15 10:15:00+0530,54179.55078125,54325.44921875,53989.80078125,54027.55078125,0.0
2026-05-15 11:15:00+0530,54027.55078125,54162.1015625,53874.1015625,54098.80078125,0.0
2026-05-15 12:15:00+0530,54099.1484375,54265.6015625,53954.0,54246.1484375,0.0
2026-05-15 13:15:00+0530,54248.80078125,54319.5,54020.1484375,54088.1015625,0.0
2026-05-15 14:15:00+0530,54087.30078125,54099.05078125,53680.0,53712.3515625,0.0
2026-05-15 15:15:00+0530,53712.44921875,53802.5,53628.30078125,53782.30078125,0.0
2026-05-18 09:15:00+0530,53282.1484375,53282.1484375,52784.3515625,52884.25,0.0
2026-05-18 10:15:00+0530,52891.05078125,53108.1015625,52806.75,53082.80078125,0.0
2026-05-18 11:15:00+0530,53082.1484375,53290.80078125,52956.69921875,53081.25,0.0
2026-05-18 12:15:00+0530,53122.05078125,53582.94921875,53069.5,53440.19921875,0.0
2026-05-18 13:15:00+0530,53437.25,53618.05078125,53403.80078125,53535.44921875,0.0
2026-05-18 14:15:00+0530,53535.25,53666.8984375,53358.05078125,53509.19921875,0.0
2026-05-18 15:15:00+0530,53507.80078125,53546.5,53440.6015625,53527.55078125,0.0
2026-05-19 09:15:00+0530,53596.0,53766.3984375,53368.6484375,53602.30078125,0.0
2026-05-19 10:15:00+0530,53600.3984375,53706.6484375,53519.75,53523.75,0.0
2026-05-19 11:15:00+0530,53527.55078125,53656.44921875,53469.1015625,53647.94921875,0.0
2026-05-19 12:15:00+0530,53648.1015625,53682.55078125,53558.19921875,53583.5,0.0
2026-05-19 13:15:00+0530,53583.6484375,53683.8984375,53484.3515625,53603.1015625,0.0
2026-05-19 14:15:00+0530,53602.0,53681.0,53344.0,53430.19921875,0.0
2026-05-19 15:15:00+0530,53427.8984375,53455.80078125,53367.1484375,53421.25,0.0
2026-05-20 09:15:00+0530,53013.75,53060.30078125,52839.3984375,52968.44921875,0.0
2026-05-20 10:15:00+0530,52966.8515625,53254.6484375,52885.69921875,53196.75,0.0
2026-05-20 11:15:00+0530,53194.8984375,53410.30078125,53185.25,53233.8984375,0.0
2026-05-20 12:15:00+0530,53236.3515625,53344.25,53163.6015625,53210.69921875,0.0
2026-05-20 13:15:00+0530,53211.1015625,53432.1015625,53069.25,53382.30078125,0.0
2026-05-20 14:15:00+0530,53383.3515625,53640.69921875,53366.5,53594.55078125,0.0
2026-05-20 15:15:00+0530,53594.25,53621.69921875,53548.55078125,53576.44921875,0.0
2026-05-21 09:15:00+0530,53959.75,54108.44921875,53710.05078125,53796.5,0.0
2026-05-21 10:15:00+0530,53801.8515625,53893.1484375,53656.8984375,53664.1015625,0.0
2026-05-21 11:15:00+0530,53668.6015625,53765.1015625,53530.8984375,53605.6015625,0.0
2026-05-21 12:15:00+0530,53604.1484375,53613.94921875,53158.30078125,53290.19921875,0.0
2026-05-21 13:15:00+0530,53288.75,53444.0,53239.94921875,53334.1484375,0.0
2026-05-21 14:15:00+0530,53337.3984375,53534.8984375,53303.8515625,53408.55078125,0.0
2026-05-21 15:15:00+0530,53408.05078125,53480.6484375,53370.94921875,53480.6484375,0.0
2026-05-22 09:15:00+0530,53556.1015625,54099.5,53556.1015625,54085.75,0.0
2026-05-22 10:15:00+0530,54085.44921875,54099.5,53973.3515625,53982.44921875,0.0
2026-05-22 11:15:00+0530,53976.19921875,54075.3515625,53910.8515625,54042.75,0.0
2026-05-22 12:15:00+0530,54046.94921875,54211.80078125,53939.69921875,54163.3984375,0.0
2026-05-22 13:15:00+0530,54163.5,54196.55078125,53976.25,54063.0,0.0
2026-05-22 14:15:00+0530,54063.0,54080.25,53880.55078125,54064.05078125,0.0
2026-05-22 15:15:00+0530,54066.69921875,54193.0,54061.5,54152.19921875,0.0
2026-05-25 09:15:00+0530,54605.6484375,54973.69921875,54605.6484375,54961.1484375,0.0
2026-05-25 10:15:00+0530,54960.1015625,55092.6484375,54936.3515625,55084.6484375,0.0
2026-05-25 11:15:00+0530,55084.44921875,55121.6015625,54998.30078125,55017.55078125,0.0
2026-05-25 12:15:00+0530,55020.1015625,55050.5,54908.6484375,55020.3515625,0.0
2026-05-25 13:15:00+0530,55019.19921875,55034.3515625,54944.05078125,54982.55078125,0.0
2026-05-25 14:15:00+0530,54983.0,55310.6015625,54960.19921875,55295.8515625,0.0
2026-05-25 15:15:00+0530,55301.5,55404.69921875,55266.94921875,55390.30078125,0.0
2026-05-26 09:15:00+0530,55311.80078125,55535.3515625,55191.8515625,55396.44921875,0.0
2026-05-26 10:15:00+0530,55396.8515625,55509.80078125,55320.1015625,55401.5,0.0
2026-05-26 11:15:00+0530,55397.3984375,55411.05078125,55203.69921875,55209.0,0.0
2026-05-26 12:15:00+0530,55208.05078125,55250.30078125,55018.80078125,55076.3984375,0.0
2026-05-26 13:15:00+0530,55074.94921875,55169.6484375,54979.75,55037.75,0.0
2026-05-26 14:15:00+0530,55041.6015625,55139.05078125,54986.69921875,55098.69921875,0.0
2026-05-26 15:15:00+0530,55098.44921875,55204.94921875,55082.1015625,55180.6015625,0.0
2026-05-27 09:15:00+0530,54994.30078125,55150.69921875,54854.25,55119.5,0.0
2026-05-27 10:15:00+0530,55118.19921875,55221.05078125,55023.44921875,55066.3515625,0.0
2026-05-27 11:15:00+0530,55071.3515625,55152.19921875,54977.44921875,54995.19921875,0.0
2026-05-27 12:15:00+0530,54992.3984375,55112.19921875,54907.6015625,54922.75,0.0
2026-05-27 13:15:00+0530,54920.0,54941.25,54812.19921875,54838.19921875,0.0
2026-05-27 14:15:00+0530,54833.25,54938.6484375,54740.0,54846.1484375,0.0
2026-05-27 15:15:00+0530,54842.69921875,54915.44921875,54833.80078125,54871.69921875,0.0
2026-05-29 09:15:00+0530,54847.8515625,55179.05078125,54761.6015625,55049.8984375,0.0
2026-05-29 10:15:00+0530,55051.30078125,55183.8984375,54968.6015625,54998.44921875,0.0
2026-05-29 11:15:00+0530,54997.19921875,55162.8515625,54822.94921875,54859.8515625,0.0
2026-05-29 12:15:00+0530,54861.6484375,54900.44921875,54592.05078125,54592.05078125,0.0
2026-05-29 13:15:00+0530,54591.6484375,54632.75,54461.0,54512.05078125,0.0
2026-05-29 14:15:00+0530,54510.30078125,54693.44921875,54158.69921875,54198.30078125,0.0
2026-05-29 15:15:00+0530,54191.75,54389.69921875,54118.1484375,54364.6015625,0.0
2026-06-01 09:15:00+0530,54454.25,54567.05078125,53983.8984375,54032.80078125,0.0
2026-06-01 10:15:00+0530,54034.1484375,54176.6484375,53842.1484375,54154.1484375,0.0
2026-06-01 11:15:00+0530,54155.05078125,54232.1484375,53861.3984375,53938.3515625,0.0
2026-06-01 12:15:00+0530,53935.25,53953.1015625,53646.3984375,53659.19921875,0.0
2026-06-01 13:15:00+0530,53659.3515625,53797.3515625,53558.05078125,53577.75,0.0
2026-06-01 14:15:00+0530,53577.94921875,53775.6015625,53472.0,53665.55078125,0.0
2026-06-01 15:15:00+0530,53665.25,53693.1484375,53591.6484375,53658.8984375,0.0
2026-06-02 09:15:00+0530,53367.6484375,53509.25,53129.6484375,53229.6015625,0.0
2026-06-02 10:15:00+0530,53230.19921875,53486.30078125,53187.30078125,53317.3515625,0.0
2026-06-02 11:15:00+0530,53313.75,53448.19921875,53209.69921875,53242.5,0.0
2026-06-02 12:15:00+0530,53245.6015625,53903.05078125,53135.80078125,53820.8515625,0.0
2026-06-02 13:15:00+0530,53823.6015625,53932.3984375,53759.1015625,53867.30078125,0.0
2026-06-02 14:15:00+0530,53870.44921875,53932.80078125,53587.69921875,53749.75,0.0
2026-06-02 15:15:00+0530,53752.8515625,53823.55078125,53737.8515625,53813.6015625,0.0
2026-06-03 09:15:00+0530,53588.75,53603.75,53133.0,53185.1484375,0.0
2026-06-03 10:15:00+0530,53182.05078125,53274.8984375,53071.1484375,53090.5,0.0
2026-06-03 11:15:00+0530,53091.80078125,53245.69921875,53028.3515625,53093.44921875,0.0
2026-06-03 12:15:00+0530,53092.25,53732.1015625,53067.0,53606.6484375,0.0
2026-06-03 13:15:00+0530,53623.94921875,54002.30078125,53622.3984375,53941.44921875,0.0
2026-06-03 14:15:00+0530,53937.1484375,54295.6484375,53909.0,54149.55078125,0.0
2026-06-03 15:15:00+0530,54156.6015625,54271.19921875,54150.75,54247.05078125,0.0
2026-06-04 09:15:00+0530,53966.94921875,54337.3984375,53837.6484375,54257.0,0.0
2026-06-04 10:15:00+0530,54253.8515625,54395.75,54107.6484375,54257.3984375,0.0
2026-06-04 11:15:00+0530,54254.6015625,54356.55078125,54110.30078125,54308.25,0.0
2026-06-04 12:15:00+0530,54307.55078125,54350.75,54032.1484375,54045.05078125,0.0
2026-06-04 13:15:00+0530,54050.75,54271.94921875,53995.19921875,54226.6015625,0.0
2026-06-04 14:15:00+0530,54229.8515625,54459.6484375,54208.05078125,54308.75,0.0
2026-06-04 15:15:00+0530,54306.94921875,54360.94921875,54276.44921875,54330.6015625,0.0
2026-06-05 09:15:00+0530,54405.19921875,54702.05078125,54316.3984375,54494.1015625,0.0
2026-06-05 10:15:00+0530,54496.05078125,54863.80078125,54174.25,54701.80078125,0.0
2026-06-05 11:15:00+0530,54702.44921875,54767.25,54496.94921875,54625.30078125,0.0
2026-06-05 12:15:00+0530,54627.94921875,54684.30078125,54345.8515625,54364.8515625,0.0
2026-06-05 13:15:00+0530,54367.25,54445.6484375,54141.1015625,54210.05078125,0.0
2026-06-05 14:15:00+0530,54208.3515625,54576.8984375,54160.25,54496.5,0.0
2026-06-05 15:15:00+0530,54495.6484375,54564.8984375,54467.25,54519.69921875,0.0
2026-06-08 09:15:00+0530,53871.0,54453.8984375,53871.0,54170.05078125,0.0
2026-06-08 10:15:00+0530,54170.8984375,54291.44921875,54106.44921875,54149.05078125,0.0
2026-06-08 11:15:00+0530,54150.30078125,54257.44921875,54018.1015625,54239.0,0.0
2026-06-08 12:15:00+0530,54240.5,54421.8515625,54226.05078125,54285.1484375,0.0
2026-06-08 13:15:00+0530,54290.44921875,54293.8515625,54082.69921875,54108.1484375,0.0
2026-06-08 14:15:00+0530,54107.5,54234.80078125,54020.1015625,54107.25,0.0
2026-06-08 15:15:00+0530,54107.44921875,54117.55078125,53949.8984375,54007.3515625,0.0
2026-06-09 09:15:00+0530,54279.30078125,54799.69921875,54266.75,54698.0,0.0
2026-06-09 10:15:00+0530,54697.94921875,54754.19921875,54582.30078125,54630.75,0.0
2026-06-09 11:15:00+0530,54631.6484375,54889.5,54502.94921875,54852.05078125,0.0
2026-06-09 12:15:00+0530,54847.30078125,55080.8984375,54841.75,55066.80078125,0.0
2026-06-09 13:15:00+0530,55067.80078125,55134.6015625,55019.94921875,55080.94921875,0.0
2026-06-09 14:15:00+0530,55082.0,55315.8515625,54998.3515625,55209.1015625,0.0
2026-06-09 15:15:00+0530,55207.94921875,55270.1484375,55148.3984375,55249.1484375,0.0
2026-06-10 09:15:00+0530,55110.5,55394.69921875,55096.0,55213.80078125,0.0
2026-06-10 10:15:00+0530,55213.5,55484.94921875,55173.3515625,55386.8515625,0.0
2026-06-10 11:15:00+0530,55385.6484375,55512.55078125,55346.94921875,55482.05078125,0.0
2026-06-10 12:15:00+0530,55481.55078125,55554.6484375,55283.8515625,55506.55078125,0.0
2026-06-10 13:15:00+0530,55508.44921875,55527.75,55323.75,55335.6015625,0.0
2026-06-10 14:15:00+0530,55333.1015625,55466.6015625,55053.75,55053.75,0.0
2026-06-10 15:15:00+0530,55059.1015625,55126.3515625,55027.6015625,55108.8515625,0.0
2026-06-11 09:15:00+0530,54794.05078125,55311.25,54770.19921875,55119.8984375,0.0
2026-06-11 10:15:00+0530,55123.6015625,55278.6015625,55058.5,55136.19921875,0.0
2026-06-11 11:15:00+0530,55135.75,55459.5,55130.30078125,55456.0,0.0
2026-06-11 12:15:00+0530,55457.8984375,55599.8984375,55342.94921875,55357.6484375,0.0
2026-06-11 13:15:00+0530,55358.1015625,55377.94921875,55186.1015625,55257.6015625,0.0
2026-06-11 14:15:00+0530,55257.6015625,55401.1015625,55097.6015625,55193.8984375,0.0
2026-06-11 15:15:00+0530,55191.05078125,55244.1484375,55159.3515625,55214.6484375,0.0
2026-06-12 09:15:00+0530,55895.94921875,56013.8984375,55761.55078125,55783.05078125,0.0
2026-06-12 10:15:00+0530,55787.80078125,55967.25,55728.5,55960.80078125,0.0
2026-06-12 11:15:00+0530,55964.05078125,55987.05078125,55813.1015625,55826.6484375,0.0
2026-06-12 12:15:00+0530,55824.69921875,55949.6484375,55815.8515625,55923.80078125,0.0
2026-06-12 13:15:00+0530,55925.6484375,56507.6015625,55910.3515625,56504.69921875,0.0
2026-06-12 14:15:00+0530,56509.1484375,56865.5,56504.0,56829.3515625,0.0
2026-06-12 15:15:00+0530,56828.6484375,56839.3984375,56758.0,56805.5,0.0
2026-06-15 09:15:00+0530,57679.6484375,57795.55078125,57344.1484375,57388.8984375,0.0
2026-06-15 10:15:00+0530,57388.05078125,57590.6015625,57374.3984375,57490.1015625,0.0
2026-06-15 11:15:00+0530,57488.94921875,57503.8984375,57322.3515625,57350.55078125,0.0
2026-06-15 12:15:00+0530,57342.30078125,57377.75,57222.19921875,57344.6015625,0.0
2026-06-15 13:15:00+0530,57337.8515625,57377.8515625,57139.55078125,57205.1015625,0.0
2026-06-15 14:15:00+0530,57207.80078125,57399.19921875,57121.94921875,57186.0,0.0
2026-06-15 15:15:00+0530,57186.6015625,57236.5,57127.1015625,57162.8515625,0.0
2026-06-16 09:15:00+0530,57311.75,57397.25,57102.69921875,57144.3515625,0.0
2026-06-16 10:15:00+0530,57147.3515625,57321.3515625,57106.8984375,57148.3515625,0.0
2026-06-16 11:15:00+0530,57147.80078125,57231.8515625,57089.1484375,57128.19921875,0.0
2026-06-16 12:15:00+0530,57131.8515625,57187.94921875,57076.25,57166.25,0.0
2026-06-16 13:15:00+0530,57165.1015625,57301.0,57141.3515625,57290.25,0.0
2026-06-16 14:15:00+0530,57291.75,57338.75,57195.1484375,57314.19921875,0.0
2026-06-16 15:15:00+0530,57317.3515625,57320.69921875,57285.8515625,57293.6484375,0.0
2026-06-17 09:15:00+0530,57439.19921875,57439.19921875,57222.3984375,57327.05078125,0.0
2026-06-17 10:15:00+0530,57328.55078125,57620.3984375,57322.3515625,57613.8984375,0.0
2026-06-17 11:15:00+0530,57614.55078125,57645.05078125,57520.6015625,57545.75,0.0
2026-06-17 12:15:00+0530,57544.55078125,57576.80078125,57472.55078125,57487.94921875,0.0
2026-06-17 13:15:00+0530,57488.1015625,57609.6484375,57471.3515625,57586.55078125,0.0
2026-06-17 14:15:00+0530,57584.3984375,57603.69921875,57460.94921875,57581.80078125,0.0
2026-06-17 15:15:00+0530,57581.6484375,57613.30078125,57533.69921875,57571.25,0.0
2026-06-18 09:15:00+0530,57637.8515625,57886.94921875,57591.8984375,57861.30078125,0.0
2026-06-18 10:15:00+0530,57863.0,57881.0,57659.30078125,57718.25,0.0
2026-06-18 11:15:00+0530,57718.80078125,57904.55078125,57681.6015625,57844.19921875,0.0
2026-06-18 12:15:00+0530,57844.55078125,57942.0,57814.30078125,57940.19921875,0.0
2026-06-18 13:15:00+0530,57944.05078125,57953.8984375,57838.3984375,57886.8515625,0.0
2026-06-18 14:15:00+0530,57887.55078125,58019.25,57792.19921875,57995.6484375,0.0
2026-06-18 15:15:00+0530,57996.05078125,58014.0,57957.05078125,57987.25,0.0
2026-06-19 09:15:00+0530,57712.25,57803.6484375,57548.3984375,57639.75,0.0
2026-06-19 10:15:00+0530,57636.19921875,57662.80078125,57508.69921875,57619.94921875,0.0
2026-06-19 11:15:00+0530,57619.80078125,57645.19921875,57533.69921875,57563.94921875,0.0
2026-06-19 12:15:00+0530,57566.0,57633.94921875,57465.1015625,57525.69921875,0.0
2026-06-19 13:15:00+0530,57520.94921875,57716.3984375,57499.05078125,57688.0,0.0
2026-06-19 14:15:00+0530,57688.44921875,57789.8984375,57513.44921875,57686.80078125,0.0
2026-06-19 15:15:00+0530,57690.3515625,57724.1015625,57645.8515625,57714.8515625,0.0
2026-06-22 09:15:00+0530,57906.8984375,57914.8515625,57720.69921875,57820.75,0.0
2026-06-22 10:15:00+0530,57820.75,57915.0,57801.8515625,57878.8515625,0.0
2026-06-22 11:15:00+0530,57875.8984375,57963.25,57861.69921875,57883.3984375,0.0
2026-06-22 12:15:00+0530,57880.55078125,57925.6484375,57810.80078125,57824.75,0.0
2026-06-22 13:15:00+0530,57824.75,57918.6015625,57800.6484375,57858.75,0.0
2026-06-22 14:15:00+0530,57860.25,58008.44921875,57844.19921875,57949.8984375,0.0
2026-06-22 15:15:00+0530,57950.5,57956.44921875,57870.94921875,57890.75,0.0
2026-06-23 09:15:00+0530,57921.3984375,57958.55078125,57782.05078125,57880.1484375,0.0
2026-06-23 10:15:00+0530,57884.94921875,57933.0,57855.6015625,57899.3515625,0.0
2026-06-23 11:15:00+0530,57901.1015625,57931.19921875,57464.80078125,57518.69921875,0.0
2026-06-23 12:15:00+0530,57519.05078125,57562.75,57367.05078125,57436.05078125,0.0
2026-06-23 13:15:00+0530,57440.3984375,57462.8515625,57240.6015625,57375.1484375,0.0
2026-06-23 14:15:00+0530,57376.69921875,57412.05078125,57183.6484375,57210.69921875,0.0
2026-06-23 15:15:00+0530,57211.75,57215.80078125,57080.25,57102.6484375,0.0
2026-06-24 09:15:00+0530,57074.8984375,57676.25,57074.8984375,57658.3515625,0.0
2026-06-24 10:15:00+0530,57657.6484375,57882.30078125,57634.3984375,57860.69921875,0.0
2026-06-24 11:15:00+0530,57862.94921875,58127.75,57833.25,58022.80078125,0.0
2026-06-24 12:15:00+0530,58026.30078125,58140.6015625,57961.55078125,58062.94921875,0.0
2026-06-24 13:15:00+0530,58063.80078125,58232.05078125,58043.1015625,58154.55078125,0.0
2026-06-24 14:15:00+0530,58155.1015625,58256.0,58096.0,58111.3515625,0.0
2026-06-24 15:15:00+0530,58109.05078125,58196.30078125,58093.94921875,58172.69921875,0.0
2026-06-25 09:15:00+0530,58463.5,58526.1484375,58360.6015625,58473.0,0.0
2026-06-25 10:15:00+0530,58471.80078125,58494.3984375,58385.3984375,58448.1484375,0.0
2026-06-25 11:15:00+0530,58451.0,58700.44921875,58408.1484375,58673.3515625,0.0
2026-06-25 12:15:00+0530,58673.80078125,58705.44921875,58476.1015625,58498.19921875,0.0
2026-06-25 13:15:00+0530,58498.3984375,58574.6015625,58274.19921875,58276.55078125,0.0
2026-06-25 14:15:00+0530,58276.69921875,58324.25,58110.8984375,58193.69921875,0.0
2026-06-25 15:15:00+0530,58190.55078125,58230.8984375,58152.8515625,58187.30078125,0.0
2026-06-29 09:15:00+0530,58191.44921875,58316.1484375,57890.80078125,58022.19921875,0.0
2026-06-29 10:15:00+0530,58022.8515625,58253.80078125,57975.19921875,58121.1015625,0.0
2026-06-29 11:15:00+0530,58120.3515625,58152.8515625,57843.75,57860.19921875,0.0
2026-06-29 12:15:00+0530,57862.30078125,57866.8515625,57641.3515625,57790.30078125,0.0
2026-06-29 13:15:00+0530,57792.25,57916.6015625,57717.1484375,57898.5,0.0
2026-06-29 14:15:00+0530,57900.1015625,57963.75,57648.55078125,57716.05078125,0.0
2026-06-29 15:15:00+0530,57715.8984375,57896.75,57684.19921875,57828.05078125,0.0
2026-06-30 09:15:00+0530,58011.94921875,58011.94921875,57607.6484375,57835.05078125,0.0
2026-06-30 10:15:00+0530,57831.3984375,57838.0,57632.8984375,57808.25,0.0
2026-06-30 11:15:00+0530,57810.8515625,57917.69921875,57663.05078125,57704.44921875,0.0
2026-06-30 12:15:00+0530,57700.30078125,57795.55078125,57618.69921875,57688.19921875,0.0
2026-06-30 13:15:00+0530,57687.05078125,57715.1015625,57465.30078125,57528.1484375,0.0
2026-06-30 14:15:00+0530,57527.44921875,57770.55078125,57457.69921875,57560.44921875,0.0
2026-06-30 15:15:00+0530,57557.6484375,57714.3984375,57517.8984375,57690.6015625,0.0
2026-07-01 09:15:00+0530,57573.3515625,57744.19921875,57487.8515625,57731.75,0.0
2026-07-01 10:15:00+0530,57731.75,57884.69921875,57673.6015625,57883.0,0.0
2026-07-01 11:15:00+0530,57882.3515625,57994.6484375,57816.25,57975.8984375,0.0
2026-07-01 12:15:00+0530,57972.6015625,58064.6015625,57926.05078125,58002.5,0.0
2026-07-01 13:15:00+0530,58008.0,58070.1015625,57919.5,58019.6015625,0.0
2026-07-01 14:15:00+0530,58019.6015625,58134.1484375,57850.6484375,58037.0,0.0
2026-07-01 15:15:00+0530,58040.30078125,58046.55078125,57896.3515625,57918.30078125,0.0
2026-07-02 09:15:00+0530,58118.1015625,58395.69921875,58075.3984375,58108.1015625,0.0
2026-07-02 10:15:00+0530,58107.6015625,58201.94921875,58032.1484375,58084.3515625,0.0
2026-07-02 11:15:00+0530,58084.0,58090.6484375,57930.1484375,58042.8515625,0.0
2026-07-02 12:15:00+0530,58041.6015625,58184.25,58004.94921875,58094.19921875,0.0
2026-07-02 13:15:00+0530,58084.3515625,58114.3984375,57894.25,57910.30078125,0.0
2026-07-02 14:15:00+0530,57912.3984375,58107.3515625,57885.44921875,58042.8515625,0.0
2026-07-02 15:15:00+0530,58043.69921875,58057.69921875,57948.44921875,57967.8515625,0.0
2026-07-03 09:15:00+0530,58313.5,58313.5,57979.1484375,58075.8515625,0.0
2026-07-03 10:15:00+0530,58081.1484375,58193.8515625,57953.80078125,57956.80078125,0.0
2026-07-03 11:15:00+0530,57956.94921875,58099.6484375,57916.6015625,58023.05078125,0.0
2026-07-03 12:15:00+0530,58019.55078125,58049.6015625,57837.6484375,57897.94921875,0.0
2026-07-03 13:15:00+0530,57898.8984375,57910.80078125,57799.05078125,57900.8515625,0.0
2026-07-03 14:15:00+0530,57901.3515625,57962.3984375,57832.55078125,57947.94921875,0.0
2026-07-03 15:15:00+0530,57947.55078125,57977.55078125,57928.8984375,57973.19921875,0.0
2026-07-06 09:15:00+0530,57981.55078125,58376.1015625,57943.0,58278.05078125,0.0
2026-07-06 10:15:00+0530,58279.19921875,58374.25,58248.8515625,58285.19921875,0.0
2026-07-06 11:15:00+0530,58287.8984375,58472.05078125,58213.55078125,58453.55078125,0.0
2026-07-06 12:15:00+0530,58451.8984375,58476.55078125,58339.25,58449.1484375,0.0
2026-07-06 13:15:00+0530,58450.3515625,58458.19921875,58319.6484375,58327.44921875,0.0
2026-07-06 14:15:00+0530,58326.1484375,58355.94921875,58244.8515625,58309.55078125,0.0
2026-07-06 15:15:00+0530,58309.44921875,58312.1484375,58234.1484375,58263.0,0.0
2026-07-07 09:15:00+0530,58546.69921875,58554.19921875,58342.3984375,58410.94921875,0.0
2026-07-07 10:15:00+0530,58410.1015625,58464.8984375,58348.8984375,58430.3515625,0.0
2026-07-07 11:15:00+0530,58431.25,58486.6015625,58381.30078125,58407.80078125,0.0
2026-07-07 12:15:00+0530,58407.80078125,58425.05078125,58215.19921875,58244.94921875,0.0
2026-07-07 13:15:00+0530,58247.69921875,58326.6015625,58214.80078125,58298.80078125,0.0
2026-07-07 14:15:00+0530,58298.6484375,58374.30078125,58183.5,58202.80078125,0.0
2026-07-07 15:15:00+0530,58199.30078125,58214.25,58110.19921875,58134.5,0.0
2026-07-08 09:15:00+0530,57918.25,58001.30078125,57707.30078125,57928.1484375,0.0
2026-07-08 10:15:00+0530,57925.05078125,58075.6015625,57855.69921875,57990.05078125,0.0
2026-07-08 11:15:00+0530,57990.1015625,58003.80078125,57788.55078125,57792.19921875,0.0
2026-07-08 12:15:00+0530,57796.1015625,57899.0,57722.3515625,57844.6015625,0.0
2026-07-08 13:15:00+0530,57842.94921875,57874.6484375,56813.3984375,56853.6015625,0.0
2026-07-08 14:15:00+0530,56852.6484375,57005.55078125,56553.5,56722.6015625,0.0
2026-07-08 15:15:00+0530,56720.94921875,56857.25,56718.6484375,56826.80078125,0.0
2026-07-09 09:15:00+0530,56867.30078125,57378.8984375,56867.30078125,57309.0,0.0
2026-07-09 10:15:00+0530,57309.75,57464.19921875,57049.69921875,57202.1484375,0.0
2026-07-09 11:15:00+0530,57199.3984375,57434.6015625,57157.55078125,57274.25,0.0
2026-07-09 12:15:00+0530,57275.25,57363.6484375,57187.5,57338.25,0.0
2026-07-09 13:15:00+0530,57339.0,57421.6484375,57240.1015625,57332.19921875,0.0
2026-07-09 14:15:00+0530,57330.55078125,57418.05078125,57125.6015625,57223.25,0.0
2026-07-09 15:15:00+0530,57224.1484375,57330.75,57222.44921875,57322.69921875,0.0
2026-07-10 09:15:00+0530,57592.5,57954.19921875,57592.5,57911.5,0.0
2026-07-10 10:15:00+0530,57913.8984375,57992.30078125,57873.3984375,57946.25,0.0
2026-07-10 11:15:00+0530,57944.0,57958.0,57818.25,57855.8984375,0.0
2026-07-10 12:15:00+0530,57857.05078125,58251.94921875,57841.94921875,58078.44921875,0.0
2026-07-10 13:15:00+0530,58078.8984375,58154.80078125,57964.1484375,58096.3984375,0.0
2026-07-10 14:15:00+0530,58095.19921875,58147.3515625,58028.1484375,58044.6015625,0.0
2026-07-10 15:15:00+0530,58046.19921875,58072.8515625,58007.19921875,58051.0,0.0
2026-07-13 09:15:00+0530,57616.69921875,57932.94921875,57493.75,57902.30078125,0.0
2026-07-13 10:15:00+0530,57906.1015625,58069.80078125,57848.1015625,57935.19921875,0.0
2026-07-13 11:15:00+0530,57936.30078125,57954.75,57760.0,57900.19921875,0.0
2026-07-13 12:15:00+0530,57900.19921875,58103.3984375,57858.1015625,58000.8984375,0.0
2026-07-13 13:15:00+0530,57997.8984375,58101.75,57868.69921875,58093.25,0.0
2026-07-13 14:15:00+0530,58094.3515625,58219.8984375,58089.5,58116.19921875,0.0
2026-07-13 15:15:00+0530,58115.1484375,58139.1015625,58076.05078125,58117.6015625,0.0
2026-07-14 09:15:00+0530,57832.55078125,57838.8984375,57462.69921875,57503.5,0.0
2026-07-14 10:15:00+0530,57502.25,57667.1484375,57380.0,57646.75,0.0
2026-07-14 11:15:00+0530,57647.19921875,57658.05078125,57466.3515625,57496.69921875,0.0
2026-07-14 12:15:00+0530,57495.6484375,57503.6015625,57388.30078125,57469.30078125,0.0
2026-07-14 13:15:00+0530,57468.5,57488.3984375,57287.6015625,57457.3515625,0.0
2026-07-14 14:15:00+0530,57457.3515625,57544.94921875,57331.30078125,57471.1484375,0.0
2026-07-14 15:15:00+0530,57474.3984375,57483.05078125,57387.80078125,57448.5,0.0
2026-07-15 09:15:00+0530,57623.0,58147.30078125,57622.6484375,58083.3515625,0.0
2026-07-15 10:15:00+0530,58082.8515625,58110.05078125,58023.30078125,58035.30078125,0.0
2026-07-15 11:15:00+0530,58034.25,58103.6015625,57835.8515625,58079.8515625,0.0
2026-07-15 12:15:00+0530,58084.69921875,58118.6015625,57545.19921875,57614.3984375,0.0
2026-07-15 13:15:00+0530,57616.05078125,57794.44921875,57597.0,57721.1015625,0.0
2026-07-15 14:15:00+0530,57723.75,57779.1015625,57622.44921875,57774.0,0.0
2026-07-15 15:15:00+0530,57772.30078125,57810.8515625,57716.05078125,57719.1015625,0.0
2026-07-16 09:15:00+0530,57879.3515625,57895.0,57624.05078125,57658.5,0.0
2026-07-16 10:15:00+0530,57664.44921875,57839.75,57564.19921875,57701.8515625,0.0
2026-07-16 11:15:00+0530,57703.6484375,57729.55078125,57575.75,57612.55078125,0.0
2026-07-16 12:15:00+0530,57618.80078125,57704.44921875,57563.6484375,57574.3984375,0.0
2026-07-16 13:15:00+0530,57573.55078125,57584.8515625,57420.1484375,57520.05078125,0.0
2026-07-16 14:15:00+0530,57525.3515625,57661.3515625,57473.8984375,57590.1484375,0.0
2026-07-16 15:15:00+0530,57588.75,57629.6015625,57547.44921875,57602.0,0.0
2026-07-17 09:15:00+0530,57666.75,58000.5,57548.80078125,57966.3984375,0.0
2026-07-17 10:15:00+0530,57967.6484375,58184.69921875,57953.6015625,58062.6015625,0.0
2026-07-17 11:15:00+0530,58061.5,58137.5,58032.3515625,58104.05078125,0.0
2026-07-17 12:15:00+0530,58103.80078125,58147.19921875,58065.30078125,58109.44921875,0.0
2026-07-17 13:15:00+0530,58104.75,58233.1015625,57916.1015625,58223.80078125,0.0
2026-07-17 14:15:00+0530,58221.25,58529.44921875,58221.25,58481.1484375,0.0
2026-07-17 15:15:00+0530,58477.44921875,58593.8984375,58451.8515625,58576.0,0.0
2026-07-20 09:15:00+0530,57643.55078125,57956.0,57559.94921875,57697.6015625,0.0
2026-07-20 10:15:00+0530,57696.80078125,57837.94921875,57659.80078125,57669.19921875,0.0
2026-07-20 11:15:00+0530,57669.69921875,57712.25,57632.3984375,57673.25,0.0
2026-07-20 12:15:00+0530,57673.44921875,57785.80078125,57533.1015625,57785.80078125,0.0
2026-07-20 13:15:00+0530,57784.05078125,58107.55078125,57757.05078125,58072.6015625,0.0
2026-07-20 14:15:00+0530,58068.30078125,58081.1484375,57906.25,57953.3515625,0.0
2026-07-20 15:15:00+0530,57955.19921875,57975.3515625,57921.94921875,57975.3515625,0.0
2026-07-21 09:15:00+0530,57846.6484375,58226.6015625,57836.19921875,57980.8515625,0.0
2026-07-21 10:15:00+0530,57987.55078125,58006.69921875,57848.8515625,57917.80078125,0.0
2026-07-21 11:15:00+0530,57916.8984375,57942.3515625,57831.0,57886.3515625,0.0
2026-07-21 12:15:00+0530,57887.19921875,57984.0,57830.55078125,57891.6015625,0.0
2026-07-21 13:15:00+0530,57892.25,57950.0,57859.8984375,57866.25,0.0
2026-07-21 14:15:00+0530,57865.55078125,57917.3515625,57807.75,57814.8515625,0.0
2026-07-21 15:15:00+0530,57816.80078125,57853.55078125,57804.94921875,57817.6015625,0.0
2026-07-22 09:15:00+0530,57762.6015625,57784.44921875,57253.75,57320.3984375,0.0
2026-07-22 10:15:00+0530,57325.75,57351.80078125,57188.8984375,57232.6484375,0.0
2026-07-22 11:15:00+0530,57236.5,57327.0,57092.30078125,57092.30078125,0.0
2026-07-22 12:15:00+0530,57091.6015625,57156.44921875,56971.94921875,57052.1015625,0.0
2026-07-22 13:15:00+0530,57055.0,57164.05078125,56994.3515625,57022.3515625,0.0
2026-07-22 14:15:00+0530,57022.3515625,57175.1484375,57010.3515625,57158.1484375,0.0
2026-07-22 15:15:00+0530,57162.6015625,57178.8984375,57115.3984375,57122.1015625,0.0
2026-07-23 09:15:00+0530,56808.1015625,56925.3984375,56648.8515625,56832.30078125,0.0
2026-07-23 10:15:00+0530,56830.69921875,56879.6484375,56797.3515625,56800.1484375,0.0
2026-07-23 11:15:00+0530,56800.75,56803.5,56595.94921875,56621.0,0.0
2026-07-23 12:15:00+0530,56623.6015625,56653.8984375,56374.8984375,56408.1484375,0.0
2026-07-23 13:15:00+0530,56407.0,56551.19921875,56381.3984375,56513.19921875,0.0
2026-07-23 14:15:00+0530,56511.69921875,56619.94921875,56426.0,56572.80078125,0.0
2026-07-23 15:15:00+0530,56573.8515625,56607.6015625,56537.3984375,56563.3515625,0.0
2026-07-24 09:15:00+0530,56215.5,56341.8984375,56036.0,56073.5,0.0
2026-07-24 10:15:00+0530,56075.3984375,56216.0,56067.0,56081.80078125,0.0
2026-07-24 11:15:00+0530,56081.75,56400.1015625,56077.6484375,56336.44921875,0.0
2026-07-24 12:15:00+0530,56337.05078125,56772.5,56334.05078125,56687.6484375,0.0
2026-07-24 13:15:00+0530,56689.8984375,56830.6015625,56557.5,56785.8984375,0.0
2026-07-24 14:15:00+0530,56783.3984375,56795.05078125,56632.44921875,56682.6484375,0.0
2026-07-24 15:15:00+0530,56681.1484375,56763.05078125,56674.44921875,56755.3984375,0.0
2026-07-27 09:15:00+0530,57116.80078125,57329.30078125,57048.19921875,57121.3984375,0.0
2026-07-27 10:15:00+0530,57121.3984375,57135.6015625,56970.3984375,57036.0,0.0
2026-07-27 11:15:00+0530,57036.8984375,57142.6484375,56947.1484375,57076.3515625,0.0
2026-07-27 12:15:00+0530,57076.94921875,57118.1484375,57010.6484375,57056.1015625,0.0
2026-07-27 13:15:00+0530,57058.44921875,57124.0,56929.1484375,57123.3984375,0.0
2026-07-27 14:15:00+0530,57122.75,57177.94921875,57069.1484375,57082.8984375,0.0
2026-07-27 15:15:00+0530,57082.1015625,57123.80078125,57065.94921875,57115.94921875,0.0
2026-07-28 09:15:00+0530,56904.8515625,57051.69921875,56791.1015625,56894.6484375,0.0
2026-07-28 10:15:00+0530,56895.80078125,57025.69921875,56878.80078125,56970.44921875,0.0
2026-07-28 11:15:00+0530,56971.1484375,57039.8515625,56950.1484375,56976.25,0.0
2026-07-28 12:15:00+0530,56976.0,56998.69921875,56820.8984375,56821.0,0.0
2026-07-28 13:15:00+0530,56819.30078125,56857.8984375,56775.44921875,56807.44921875,0.0
2026-07-28 14:15:00+0530,56805.8984375,56830.8984375,56686.3515625,56700.1015625,0.0
2026-07-28 15:15:00+0530,56698.55078125,56867.1015625,56672.5,56718.75,0.0
2026-07-29 09:15:00+0530,57133.3515625,57189.44921875,56939.69921875,57172.3515625,0.0
2026-07-29 10:15:00+0530,57173.5,57186.94921875,57047.1015625,57157.8515625,0.0
2026-07-29 11:15:00+0530,57156.5,57263.55078125,57122.8515625,57255.19921875,0.0
2026-07-29 12:15:00+0530,57255.94921875,57263.44921875,57168.8515625,57238.19921875,0.0
2026-07-29 13:15:00+0530,57239.05078125,57274.55078125,57137.05078125,57258.05078125,0.0
2026-07-29 14:15:00+0530,57258.3515625,57315.3515625,57196.55078125,57215.25,0.0
2026-07-29 15:15:00+0530,57212.8984375,57219.8515625,57161.6015625,57193.6015625,0.0
2026-07-30 09:15:00+0530,57099.6484375,57118.3515625,56801.94921875,56836.6015625,0.0
2026-07-30 10:15:00+0530,56835.8984375,56918.6015625,56768.8984375,56899.05078125,0.0
2026-07-30 11:15:00+0530,56900.75,56936.6015625,56821.5,56869.3515625,0.0
2026-07-30 12:15:00+0530,56869.3984375,57136.69921875,56861.05078125,57017.3984375,0.0
2026-07-30 13:15:00+0530,57017.3984375,57052.6484375,56948.94921875,56959.5,0.0
2026-07-30 14:15:00+0530,56960.8984375,57191.05078125,56930.44921875,57151.8984375,0.0
2026-07-30 15:15:00+0530,57152.1015625,57236.6484375,57071.8984375,57102.8984375,0.0
2026-07-31 09:15:00+0530,57225.8984375,57409.8515625,57153.6484375,57201.8984375,0.0
2026-07-31 10:15:00+0530,57203.5,57243.55078125,57142.0,57188.8515625,0.0
2026-07-31 11:15:00+0530,57189.25,57237.75,57144.69921875,57237.75,0.0
2026-07-31 12:15:00+0530,57235.55078125,57360.8515625,57202.25,57308.8515625,0.0
2026-07-31 13:15:00+0530,57309.6484375,57382.1484375,57260.6015625,57302.6015625,0.0
2026-07-31 14:15:00+0530,57300.80078125,57332.5,57223.1015625,57276.19921875,0.0
2026-07-31 15:15:00+0530,57272.69921875,57276.75,57196.44921875,57214.1015625,0.0
2026-08-03 09:15:00+0530,57569.6015625,57835.3984375,57470.44921875,57781.8984375,0.0
2026-08-03 10:15:00+0530,57780.69921875,57853.30078125,57710.69921875,57814.3515625,0.0
2026-08-03 11:15:00+0530,57812.3515625,57842.0,57768.75,57809.8515625,0.0
2026-08-03 12:15:00+0530,57812.80078125,57823.19921875,57644.69921875,57689.69921875,0.0
2026-08-03 13:15:00+0530,57690.0,57757.19921875,57675.55078125,57743.94921875,0.0
2026-08-03 14:15:00+0530,57748.6484375,57792.1015625,57629.69921875,57680.8984375,0.0
2026-08-03 15:15:00+0530,57683.69921875,58247.94921875,57683.69921875,58247.94921875,0.0
2026-08-04 09:15:00+0530,58038.6484375,58038.6484375,57655.6484375,57831.1484375,0.0
2026-08-04 10:15:00+0530,57835.55078125,57879.1484375,57682.80078125,57697.5,0.0
2026-08-04 11:15:00+0530,57696.8515625,57701.8984375,57487.8515625,57542.6484375,0.0
2026-08-04 12:15:00+0530,57547.1484375,57589.94921875,57426.55078125,57452.94921875,0.0
2026-08-04 13:15:00+0530,57457.55078125,57476.25,57352.6484375,57475.1484375,0.0
2026-08-04 14:15:00+0530,57477.0,57542.0,57433.3515625,57492.75,0.0
2026-08-04 15:15:00+0530,57492.75,57907.19921875,57492.75,57907.19921875,0.0
2026-08-05 09:15:00+0530,57810.05078125,57929.69921875,57654.69921875,57881.75,0.0
2026-08-05 10:15:00+0530,57881.3984375,57921.5,57595.6015625,57800.55078125,0.0
2026-08-05 11:15:00+0530,57803.44921875,57815.1015625,57620.30078125,57685.44921875,0.0
2026-08-05 12:15:00+0530,57686.44921875,57697.55078125,57509.80078125,57540.80078125,0.0
2026-08-05 13:15:00+0530,57544.80078125,57604.0,57457.05078125,57559.05078125,0.0
2026-08-05 14:15:00+0530,57561.8984375,57655.25,57486.8515625,57631.25,0.0
2026-08-05 15:15:00+0530,57629.75,57739.94921875,57629.75,57739.94921875,0.0
2026-08-06 09:15:00+0530,57816.30078125,57878.05078125,57716.8984375,57796.75,0.0
2026-08-06 10:15:00+0530,57797.1484375,57924.3515625,57779.75,57905.1484375,0.0
2026-08-06 11:15:00+0530,57910.6015625,57960.30078125,57850.8984375,57936.8515625,0.0
2026-08-06 12:15:00+0530,57937.94921875,57985.05078125,57883.30078125,57932.6015625,0.0
2026-08-06 13:15:00+0530,57933.8984375,58076.6015625,57907.75,58054.1484375,0.0
2026-08-06 14:15:00+0530,58054.19921875,58072.19921875,57971.75,58014.69921875,0.0
2026-08-06 15:15:00+0530,58007.94921875,58063.6484375,58007.94921875,58063.6484375,0.0
2026-08-07 09:15:00+0530,57882.0,57964.19921875,57795.05078125,57917.6484375,0.0
2026-08-07 10:15:00+0530,57921.19921875,57928.69921875,57740.94921875,57810.05078125,0.0
2026-08-07 11:15:00+0530,57813.6484375,57853.25,57721.75,57726.25,0.0
2026-08-07 12:15:00+0530,57726.94921875,57813.69921875,57697.80078125,57751.69921875,0.0
2026-08-07 13:15:00+0530,57754.44921875,57993.75,57703.94921875,57818.0,0.0
2026-08-07 14:15:00+0530,57816.8515625,57900.1484375,57688.30078125,57782.94921875,0.0
2026-08-07 15:15:00+0530,57801.1484375,57801.1484375,57746.44921875,57746.44921875,0.0
2026-08-10 09:15:00+0530,57810.6015625,58012.6015625,57527.75,57624.80078125,0.0
2026-08-10 10:15:00+0530,57626.05078125,57776.8515625,57624.1484375,57716.0,0.0
2026-08-10 11:15:00+0530,57718.6015625,57723.30078125,57612.69921875,57682.1015625,0.0
2026-08-10 12:15:00+0530,57682.1015625,57714.5,57560.55078125,57578.8984375,0.0
2026-08-10 13:15:00+0530,57580.0,57666.3984375,57568.30078125,57630.8984375,0.0
2026-08-10 14:15:00+0530,57632.6015625,57655.1015625,57542.3984375,57606.1015625,0.0
2026-08-10 15:15:00+0530,57606.1015625,57686.94921875,57606.1015625,57686.94921875,0.0
2026-08-11 09:15:00+0530,57604.3515625,57605.44921875,57158.69921875,57214.69921875,0.0
2026-08-11 10:15:00+0530,57214.80078125,57326.5,57176.05078125,57297.94921875,0.0
2026-08-11 11:15:00+0530,57297.30078125,57332.19921875,57245.94921875,57280.3984375,0.0
2026-08-11 12:15:00+0530,57280.0,57412.25,57253.44921875,57366.3984375,0.0
2026-08-11 13:15:00+0530,57366.3984375,57450.8515625,57311.94921875,57412.19921875,0.0
2026-08-11 14:15:00+0530,57410.44921875,57434.1015625,57315.1484375,57368.1484375,0.0
2026-08-11 15:15:00+0530,57366.05078125,57446.25,57366.05078125,57446.25,0.0
2026-08-12 09:15:00+0530,57376.8515625,57751.80078125,57257.3515625,57665.80078125,0.0
2026-08-12 10:15:00+0530,57671.25,57783.0,57562.75,57574.8515625,0.0
2026-08-12 11:15:00+0530,57574.8515625,57642.25,57470.3984375,57498.6484375,0.0
2026-08-12 12:15:00+0530,57503.6015625,57588.19921875,57470.0,57499.8515625,0.0
2026-08-12 13:15:00+0530,57500.69921875,57557.6015625,57471.5,57482.5,0.0
2026-08-12 14:15:00+0530,57487.44921875,57850.5,57478.94921875,57772.0,0.0
2026-08-12 15:15:00+0530,57771.3515625,57885.8515625,57771.3515625,57885.8515625,0.0
2026-08-13 09:15:00+0530,57782.8515625,57782.8515625,57550.25,57611.69921875,0.0
2026-08-13 10:15:00+0530,57613.3984375,57656.1484375,57554.05078125,57573.44921875,0.0
2026-08-13 11:15:00+0530,57574.1484375,57706.5,57548.6015625,57658.80078125,0.0
2026-08-13 12:15:00+0530,57660.6484375,57675.3515625,57574.05078125,57589.6484375,0.0
2026-08-13 13:15:00+0530,57592.5,57654.3515625,57553.25,57583.30078125,0.0
2026-08-13 14:15:00+0530,57583.55078125,57645.1015625,57554.1484375,57591.0,0.0
2026-08-13 15:15:00+0530,57591.0,57635.25,57591.0,57635.25,0.0
2026-08-14 09:15:00+0530,57592.25,57679.80078125,57461.3515625,57629.3515625,0.0
2026-08-14 10:15:00+0530,57633.5,57634.55078125,57442.3984375,57457.05078125,0.0
2026-08-14 11:15:00+0530,57458.25,57479.44921875,57380.6484375,57457.8984375,0.0
2026-08-14 12:15:00+0530,57457.55078125,57495.1484375,57411.3515625,57469.8515625,0.0
2026-08-14 13:15:00+0530,57469.19921875,57608.80078125,57381.30078125,57583.19921875,0.0
2026-08-14 14:15:00+0530,57581.5,57594.8984375,57459.1015625,57459.1015625,0.0
2026-08-14 15:15:00+0530,57459.1015625,57491.1015625,57459.1015625,57491.1015625,0.0
