datetime,open,high,low,close,volume
2026-05-25 09:15:00+0530,54605.6484375,54904.8984375,54605.6484375,54879.1015625,0.0
2026-05-25 09:20:00+0530,54877.94921875,54937.8984375,54834.3515625,54928.44921875,0.0
2026-05-25 09:25:00+0530,54928.3515625,54973.69921875,54903.1484375,54938.5,0.0
2026-05-25 09:30:00+0530,54939.3515625,54947.75,54882.5,54909.3984375,0.0
2026-05-25 09:35:00+0530,54910.80078125,54912.19921875,54863.25,54878.8515625,0.0
2026-05-25 09:40:00+0530,54882.30078125,54918.55078125,54864.3984375,54913.6015625,0.0
2026-05-25 09:45:00+0530,54918.55078125,54919.5,54847.0,54861.8515625,0.0
2026-05-25 09:50:00+0530,54856.5,54875.1015625,54825.75,54863.69921875,0.0
2026-05-25 09:55:00+0530,54863.19921875,54873.8984375,54842.8984375,54867.6015625,0.0
2026-05-25 10:00:00+0530,54867.8984375,54957.69921875,54858.75,54939.75,0.0
2026-05-25 10:05:00+0530,54940.30078125,54961.69921875,54906.55078125,54939.8515625,0.0
2026-05-25 10:10:00+0530,54942.94921875,54962.75,54927.30078125,54961.1484375,0.0
2026-05-25 10:15:00+0530,54960.1015625,54992.8984375,54949.80078125,54986.80078125,0.0
2026-05-25 10:20:00+0530,54986.8984375,54991.1484375,54944.6484375,54948.25,0.0
2026-05-25 10:25:00+0530,54947.1484375,54967.6015625,54936.3515625,54951.1484375,0.0
2026-05-25 10:30:00+0530,54952.19921875,55042.05078125,54952.1484375,55041.75,0.0
2026-05-25 10:35:00+0530,55043.05078125,55074.6015625,55038.55078125,55067.05078125,0.0
2026-05-25 10:40:00+0530,55065.5,55080.1015625,55053.80078125,55057.3515625,0.0
2026-05-25 10:45:00+0530,55058.5,55083.8515625,55051.30078125,55060.75,0.0
2026-05-25 10:50:00+0530,55064.25,55071.75,55043.75,55064.25,0.0
2026-05-25 10:55:00+0530,55066.1015625,55066.1015625,55016.8515625,55044.05078125,0.0
2026-05-25 11:00:00+0530,55048.44921875,55075.3515625,55019.05078125,55075.3515625,0.0
2026-05-25 11:05:00+0530,55073.1015625,55080.94921875,55040.3984375,55065.25,0.0
2026-05-25 11:10:00+0530,55064.8984375,55092.6484375,55048.80078125,55084.6484375,0.0
2026-05-25 11:15:00+0530,55084.44921875,55088.0,55062.8515625,55081.25,0.0
2026-05-25 11:20:00+0530,55081.94921875,55084.8515625,55059.3984375,55072.55078125,0.0
2026-05-25 11:25:00+0530,55070.8515625,55084.19921875,55048.8984375,55082.75,0.0
2026-05-25 11:30:00+0530,55080.75,55083.75,55055.8984375,55063.75,0.0
2026-05-25 11:35:00+0530,55062.0,55100.0,55047.30078125,55099.1484375,0.0
2026-05-25 11:40:00+0530,55098.19921875,55113.1015625,55080.55078125,55093.1015625,0.0
2026-05-25 11:45:00+0530,55096.1015625,55115.1015625,55086.6015625,55102.6484375,0.0
2026-05-25 11:50:00+0530,55104.1484375,55121.6015625,55093.6484375,55108.5,0.0
2026-05-25 11:55:00+0530,55110.5,55116.1015625,55092.1015625,55103.8515625,0.0
2026-05-25 12:00:00+0530,55102.1015625,55102.1015625,55031.94921875,55036.8515625,0.0
2026-05-25 12:05:00+0530,55039.44921875,55039.44921875,54998.30078125,55010.3984375,0.0
2026-05-25 12:10:00+0530,55009.75,55031.5,55006.1484375,55017.55078125,0.0
2026-05-25 12:15:00+0530,55020.1015625,55050.5,55011.69921875,55046.3984375,0.0
2026-05-25 12:20:00+0530,55045.1484375,55045.19921875,55009.25,55019.3515625,0.0
2026-05-25 12:25:00+0530,55019.8515625,55021.6484375,54978.69921875,54982.0,0.0
2026-05-25 12:30:00+0530,54980.44921875,54987.8984375,54968.69921875,54984.30078125,0.0
2026-05-25 12:35:00+0530,54985.0,55002.69921875,54967.19921875,54969.6015625,0.0
2026-05-25 12:40:00+0530,54967.8984375,54992.19921875,54962.69921875,54974.30078125,0.0
2026-05-25 12:45:00+0530,54975.1484375,54988.75,54920.1015625,54923.19921875,0.0
2026-05-25 12:50:00+0530,54925.8984375,54949.80078125,54908.6484375,54947.75,0.0
2026-05-25 12:55:00+0530,54944.19921875,54964.6015625,54922.1015625,54957.1484375,0.0
2026-05-25 13:00:00+0530,54958.55078125,55034.80078125,54949.30078125,55020.80078125,0.0
2026-05-25 13:05:00+0530,55019.55078125,55029.6015625,55009.44921875,55021.6484375,0.0
2026-05-25 13:10:00+0530,55023.55078125,55038.44921875,55013.8984375,55020.3515625,0.0
2026-05-25 13:15:00+0530,55019.19921875,55033.3984375,55007.8515625,55029.1484375,0.0
2026-05-25 13:20:00+0530,55029.80078125,55034.3515625,55009.69921875,55014.25,0.0
2026-05-25 13:25:00+0530,55014.05078125,55024.05078125,55005.94921875,55018.3515625,0.0
2026-05-25 13:30:00+0530,55021.44921875,55026.1015625,55005.3984375,55013.80078125,0.0
2026-05-25 13:35:00+0530,55015.75,55018.1015625,54978.94921875,54985.6484375,0.0
2026-05-25 13:40:00+0530,54986.69921875,54988.80078125,54944.05078125,54958.1484375,0.0
2026-05-25 13:45:00+0530,54959.19921875,54997.1015625,54954.30078125,54995.94921875,0.0
2026-05-25 13:50:00+0530,54996.1484375,55019.6015625,54992.6484375,55012.3984375,0.0
2026-05-25 13:55:00+0530,55012.69921875,55013.3984375,54970.1015625,54975.5,0.0
2026-05-25 14:00:00+0530,54979.3984375,55026.25,54973.3984375,55021.3515625,0.0
2026-05-25 14:05:00+0530,55021.3984375,55024.8515625,54987.25,54994.80078125,0.0
2026-05-25 14:10:00+0530,54995.0,55018.0,54978.3515625,54982.55078125,0.0
2026-05-25 14:15:00+0530,54983.0,54996.6015625,54960.19921875,54967.6015625,0.0
2026-05-25 14:20:00+0530,54967.55078125,54995.6484375,54963.3984375,54989.8984375,0.0
2026-05-25 14:25:00+0530,54990.5,55013.69921875,54985.3984375,55002.75,0.0
2026-05-25 14:30:00+0530,55002.94921875,55035.1015625,54999.55078125,55035.1015625,0.0
2026-05-25 14:35:00+0530,55031.3515625,55068.3984375,55023.3515625,55058.8984375,0.0
2026-05-25 14:40:00+0530,55055.94921875,55114.69921875,55043.75,55107.1484375,0.0
2026-05-25 14:45:00+0530,55104.94921875,55256.6015625,55104.94921875,55223.6015625,0.0
2026-05-25 14:50:00+0530,55223.94921875,55245.80078125,55192.8515625,55211.19921875,0.0
2026-05-25 14:55:00+0530,55213.25,55245.3984375,55200.55078125,55240.69921875,0.0
2026-05-25 15:00:00+0530,55247.5,55278.8984375,55234.0,55258.1015625,0.0
2026-05-25 15:05:00+0530,55261.3515625,55269.1015625,55241.05078125,55249.80078125,0.0
2026-05-25 15:10:00+0530,55251.05078125,55310.6015625,55250.05078125,55295.8515625,0.0
2026-05-25 15:15:00+0530,55301.5,55307.3515625,55266.94921875,55284.94921875,0.0
2026-05-25 15:20:00+0530,55282.8984375,55316.3984375,55277.25,55309.0,0.0
2026-05-25 15:25:00+0530,55307.80078125,55404.69921875,55291.3984375,55390.30078125,0.0
2026-05-26 09:15:00+0530,55311.80078125,55375.1015625,55191.8515625,55318.8984375,0.0
2026-05-26 09:20:00+0530,55319.75,55453.69921875,55313.8515625,55379.44921875,0.0
2026-05-26 09:25:00+0530,55383.8984375,55419.6015625,55346.44921875,55409.94921875,0.0
2026-05-26 09:30:00+0530,55410.3984375,55426.94921875,55395.5,55405.05078125,0.0
2026-05-26 09:35:00+0530,55402.8515625,55526.44921875,55373.8984375,55516.5,0.0
2026-05-26 09:40:00+0530,55514.19921875,55535.3515625,55429.25,55459.0,0.0
2026-05-26 09:45:00+0530,55457.19921875,55463.94921875,55424.0,55429.0,0.0
2026-05-26 09:50:00+0530,55427.5,55452.30078125,55368.19921875,55368.80078125,0.0
2026-05-26 09:55:00+0530,55343.1015625,55368.19921875,55235.69921875,55286.3984375,0.0
2026-05-26 10:00:00+0530,55285.3515625,55370.30078125,55259.3984375,55346.30078125,0.0
2026-05-26 10:05:00+0530,55346.19921875,55357.80078125,55287.69921875,55343.75,0.0
2026-05-26 10:10:00+0530,55343.94921875,55403.75,55343.94921875,55396.44921875,0.0
2026-05-26 10:15:00+0530,55396.8515625,55411.8984375,55351.5,55357.44921875,0.0
2026-05-26 10:20:00+0530,55357.44921875,55447.75,55320.1015625,55442.05078125,0.0
2026-05-26 10:25:00+0530,55445.75,55455.05078125,55417.1015625,55425.80078125,0.0
2026-05-26 10:30:00+0530,55421.1484375,55439.1015625,55386.1484375,55437.55078125,0.0
2026-05-26 10:35:00+0530,55437.6015625,55481.44921875,55417.30078125,55458.3515625,0.0
2026-05-26 10:40:00+0530,55457.75,55463.30078125,55437.3515625,55444.80078125,0.0
2026-05-26 10:45:00+0530,55448.0,55465.1015625,55435.55078125,55458.75,0.0
2026-05-26 10:50:00+0530,55458.80078125,55502.3984375,55437.25,55491.6484375,0.0
2026-05-26 10:55:00+0530,55492.1015625,55509.80078125,55437.69921875,55470.6015625,0.0
2026-05-26 11:00:00+0530,55465.80078125,55500.5,55461.3515625,55466.05078125,0.0
2026-05-26 11:05:00+0530,55471.1015625,55482.55078125,55415.44921875,55444.5,0.0
2026-05-26 11:10:00+0530,55442.19921875,55450.75,55397.0,55401.5,0.0
2026-05-26 11:15:00+0530,55397.3984375,55406.44921875,55353.1015625,55359.25,0.0
2026-05-26 11:20:00+0530,55359.3984375,55373.1015625,55308.44921875,55314.1015625,0.0
2026-05-26 11:25:00+0530,55313.3515625,55348.19921875,55312.55078125,55319.80078125,0.0
2026-05-26 11:30:00+0530,55320.3984375,55338.19921875,55277.69921875,55337.19921875,0.0
2026-05-26 11:35:00+0530,55334.6484375,55411.05078125,55331.0,55408.6015625,0.0
2026-05-26 11:40:00+0530,55405.6484375,55409.55078125,55369.80078125,55377.1484375,0.0
2026-05-26 11:45:00+0530,55373.69921875,55384.0,55329.6484375,55359.25,0.0
2026-05-26 11:50:00+0530,55360.69921875,55372.1484375,55314.80078125,55339.69921875,0.0
2026-05-26 11:55:00+0530,55336.5,55347.80078125,55271.75,55276.8515625,0.0
2026-05-26 12:00:00+0530,55273.30078125,55281.80078125,55206.19921875,55280.30078125,0.0
2026-05-26 12:05:00+0530,55276.6484375,55288.75,55236.19921875,55245.80078125,0.0
2026-05-26 12:10:00+0530,55246.30078125,55254.1015625,55203.69921875,55209.0,0.0
2026-05-26 12:15:00+0530,55208.05078125,55247.25,55193.25,55237.19921875,0.0
2026-05-26 12:20:00+0530,55235.05078125,55250.30078125,55199.6015625,55201.19921875,0.0
2026-05-26 12:25:00+0530,55201.8515625,55209.3515625,55145.44921875,55163.80078125,0.0
2026-05-26 12:30:00+0530,55162.94921875,55200.75,55150.6484375,55156.1484375,0.0
2026-05-26 12:35:00+0530,55154.25,55196.3515625,55125.69921875,55191.75,0.0
2026-05-26 12:40:00+0530,55193.3984375,55199.8984375,55136.3984375,55142.8984375,0.0
2026-05-26 12:45:00+0530,55143.1484375,55147.8984375,55100.0,55124.3515625,0.0
2026-05-26 12:50:00+0530,55122.69921875,55132.3515625,55066.0,55126.8984375,0.0
2026-05-26 12:55:00+0530,55126.55078125,55133.19921875,55077.3984375,55122.1015625,0.0
2026-05-26 13:00:00+0530,55117.1484375,55121.0,55018.80078125,55040.55078125,0.0
2026-05-26 13:05:00+0530,55037.75,55096.1484375,55036.94921875,55075.75,0.0
2026-05-26 13:10:00+0530,55077.25,55136.1015625,55065.6484375,55076.3984375,0.0
2026-05-26 13:15:00+0530,55074.94921875,55114.8984375,55049.69921875,55111.55078125,0.0
2026-05-26 13:20:00+0530,55113.0,55139.94921875,55092.75,55111.5,0.0
2026-05-26 13:25:00+0530,55108.94921875,55160.30078125,55090.8515625,55143.6015625,0.0
2026-05-26 13:30:00+0530,55143.5,55169.6484375,55101.6484375,55112.8515625,0.0
2026-05-26 13:35:00+0530,55112.55078125,55139.69921875,55081.25,55085.25,0.0
2026-05-26 13:40:00+0530,55082.44921875,55119.8984375,55054.3515625,55058.6015625,0.0
2026-05-26 13:45:00+0530,55051.6484375,55109.05078125,55051.6484375,55095.3515625,0.0
2026-05-26 13:50:00+0530,55093.3515625,55098.1484375,55036.1484375,55068.75,0.0
2026-05-26 13:55:00+0530,55066.8515625,55072.25,55032.55078125,55041.55078125,0.0
2026-05-26 14:00:00+0530,55041.5,55050.6484375,54997.55078125,55005.30078125,0.0
2026-05-26 14:05:00+0530,55010.3515625,55085.30078125,54993.8984375,55038.30078125,0.0
2026-05-26 14:10:00+0530,55041.05078125,55042.25,54979.75,55037.75,0.0
2026-05-26 14:15:00+0530,55041.6015625,55073.6484375,54992.0,55056.1484375,0.0
2026-05-26 14:20:00+0530,55056.3984375,55094.6015625,55016.80078125,55084.3515625,0.0
2026-05-26 14:25:00+0530,55084.94921875,55127.25,55024.05078125,55088.94921875,0.0
2026-05-26 14:30:00+0530,55090.1484375,55139.05078125,55057.05078125,55091.25,0.0
2026-05-26 14:35:00+0530,55090.1484375,55093.8515625,55017.6484375,55034.5,0.0
2026-05-26 14:40:00+0530,55035.05078125,55043.80078125,54987.6484375,55004.6484375,0.0
2026-05-26 14:45:00+0530,55001.55078125,55052.6015625,54986.69921875,55025.1484375,0.0
2026-05-26 14:50:00+0530,55027.5,55035.75,54999.1015625,55018.05078125,0.0
2026-05-26 14:55:00+0530,55018.1015625,55093.75,55016.44921875,55075.1015625,0.0
2026-05-26 15:00:00+0530,55081.80078125,55133.8515625,55050.1015625,55073.75,0.0
2026-05-26 15:05:00+0530,55069.8515625,55119.1015625,55046.19921875,55116.94921875,0.0
2026-05-26 15:10:00+0530,55121.6015625,55125.8515625,55081.6484375,55098.69921875,0.0
2026-05-26 15:15:00+0530,55098.44921875,55119.1484375,55082.1015625,55094.55078125,0.0
2026-05-26 15:20:00+0530,55095.3515625,55136.6015625,55092.75,55128.0,0.0
2026-05-26 15:25:00+0530,55129.44921875,55204.94921875,55112.6015625,55180.6015625,0.0
2026-05-27 09:15:00+0530,54994.30078125,55117.6015625,54915.8515625,55095.55078125,0.0
2026-05-27 09:20:00+0530,55101.05078125,55150.69921875,55024.94921875,55069.8515625,0.0
2026-05-27 09:25:00+0530,55070.0,55080.6484375,54958.6015625,54980.3984375,0.0
2026-05-27 09:30:00+0530,54966.69921875,54985.55078125,54905.55078125,54973.8984375,0.0
2026-05-27 09:35:00+0530,54976.6484375,55017.6484375,54950.25,54983.6484375,0.0
2026-05-27 09:40:00+0530,54987.25,55036.30078125,54955.8984375,55012.30078125,0.0
2026-05-27 09:45:00+0530,55014.0,55014.0,54905.0,54955.69921875,0.0
2026-05-27 09:50:00+0530,54956.3515625,54957.69921875,54892.3515625,54933.55078125,0.0
2026-05-27 09:55:00+0530,54929.8515625,54947.6015625,54886.75,54906.30078125,0.0
2026-05-27 10:00:00+0530,54904.05078125,54959.44921875,54854.25,54957.25,0.0
2026-05-27 10:05:00+0530,54968.1484375,55089.1015625,54967.8515625,55053.8515625,0.0
2026-05-27 10:10:00+0530,55052.05078125,55128.6015625,55034.6015625,55119.5,0.0
2026-05-27 10:15:00+0530,55118.19921875,55177.6015625,55100.8984375,55162.1484375,0.0
2026-05-27 10:20:00+0530,55163.6015625,55221.05078125,55142.75,55185.3984375,0.0
2026-05-27 10:25:00+0530,55183.5,55217.75,55176.25,55176.75,0.0
2026-05-27 10:30:00+0530,55176.5,55184.80078125,55111.6015625,55117.44921875,0.0
2026-05-27 10:35:00+0530,55122.8515625,55176.3984375,55117.1484375,55128.6015625,0.0
2026-05-27 10:40:00+0530,55128.69921875,55136.44921875,55059.30078125,55068.8984375,0.0
2026-05-27 10:45:00+0530,55072.3515625,55084.3515625,55023.44921875,55084.0,0.0
2026-05-27 10:50:00+0530,55085.55078125,55142.55078125,55065.94921875,55138.8515625,0.0
2026-05-27 10:55:00+0530,55141.30078125,55161.3984375,55098.30078125,55124.30078125,0.0
2026-05-27 11:00:00+0530,55128.8515625,55133.19921875,55052.6484375,55070.1015625,0.0
2026-05-27 11:05:00+0530,55066.55078125,55100.55078125,55057.44921875,55081.55078125,0.0
2026-05-27 11:10:00+0530,55082.44921875,55091.80078125,55046.69921875,55066.3515625,0.0
2026-05-27 11:15:00+0530,55071.3515625,55120.8984375,55054.8984375,55116.3515625,0.0
2026-05-27 11:20:00+0530,55119.1015625,55144.55078125,55106.55078125,55125.80078125,0.0
2026-05-27 11:25:00+0530,55129.94921875,55152.19921875,55109.25,55122.8515625,0.0
2026-05-27 11:30:00+0530,55121.8984375,55136.8984375,55095.8984375,55095.8984375,0.0
2026-05-27 11:35:00+0530,55095.6015625,55103.1484375,55030.8515625,55038.5,0.0
2026-05-27 11:40:00+0530,55036.5,55086.6484375,55036.5,55041.6484375,0.0
2026-05-27 11:45:00+0530,55040.25,55074.55078125,55029.3515625,55035.6015625,0.0
2026-05-27 11:50:00+0530,55036.8515625,55056.94921875,55033.8515625,55044.0,0.0
2026-05-27 11:55:00+0530,55042.8515625,55063.69921875,54994.30078125,55028.8984375,0.0
2026-05-27 12:00:00+0530,55028.3984375,55051.5,54979.0,55008.3984375,0.0
2026-05-27 12:05:00+0530,55007.80078125,55031.3984375,54977.44921875,55015.6015625,0.0
2026-05-27 12:10:00+0530,55018.1015625,55019.55078125,54981.05078125,54995.19921875,0.0
2026-05-27 12:15:00+0530,54992.3984375,55087.19921875,54992.3984375,55085.19921875,0.0
2026-05-27 12:20:00+0530,55080.8515625,55112.19921875,55051.19921875,55086.55078125,0.0
2026-05-27 12:25:00+0530,55083.44921875,55094.1015625,55014.1015625,55022.8515625,0.0
2026-05-27 12:30:00+0530,55019.25,55034.8984375,54999.0,55021.94921875,0.0
2026-05-27 12:35:00+0530,55019.8984375,55079.25,55013.75,55065.0,0.0
2026-05-27 12:40:00+0530,55062.3984375,55067.19921875,55037.8515625,55061.30078125,0.0
2026-05-27 12:45:00+0530,55061.1484375,55062.3515625,55028.44921875,55034.80078125,0.0
2026-05-27 12:50:00+0530,55034.6015625,55036.0,54975.6015625,54984.3515625,0.0
2026-05-27 12:55:00+0530,54986.55078125,55009.05078125,54953.5,54958.94921875,0.0
2026-05-27 13:00:00+0530,54966.3515625,54971.25,54922.6484375,54961.8984375,0.0
2026-05-27 13:05:00+0530,54964.8515625,54988.05078125,54907.6015625,54917.80078125,0.0
2026-05-27 13:10:00+0530,54916.3984375,54960.8984375,54909.5,54922.75,0.0
2026-05-27 13:15:00+0530,54920.0,54924.6484375,54893.44921875,54906.8515625,0.0
2026-05-27 13:20:00+0530,54905.69921875,54941.25,54888.1015625,54934.8984375,0.0
2026-05-27 13:25:00+0530,54933.80078125,54937.8984375,54859.8984375,54874.19921875,0.0
2026-05-27 13:30:00+0530,54873.75,54893.69921875,54855.55078125,54891.69921875,0.0
2026-05-27 13:35:00+0530,54893.25,54908.30078125,54876.3984375,54899.05078125,0.0
2026-05-27 13:40:00+0530,54899.6484375,54909.05078125,54832.19921875,54847.8984375,0.0
2026-05-27 13:45:00+0530,54847.1015625,54873.80078125,54812.19921875,54827.6484375,0.0
2026-05-27 13:50:00+0530,54827.6015625,54878.5,54818.3515625,54875.30078125,0.0
2026-05-27 13:55:00+0530,54873.75,54886.8515625,54858.69921875,54873.8984375,0.0
2026-05-27 14:00:00+0530,54872.6015625,54914.1484375,54872.6015625,54893.30078125,0.0
2026-05-27 14:05:00+0530,54892.5,54913.55078125,54867.8515625,54897.05078125,0.0
2026-05-27 14:10:00+0530,54895.94921875,54900.1015625,54833.5,54838.19921875,0.0
2026-05-27 14:15:00+0530,54833.25,54870.80078125,54822.80078125,54857.3515625,0.0
2026-05-27 14:20:00+0530,54850.8515625,54938.6484375,54835.3515625,54931.8515625,0.0
2026-05-27 14:25:00+0530,54930.30078125,54934.5,54839.30078125,54854.6484375,0.0
2026-05-27 14:30:00+0530,54848.30078125,54854.8984375,54800.5,54808.94921875,0.0
2026-05-27 14:35:00+0530,54806.3984375,54829.69921875,54774.3515625,54808.44921875,0.0
2026-05-27 14:40:00+0530,54810.94921875,54833.0,54772.69921875,54785.30078125,0.0
2026-05-27 14:45:00+0530,54784.8984375,54804.05078125,54747.8984375,54775.94921875,0.0
2026-05-27 14:50:00+0530,54776.55078125,54779.19921875,54745.25,54761.0,0.0
2026-05-27 14:55:00+0530,54763.3515625,54820.55078125,54754.80078125,54798.30078125,0.0
2026-05-27 15:00:00+0530,54800.30078125,54804.80078125,54740.0,54780.0,0.0
2026-05-27 15:05:00+0530,54782.44921875,54859.3984375,54776.69921875,54855.05078125,0.0
2026-05-27 15:10:00+0530,54857.94921875,54867.25,54821.55078125,54846.1484375,0.0
2026-05-27 15:15:00+0530,54842.69921875,54903.69921875,54833.80078125,54862.3984375,0.0
2026-05-27 15:20:00+0530,54863.6484375,54899.25,54855.25,54881.80078125,0.0
2026-05-27 15:25:00+0530,54878.94921875,54915.44921875,54855.19921875,54871.69921875,0.0
2026-05-29 09:15:00+0530,54847.8515625,55125.5,54847.8515625,55125.5,0.0
2026-05-29 09:20:00+0530,55122.19921875,55179.05078125,55044.6015625,55064.8984375,0.0
2026-05-29 09:25:00+0530,55066.6015625,55067.69921875,54882.1484375,54894.1015625,0.0
2026-05-29 09:30:00+0530,54895.3984375,55025.1484375,54841.5,54854.94921875,0.0
2026-05-29 09:35:00+0530,54854.1015625,54962.69921875,54854.1015625,54914.6015625,0.0
2026-05-29 09:40:00+0530,54913.8984375,54944.6015625,54766.94921875,54767.19921875,0.0
2026-05-29 09:45:00+0530,54766.8515625,54867.3984375,54761.6015625,54850.19921875,0.0
2026-05-29 09:50:00+0530,54850.0,54873.69921875,54812.3984375,54826.94921875,0.0
2026-05-29 09:55:00+0530,54823.6484375,54843.44921875,54784.8515625,54842.94921875,0.0
2026-05-29 10:00:00+0530,54839.80078125,54908.8984375,54782.19921875,54901.05078125,0.0
2026-05-29 10:05:00+0530,54903.8984375,55014.5,54895.8515625,54992.0,0.0
2026-05-29 10:10:00+0530,54994.8515625,55062.80078125,54990.6015625,55049.8984375,0.0
2026-05-29 10:15:00+0530,55051.30078125,55083.6015625,55032.55078125,55047.25,0.0
2026-05-29 10:20:00+0530,55048.3515625,55171.8515625,55045.1015625,55151.6015625,0.0
2026-05-29 10:25:00+0530,55150.55078125,55183.8984375,55083.8515625,55103.55078125,0.0
2026-05-29 10:30:00+0530,55103.6015625,55106.3515625,55047.6484375,55062.3984375,0.0
2026-05-29 10:35:00+0530,55058.8984375,55122.25,55045.6484375,55047.25,0.0
2026-05-29 10:40:00+0530,55045.1015625,55051.69921875,54995.8984375,55003.1484375,0.0
2026-05-29 10:45:00+0530,55003.8984375,55015.55078125,54971.30078125,54992.0,0.0
2026-05-29 10:50:00+0530,54993.44921875,55021.30078125,54968.6015625,55008.3515625,0.0
2026-05-29 10:55:00+0530,55009.19921875,55062.05078125,54995.80078125,55055.3515625,0.0
2026-05-29 11:00:00+0530,55057.19921875,55080.0,55026.30078125,55078.05078125,0.0
2026-05-29 11:05:00+0530,55078.0,55078.0,55035.3515625,55043.6484375,0.0
2026-05-29 11:10:00+0530,55044.44921875,55055.55078125,54986.8984375,54998.44921875,0.0
2026-05-29 11:15:00+0530,54997.19921875,55059.5,54989.3984375,55022.75,0.0
2026-05-29 11:20:00+0530,55022.55078125,55039.55078125,54988.94921875,55007.80078125,0.0
2026-05-29 11:25:00+0530,55008.80078125,55010.30078125,54974.69921875,54982.8515625,0.0
2026-05-29 11:30:00+0530,54981.69921875,55017.6015625,54947.30078125,54958.1015625,0.0
2026-05-29 11:35:00+0530,54956.44921875,55010.05078125,54951.3515625,54988.69921875,0.0
2026-05-29 11:40:00+0530,54993.1484375,55026.80078125,54963.30078125,55022.94921875,0.0
2026-05-29 11:45:00+0530,55017.3984375,55086.1484375,55011.75,55068.6484375,0.0
2026-05-29 11:50:00+0530,55068.05078125,55162.8515625,55062.75,55146.5,0.0
2026-05-29 11:55:00+0530,55146.8515625,55146.8515625,55079.80078125,55101.0,0.0
2026-05-29 12:00:00+0530,55097.3984375,55103.05078125,55002.6015625,55025.69921875,0.0
2026-05-29 12:05:00+0530,55027.3984375,55029.1484375,54973.3515625,54974.3984375,0.0
2026-05-29 12:10:00+0530,54973.80078125,54973.80078125,54822.94921875,54859.8515625,0.0
2026-05-29 12:15:00+0530,54861.6484375,54861.6484375,54779.44921875,54837.6015625,0.0
2026-05-29 12:20:00+0530,54834.69921875,54851.0,54797.19921875,54850.1015625,0.0
2026-05-29 12:25:00+0530,54846.69921875,54889.44921875,54840.80078125,54881.6015625,0.0
2026-05-29 12:30:00+0530,54880.80078125,54900.44921875,54834.75,54846.8515625,0.0
2026-05-29 12:35:00+0530,54847.25,54879.25,54824.6015625,54872.6015625,0.0
2026-05-29 12:40:00+0530,54872.3515625,54879.6015625,54834.6015625,54838.30078125,0.0
2026-05-29 12:45:00+0530,54835.6484375,54840.75,54819.8984375,54832.94921875,0.0
2026-05-29 12:50:00+0530,54829.94921875,54831.6015625,54768.94921875,54774.8515625,0.0
2026-05-29 12:55:00+0530,54769.05078125,54778.1484375,54726.80078125,54768.55078125,0.0
2026-05-29 13:00:00+0530,54767.5,54768.0,54715.0,54720.5,0.0
2026-05-29 13:05:00+0530,54719.05078125,54719.05078125,54661.3515625,54664.44921875,0.0
2026-05-29 13:10:00+0530,54665.6015625,54665.6015625,54592.05078125,54592.05078125,0.0
2026-05-29 13:15:00+0530,54591.6484375,54626.25,54539.5,54586.05078125,0.0
2026-05-29 13:20:00+0530,54587.55078125,54629.55078125,54566.8984375,54599.30078125,0.0
2026-05-29 13:25:00+0530,54600.80078125,54628.6484375,54576.3984375,54601.1015625,0.0
2026-05-29 13:30:00+0530,54598.25,54632.75,54544.44921875,54547.5,0.0
2026-05-29 13:35:00+0530,54550.44921875,54551.1484375,54495.44921875,54515.1484375,0.0
2026-05-29 13:40:00+0530,54516.55078125,54557.6015625,54505.1484375,54522.80078125,0.0
2026-05-29 13:45:00+0530,54527.94921875,54547.80078125,54478.1015625,54483.69921875,0.0
2026-05-29 13:50:00+0530,54486.30078125,54515.69921875,54462.69921875,54470.1484375,0.0
2026-05-29 13:55:00+0530,54470.8984375,54556.8515625,54461.0,54517.69921875,0.0
2026-05-29 14:00:00+0530,54516.8984375,54546.05078125,54492.30078125,54514.3984375,0.0
2026-05-29 14:05:00+0530,54514.69921875,54542.69921875,54476.6015625,54516.8984375,0.0
2026-05-29 14:10:00+0530,54517.6015625,54534.80078125,54506.55078125,54512.05078125,0.0
2026-05-29 14:15:00+0530,54510.30078125,54528.3984375,54459.6484375,54484.94921875,0.0
2026-05-29 14:20:00+0530,54483.8515625,54544.19921875,54479.25,54535.1484375,0.0
2026-05-29 14:25:00+0530,54535.25,54590.1015625,54518.1015625,54579.05078125,0.0
2026-05-29 14:30:00+0530,54579.3515625,54679.94921875,54577.80078125,54640.0,0.0
2026-05-29 14:35:00+0530,54640.1484375,54693.44921875,54627.6484375,54647.05078125,0.0
2026-05-29 14:40:00+0530,54645.8515625,54676.55078125,54603.8984375,54647.44921875,0.0
2026-05-29 14:45:00+0530,54649.3515625,54692.6015625,54597.19921875,54658.1015625,0.0
2026-05-29 14:50:00+0530,54659.94921875,54666.5,54602.8515625,54618.3984375,0.0
2026-05-29 14:55:00+0530,54615.0,54641.55078125,54554.80078125,54620.44921875,0.0
2026-05-29 15:00:00+0530,54619.19921875,54628.6484375,54158.69921875,54222.5,0.0
2026-05-29 15:05:00+0530,54220.5,54300.94921875,54164.1015625,54236.0,0.0
2026-05-29 15:10:00+0530,54233.0,54279.3515625,54174.0,54198.30078125,0.0
2026-05-29 15:15:00+0530,54191.75,54292.05078125,54191.44921875,54269.0,0.0
2026-05-29 15:20:00+0530,54275.05078125,54284.3515625,54118.1484375,54123.05078125,0.0
2026-05-29 15:25:00+0530,54119.19921875,54389.69921875,54119.19921875,54364.6015625,0.0
2026-06-01 09:15:00+0530,54454.25,54567.05078125,54173.8515625,54410.80078125,0.0
2026-06-01 09:20:00+0530,54416.1015625,54470.8984375,54329.69921875,54360.3515625,0.0
2026-06-01 09:25:00+0530,54356.69921875,54405.1484375,54319.1484375,54337.5,0.0
2026-06-01 09:30:00+0530,54338.55078125,54420.3984375,54307.3984375,54323.19921875,0.0
2026-06-01 09:35:00+0530,54324.3984375,54347.5,54178.80078125,54340.6015625,0.0
2026-06-01 09:40:00+0530,54341.3984375,54397.0,54183.0,54190.05078125,0.0
2026-06-01 09:45:00+0530,54191.0,54272.55078125,54155.19921875,54207.8515625,0.0
2026-06-01 09:50:00+0530,54207.1484375,54260.6015625,54143.1015625,54157.30078125,0.0
2026-06-01 09:55:00+0530,54157.1015625,54157.1015625,54063.8984375,54077.05078125,0.0
2026-06-01 10:00:00+0530,54077.80078125,54096.0,53983.8984375,54004.55078125,0.0
2026-06-01 10:05:00+0530,54004.05078125,54095.19921875,54000.94921875,54095.19921875,0.0
2026-06-01 10:10:00+0530,54093.25,54104.25,54032.80078125,54032.80078125,0.0
2026-06-01 10:15:00+0530,54034.1484375,54073.80078125,54007.05078125,54036.19921875,0.0
2026-06-01 10:20:00+0530,54037.69921875,54037.69921875,53957.0,53964.19921875,0.0
2026-06-01 10:25:00+0530,53963.80078125,53991.75,53887.75,53893.5,0.0
2026-06-01 10:30:00+0530,53887.3984375,53907.6484375,53842.1484375,53871.3515625,0.0
2026-06-01 10:35:00+0530,53871.1484375,53948.80078125,53857.80078125,53919.19921875,0.0
2026-06-01 10:40:00+0530,53918.1015625,53970.19921875,53906.55078125,53916.19921875,0.0
2026-06-01 10:45:00+0530,53915.3984375,54051.1484375,53913.94921875,54034.75,0.0
2026-06-01 10:50:00+0530,54033.6015625,54105.3515625,54001.1015625,54104.69921875,0.0
2026-06-01 10:55:00+0530,54105.1015625,54109.1015625,54030.80078125,54034.94921875,0.0
2026-06-01 11:00:00+0530,54034.94921875,54103.6484375,54034.94921875,54084.25,0.0
2026-06-01 11:05:00+0530,54083.6484375,54176.6484375,54068.69921875,54169.3515625,0.0
2026-06-01 11:10:00+0530,54170.30078125,54176.55078125,54135.1484375,54154.1484375,0.0
2026-06-01 11:15:00+0530,54155.05078125,54232.1484375,54155.05078125,54199.5,0.0
2026-06-01 11:20:00+0530,54196.1015625,54199.1015625,54106.8984375,54106.8984375,0.0
2026-06-01 11:25:00+0530,54109.3515625,54121.6484375,54024.55078125,54027.44921875,0.0
2026-06-01 11:30:00+0530,54029.8984375,54038.30078125,53955.94921875,53979.6015625,0.0
2026-06-01 11:35:00+0530,53984.80078125,54061.3984375,53976.25,54047.1015625,0.0
2026-06-01 11:40:00+0530,54049.94921875,54056.80078125,54019.1484375,54029.6015625,0.0
2026-06-01 11:45:00+0530,54030.75,54054.3984375,53995.44921875,54049.30078125,0.0
2026-06-01 11:50:00+0530,54046.94921875,54085.0,54040.0,54066.05078125,0.0
2026-06-01 11:55:00+0530,54064.25,54066.3515625,53881.6015625,53881.6015625,0.0
2026-06-01 12:00:00+0530,53882.6484375,53929.94921875,53861.3984375,53920.0,0.0
2026-06-01 12:05:00+0530,53918.05078125,53964.69921875,53888.8515625,53891.1484375,0.0
2026-06-01 12:10:00+0530,53891.5,53949.3984375,53866.75,53938.3515625,0.0
2026-06-01 12:15:00+0530,53935.25,53953.1015625,53903.69921875,53934.8984375,0.0
2026-06-01 12:20:00+0530,53934.0,53936.8515625,53878.30078125,53890.05078125,0.0
2026-06-01 12:25:00+0530,53892.19921875,53907.30078125,53862.44921875,53873.25,0.0
2026-06-01 12:30:00+0530,53874.69921875,53900.44921875,53869.44921875,53877.94921875,0.0
2026-06-01 12:35:00+0530,53878.8515625,53887.0,53844.80078125,53855.3515625,0.0
2026-06-01 12:40:00+0530,53854.8984375,53865.3515625,53828.25,53864.05078125,0.0
2026-06-01 12:45:00+0530,53864.6484375,53927.8515625,53852.05078125,53920.5,0.0
2026-06-01 12:50:00+0530,53919.69921875,53927.3515625,53869.69921875,53894.8984375,0.0
2026-06-01 12:55:00+0530,53894.8984375,53906.75,53799.5,53840.69921875,0.0
2026-06-01 13:00:00+0530,53836.1484375,53858.94921875,53776.05078125,53790.3515625,0.0
2026-06-01 13:05:00+0530,53788.8984375,53813.05078125,53718.1015625,53721.05078125,0.0
2026-06-01 13:10:00+0530,53719.75,53721.80078125,53646.3984375,53659.19921875,0.0
2026-06-01 13:15:00+0530,53659.3515625,53747.8515625,53654.1484375,53734.8515625,0.0
2026-06-01 13:20:00+0530,53736.8515625,53754.30078125,53718.6484375,53718.6484375,0.0
2026-06-01 13:25:00+0530,53717.75,53756.1484375,53688.94921875,53755.0,0.0
2026-06-01 13:30:00+0530,53753.69921875,53797.3515625,53723.30078125,53761.05078125,0.0
2026-06-01 13:35:00+0530,53759.30078125,53773.80078125,53708.19921875,53745.6484375,0.0
2026-06-01 13:40:00+0530,53745.6484375,53748.5,53705.55078125,53707.1015625,0.0
2026-06-01 13:45:00+0530,53707.3515625,53709.3515625,53662.3515625,53682.5,0.0
2026-06-01 13:50:00+0530,53681.30078125,53686.6015625,53661.75,53671.44921875,0.0
2026-06-01 13:55:00+0530,53672.1015625,53705.8515625,53670.80078125,53687.5,0.0
2026-06-01 14:00:00+0530,53687.19921875,53695.3984375,53621.8984375,53672.8515625,0.0
2026-06-01 14:05:00+0530,53671.8984375,53678.8515625,53596.05078125,53602.1484375,0.0
2026-06-01 14:10:00+0530,53603.5,53612.0,53558.05078125,53577.75,0.0
2026-06-01 14:15:00+0530,53577.94921875,53609.19921875,53528.55078125,53601.44921875,0.0
2026-06-01 14:20:00+0530,53589.80078125,53590.3515625,53493.3515625,53518.55078125,0.0
2026-06-01 14:25:00+0530,53516.05078125,53569.55078125,53516.05078125,53538.8984375,0.0
2026-06-01 14:30:00+0530,53538.5,53581.19921875,53497.94921875,53533.25,0.0
2026-06-01 14:35:00+0530,53532.5,53631.30078125,53532.5,53625.30078125,0.0
2026-06-01 14:40:00+0530,53620.6015625,53633.3515625,53590.94921875,53619.3984375,0.0
2026-06-01 14:45:00+0530,53618.30078125,53673.3515625,53584.25,53605.5,0.0
2026-06-01 14:50:00+0530,53606.55078125,53615.3984375,53507.5,53525.05078125,0.0
2026-06-01 14:55:00+0530,53522.05078125,53532.6015625,53472.0,53493.8515625,0.0
2026-06-01 15:00:00+0530,53495.1015625,53668.6015625,53494.80078125,53664.0,0.0
2026-06-01 15:05:00+0530,53668.30078125,53775.6015625,53625.94921875,53744.75,0.0
2026-06-01 15:10:00+0530,53750.30078125,53771.6015625,53661.80078125,53665.55078125,0.0
2026-06-01 15:15:00+0530,53665.25,53693.1484375,53618.3515625,53624.6015625,0.0
2026-06-01 15:20:00+0530,53621.6015625,53647.6015625,53612.75,53626.1015625,0.0
2026-06-01 15:25:00+0530,53627.80078125,53670.30078125,53591.6484375,53658.8984375,0.0
2026-06-02 09:15:00+0530,53367.6484375,53367.6484375,53129.6484375,53288.69921875,0.0
2026-06-02 09:20:00+0530,53292.05078125,53360.75,53228.6484375,53330.8515625,0.0
2026-06-02 09:25:00+0530,53329.0,53344.8984375,53267.5,53298.1015625,0.0
2026-06-02 09:30:00+0530,53302.55078125,53304.6484375,53210.05078125,53300.8515625,0.0
2026-06-02 09:35:00+0530,53299.69921875,53408.05078125,53296.69921875,53397.75,0.0
2026-06-02 09:40:00+0530,53394.25,53421.55078125,53287.3984375,53345.05078125,0.0
2026-06-02 09:45:00+0530,53347.05078125,53361.6484375,53286.5,53340.94921875,0.0
2026-06-02 09:50:00+0530,53340.80078125,53448.1015625,53306.55078125,53436.94921875,0.0
2026-06-02 09:55:00+0530,53436.1015625,53463.75,53371.25,53435.55078125,0.0
2026-06-02 10:00:00+0530,53442.25,53502.44921875,53414.25,53473.6015625,0.0
2026-06-02 10:05:00+0530,53476.05078125,53509.25,53342.25,53342.25,0.0
2026-06-02 10:10:00+0530,53343.3515625,53343.69921875,53226.30078125,53229.6015625,0.0
2026-06-02 10:15:00+0530,53230.19921875,53309.8984375,53188.94921875,53292.69921875,0.0
2026-06-02 10:20:00+0530,53291.6015625,53436.6015625,53286.80078125,53429.44921875,0.0
2026-06-02 10:25:00+0530,53425.80078125,53486.30078125,53386.69921875,53445.1484375,0.0
2026-06-02 10:30:00+0530,53446.44921875,53453.6484375,53287.1484375,53341.1484375,0.0
2026-06-02 10:35:00+0530,53336.69921875,53356.25,53292.1015625,53338.1484375,0.0
2026-06-02 10:40:00+0530,53334.55078125,53367.55078125,53321.6015625,53335.94921875,0.0
2026-06-02 10:45:00+0530,53329.6015625,53352.1484375,53280.80078125,53286.80078125,0.0
2026-06-02 10:50:00+0530,53286.6015625,53310.69921875,53189.05078125,53219.3515625,0.0
2026-06-02 10:55:00+0530,53218.6015625,53299.69921875,53187.30078125,53282.75,0.0
2026-06-02 11:00:00+0530,53282.94921875,53345.55078125,53262.55078125,53266.69921875,0.0
2026-06-02 11:05:00+0530,53270.3515625,53294.1484375,53234.44921875,53238.25,0.0
2026-06-02 11:10:00+0530,53237.05078125,53350.55078125,53232.8984375,53317.3515625,0.0
2026-06-02 11:15:00+0530,53313.75,53329.8515625,53243.5,53296.80078125,0.0
2026-06-02 11:20:00+0530,53296.75,53448.19921875,53294.44921875,53443.6015625,0.0
2026-06-02 11:25:00+0530,53439.8984375,53444.69921875,53309.94921875,53339.5,0.0
2026-06-02 11:30:00+0530,53339.5,53378.30078125,53320.44921875,53340.19921875,0.0
2026-06-02 11:35:00+0530,53342.3984375,53348.6484375,53235.30078125,53238.8984375,0.0
2026-06-02 11:40:00+0530,53239.0,53299.1015625,53232.1484375,53266.8515625,0.0
2026-06-02 11:45:00+0530,53267.94921875,53285.05078125,53212.6015625,53257.55078125,0.0
2026-06-02 11:50:00+0530,53255.6015625,53291.69921875,53240.55078125,53277.55078125,0.0
2026-06-02 11:55:00+0530,53276.8515625,53297.5,53214.75,53232.44921875,0.0
2026-06-02 12:00:00+0530,53232.44921875,53303.69921875,53209.69921875,53267.6015625,0.0
2026-06-02 12:05:00+0530,53267.05078125,53291.44921875,53233.19921875,53283.25,0.0
2026-06-02 12:10:00+0530,53281.5,53293.5,53242.5,53242.5,0.0
2026-06-02 12:15:00+0530,53245.6015625,53313.55078125,53239.1484375,53261.19921875,0.0
2026-06-02 12:20:00+0530,53262.6015625,53269.75,53227.1484375,53238.05078125,0.0
2026-06-02 12:25:00+0530,53237.94921875,53253.55078125,53139.6484375,53156.0,0.0
2026-06-02 12:30:00+0530,53153.0,53371.05078125,53135.80078125,53304.3984375,0.0
2026-06-02 12:35:00+0530,53295.30078125,53346.3984375,53265.05078125,53321.05078125,0.0
2026-06-02 12:40:00+0530,53325.1015625,53466.80078125,53317.0,53461.6484375,0.0
2026-06-02 12:45:00+0530,53463.75,53718.6484375,53460.3984375,53684.05078125,0.0
2026-06-02 12:50:00+0530,53687.6015625,53805.25,53684.69921875,53728.94921875,0.0
2026-06-02 12:55:00+0530,53728.3984375,53822.6484375,53698.6484375,53787.25,0.0
2026-06-02 13:00:00+0530,53784.3515625,53791.5,53718.25,53768.6015625,0.0
2026-06-02 13:05:00+0530,53769.25,53810.75,53751.8984375,53775.5,0.0
2026-06-02 13:10:00+0530,53777.8984375,53903.05078125,53755.44921875,53820.8515625,0.0
2026-06-02 13:15:00+0530,53823.6015625,53867.3515625,53796.75,53801.3984375,0.0
2026-06-02 13:20:00+0530,53800.30078125,53843.1484375,53759.1015625,53825.55078125,0.0
2026-06-02 13:25:00+0530,53845.05078125,53883.19921875,53816.05078125,53872.19921875,0.0
2026-06-02 13:30:00+0530,53872.8984375,53932.3984375,53872.8984375,53891.6484375,0.0
2026-06-02 13:35:00+0530,53890.19921875,53896.8515625,53814.69921875,53832.25,0.0
2026-06-02 13:40:00+0530,53832.94921875,53882.25,53795.8515625,53819.3515625,0.0
2026-06-02 13:45:00+0530,53821.25,53903.69921875,53815.25,53889.19921875,0.0
2026-06-02 13:50:00+0530,53887.1015625,53887.8515625,53820.80078125,53837.69921875,0.0
2026-06-02 13:55:00+0530,53837.55078125,53846.94921875,53782.6015625,53827.3515625,0.0
2026-06-02 14:00:00+0530,53830.5,53869.3515625,53822.8515625,53867.8984375,0.0
2026-06-02 14:05:00+0530,53868.8984375,53911.44921875,53862.1484375,53910.3515625,0.0
2026-06-02 14:10:00+0530,53910.55078125,53910.55078125,53850.19921875,53867.30078125,0.0
2026-06-02 14:15:00+0530,53870.44921875,53900.30078125,53804.8984375,53815.69921875,0.0
2026-06-02 14:20:00+0530,53815.69921875,53932.80078125,53806.3984375,53864.3515625,0.0
2026-06-02 14:25:00+0530,53861.55078125,53914.30078125,53811.8984375,53839.1484375,0.0
2026-06-02 14:30:00+0530,53838.3984375,53873.1015625,53802.6484375,53856.3515625,0.0
2026-06-02 14:35:00+0530,53853.80078125,53857.6015625,53726.0,53726.05078125,0.0
2026-06-02 14:40:00+0530,53724.19921875,53728.55078125,53644.0,53660.19921875,0.0
2026-06-02 14:45:00+0530,53659.0,53689.8515625,53600.80078125,53681.3515625,0.0
2026-06-02 14:50:00+0530,53690.75,53722.6015625,53664.6484375,53686.8984375,0.0
2026-06-02 14:55:00+0530,53684.55078125,53689.44921875,53630.6015625,53631.1484375,0.0
2026-06-02 15:00:00+0530,53627.6015625,53686.80078125,53587.69921875,53662.8984375,0.0
2026-06-02 15:05:00+0530,53665.55078125,53743.8515625,53652.5,53728.80078125,0.0
2026-06-02 15:10:00+0530,53728.80078125,53777.3515625,53722.80078125,53749.75,0.0
2026-06-02 15:15:00+0530,53752.8515625,53823.55078125,53750.55078125,53786.25,0.0
2026-06-02 15:20:00+0530,53789.1015625,53801.94921875,53761.8515625,53789.55078125,0.0
2026-06-02 15:25:00+0530,53791.55078125,53816.25,53737.8515625,53813.6015625,0.0
2026-06-03 09:15:00+0530,53588.75,53603.75,53197.6484375,53232.55078125,0.0
2026-06-03 09:20:00+0530,53230.69921875,53310.8984375,53195.80078125,53263.80078125,0.0
2026-06-03 09:25:00+0530,53271.94921875,53277.25,53169.8984375,53232.94921875,0.0
2026-06-03 09:30:00+0530,53230.80078125,53236.75,53146.94921875,53156.05078125,0.0
2026-06-03 09:35:00+0530,53155.75,53247.69921875,53133.0,53242.0,0.0
2026-06-03 09:40:00+0530,53243.75,53243.80078125,53186.80078125,53211.94921875,0.0
2026-06-03 09:45:00+0530,53214.25,53219.6484375,53141.69921875,53206.5,0.0
2026-06-03 09:50:00+0530,53209.05078125,53317.30078125,53196.1484375,53197.44921875,0.0
2026-06-03 09:55:00+0530,53200.8984375,53258.75,53139.69921875,53213.05078125,0.0
2026-06-03 10:00:00+0530,53212.8984375,53290.1484375,53193.55078125,53290.1484375,0.0
2026-06-03 10:05:00+0530,53287.8515625,53302.30078125,53242.8984375,53252.30078125,0.0
2026-06-03 10:10:00+0530,53249.8515625,53250.05078125,53165.3515625,53185.1484375,0.0
2026-06-03 10:15:00+0530,53182.05078125,53260.25,53169.8515625,53248.44921875,0.0
2026-06-03 10:20:00+0530,53250.5,53274.8984375,53208.3984375,53208.3984375,0.0
2026-06-03 10:25:00+0530,53211.3984375,53262.3515625,53189.6015625,53208.19921875,0.0
2026-06-03 10:30:00+0530,53209.80078125,53220.6015625,53092.1015625,53094.80078125,0.0
2026-06-03 10:35:00+0530,53098.25,53166.55078125,53095.44921875,53155.80078125,0.0
2026-06-03 10:40:00+0530,53154.05078125,53186.3515625,53138.8984375,53140.94921875,0.0
2026-06-03 10:45:00+0530,53142.3984375,53171.8515625,53112.80078125,53164.8515625,0.0
2026-06-03 10:50:00+0530,53165.44921875,53165.44921875,53101.6484375,53161.44921875,0.0
2026-06-03 10:55:00+0530,53160.80078125,53168.75,53103.55078125,53131.8515625,0.0
2026-06-03 11:00:00+0530,53135.69921875,53174.8515625,53111.19921875,53129.30078125,0.0
2026-06-03 11:05:00+0530,53126.8984375,53126.8984375,53071.1484375,53076.75,0.0
2026-06-03 11:10:00+0530,53076.05078125,53123.69921875,53076.05078125,53090.5,0.0
2026-06-03 11:15:00+0530,53091.80078125,53197.80078125,53087.6015625,53170.69921875,0.0
2026-06-03 11:20:00+0530,53172.0,53236.6015625,53162.30078125,53186.1484375,0.0
2026-06-03 11:25:00+0530,53186.30078125,53227.30078125,53162.0,53195.3984375,0.0
2026-06-03 11:30:00+0530,53199.05078125,53245.69921875,53176.6484375,53227.6484375,0.0
2026-06-03 11:35:00+0530,53224.5,53233.75,53167.0,53170.0,0.0
2026-06-03 11:40:00+0530,53173.05078125,53173.05078125,53126.30078125,53151.0,0.0
2026-06-03 11:45:00+0530,53151.69921875,53172.5,53142.55078125,53167.80078125,0.0
2026-06-03 11:50:00+0530,53168.5,53213.0,53159.44921875,53203.55078125,0.0
2026-06-03 11:55:00+0530,53203.1015625,53208.55078125,53146.69921875,53148.8984375,0.0
2026-06-03 12:00:00+0530,53151.1015625,53187.25,53028.3515625,53072.80078125,0.0
2026-06-03 12:05:00+0530,53073.1484375,53131.55078125,53064.25,53119.1015625,0.0
2026-06-03 12:10:00+0530,53116.6484375,53120.30078125,53063.3984375,53093.44921875,0.0
2026-06-03 12:15:00+0530,53092.25,53092.25,53067.0,53091.19921875,0.0
2026-06-03 12:20:00+0530,53089.75,53140.0,53080.75,53118.80078125,0.0
2026-06-03 12:25:00+0530,53118.3984375,53295.3515625,53110.8984375,53295.3515625,0.0
2026-06-03 12:30:00+0530,53298.05078125,53518.80078125,53296.8515625,53479.8984375,0.0
2026-06-03 12:35:00+0530,53477.8984375,53658.3984375,53468.1015625,53591.30078125,0.0
2026-06-03 12:40:00+0530,53595.0,53723.1015625,53590.80078125,53661.8984375,0.0
2026-06-03 12:45:00+0530,53662.3984375,53732.1015625,53602.69921875,53611.5,0.0
2026-06-03 12:50:00+0530,53611.8984375,53663.0,53546.25,53548.3515625,0.0
2026-06-03 12:55:00+0530,53551.1015625,53613.44921875,53540.0,53572.3515625,0.0
2026-06-03 13:00:00+0530,53577.1484375,53652.80078125,53567.8515625,53591.8515625,0.0
2026-06-03 13:05:00+0530,53591.6015625,53596.05078125,53525.25,53564.55078125,0.0
2026-06-03 13:10:00+0530,53568.3984375,53606.6484375,53535.8984375,53606.6484375,0.0
2026-06-03 13:15:00+0530,53623.94921875,53729.30078125,53622.3984375,53669.94921875,0.0
2026-06-03 13:20:00+0530,53686.0,53822.6015625,53678.8515625,53782.3984375,0.0
2026-06-03 13:25:00+0530,53784.5,53832.94921875,53755.8515625,53795.30078125,0.0
2026-06-03 13:30:00+0530,53806.6015625,53828.6484375,53717.3984375,53764.75,0.0
2026-06-03 13:35:00+0530,53768.30078125,53771.05078125,53724.19921875,53734.3515625,0.0
2026-06-03 13:40:00+0530,53736.30078125,53775.80078125,53689.8984375,53698.5,0.0
2026-06-03 13:45:00+0530,53702.3515625,53950.3515625,53694.69921875,53869.8984375,0.0
2026-06-03 13:50:00+0530,53872.1484375,53880.0,53816.75,53868.94921875,0.0
2026-06-03 13:55:00+0530,53868.8984375,53885.6015625,53808.25,53882.6484375,0.0
2026-06-03 14:00:00+0530,53886.25,53979.19921875,53886.25,53979.19921875,0.0
2026-06-03 14:05:00+0530,53974.55078125,54002.30078125,53909.0,53945.3984375,0.0
2026-06-03 14:10:00+0530,53946.6015625,53955.5,53860.30078125,53941.44921875,0.0
2026-06-03 14:15:00+0530,53937.1484375,54001.1015625,53929.69921875,53972.3984375,0.0
2026-06-03 14:20:00+0530,53966.5,54048.6484375,53940.3984375,54029.94921875,0.0
2026-06-03 14:25:00+0530,54028.8515625,54031.0,53909.0,53935.44921875,0.0
2026-06-03 14:30:00+0530,53938.19921875,54012.3984375,53926.6015625,54004.3984375,0.0
2026-06-03 14:35:00+0530,54007.6484375,54039.1484375,53950.1015625,54028.80078125,0.0
2026-06-03 14:40:00+0530,54029.19921875,54154.5,54026.5,54095.8515625,0.0
2026-06-03 14:45:00+0530,54096.1484375,54169.5,54086.1015625,54158.5,0.0
2026-06-03 14:50:00+0530,54160.69921875,54253.6015625,54147.94921875,54210.3984375,0.0
2026-06-03 14:55:00+0530,54213.8984375,54215.8984375,54150.8515625,54199.6484375,0.0
2026-06-03 15:00:00+0530,54204.6015625,54239.1484375,54066.30078125,54207.8515625,0.0
2026-06-03 15:05:00+0530,54211.75,54295.6484375,54077.05078125,54095.05078125,0.0
2026-06-03 15:10:00+0530,54103.05078125,54164.44921875,54049.25,54149.55078125,0.0
2026-06-03 15:15:00+0530,54156.6015625,54208.6015625,54150.75,54188.3984375,0.0
2026-06-03 15:20:00+0530,54191.05078125,54248.5,54184.25,54223.05078125,0.0
2026-06-03 15:25:00+0530,54224.6484375,54271.19921875,54197.44921875,54247.05078125,0.0
2026-06-04 09:15:00+0530,53966.94921875,54137.30078125,53837.6484375,54039.05078125,0.0
2026-06-04 09:20:00+0530,54034.8984375,54061.5,53890.1484375,53945.3984375,0.0
2026-06-04 09:25:00+0530,53943.94921875,54019.94921875,53920.3515625,53972.1015625,0.0
2026-06-04 09:30:00+0530,53970.3515625,53980.3984375,53879.6015625,53976.75,0.0
2026-06-04 09:35:00+0530,53970.69921875,54077.30078125,53953.44921875,53953.44921875,0.0
2026-06-04 09:40:00+0530,53958.1484375,54048.3515625,53907.69921875,54040.94921875,0.0
2026-06-04 09:45:00+0530,54040.69921875,54217.3984375,54040.69921875,54207.69921875,0.0
2026-06-04 09:50:00+0530,54203.1484375,54213.55078125,54117.5,54208.19921875,0.0
2026-06-04 09:55:00+0530,54207.1015625,54333.69921875,54192.0,54232.1484375,0.0
2026-06-04 10:00:00+0530,54233.8515625,54337.3984375,54215.6015625,54302.6015625,0.0
2026-06-04 10:05:00+0530,54300.6015625,54316.19921875,54259.0,54271.44921875,0.0
2026-06-04 10:10:00+0530,54260.8984375,54282.3515625,54230.3984375,54257.0,0.0
2026-06-04 10:15:00+0530,54253.8515625,54298.19921875,54198.25,54296.25,0.0
2026-06-04 10:20:00+0530,54294.8515625,54307.0,54283.1015625,54298.8515625,0.0
2026-06-04 10:25:00+0530,54298.05078125,54304.6484375,54207.0,54207.1015625,0.0
2026-06-04 10:30:00+0530,54205.8515625,54234.3515625,54127.6015625,54130.1484375,0.0
2026-06-04 10:35:00+0530,54129.55078125,54171.75,54107.6484375,54137.3515625,0.0
2026-06-04 10:40:00+0530,54139.3515625,54235.5,54138.69921875,54235.3515625,0.0
2026-06-04 10:45:00+0530,54236.75,54370.94921875,54229.80078125,54340.25,0.0
2026-06-04 10:50:00+0530,54339.6484375,54371.0,54313.69921875,54359.55078125,0.0
2026-06-04 10:55:00+0530,54361.3984375,54395.75,54351.8984375,54357.8984375,0.0
2026-06-04 11:00:00+0530,54358.1484375,54387.75,54270.8515625,54297.80078125,0.0
2026-06-04 11:05:00+0530,54296.44921875,54304.69921875,54208.30078125,54224.05078125,0.0
2026-06-04 11:10:00+0530,54221.8515625,54265.1015625,54198.94921875,54257.3984375,0.0
2026-06-04 11:15:00+0530,54254.6015625,54271.80078125,54219.1015625,54220.80078125,0.0
2026-06-04 11:20:00+0530,54221.69921875,54238.55078125,54196.6015625,54218.30078125,0.0
2026-06-04 11:25:00+0530,54213.80078125,54230.25,54173.69921875,54203.1015625,0.0
2026-06-04 11:30:00+0530,54202.6015625,54223.75,54110.30078125,54221.19921875,0.0
2026-06-04 11:35:00+0530,54223.1015625,54324.44921875,54204.55078125,54308.8515625,0.0
2026-06-04 11:40:00+0530,54305.8515625,54356.55078125,54295.3984375,54299.75,0.0
2026-06-04 11:45:00+0530,54302.3515625,54310.69921875,54264.19921875,54279.55078125,0.0
2026-06-04 11:50:00+0530,54275.8984375,54278.19921875,54150.05078125,54156.3984375,0.0
2026-06-04 11:55:00+0530,54160.0,54242.0,54140.19921875,54225.19921875,0.0
2026-06-04 12:00:00+0530,54224.0,54280.3515625,54196.19921875,54241.55078125,0.0
2026-06-04 12:05:00+0530,54241.8984375,54351.1015625,54232.5,54343.44921875,0.0
2026-06-04 12:10:00+0530,54343.8515625,54355.1015625,54278.44921875,54308.25,0.0
2026-06-04 12:15:00+0530,54307.55078125,54339.8515625,54278.25,54278.5,0.0
2026-06-04 12:20:00+0530,54281.19921875,54311.44921875,54255.44921875,54303.5,0.0
2026-06-04 12:25:00+0530,54302.30078125,54350.75,54290.80078125,54344.6015625,0.0
2026-06-04 12:30:00+0530,54341.19921875,54344.6484375,54248.19921875,54253.0,0.0
2026-06-04 12:35:00+0530,54251.1015625,54272.3984375,54202.5,54272.3984375,0.0
2026-06-04 12:40:00+0530,54275.30078125,54289.94921875,54242.3984375,54245.8984375,0.0
2026-06-04 12:45:00+0530,54243.94921875,54315.0,54243.3515625,54269.6015625,0.0
2026-06-04 12:50:00+0530,54267.8984375,54271.69921875,54235.8515625,54249.6484375,0.0
2026-06-04 12:55:00+0530,54249.1015625,54287.80078125,54246.05078125,54287.80078125,0.0
2026-06-04 13:00:00+0530,54288.80078125,54310.80078125,54253.44921875,54266.5,0.0
2026-06-04 13:05:00+0530,54265.8984375,54265.8984375,54177.6015625,54226.1484375,0.0
2026-06-04 13:10:00+0530,54227.44921875,54228.05078125,54032.1484375,54045.05078125,0.0
2026-06-04 13:15:00+0530,54050.75,54092.05078125,53995.19921875,54082.3984375,0.0
2026-06-04 13:20:00+0530,54082.25,54112.05078125,54038.1015625,54071.3984375,0.0
2026-06-04 13:25:00+0530,54061.05078125,54077.55078125,54021.19921875,54048.6015625,0.0
2026-06-04 13:30:00+0530,54051.6015625,54067.44921875,54014.3515625,54067.44921875,0.0
2026-06-04 13:35:00+0530,54065.05078125,54095.8984375,54061.75,54088.05078125,0.0
2026-06-04 13:40:00+0530,54088.80078125,54090.75,54029.1015625,54056.8984375,0.0
2026-06-04 13:45:00+0530,54058.1484375,54110.19921875,54037.80078125,54089.30078125,0.0
2026-06-04 13:50:00+0530,54088.69921875,54108.80078125,54033.5,54093.94921875,0.0
2026-06-04 13:55:00+0530,54092.6015625,54111.3984375,54026.44921875,54093.25,0.0
2026-06-04 14:00:00+0530,54088.5,54249.3515625,54079.75,54209.19921875,0.0
2026-06-04 14:05:00+0530,54211.69921875,54250.05078125,54188.1015625,54248.05078125,0.0
2026-06-04 14:10:00+0530,54248.6015625,54271.94921875,54217.1484375,54226.6015625,0.0
2026-06-04 14:15:00+0530,54229.8515625,54271.3984375,54220.30078125,54247.80078125,0.0
2026-06-04 14:20:00+0530,54248.69921875,54270.6484375,54208.05078125,54245.3984375,0.0
2026-06-04 14:25:00+0530,54242.6484375,54287.75,54242.6484375,54265.6015625,0.0
2026-06-04 14:30:00+0530,54268.30078125,54326.19921875,54251.55078125,54307.19921875,0.0
2026-06-04 14:35:00+0530,54309.55078125,54391.1015625,54306.6015625,54391.0,0.0
2026-06-04 14:40:00+0530,54389.3515625,54396.6015625,54348.3515625,54381.1015625,0.0
2026-06-04 14:45:00+0530,54381.5,54459.6484375,54349.6484375,54362.6015625,0.0
2026-06-04 14:50:00+0530,54364.94921875,54373.8515625,54253.3515625,54255.30078125,0.0
2026-06-04 14:55:00+0530,54254.3515625,54286.44921875,54241.44921875,54270.6015625,0.0
2026-06-04 15:00:00+0530,54270.0,54293.1015625,54229.94921875,54239.94921875,0.0
2026-06-04 15:05:00+0530,54240.75,54339.6484375,54232.80078125,54316.5,0.0
2026-06-04 15:10:00+0530,54320.30078125,54332.6015625,54306.69921875,54308.75,0.0
2026-06-04 15:15:00+0530,54306.94921875,54337.69921875,54297.80078125,54314.94921875,0.0
2026-06-04 15:20:00+0530,54320.69921875,54348.5,54276.44921875,54332.94921875,0.0
2026-06-04 15:25:00+0530,54332.30078125,54360.94921875,54303.1015625,54330.6015625,0.0
2026-06-05 09:15:00+0530,54405.19921875,54519.05078125,54328.3515625,54335.19921875,0.0
2026-06-05 09:20:00+0530,54334.8515625,54436.80078125,54316.3984375,54410.55078125,0.0
2026-06-05 09:25:00+0530,54410.80078125,54481.6015625,54365.80078125,54475.8984375,0.0
2026-06-05 09:30:00+0530,54478.0,54538.6015625,54459.69921875,54516.25,0.0
2026-06-05 09:35:00+0530,54514.69921875,54544.3984375,54436.25,54471.30078125,0.0
2026-06-05 09:40:00+0530,54464.30078125,54520.05078125,54423.94921875,54499.69921875,0.0
2026-06-05 09:45:00+0530,54502.69921875,54528.19921875,54436.5,54513.1484375,0.0
2026-06-05 09:50:00+0530,54515.0,54600.69921875,54488.05078125,54578.8515625,0.0
2026-06-05 09:55:00+0530,54576.19921875,54627.75,54511.8515625,54535.6484375,0.0
2026-06-05 10:00:00+0530,54531.3515625,54660.0,54487.8984375,54631.25,0.0
2026-06-05 10:05:00+0530,54625.30078125,54702.05078125,54502.30078125,54659.44921875,0.0
2026-06-05 10:10:00+0530,54654.94921875,54691.1484375,54485.69921875,54494.1015625,0.0
2026-06-05 10:15:00+0530,54496.05078125,54663.55078125,54461.8515625,54612.1484375,0.0
2026-06-05 10:20:00+0530,54622.3984375,54685.8984375,54542.75,54670.5,0.0
2026-06-05 10:25:00+0530,54674.3984375,54731.19921875,54602.94921875,54616.30078125,0.0
2026-06-05 10:30:00+0530,54621.30078125,54635.94921875,54508.75,54508.75,0.0
2026-06-05 10:35:00+0530,54515.6484375,54533.0,54325.5,54328.05078125,0.0
2026-06-05 10:40:00+0530,54330.1015625,54359.0,54208.69921875,54274.75,0.0
2026-06-05 10:45:00+0530,54271.19921875,54348.5,54174.25,54346.30078125,0.0
2026-06-05 10:50:00+0530,54345.1015625,54435.3984375,54345.1015625,54405.0,0.0
2026-06-05 10:55:00+0530,54409.94921875,54492.30078125,54397.3984375,54478.8984375,0.0
2026-06-05 11:00:00+0530,54485.6015625,54672.1015625,54471.6015625,54667.44921875,0.0
2026-06-05 11:05:00+0530,54666.8984375,54863.80078125,54638.05078125,54759.30078125,0.0
2026-06-05 11:10:00+0530,54755.19921875,54801.3984375,54701.80078125,54701.80078125,0.0
2026-06-05 11:15:00+0530,54702.44921875,54767.25,54666.3984375,54688.6484375,0.0
2026-06-05 11:20:00+0530,54687.69921875,54696.0,54555.44921875,54608.6484375,0.0
2026-06-05 11:25:00+0530,54595.1484375,54615.30078125,54558.3515625,54583.3984375,0.0
2026-06-05 11:30:00+0530,54579.5,54656.75,54575.44921875,54603.94921875,0.0
2026-06-05 11:35:00+0530,54591.8984375,54602.0,54497.19921875,54537.5,0.0
2026-06-05 11:40:00+0530,54541.25,54637.80078125,54523.3984375,54569.6484375,0.0
2026-06-05 11:45:00+0530,54573.1015625,54647.6484375,54557.1015625,54607.55078125,0.0
2026-06-05 11:50:00+0530,54607.25,54609.25,54546.69921875,54546.69921875,0.0
2026-06-05 11:55:00+0530,54549.80078125,54552.25,54497.1015625,54500.19921875,0.0
2026-06-05 12:00:00+0530,54497.94921875,54616.80078125,54496.94921875,54616.69921875,0.0
2026-06-05 12:05:00+0530,54612.5,54646.8515625,54594.75,54598.80078125,0.0
2026-06-05 12:10:00+0530,54600.1015625,54639.75,54545.44921875,54625.30078125,0.0
2026-06-05 12:15:00+0530,54627.94921875,54657.1015625,54588.5,54624.30078125,0.0
2026-06-05 12:20:00+0530,54620.1484375,54636.1484375,54611.75,54625.8515625,0.0
2026-06-05 12:25:00+0530,54625.8515625,54684.30078125,54620.3515625,54622.55078125,0.0
2026-06-05 12:30:00+0530,54625.19921875,54627.5,54508.25,54534.1484375,0.0
2026-06-05 12:35:00+0530,54538.1484375,54560.3984375,54456.44921875,54506.19921875,0.0
2026-06-05 12:40:00+0530,54507.94921875,54521.19921875,54441.6484375,54456.1484375,0.0
2026-06-05 12:45:00+0530,54456.6484375,54479.55078125,54413.19921875,54428.19921875,0.0
2026-06-05 12:50:00+0530,54429.55078125,54454.19921875,54365.6484375,54410.94921875,0.0
2026-06-05 12:55:00+0530,54410.30078125,54427.80078125,54396.69921875,54396.69921875,0.0
2026-06-05 13:00:00+0530,54398.19921875,54422.0,54345.8515625,54422.0,0.0
2026-06-05 13:05:00+0530,54416.69921875,54438.19921875,54359.94921875,54378.6015625,0.0
2026-06-05 13:10:00+0530,54381.69921875,54408.8984375,54349.30078125,54364.8515625,0.0
2026-06-05 13:15:00+0530,54367.25,54445.6484375,54348.05078125,54411.8984375,0.0
2026-06-05 13:20:00+0530,54411.1015625,54422.0,54301.5,54331.94921875,0.0
2026-06-05 13:25:00+0530,54328.8984375,54366.30078125,54259.8984375,54260.6015625,0.0
2026-06-05 13:30:00+0530,54255.3515625,54273.3515625,54202.25,54229.05078125,0.0
2026-06-05 13:35:00+0530,54229.8984375,54285.3984375,54212.5,54273.94921875,0.0
2026-06-05 13:40:00+0530,54271.80078125,54280.80078125,54141.1015625,54207.05078125,0.0
2026-06-05 13:45:00+0530,54203.94921875,54257.3984375,54185.1015625,54248.5,0.0
2026-06-05 13:50:00+0530,54245.55078125,54253.05078125,54202.5,54240.75,0.0
2026-06-05 13:55:00+0530,54233.3515625,54292.80078125,54230.0,54292.19921875,0.0
2026-06-05 14:00:00+0530,54296.0,54323.3515625,54260.6484375,54278.05078125,0.0
2026-06-05 14:05:00+0530,54280.80078125,54309.5,54272.80078125,54276.05078125,0.0
2026-06-05 14:10:00+0530,54274.44921875,54280.5,54199.25,54210.05078125,0.0
2026-06-05 14:15:00+0530,54208.3515625,54215.5,54160.25,54189.44921875,0.0
2026-06-05 14:20:00+0530,54189.30078125,54274.1015625,54163.0,54273.25,0.0
2026-06-05 14:25:00+0530,54270.25,54387.6484375,54270.19921875,54369.8515625,0.0
2026-06-05 14:30:00+0530,54369.5,54398.8515625,54332.30078125,54344.44921875,0.0
2026-06-05 14:35:00+0530,54345.44921875,54363.94921875,54271.6484375,54301.69921875,0.0
2026-06-05 14:40:00+0530,54300.19921875,54506.44921875,54294.94921875,54500.05078125,0.0
2026-06-05 14:45:00+0530,54502.0,54576.8984375,54406.0,54433.55078125,0.0
2026-06-05 14:50:00+0530,54431.3984375,54504.8984375,54431.3984375,54501.19921875,0.0
2026-06-05 14:55:00+0530,54498.5,54520.8515625,54430.19921875,54470.5,0.0
2026-06-05 15:00:00+0530,54474.80078125,54495.75,54359.80078125,54478.69921875,0.0
2026-06-05 15:05:00+0530,54479.19921875,54510.1015625,54454.19921875,54498.55078125,0.0
2026-06-05 15:10:00+0530,54500.19921875,54510.19921875,54470.05078125,54496.5,0.0
2026-06-05 15:15:00+0530,54495.6484375,54535.19921875,54495.6484375,54503.8515625,0.0
2026-06-05 15:20:00+0530,54505.5,54519.1484375,54467.25,54513.1015625,0.0
2026-06-05 15:25:00+0530,54511.25,54564.8984375,54503.6484375,54519.69921875,0.0
2026-06-08 09:15:00+0530,53871.0,54228.75,53871.0,54226.80078125,0.0
2026-06-08 09:20:00+0530,54228.05078125,54298.8515625,54111.6015625,54282.69921875,0.0
2026-06-08 09:25:00+0530,54281.25,54385.80078125,54219.44921875,54357.8515625,0.0
2026-06-08 09:30:00+0530,54358.6484375,54453.8984375,54322.6484375,54437.94921875,0.0
2026-06-08 09:35:00+0530,54439.55078125,54439.55078125,54239.94921875,54299.6484375,0.0
2026-06-08 09:40:00+0530,54299.3984375,54358.80078125,54250.8984375,54304.55078125,0.0
2026-06-08 09:45:00+0530,54310.1015625,54361.8515625,54200.25,54208.6015625,0.0
2026-06-08 09:50:00+0530,54205.0,54253.19921875,54175.80078125,54251.44921875,0.0
2026-06-08 09:55:00+0530,54253.8515625,54335.80078125,54249.8515625,54331.3984375,0.0
2026-06-08 10:00:00+0530,54330.6015625,54335.80078125,54199.3515625,54199.69921875,0.0
2026-06-08 10:05:00+0530,54196.44921875,54233.6484375,54124.05078125,54215.75,0.0
2026-06-08 10:10:00+0530,54219.25,54247.44921875,54166.44921875,54170.05078125,0.0
2026-06-08 10:15:00+0530,54170.8984375,54226.6484375,54148.3984375,54224.3984375,0.0
2026-06-08 10:20:00+0530,54224.69921875,54238.6484375,54176.69921875,54189.3984375,0.0
2026-06-08 10:25:00+0530,54189.55078125,54199.94921875,54106.44921875,54166.3515625,0.0
2026-06-08 10:30:00+0530,54166.25,54251.8984375,54163.69921875,54246.6484375,0.0
2026-06-08 10:35:00+0530,54250.94921875,54266.55078125,54209.05078125,54251.30078125,0.0
2026-06-08 10:40:00+0530,54252.0,54291.44921875,54185.30078125,54190.8984375,0.0
2026-06-08 10:45:00+0530,54193.3515625,54213.55078125,54152.55078125,54212.05078125,0.0
2026-06-08 10:50:00+0530,54212.8984375,54242.6015625,54172.25,54189.69921875,0.0
2026-06-08 10:55:00+0530,54188.19921875,54254.3984375,54163.0,54234.8515625,0.0
2026-06-08 11:00:00+0530,54237.69921875,54242.6015625,54201.1484375,54216.0,0.0
2026-06-08 11:05:00+0530,54218.3984375,54224.1015625,54174.3984375,54202.75,0.0
2026-06-08 11:10:00+0530,54202.1484375,54213.3984375,54144.5,54149.05078125,0.0
2026-06-08 11:15:00+0530,54150.30078125,54157.0,54072.8515625,54080.1484375,0.0
2026-06-08 11:20:00+0530,54080.8984375,54098.55078125,54018.6015625,54038.44921875,0.0
2026-06-08 11:25:00+0530,54040.19921875,54070.0,54018.1015625,54048.55078125,0.0
2026-06-08 11:30:00+0530,54052.69921875,54083.1015625,54038.80078125,54067.3515625,0.0
2026-06-08 11:35:00+0530,54066.19921875,54098.1484375,54053.80078125,54086.5,0.0
2026-06-08 11:40:00+0530,54089.8984375,54131.30078125,54084.55078125,54114.19921875,0.0
2026-06-08 11:45:00+0530,54115.3984375,54144.3515625,54101.3984375,54139.8515625,0.0
2026-06-08 11:50:00+0530,54141.05078125,54154.1015625,54118.80078125,54142.80078125,0.0
2026-06-08 11:55:00+0530,54143.94921875,54181.1484375,54129.8515625,54147.25,0.0
2026-06-08 12:00:00+0530,54148.1484375,54193.94921875,54135.6484375,54181.6015625,0.0
2026-06-08 12:05:00+0530,54182.44921875,54203.6015625,54158.8984375,54179.25,0.0
2026-06-08 12:10:00+0530,54180.8984375,54257.44921875,54178.69921875,54239.0,0.0
2026-06-08 12:15:00+0530,54240.5,54250.69921875,54226.05078125,54248.8515625,0.0
2026-06-08 12:20:00+0530,54250.8515625,54297.19921875,54249.80078125,54285.5,0.0
2026-06-08 12:25:00+0530,54288.5,54291.5,54241.55078125,54264.3984375,0.0
2026-06-08 12:30:00+0530,54264.80078125,54304.19921875,54256.0,54294.8515625,0.0
2026-06-08 12:35:00+0530,54296.19921875,54338.55078125,54290.44921875,54308.25,0.0
2026-06-08 12:40:00+0530,54308.05078125,54376.44921875,54306.25,54350.1015625,0.0
2026-06-08 12:45:00+0530,54351.6015625,54370.19921875,54315.69921875,54356.69921875,0.0
2026-06-08 12:50:00+0530,54355.0,54421.8515625,54335.44921875,54343.05078125,0.0
2026-06-08 12:55:00+0530,54343.75,54359.8515625,54306.1015625,54311.80078125,0.0
2026-06-08 13:00:00+0530,54309.80078125,54338.75,54284.19921875,54290.0,0.0
2026-06-08 13:05:00+0530,54290.44921875,54294.5,54252.1484375,54277.75,0.0
2026-06-08 13:10:00+0530,54279.1015625,54301.1484375,54268.8515625,54285.1484375,0.0
2026-06-08 13:15:00+0530,54290.44921875,54293.8515625,54244.05078125,54244.5,0.0
2026-06-08 13:20:00+0530,54244.55078125,54263.3984375,54224.3984375,54257.3515625,0.0
2026-06-08 13:25:00+0530,54259.8515625,54265.6484375,54212.3515625,54265.6484375,0.0
2026-06-08 13:30:00+0530,54262.75,54280.94921875,54225.8515625,54241.25,0.0
2026-06-08 13:35:00+0530,54243.5,54245.1484375,54205.44921875,54242.5,0.0
2026-06-08 13:40:00+0530,54245.5,54247.75,54153.80078125,54154.6484375,0.0
2026-06-08 13:45:00+0530,54154.6015625,54166.25,54082.69921875,54153.94921875,0.0
2026-06-08 13:50:00+0530,54152.25,54162.5,54095.1015625,54117.80078125,0.0
2026-06-08 13:55:00+0530,54117.3984375,54152.80078125,54091.94921875,54147.3984375,0.0
2026-06-08 14:00:00+0530,54148.6484375,54218.19921875,54144.19921875,54206.1015625,0.0
2026-06-08 14:05:00+0530,54208.30078125,54233.1484375,54141.05078125,54148.3984375,0.0
2026-06-08 14:10:00+0530,54148.55078125,54159.1484375,54103.80078125,54108.1484375,0.0
2026-06-08 14:15:00+0530,54107.5,54163.1015625,54078.30078125,54148.25,0.0
2026-06-08 14:20:00+0530,54148.8515625,54150.1484375,54098.05078125,54103.44921875,0.0
2026-06-08 14:25:00+0530,54102.19921875,54123.30078125,54089.44921875,54098.30078125,0.0
2026-06-08 14:30:00+0530,54099.75,54147.05078125,54089.94921875,54116.6484375,0.0
2026-06-08 14:35:00+0530,54117.8984375,54145.19921875,54085.05078125,54119.80078125,0.0
2026-06-08 14:40:00+0530,54120.8984375,54189.19921875,54110.1015625,54185.19921875,0.0
2026-06-08 14:45:00+0530,54189.3515625,54201.5,54133.44921875,54168.8515625,0.0
2026-06-08 14:50:00+0530,54173.8984375,54202.3984375,54163.94921875,54193.75,0.0
2026-06-08 14:55:00+0530,54195.0,54234.80078125,54132.6484375,54206.44921875,0.0
2026-06-08 15:00:00+0530,54214.6015625,54214.6015625,54020.1015625,54041.25,0.0
2026-06-08 15:05:00+0530,54042.25,54129.94921875,54034.1484375,54106.8984375,0.0
2026-06-08 15:10:00+0530,54107.3984375,54120.05078125,54091.1015625,54107.25,0.0
2026-06-08 15:15:00+0530,54107.44921875,54117.55078125,54082.80078125,54096.1015625,0.0
2026-06-08 15:20:00+0530,54093.25,54096.19921875,53989.69921875,54001.5,0.0
2026-06-08 15:25:00+0530,54005.1484375,54020.6484375,53949.8984375,54007.3515625,0.0
2026-06-09 09:15:00+0530,54279.30078125,54547.19921875,54266.75,54542.6484375,0.0
2026-06-09 09:20:00+0530,54541.94921875,54674.80078125,54541.94921875,54658.1015625,0.0
2026-06-09 09:25:00+0530,54656.3984375,54711.19921875,54639.44921875,54653.05078125,0.0
2026-06-09 09:30:00+0530,54653.0,54799.69921875,54653.0,54728.5,0.0
2026-06-09 09:35:00+0530,54726.6015625,54754.1015625,54683.69921875,54722.6484375,0.0
2026-06-09 09:40:00+0530,54721.80078125,54734.75,54685.69921875,54697.3984375,0.0
2026-06-09 09:45:00+0530,54696.0,54761.6015625,54639.80078125,54654.1015625,0.0
2026-06-09 09:50:00+0530,54654.3984375,54776.8984375,54651.55078125,54761.69921875,0.0
2026-06-09 09:55:00+0530,54762.69921875,54762.69921875,54677.44921875,54708.05078125,0.0
2026-06-09 10:00:00+0530,54708.05078125,54712.8984375,54633.94921875,54644.6015625,0.0
2026-06-09 10:05:00+0530,54643.94921875,54673.8515625,54631.8515625,54657.44921875,0.0
2026-06-09 10:10:00+0530,54659.80078125,54713.30078125,54658.5,54698.0,0.0
2026-06-09 10:15:00+0530,54697.94921875,54719.94921875,54690.1015625,54715.75,0.0
2026-06-09 10:20:00+0530,54713.30078125,54754.19921875,54666.8984375,54684.1015625,0.0
2026-06-09 10:25:00+0530,54685.1484375,54729.80078125,54680.69921875,54697.30078125,0.0
2026-06-09 10:30:00+0530,54697.6015625,54724.1015625,54657.55078125,54685.3515625,0.0
2026-06-09 10:35:00+0530,54685.19921875,54685.3515625,54628.1015625,54631.69921875,0.0
2026-06-09 10:40:00+0530,54631.1015625,54679.8984375,54623.25,54667.5,0.0
2026-06-09 10:45:00+0530,54666.8515625,54692.30078125,54591.3515625,54593.6015625,0.0
2026-06-09 10:50:00+0530,54593.30078125,54699.3984375,54582.30078125,54694.05078125,0.0
2026-06-09 10:55:00+0530,54692.80078125,54706.3984375,54643.80078125,54679.1015625,0.0
2026-06-09 11:00:00+0530,54675.6484375,54690.75,54649.8984375,54664.94921875,0.0
2026-06-09 11:05:00+0530,54664.25,54699.3984375,54653.1484375,54695.5,0.0
2026-06-09 11:10:00+0530,54694.1484375,54706.25,54626.30078125,54630.75,0.0
2026-06-09 11:15:00+0530,54631.6484375,54673.6484375,54601.25,54663.1484375,0.0
2026-06-09 11:20:00+0530,54663.5,54665.3515625,54510.05078125,54526.5,0.0
2026-06-09 11:25:00+0530,54523.8984375,54591.6484375,54502.94921875,54565.44921875,0.0
2026-06-09 11:30:00+0530,54563.3515625,54616.1484375,54550.05078125,54615.1015625,0.0
2026-06-09 11:35:00+0530,54613.5,54672.3984375,54607.05078125,54655.19921875,0.0
2026-06-09 11:40:00+0530,54654.6015625,54668.94921875,54601.30078125,54641.1484375,0.0
2026-06-09 11:45:00+0530,54639.80078125,54762.25,54625.19921875,54717.80078125,0.0
2026-06-09 11:50:00+0530,54717.6484375,54793.94921875,54714.19921875,54752.69921875,0.0
2026-06-09 11:55:00+0530,54751.94921875,54792.1015625,54749.3515625,54780.25,0.0
2026-06-09 12:00:00+0530,54778.3984375,54889.5,54770.8515625,54827.75,0.0
2026-06-09 12:05:00+0530,54829.6015625,54846.30078125,54797.1484375,54801.5,0.0
2026-06-09 12:10:00+0530,54801.94921875,54868.75,54793.3515625,54852.05078125,0.0
2026-06-09 12:15:00+0530,54847.30078125,54874.3984375,54841.75,54874.3984375,0.0
2026-06-09 12:20:00+0530,54910.55078125,54934.94921875,54867.6015625,54874.1015625,0.0
2026-06-09 12:25:00+0530,54871.94921875,54913.6015625,54871.94921875,54911.80078125,0.0
2026-06-09 12:30:00+0530,54907.30078125,55001.8515625,54907.30078125,54970.3984375,0.0
2026-06-09 12:35:00+0530,54971.75,55001.8515625,54953.19921875,54986.05078125,0.0
2026-06-09 12:40:00+0530,54982.69921875,54995.05078125,54936.6015625,54953.1484375,0.0
2026-06-09 12:45:00+0530,54948.8515625,54989.19921875,54940.05078125,54979.80078125,0.0
2026-06-09 12:50:00+0530,54978.69921875,54997.05078125,54947.94921875,54965.69921875,0.0
2026-06-09 12:55:00+0530,54961.6015625,54965.30078125,54901.3515625,54928.69921875,0.0
2026-06-09 13:00:00+0530,54927.94921875,55014.1015625,54927.94921875,54964.6015625,0.0
2026-06-09 13:05:00+0530,54962.55078125,55024.0,54951.44921875,55015.0,0.0
2026-06-09 13:10:00+0530,55008.8984375,55080.8984375,55007.6484375,55066.80078125,0.0
2026-06-09 13:15:00+0530,55067.80078125,55108.30078125,55040.8515625,55063.80078125,0.0
2026-06-09 13:20:00+0530,55063.80078125,55090.3515625,55041.94921875,55065.19921875,0.0
2026-06-09 13:25:00+0530,55063.05078125,55104.1484375,55063.05078125,55101.69921875,0.0
2026-06-09 13:30:00+0530,55100.94921875,55110.05078125,55044.8515625,55105.44921875,0.0
2026-06-09 13:35:00+0530,55105.44921875,55128.75,55069.0,55125.25,0.0
2026-06-09 13:40:00+0530,55126.55078125,55134.6015625,55082.94921875,55124.94921875,0.0
2026-06-09 13:45:00+0530,55123.30078125,55128.80078125,55077.55078125,55093.1484375,0.0
2026-06-09 13:50:00+0530,55087.5,55103.75,55048.44921875,55061.1015625,0.0
2026-06-09 13:55:00+0530,55058.75,55070.8984375,55019.94921875,55060.44921875,0.0
2026-06-09 14:00:00+0530,55060.8984375,55065.55078125,55033.8515625,55060.69921875,0.0
2026-06-09 14:05:00+0530,55061.6015625,55124.44921875,55053.94921875,55124.44921875,0.0
2026-06-09 14:10:00+0530,55122.5,55133.8984375,55080.94921875,55080.94921875,0.0
2026-06-09 14:15:00+0530,55082.0,55085.3515625,55034.8515625,55037.80078125,0.0
2026-06-09 14:20:00+0530,55033.19921875,55036.25,54998.3515625,55031.8984375,0.0
2026-06-09 14:25:00+0530,55025.94921875,55106.05078125,55025.94921875,55105.80078125,0.0
2026-06-09 14:30:00+0530,55103.94921875,55142.3984375,55063.6484375,55142.3984375,0.0
2026-06-09 14:35:00+0530,55140.05078125,55219.25,55123.0,55215.3984375,0.0
2026-06-09 14:40:00+0530,55217.1015625,55297.05078125,55215.0,55284.3984375,0.0
2026-06-09 14:45:00+0530,55285.8515625,55286.94921875,55240.3984375,55241.0,0.0
2026-06-09 14:50:00+0530,55242.44921875,55311.30078125,55235.94921875,55304.3984375,0.0
2026-06-09 14:55:00+0530,55306.25,55315.8515625,55264.80078125,55277.3515625,0.0
2026-06-09 15:00:00+0530,55277.80078125,55277.80078125,55159.6015625,55183.30078125,0.0
2026-06-09 15:05:00+0530,55184.44921875,55240.1015625,55161.69921875,55222.8515625,0.0
2026-06-09 15:10:00+0530,55224.75,55231.80078125,55176.30078125,55209.1015625,0.0
2026-06-09 15:15:00+0530,55207.94921875,55211.1015625,55160.1484375,55162.69921875,0.0
2026-06-09 15:20:00+0530,55160.8984375,55205.75,55148.3984375,55199.75,0.0
2026-06-09 15:25:00+0530,55199.8984375,55270.1484375,55185.80078125,55249.1484375,0.0
2026-06-10 09:15:00+0530,55110.5,55394.69921875,55096.0,55263.30078125,0.0
2026-06-10 09:20:00+0530,55262.0,55320.69921875,55248.8984375,55292.30078125,0.0
2026-06-10 09:25:00+0530,55291.94921875,55325.1484375,55261.19921875,55320.25,0.0
2026-06-10 09:30:00+0530,55322.0,55327.69921875,55274.1015625,55327.69921875,0.0
2026-06-10 09:35:00+0530,55330.05078125,55349.80078125,55290.44921875,55338.6484375,0.0
2026-06-10 09:40:00+0530,55337.30078125,55372.3984375,55304.94921875,55366.44921875,0.0
2026-06-10 09:45:00+0530,55364.19921875,55382.05078125,55326.3515625,55354.6015625,0.0
2026-06-10 09:50:00+0530,55355.80078125,55361.8984375,55297.5,55314.44921875,0.0
2026-06-10 09:55:00+0530,55315.1015625,55376.3515625,55308.8984375,55317.30078125,0.0
2026-06-10 10:00:00+0530,55318.94921875,55334.25,55237.1484375,55243.55078125,0.0
2026-06-10 10:05:00+0530,55243.55078125,55302.8515625,55228.1484375,55285.19921875,0.0
2026-06-10 10:10:00+0530,55286.8515625,55304.5,55213.80078125,55213.80078125,0.0
2026-06-10 10:15:00+0530,55213.5,55280.8984375,55173.3515625,55271.69921875,0.0
2026-06-10 10:20:00+0530,55272.55078125,55278.05078125,55227.25,55257.19921875,0.0
2026-06-10 10:25:00+0530,55257.3984375,55260.30078125,55219.6484375,55236.1015625,0.0
2026-06-10 10:30:00+0530,55236.94921875,55339.8515625,55232.3515625,55335.19921875,0.0
2026-06-10 10:35:00+0530,55333.94921875,55376.5,55326.44921875,55329.0,0.0
2026-06-10 10:40:00+0530,55329.0,55351.19921875,55314.44921875,55326.19921875,0.0
2026-06-10 10:45:00+0530,55326.80078125,55357.1015625,55309.8984375,55357.1015625,0.0
2026-06-10 10:50:00+0530,55357.3515625,55420.19921875,55336.5,55418.80078125,0.0
2026-06-10 10:55:00+0530,55417.3984375,55481.80078125,55380.69921875,55466.5,0.0
2026-06-10 11:00:00+0530,55466.1015625,55484.94921875,55424.44921875,55474.1484375,0.0
2026-06-10 11:05:00+0530,55473.05078125,55473.05078125,55399.6015625,55437.8515625,0.0
2026-06-10 11:10:00+0530,55438.05078125,55451.5,55381.0,55386.8515625,0.0
2026-06-10 11:15:00+0530,55385.6484375,55410.75,55347.94921875,55350.94921875,0.0
2026-06-10 11:20:00+0530,55348.8984375,55383.8515625,55346.94921875,55369.1015625,0.0
2026-06-10 11:25:00+0530,55370.25,55436.75,55359.6015625,55431.94921875,0.0
2026-06-10 11:30:00+0530,55432.30078125,55460.5,55395.94921875,55449.3984375,0.0
2026-06-10 11:35:00+0530,55445.05078125,55490.44921875,55435.55078125,55483.05078125,0.0
2026-06-10 11:40:00+0530,55484.3984375,55512.55078125,55466.6484375,55506.3515625,0.0
2026-06-10 11:45:00+0530,55507.80078125,55508.19921875,55464.5,55481.5,0.0
2026-06-10 11:50:00+0530,55483.0,55488.8515625,55450.1484375,55473.6484375,0.0
2026-06-10 11:55:00+0530,55473.6484375,55502.0,55468.5,55489.44921875,0.0
2026-06-10 12:00:00+0530,55491.75,55495.1015625,55419.19921875,55448.80078125,0.0
2026-06-10 12:05:00+0530,55449.69921875,55485.3515625,55424.25,55474.3515625,0.0
2026-06-10 12:10:00+0530,55474.3515625,55492.8515625,55437.75,55482.05078125,0.0
2026-06-10 12:15:00+0530,55481.55078125,55503.44921875,55443.80078125,55500.3984375,0.0
2026-06-10 12:20:00+0530,55498.75,55534.3984375,55460.6484375,55463.44921875,0.0
2026-06-10 12:25:00+0530,55465.0,55469.6484375,55429.6484375,55445.5,0.0
2026-06-10 12:30:00+0530,55449.1015625,55463.94921875,55402.75,55405.5,0.0
2026-06-10 12:35:00+0530,55404.8515625,55424.3984375,55392.0,55415.5,0.0
2026-06-10 12:40:00+0530,55413.05078125,55416.6015625,55318.75,55318.75,0.0
2026-06-10 12:45:00+0530,55320.44921875,55397.75,55283.8515625,55390.75,0.0
2026-06-10 12:50:00+0530,55390.75,55455.19921875,55380.6484375,55445.3984375,0.0
2026-06-10 12:55:00+0530,55445.1484375,55450.25,55397.1015625,55448.1015625,0.0
2026-06-10 13:00:00+0530,55449.6015625,55519.6484375,55436.0,55516.25,0.0
2026-06-10 13:05:00+0530,55514.8984375,55549.6015625,55494.8515625,55526.8515625,0.0
2026-06-10 13:10:00+0530,55525.55078125,55554.6484375,55479.94921875,55506.55078125,0.0
2026-06-10 13:15:00+0530,55508.44921875,55521.25,55477.05078125,55494.69921875,0.0
2026-06-10 13:20:00+0530,55496.3984375,55501.55078125,55440.6015625,55447.3984375,0.0
2026-06-10 13:25:00+0530,55448.05078125,55526.8515625,55432.6015625,55514.6015625,0.0
2026-06-10 13:30:00+0530,55511.94921875,55527.75,55422.8515625,55466.05078125,0.0
2026-06-10 13:35:00+0530,55465.05078125,55492.3984375,55432.05078125,55466.3984375,0.0
2026-06-10 13:40:00+0530,55467.30078125,55510.3984375,55419.75,55443.05078125,0.0
2026-06-10 13:45:00+0530,55441.94921875,55483.94921875,55418.6484375,55424.8515625,0.0
2026-06-10 13:50:00+0530,55422.5,55447.44921875,55388.8984375,55419.75,0.0
2026-06-10 13:55:00+0530,55419.8984375,55449.94921875,55407.75,55416.1484375,0.0
2026-06-10 14:00:00+0530,55414.80078125,55455.25,55389.25,55437.8984375,0.0
2026-06-10 14:05:00+0530,55437.8984375,55457.1015625,55390.80078125,55397.69921875,0.0
2026-06-10 14:10:00+0530,55394.94921875,55411.8515625,55323.75,55335.6015625,0.0
2026-06-10 14:15:00+0530,55333.1015625,55413.3984375,55313.3515625,55411.6484375,0.0
2026-06-10 14:20:00+0530,55412.8515625,55466.6015625,55412.1015625,55429.75,0.0
2026-06-10 14:25:00+0530,55430.8984375,55457.44921875,55394.05078125,55408.75,0.0
2026-06-10 14:30:00+0530,55408.1015625,55413.8515625,55319.6484375,55385.1484375,0.0
2026-06-10 14:35:00+0530,55384.55078125,55413.80078125,55258.0,55264.3984375,0.0
2026-06-10 14:40:00+0530,55263.19921875,55298.3984375,55183.6015625,55187.1484375,0.0
2026-06-10 14:45:00+0530,55187.1484375,55242.1484375,55137.25,55175.80078125,0.0
2026-06-10 14:50:00+0530,55172.75,55196.1015625,55130.1484375,55192.1484375,0.0
2026-06-10 14:55:00+0530,55193.55078125,55235.55078125,55190.44921875,55217.6015625,0.0
2026-06-10 15:00:00+0530,55219.30078125,55224.25,55162.0,55170.5,0.0
2026-06-10 15:05:00+0530,55171.25,55182.3515625,55130.5,55168.19921875,0.0
2026-06-10 15:10:00+0530,55170.69921875,55171.05078125,55053.75,55053.75,0.0
2026-06-10 15:15:00+0530,55059.1015625,55111.44921875,55027.6015625,55107.19921875,0.0
2026-06-10 15:20:00+0530,55104.8515625,55114.8984375,55028.75,55069.1484375,0.0
2026-06-10 15:25:00+0530,55066.25,55126.3515625,55062.5,55108.8515625,0.0
2026-06-11 09:15:00+0530,54794.05078125,54968.8515625,54770.19921875,54968.8515625,0.0
2026-06-11 09:20:00+0530,54974.0,55095.8515625,54941.69921875,55013.1484375,0.0
2026-06-11 09:25:00+0530,55016.3984375,55032.3515625,54949.05078125,54996.25,0.0
2026-06-11 09:30:00+0530,55000.94921875,55008.3984375,54934.1015625,54975.19921875,0.0
2026-06-11 09:35:00+0530,54975.05078125,55090.6015625,54952.69921875,55086.1484375,0.0
2026-06-11 09:40:00+0530,55089.25,55163.44921875,54996.6484375,55152.3984375,0.0
2026-06-11 09:45:00+0530,55152.75,55194.0,55129.30078125,55172.75,0.0
2026-06-11 09:50:00+0530,55172.75,55311.25,55140.05078125,55213.8984375,0.0
2026-06-11 09:55:00+0530,55216.1484375,55218.69921875,55070.05078125,55089.05078125,0.0
2026-06-11 10:00:00+0530,55086.80078125,55144.8984375,55055.3984375,55057.8515625,0.0
2026-06-11 10:05:00+0530,55056.30078125,55189.05078125,55029.1484375,55178.69921875,0.0
2026-06-11 10:10:00+0530,55180.1015625,55201.30078125,55119.8984375,55119.8984375,0.0
2026-06-11 10:15:00+0530,55123.6015625,55215.55078125,55120.25,55213.0,0.0
2026-06-11 10:20:00+0530,55216.1484375,55251.05078125,55169.94921875,55172.55078125,0.0
2026-06-11 10:25:00+0530,55176.44921875,55278.6015625,55170.6484375,55255.75,0.0
2026-06-11 10:30:00+0530,55256.19921875,55271.25,55199.25,55240.1015625,0.0
2026-06-11 10:35:00+0530,55244.8515625,55260.55078125,55203.5,55238.19921875,0.0
2026-06-11 10:40:00+0530,55240.75,55252.3515625,55206.5,55234.1015625,0.0
2026-06-11 10:45:00+0530,55237.6015625,55249.5,55200.6484375,55205.1015625,0.0
2026-06-11 10:50:00+0530,55202.3515625,55204.94921875,55077.8515625,55097.5,0.0
2026-06-11 10:55:00+0530,55096.44921875,55134.25,55075.1484375,55125.05078125,0.0
2026-06-11 11:00:00+0530,55126.05078125,55169.69921875,55058.5,55163.1015625,0.0
2026-06-11 11:05:00+0530,55165.94921875,55235.94921875,55128.8515625,55158.0,0.0
2026-06-11 11:10:00+0530,55161.1015625,55169.25,55130.75,55136.19921875,0.0
2026-06-11 11:15:00+0530,55135.75,55198.1015625,55130.30078125,55174.94921875,0.0
2026-06-11 11:20:00+0530,55177.30078125,55234.1484375,55167.94921875,55205.05078125,0.0
2026-06-11 11:25:00+0530,55207.44921875,55284.3515625,55193.3984375,55284.3515625,0.0
2026-06-11 11:30:00+0530,55284.8984375,55320.05078125,55239.80078125,55244.80078125,0.0
2026-06-11 11:35:00+0530,55244.5,55249.55078125,55175.05078125,55213.6015625,0.0
2026-06-11 11:40:00+0530,55213.19921875,55298.3984375,55205.44921875,55297.05078125,0.0
2026-06-11 11:45:00+0530,55298.55078125,55357.1484375,55290.6015625,55354.30078125,0.0
2026-06-11 11:50:00+0530,55356.44921875,55409.25,55351.25,55391.8515625,0.0
2026-06-11 11:55:00+0530,55391.55078125,55458.05078125,55381.1015625,55408.55078125,0.0
2026-06-11 12:00:00+0530,55408.55078125,55448.69921875,55405.0,55427.3515625,0.0
2026-06-11 12:05:00+0530,55425.75,55459.5,55403.3984375,55428.75,0.0
2026-06-11 12:10:00+0530,55429.6015625,55458.8984375,55401.3515625,55456.0,0.0
2026-06-11 12:15:00+0530,55457.8984375,55493.8984375,55400.0,55416.6015625,0.0
2026-06-11 12:20:00+0530,55416.1484375,55420.6015625,55372.6015625,55415.05078125,0.0
2026-06-11 12:25:00+0530,55413.05078125,55496.55078125,55391.8984375,55487.6484375,0.0
2026-06-11 12:30:00+0530,55490.05078125,55555.05078125,55488.55078125,55552.1484375,0.0
2026-06-11 12:35:00+0530,55556.5,55567.69921875,55499.44921875,55535.8515625,0.0
2026-06-11 12:40:00+0530,55538.94921875,55573.25,55514.30078125,55564.3515625,0.0
2026-06-11 12:45:00+0530,55566.1484375,55582.69921875,55494.44921875,55494.44921875,0.0
2026-06-11 12:50:00+0530,55496.8984375,55530.6015625,55470.1484375,55494.05078125,0.0
2026-06-11 12:55:00+0530,55495.05078125,55558.5,55471.44921875,55555.1484375,0.0
2026-06-11 13:00:00+0530,55556.05078125,55599.8984375,55517.1484375,55522.6484375,0.0
2026-06-11 13:05:00+0530,55522.19921875,55523.75,55441.1484375,55443.80078125,0.0
2026-06-11 13:10:00+0530,55444.0,55450.05078125,55342.94921875,55357.6484375,0.0
2026-06-11 13:15:00+0530,55358.1015625,55377.94921875,55287.19921875,55294.80078125,0.0
2026-06-11 13:20:00+0530,55297.44921875,55309.5,55229.05078125,55265.44921875,0.0
2026-06-11 13:25:00+0530,55266.6015625,55282.1484375,55219.55078125,55277.8515625,0.0
2026-06-11 13:30:00+0530,55277.6484375,55359.19921875,55271.94921875,55281.25,0.0
2026-06-11 13:35:00+0530,55281.94921875,55328.25,55217.3515625,55227.1015625,0.0
2026-06-11 13:40:00+0530,55228.19921875,55253.44921875,55187.30078125,55209.80078125,0.0
2026-06-11 13:45:00+0530,55216.44921875,55271.5,55186.1015625,55227.75,0.0
2026-06-11 13:50:00+0530,55229.1015625,55265.94921875,55208.1484375,55260.25,0.0
2026-06-11 13:55:00+0530,55263.1015625,55317.8515625,55239.44921875,55259.19921875,0.0
2026-06-11 14:00:00+0530,55258.3984375,55297.75,55253.25,55289.94921875,0.0
2026-06-11 14:05:00+0530,55290.80078125,55293.0,55208.0,55223.6484375,0.0
2026-06-11 14:10:00+0530,55223.6484375,55271.69921875,55199.69921875,55257.6015625,0.0
2026-06-11 14:15:00+0530,55257.6015625,55279.55078125,55239.6015625,55279.55078125,0.0
2026-06-11 14:20:00+0530,55278.94921875,55315.80078125,55252.0,55255.3984375,0.0
2026-06-11 14:25:00+0530,55255.05078125,55401.1015625,55251.94921875,55373.6484375,0.0
2026-06-11 14:30:00+0530,55374.25,55374.25,55308.6484375,55319.69921875,0.0
2026-06-11 14:35:00+0530,55322.55078125,55357.8984375,55260.8515625,55293.1484375,0.0
2026-06-11 14:40:00+0530,55293.8515625,55321.44921875,55232.30078125,55254.5,0.0
2026-06-11 14:45:00+0530,55259.19921875,55286.6015625,55154.75,55238.25,0.0
2026-06-11 14:50:00+0530,55237.6015625,55237.6015625,55166.5,55182.19921875,0.0
2026-06-11 14:55:00+0530,55182.0,55206.80078125,55169.05078125,55191.80078125,0.0
2026-06-11 15:00:00+0530,55192.3515625,55230.3515625,55129.69921875,55152.94921875,0.0
2026-06-11 15:05:00+0530,55152.69921875,55152.69921875,55097.6015625,55116.3515625,0.0
2026-06-11 15:10:00+0530,55119.25,55195.5,55110.3515625,55193.8984375,0.0
2026-06-11 15:15:00+0530,55191.05078125,55240.94921875,55159.3515625,55210.55078125,0.0
2026-06-11 15:20:00+0530,55210.8984375,55244.1484375,55193.3515625,55198.75,0.0
2026-06-11 15:25:00+0530,55198.94921875,55239.6015625,55168.80078125,55214.6484375,0.0
2026-06-12 09:15:00+0530,55895.94921875,56013.8984375,55847.6484375,55974.5,0.0
2026-06-12 09:20:00+0530,55979.3984375,55986.8984375,55909.6015625,55913.6015625,0.0
2026-06-12 09:25:00+0530,55914.25,55952.80078125,55876.8515625,55918.6484375,0.0
2026-06-12 09:30:00+0530,55918.8515625,55942.55078125,55890.25,55920.1484375,0.0
2026-06-12 09:35:00+0530,55918.25,55923.19921875,55872.6015625,55882.80078125,0.0
2026-06-12 09:40:00+0530,55876.3515625,55881.6015625,55813.55078125,55843.75,0.0
2026-06-12 09:45:00+0530,55844.05078125,55890.1484375,55826.6484375,55875.94921875,0.0
2026-06-12 09:50:00+0530,55878.3984375,55890.94921875,55835.30078125,55856.75,0.0
2026-06-12 09:55:00+0530,55856.75,55877.30078125,55840.05078125,55845.8984375,0.0
2026-06-12 10:00:00+0530,55845.8984375,55861.1015625,55761.55078125,55804.44921875,0.0
2026-06-12 10:05:00+0530,55803.1015625,55881.1015625,55803.1015625,55811.5,0.0
2026-06-12 10:10:00+0530,55816.25,55823.44921875,55768.1015625,55783.05078125,0.0
2026-06-12 10:15:00+0530,55787.80078125,55790.55078125,55728.8515625,55742.8984375,0.0
2026-06-12 10:20:00+0530,55744.55078125,55887.1484375,55728.5,55886.44921875,0.0
2026-06-12 10:25:00+0530,55886.1484375,55908.05078125,55844.0,55856.3984375,0.0
2026-06-12 10:30:00+0530,55855.75,55909.1484375,55841.5,55883.8515625,0.0
2026-06-12 10:35:00+0530,55885.6015625,55897.69921875,55857.75,55896.1015625,0.0
2026-06-12 10:40:00+0530,55897.8515625,55906.1484375,55853.19921875,55857.6484375,0.0
2026-06-12 10:45:00+0530,55858.80078125,55901.30078125,55806.8984375,55878.44921875,0.0
2026-06-12 10:50:00+0530,55880.1484375,55952.19921875,55854.44921875,55950.55078125,0.0
2026-06-12 10:55:00+0530,55953.3984375,55963.55078125,55928.30078125,55963.55078125,0.0
2026-06-12 11:00:00+0530,55965.94921875,55967.25,55907.75,55923.25,0.0
2026-06-12 11:05:00+0530,55923.25,55930.6484375,55866.75,55906.55078125,0.0
2026-06-12 11:10:00+0530,55906.1015625,55961.69921875,55888.6015625,55960.80078125,0.0
2026-06-12 11:15:00+0530,55964.05078125,55980.05078125,55902.3515625,55905.6484375,0.0
2026-06-12 11:20:00+0530,55906.94921875,55956.94921875,55881.8984375,55947.19921875,0.0
2026-06-12 11:25:00+0530,55947.6015625,55949.6484375,55901.94921875,55937.55078125,0.0
2026-06-12 11:30:00+0530,55933.6484375,55957.75,55910.5,55954.19921875,0.0
2026-06-12 11:35:00+0530,55951.6484375,55959.80078125,55925.44921875,55953.3984375,0.0
2026-06-12 11:40:00+0530,55956.80078125,55978.8515625,55948.19921875,55958.80078125,0.0
2026-06-12 11:45:00+0530,55956.3515625,55987.05078125,55942.44921875,55964.6015625,0.0
2026-06-12 11:50:00+0530,55966.6015625,55976.8984375,55930.69921875,55944.05078125,0.0
2026-06-12 11:55:00+0530,55945.05078125,55958.3984375,55922.5,55931.6015625,0.0
2026-06-12 12:00:00+0530,55933.69921875,55946.05078125,55913.69921875,55942.8984375,0.0
2026-06-12 12:05:00+0530,55944.8515625,55955.6015625,55899.3515625,55904.1015625,0.0
2026-06-12 12:10:00+0530,55906.05078125,55906.05078125,55813.1015625,55826.6484375,0.0
2026-06-12 12:15:00+0530,55824.69921875,55846.8515625,55815.8515625,55832.6484375,0.0
2026-06-12 12:20:00+0530,55832.80078125,55914.0,55832.5,55912.5,0.0
2026-06-12 12:25:00+0530,55911.3984375,55949.6484375,55910.75,55946.44921875,0.0
2026-06-12 12:30:00+0530,55945.94921875,55948.5,55900.80078125,55924.6484375,0.0
2026-06-12 12:35:00+0530,55924.6484375,55929.0,55899.80078125,55918.80078125,0.0
2026-06-12 12:40:00+0530,55918.1015625,55926.75,55858.05078125,55864.8984375,0.0
2026-06-12 12:45:00+0530,55864.8984375,55893.3984375,55838.5,55848.6015625,0.0
2026-06-12 12:50:00+0530,55849.44921875,55903.1015625,55827.1015625,55902.6484375,0.0
2026-06-12 12:55:00+0530,55901.80078125,55903.69921875,55868.94921875,55884.25,0.0
2026-06-12 13:00:00+0530,55883.8984375,55910.3984375,55873.55078125,55906.6015625,0.0
2026-06-12 13:05:00+0530,55905.75,55940.55078125,55894.0,55920.55078125,0.0
2026-06-12 13:10:00+0530,55920.55078125,55941.1484375,55903.3515625,55923.80078125,0.0
2026-06-12 13:15:00+0530,55925.6484375,55958.44921875,55916.1015625,55953.5,0.0
2026-06-12 13:20:00+0530,55954.8515625,55978.75,55934.3515625,55937.1484375,0.0
2026-06-12 13:25:00+0530,55940.19921875,56088.44921875,55910.3515625,56083.3515625,0.0
2026-06-12 13:30:00+0530,56083.5,56193.6015625,56080.80078125,56181.69921875,0.0
2026-06-12 13:35:00+0530,56176.75,56252.44921875,56159.6015625,56248.1015625,0.0
2026-06-12 13:40:00+0530,56251.6015625,56317.05078125,56249.94921875,56311.6015625,0.0
2026-06-12 13:45:00+0530,56311.3984375,56374.44921875,56272.94921875,56349.80078125,0.0
2026-06-12 13:50:00+0530,56352.5,56361.19921875,56306.1015625,56339.5,0.0
2026-06-12 13:55:00+0530,56344.8984375,56397.25,56329.55078125,56384.8984375,0.0
2026-06-12 14:00:00+0530,56383.80078125,56401.1484375,56354.6015625,56397.8984375,0.0
2026-06-12 14:05:00+0530,56397.75,56412.55078125,56365.80078125,56388.05078125,0.0
2026-06-12 14:10:00+0530,56391.55078125,56507.6015625,56366.3984375,56504.69921875,0.0
2026-06-12 14:15:00+0530,56509.1484375,56580.19921875,56504.0,56563.55078125,0.0
2026-06-12 14:20:00+0530,56561.55078125,56591.44921875,56541.6015625,56578.19921875,0.0
2026-06-12 14:25:00+0530,56577.69921875,56617.1484375,56558.3515625,56606.55078125,0.0
2026-06-12 14:30:00+0530,56606.0,56639.30078125,56590.1484375,56620.75,0.0
2026-06-12 14:35:00+0530,56622.19921875,56665.6015625,56566.75,56663.0,0.0
2026-06-12 14:40:00+0530,56663.75,56713.80078125,56638.44921875,56703.3515625,0.0
2026-06-12 14:45:00+0530,56704.8515625,56792.05078125,56693.80078125,56786.80078125,0.0
2026-06-12 14:50:00+0530,56789.6484375,56832.30078125,56759.8984375,56826.05078125,0.0
2026-06-12 14:55:00+0530,56827.0,56846.05078125,56783.75,56819.6015625,0.0
2026-06-12 15:00:00+0530,56816.25,56865.5,56745.75,56855.6015625,0.0
2026-06-12 15:05:00+0530,56856.05078125,56862.80078125,56784.44921875,56784.44921875,0.0
2026-06-12 15:10:00+0530,56785.55078125,56840.94921875,56747.69921875,56829.3515625,0.0
2026-06-12 15:15:00+0530,56828.6484375,56839.3984375,56806.19921875,56809.05078125,0.0
2026-06-12 15:20:00+0530,56815.6015625,56820.55078125,56758.0,56776.6484375,0.0
2026-06-12 15:25:00+0530,56779.5,56826.1484375,56772.05078125,56805.5,0.0
2026-06-15 09:15:00+0530,57679.6484375,57795.55078125,57520.05078125,57581.5,0.0
2026-06-15 09:20:00+0530,57582.6484375,57586.94921875,57504.0,57510.3515625,0.0
2026-06-15 09:25:00+0530,57515.75,57518.25,57453.05078125,57479.3984375,0.0
2026-06-15 09:30:00+0530,57480.55078125,57490.8984375,57385.8515625,57438.0,0.0
2026-06-15 09:35:00+0530,57439.5,57459.1484375,57400.19921875,57418.69921875,0.0
2026-06-15 09:40:00+0530,57419.0,57447.3984375,57402.6015625,57439.44921875,0.0
2026-06-15 09:45:00+0530,57442.80078125,57482.05078125,57437.1015625,57469.3984375,0.0
2026-06-15 09:50:00+0530,57468.25,57479.6484375,57407.8984375,57421.8984375,0.0
2026-06-15 09:55:00+0530,57419.94921875,57424.19921875,57366.75,57387.94921875,0.0
2026-06-15 10:00:00+0530,57390.1015625,57454.8515625,57388.6015625,57431.05078125,0.0
2026-06-15 10:05:00+0530,57431.5,57435.80078125,57362.6015625,57397.8515625,0.0
2026-06-15 10:10:00+0530,57398.5,57408.3984375,57344.1484375,57388.8984375,0.0
2026-06-15 10:15:00+0530,57388.05078125,57420.1484375,57387.25,57402.1484375,0.0
2026-06-15 10:20:00+0530,57399.94921875,57464.3984375,57383.0,57397.8984375,0.0
2026-06-15 10:25:00+0530,57401.8515625,57455.3515625,57374.3984375,57444.0,0.0
2026-06-15 10:30:00+0530,57449.05078125,57501.6484375,57439.5,57482.30078125,0.0
2026-06-15 10:35:00+0530,57483.69921875,57487.1484375,57444.05078125,57484.19921875,0.0
2026-06-15 10:40:00+0530,57484.19921875,57503.94921875,57472.3984375,57479.1484375,0.0
2026-06-15 10:45:00+0530,57479.6015625,57545.1484375,57473.75,57541.69921875,0.0
2026-06-15 10:50:00+0530,57543.69921875,57590.6015625,57529.5,57537.69921875,0.0
2026-06-15 10:55:00+0530,57542.80078125,57551.19921875,57486.5,57499.94921875,0.0
2026-06-15 11:00:00+0530,57500.69921875,57511.30078125,57460.5,57496.69921875,0.0
2026-06-15 11:05:00+0530,57500.05078125,57525.8515625,57460.05078125,57512.1015625,0.0
2026-06-15 11:10:00+0530,57515.5,57522.80078125,57469.05078125,57490.1015625,0.0
2026-06-15 11:15:00+0530,57488.94921875,57503.8984375,57469.6484375,57490.1484375,0.0
2026-06-15 11:20:00+0530,57491.5,57501.1015625,57422.6484375,57427.94921875,0.0
2026-06-15 11:25:00+0530,57422.5,57471.05078125,57422.19921875,57461.3984375,0.0
2026-06-15 11:30:00+0530,57448.6484375,57467.69921875,57415.8515625,57434.55078125,0.0
2026-06-15 11:35:00+0530,57435.19921875,57444.05078125,57415.8515625,57431.5,0.0
2026-06-15 11:40:00+0530,57423.1015625,57469.80078125,57419.55078125,57430.80078125,0.0
2026-06-15 11:45:00+0530,57433.19921875,57438.3984375,57402.55078125,57428.8984375,0.0
2026-06-15 11:50:00+0530,57420.3515625,57489.5,57420.3515625,57484.0,0.0
2026-06-15 11:55:00+0530,57477.1015625,57492.75,57449.69921875,57458.1484375,0.0
2026-06-15 12:00:00+0530,57456.3515625,57477.8515625,57415.69921875,57419.69921875,0.0
2026-06-15 12:05:00+0530,57422.55078125,57422.55078125,57330.1484375,57340.25,0.0
2026-06-15 12:10:00+0530,57332.69921875,57364.25,57322.3515625,57350.55078125,0.0
2026-06-15 12:15:00+0530,57342.30078125,57356.94921875,57243.30078125,57274.75,0.0
2026-06-15 12:20:00+0530,57268.44921875,57303.69921875,57263.1015625,57292.05078125,0.0
2026-06-15 12:25:00+0530,57293.3984375,57300.80078125,57230.3515625,57236.6484375,0.0
2026-06-15 12:30:00+0530,57241.8515625,57286.05078125,57222.19921875,57284.80078125,0.0
2026-06-15 12:35:00+0530,57287.1484375,57343.55078125,57277.75,57325.69921875,0.0
2026-06-15 12:40:00+0530,57314.3984375,57341.19921875,57296.1484375,57336.80078125,0.0
2026-06-15 12:45:00+0530,57331.5,57339.0,57271.8515625,57276.0,0.0
2026-06-15 12:50:00+0530,57279.75,57311.3984375,57263.55078125,57282.75,0.0
2026-06-15 12:55:00+0530,57282.75,57306.19921875,57274.6015625,57290.8984375,0.0
2026-06-15 13:00:00+0530,57295.6484375,57298.3515625,57254.8984375,57279.94921875,0.0
2026-06-15 13:05:00+0530,57272.75,57318.05078125,57272.75,57314.8515625,0.0
2026-06-15 13:10:00+0530,57310.19921875,57377.75,57303.3515625,57344.6015625,0.0
2026-06-15 13:15:00+0530,57337.8515625,57377.8515625,57306.80078125,57320.30078125,0.0
2026-06-15 13:20:00+0530,57319.80078125,57341.80078125,57287.3515625,57330.1484375,0.0
2026-06-15 13:25:00+0530,57334.0,57334.0,57285.1484375,57305.0,0.0
2026-06-15 13:30:00+0530,57298.44921875,57309.80078125,57253.6015625,57275.44921875,0.0
2026-06-15 13:35:00+0530,57271.1015625,57292.3984375,57243.75,57265.19921875,0.0
2026-06-15 13:40:00+0530,57265.19921875,57279.5,57213.5,57242.80078125,0.0
2026-06-15 13:45:00+0530,57243.6015625,57276.19921875,57232.25,57238.69921875,0.0
2026-06-15 13:50:00+0530,57235.5,57243.75,57139.55078125,57200.30078125,0.0
2026-06-15 13:55:00+0530,57195.6015625,57284.3515625,57181.75,57253.44921875,0.0
2026-06-15 14:00:00+0530,57250.3515625,57272.0,57220.80078125,57221.80078125,0.0
2026-06-15 14:05:00+0530,57220.5,57230.25,57164.3515625,57188.94921875,0.0
2026-06-15 14:10:00+0530,57192.75,57238.6484375,57189.3984375,57205.1015625,0.0
2026-06-15 14:15:00+0530,57207.80078125,57251.69921875,57185.05078125,57234.5,0.0
2026-06-15 14:20:00+0530,57234.6015625,57301.69921875,57227.8984375,57287.5,0.0
2026-06-15 14:25:00+0530,57287.5,57311.55078125,57255.8515625,57279.25,0.0
2026-06-15 14:30:00+0530,57277.30078125,57343.3515625,57275.05078125,57324.1484375,0.0
2026-06-15 14:35:00+0530,57326.25,57392.69921875,57326.25,57385.69921875,0.0
2026-06-15 14:40:00+0530,57390.25,57399.19921875,57317.6015625,57356.30078125,0.0
2026-06-15 14:45:00+0530,57359.19921875,57390.44921875,57321.25,57355.3515625,0.0
2026-06-15 14:50:00+0530,57360.3515625,57373.8984375,57261.1015625,57261.1015625,0.0
2026-06-15 14:55:00+0530,57262.69921875,57293.05078125,57248.6015625,57290.94921875,0.0
2026-06-15 15:00:00+0530,57289.5,57320.6015625,57174.05078125,57212.5,0.0
2026-06-15 15:05:00+0530,57213.8984375,57238.69921875,57164.1015625,57200.5,0.0
2026-06-15 15:10:00+0530,57203.8515625,57211.19921875,57121.94921875,57186.0,0.0
2026-06-15 15:15:00+0530,57186.6015625,57236.5,57186.1015625,57205.6484375,0.0
2026-06-15 15:20:00+0530,57206.19921875,57215.55078125,57166.30078125,57187.6015625,0.0
2026-06-15 15:25:00+0530,57183.6015625,57188.5,57127.1015625,57162.8515625,0.0
2026-06-16 09:15:00+0530,57311.75,57397.25,57259.1484375,57267.75,0.0
2026-06-16 09:20:00+0530,57267.30078125,57282.19921875,57178.3515625,57207.8984375,0.0
2026-06-16 09:25:00+0530,57209.94921875,57320.75,57209.94921875,57317.55078125,0.0
2026-06-16 09:30:00+0530,57316.80078125,57321.6015625,57250.30078125,57266.8984375,0.0
2026-06-16 09:35:00+0530,57266.8984375,57286.05078125,57177.1015625,57181.3984375,0.0
2026-06-16 09:40:00+0530,57182.5,57194.0,57133.44921875,57138.6484375,0.0
2026-06-16 09:45:00+0530,57137.19921875,57230.5,57137.19921875,57194.69921875,0.0
2026-06-16 09:50:00+0530,57195.44921875,57232.3515625,57137.1015625,57219.6484375,0.0
2026-06-16 09:55:00+0530,57218.80078125,57248.94921875,57208.25,57222.94921875,0.0
2026-06-16 10:00:00+0530,57228.1484375,57258.05078125,57132.8984375,57144.5,0.0
2026-06-16 10:05:00+0530,57142.75,57175.69921875,57104.3984375,57115.3515625,0.0
2026-06-16 10:10:00+0530,57115.3515625,57151.80078125,57102.69921875,57144.3515625,0.0
2026-06-16 10:15:00+0530,57147.3515625,57199.30078125,57134.3515625,57178.44921875,0.0
2026-06-16 10:20:00+0530,57182.55078125,57231.8984375,57173.0,57204.0,0.0
2026-06-16 10:25:00+0530,57204.3984375,57221.1015625,57174.3984375,57211.8984375,0.0
2026-06-16 10:30:00+0530,57211.8984375,57260.05078125,57203.3515625,57258.44921875,0.0
2026-06-16 10:35:00+0530,57255.75,57321.3515625,57250.94921875,57283.0,0.0
2026-06-16 10:40:00+0530,57282.3515625,57300.6484375,57237.44921875,57260.8984375,0.0
2026-06-16 10:45:00+0530,57260.55078125,57302.3984375,57253.5,57302.3984375,0.0
2026-06-16 10:50:00+0530,57300.5,57307.80078125,57245.05078125,57251.8984375,0.0
2026-06-16 10:55:00+0530,57250.8984375,57268.19921875,57186.1484375,57190.44921875,0.0
2026-06-16 11:00:00+0530,57191.75,57200.69921875,57138.05078125,57138.05078125,0.0
2026-06-16 11:05:00+0530,57134.19921875,57160.05078125,57114.80078125,57125.05078125,0.0
2026-06-16 11:10:00+0530,57125.69921875,57150.0,57106.8984375,57148.3515625,0.0
2026-06-16 11:15:00+0530,57147.80078125,57172.8515625,57127.55078125,57142.25,0.0
2026-06-16 11:20:00+0530,57142.25,57196.6484375,57120.3515625,57193.8515625,0.0
2026-06-16 11:25:00+0530,57194.5,57214.5,57145.44921875,57154.75,0.0
2026-06-16 11:30:00+0530,57155.6015625,57193.5,57118.94921875,57185.5,0.0
2026-06-16 11:35:00+0530,57187.0,57200.1015625,57119.05078125,57148.8984375,0.0
2026-06-16 11:40:00+0530,57149.30078125,57180.3984375,57125.19921875,57179.19921875,0.0
2026-06-16 11:45:00+0530,57177.80078125,57198.5,57148.6484375,57186.25,0.0
2026-06-16 11:50:00+0530,57186.25,57231.8515625,57176.75,57206.6484375,0.0
2026-06-16 11:55:00+0530,57209.55078125,57211.6484375,57109.1484375,57169.1015625,0.0
2026-06-16 12:00:00+0530,57165.8984375,57177.25,57089.1484375,57136.1015625,0.0
2026-06-16 12:05:00+0530,57131.44921875,57167.30078125,57116.94921875,57147.0,0.0
2026-06-16 12:10:00+0530,57148.05078125,57164.0,57121.8984375,57128.19921875,0.0
2026-06-16 12:15:00+0530,57131.8515625,57144.8984375,57111.30078125,57127.1484375,0.0
2026-06-16 12:20:00+0530,57126.3515625,57132.25,57076.25,57108.05078125,0.0
2026-06-16 12:25:00+0530,57108.75,57161.8515625,57093.80078125,57152.75,0.0
2026-06-16 12:30:00+0530,57152.6484375,57187.94921875,57120.75,57131.05078125,0.0
2026-06-16 12:35:00+0530,57127.1484375,57172.80078125,57107.75,57164.55078125,0.0
2026-06-16 12:40:00+0530,57167.1484375,57167.1484375,57106.19921875,57129.3515625,0.0
2026-06-16 12:45:00+0530,57131.19921875,57146.6015625,57103.1015625,57138.19921875,0.0
2026-06-16 12:50:00+0530,57140.30078125,57148.6015625,57077.8515625,57104.55078125,0.0
2026-06-16 12:55:00+0530,57103.94921875,57138.3515625,57086.30078125,57128.44921875,0.0
2026-06-16 13:00:00+0530,57127.94921875,57154.19921875,57094.75,57116.44921875,0.0
2026-06-16 13:05:00+0530,57115.69921875,57153.3984375,57098.6484375,57149.6015625,0.0
2026-06-16 13:10:00+0530,57153.1484375,57170.1015625,57129.80078125,57166.25,0.0
2026-06-16 13:15:00+0530,57165.1015625,57181.5,57141.3515625,57161.94921875,0.0
2026-06-16 13:20:00+0530,57156.80078125,57244.69921875,57147.8984375,57227.3984375,0.0
2026-06-16 13:25:00+0530,57230.1015625,57275.3984375,57223.69921875,57257.8515625,0.0
2026-06-16 13:30:00+0530,57257.8515625,57268.75,57222.3984375,57253.30078125,0.0
2026-06-16 13:35:00+0530,57256.1484375,57287.3515625,57236.55078125,57244.25,0.0
2026-06-16 13:40:00+0530,57244.0,57253.8984375,57191.19921875,57206.69921875,0.0
2026-06-16 13:45:00+0530,57205.05078125,57265.5,57198.8515625,57263.44921875,0.0
2026-06-16 13:50:00+0530,57263.8984375,57265.3984375,57153.05078125,57185.05078125,0.0
2026-06-16 13:55:00+0530,57187.6484375,57243.1015625,57171.19921875,57176.55078125,0.0
2026-06-16 14:00:00+0530,57177.6015625,57208.44921875,57153.0,57197.5,0.0
2026-06-16 14:05:00+0530,57197.5,57229.6484375,57185.30078125,57229.55078125,0.0
2026-06-16 14:10:00+0530,57219.5,57301.0,57217.8515625,57290.25,0.0
2026-06-16 14:15:00+0530,57291.75,57291.75,57260.19921875,57270.1484375,0.0
2026-06-16 14:20:00+0530,57266.69921875,57272.1484375,57220.0,57258.44921875,0.0
2026-06-16 14:25:00+0530,57260.3984375,57260.44921875,57210.6484375,57221.3515625,0.0
2026-06-16 14:30:00+0530,57218.69921875,57279.25,57218.69921875,57267.1015625,0.0
2026-06-16 14:35:00+0530,57267.8515625,57279.19921875,57241.5,57277.3515625,0.0
2026-06-16 14:40:00+0530,57278.1015625,57294.6015625,57201.75,57201.75,0.0
2026-06-16 14:45:00+0530,57196.44921875,57274.19921875,57195.1484375,57238.3984375,0.0
2026-06-16 14:50:00+0530,57236.55078125,57271.55078125,57204.3984375,57265.8515625,0.0
2026-06-16 14:55:00+0530,57266.30078125,57289.55078125,57243.5,57269.1015625,0.0
2026-06-16 15:00:00+0530,57262.3515625,57338.75,57249.8984375,57282.25,0.0
2026-06-16 15:05:00+0530,57283.75,57330.8515625,57269.19921875,57317.1484375,0.0
2026-06-16 15:10:00+0530,57318.25,57333.44921875,57304.55078125,57314.19921875,0.0
2026-06-16 15:15:00+0530,57317.3515625,57319.75,57288.30078125,57295.19921875,0.0
2026-06-16 15:20:00+0530,57295.80078125,57313.80078125,57285.8515625,57294.6484375,0.0
2026-06-16 15:25:00+0530,57296.3515625,57320.69921875,57286.1015625,57293.6484375,0.0
2026-06-17 09:15:00+0530,57439.19921875,57439.19921875,57233.3984375,57262.80078125,0.0
2026-06-17 09:20:00+0530,57261.8984375,57358.8515625,57222.3984375,57226.80078125,0.0
2026-06-17 09:25:00+0530,57231.1015625,57302.0,57222.75,57286.6484375,0.0
2026-06-17 09:30:00+0530,57288.1015625,57301.8984375,57242.6484375,57270.19921875,0.0
2026-06-17 09:35:00+0530,57266.94921875,57301.6484375,57245.8515625,57296.1484375,0.0
2026-06-17 09:40:00+0530,57298.5,57334.6484375,57267.44921875,57325.3984375,0.0
2026-06-17 09:45:00+0530,57324.55078125,57337.8515625,57280.55078125,57331.80078125,0.0
2026-06-17 09:50:00+0530,57334.0,57336.6015625,57306.1484375,57321.80078125,0.0
2026-06-17 09:55:00+0530,57324.19921875,57365.80078125,57314.05078125,57361.44921875,0.0
2026-06-17 10:00:00+0530,57362.55078125,57364.1015625,57257.8515625,57266.94921875,0.0
2026-06-17 10:05:00+0530,57266.94921875,57338.6015625,57256.0,57325.94921875,0.0
2026-06-17 10:10:00+0530,57327.44921875,57358.30078125,57317.05078125,57327.05078125,0.0
2026-06-17 10:15:00+0530,57328.55078125,57457.55078125,57322.3515625,57456.25,0.0
2026-06-17 10:20:00+0530,57457.25,57557.44921875,57455.80078125,57550.1484375,0.0
2026-06-17 10:25:00+0530,57551.75,57556.5,57451.3515625,57457.44921875,0.0
2026-06-17 10:30:00+0530,57458.25,57486.25,57446.8984375,57474.8984375,0.0
2026-06-17 10:35:00+0530,57476.69921875,57515.55078125,57470.80078125,57473.94921875,0.0
2026-06-17 10:40:00+0530,57473.25,57539.94921875,57468.5,57524.75,0.0
2026-06-17 10:45:00+0530,57523.1015625,57556.0,57504.19921875,57505.30078125,0.0
2026-06-17 10:50:00+0530,57506.19921875,57560.1015625,57498.8515625,57553.8515625,0.0
2026-06-17 10:55:00+0530,57554.55078125,57574.1015625,57515.0,57531.6484375,0.0
2026-06-17 11:00:00+0530,57534.30078125,57559.1484375,57507.3984375,57537.30078125,0.0
2026-06-17 11:05:00+0530,57541.3515625,57587.19921875,57524.75,57565.44921875,0.0
2026-06-17 11:10:00+0530,57566.6015625,57620.3984375,57557.75,57613.8984375,0.0
2026-06-17 11:15:00+0530,57614.55078125,57622.05078125,57578.19921875,57606.8515625,0.0
2026-06-17 11:20:00+0530,57607.8984375,57613.0,57568.5,57574.8515625,0.0
2026-06-17 11:25:00+0530,57574.44921875,57617.55078125,57549.0,57614.3984375,0.0
2026-06-17 11:30:00+0530,57615.69921875,57645.05078125,57599.8984375,57606.05078125,0.0
2026-06-17 11:35:00+0530,57606.44921875,57607.25,57553.94921875,57556.05078125,0.0
2026-06-17 11:40:00+0530,57556.05078125,57599.69921875,57524.3515625,57596.1015625,0.0
2026-06-17 11:45:00+0530,57596.1015625,57636.1015625,57568.75,57587.6484375,0.0
2026-06-17 11:50:00+0530,57588.55078125,57593.3515625,57542.25,57547.94921875,0.0
2026-06-17 11:55:00+0530,57547.55078125,57573.80078125,57525.3984375,57529.44921875,0.0
2026-06-17 12:00:00+0530,57529.75,57587.30078125,57520.6015625,57580.69921875,0.0
2026-06-17 12:05:00+0530,57583.69921875,57612.75,57558.55078125,57580.8984375,0.0
2026-06-17 12:10:00+0530,57584.3984375,57591.1484375,57542.3515625,57545.75,0.0
2026-06-17 12:15:00+0530,57544.55078125,57565.6015625,57538.3984375,57561.55078125,0.0
2026-06-17 12:20:00+0530,57562.19921875,57565.5,57519.44921875,57526.6484375,0.0
2026-06-17 12:25:00+0530,57527.1484375,57545.44921875,57497.30078125,57525.3515625,0.0
2026-06-17 12:30:00+0530,57528.6015625,57534.80078125,57488.6484375,57507.19921875,0.0
2026-06-17 12:35:00+0530,57507.19921875,57533.05078125,57482.6484375,57492.05078125,0.0
2026-06-17 12:40:00+0530,57490.69921875,57543.5,57477.94921875,57518.05078125,0.0
2026-06-17 12:45:00+0530,57521.05078125,57569.6484375,57515.3515625,57548.80078125,0.0
2026-06-17 12:50:00+0530,57549.3984375,57554.1484375,57487.8515625,57493.69921875,0.0
2026-06-17 12:55:00+0530,57489.80078125,57513.3984375,57478.75,57482.55078125,0.0
2026-06-17 13:00:00+0530,57482.55078125,57543.8515625,57472.55078125,57543.1484375,0.0
2026-06-17 13:05:00+0530,57541.80078125,57576.80078125,57530.1015625,57538.55078125,0.0
2026-06-17 13:10:00+0530,57538.80078125,57542.19921875,57487.94921875,57487.94921875,0.0
2026-06-17 13:15:00+0530,57488.1015625,57535.5,57471.3515625,57492.75,0.0
2026-06-17 13:20:00+0530,57493.19921875,57523.3515625,57493.19921875,57507.30078125,0.0
2026-06-17 13:25:00+0530,57505.94921875,57515.44921875,57491.8515625,57498.94921875,0.0
2026-06-17 13:30:00+0530,57500.0,57541.19921875,57493.05078125,57539.75,0.0
2026-06-17 13:35:00+0530,57539.75,57576.75,57513.94921875,57554.3515625,0.0
2026-06-17 13:40:00+0530,57551.80078125,57558.8515625,57525.8984375,57533.55078125,0.0
2026-06-17 13:45:00+0530,57532.8515625,57560.8515625,57522.8984375,57560.75,0.0
2026-06-17 13:50:00+0530,57560.8984375,57571.6015625,57516.80078125,57568.8984375,0.0
2026-06-17 13:55:00+0530,57568.8515625,57590.6484375,57552.6015625,57589.44921875,0.0
2026-06-17 14:00:00+0530,57589.44921875,57609.6484375,57562.30078125,57577.8515625,0.0
2026-06-17 14:05:00+0530,57577.1484375,57586.44921875,57558.75,57562.6015625,0.0
2026-06-17 14:10:00+0530,57559.8984375,57607.55078125,57534.94921875,57586.55078125,0.0
2026-06-17 14:15:00+0530,57584.3984375,57600.80078125,57548.55078125,57585.1484375,0.0
2026-06-17 14:20:00+0530,57583.8984375,57585.8515625,57530.6015625,57545.0,0.0
2026-06-17 14:25:00+0530,57544.80078125,57547.6015625,57479.6015625,57501.69921875,0.0
2026-06-17 14:30:00+0530,57500.3515625,57533.6015625,57481.0,57532.1484375,0.0
2026-06-17 14:35:00+0530,57530.55078125,57560.55078125,57523.1015625,57548.80078125,0.0
2026-06-17 14:40:00+0530,57551.1484375,57557.30078125,57516.19921875,57522.1015625,0.0
2026-06-17 14:45:00+0530,57526.25,57532.3515625,57479.3984375,57489.8515625,0.0
2026-06-17 14:50:00+0530,57490.8515625,57525.8515625,57460.94921875,57522.6484375,0.0
2026-06-17 14:55:00+0530,57524.05078125,57547.75,57504.94921875,57546.19921875,0.0
2026-06-17 15:00:00+0530,57541.30078125,57596.55078125,57521.19921875,57582.1484375,0.0
2026-06-17 15:05:00+0530,57581.6015625,57603.69921875,57569.75,57591.55078125,0.0
2026-06-17 15:10:00+0530,57590.6484375,57601.94921875,57573.3984375,57581.80078125,0.0
2026-06-17 15:15:00+0530,57581.6484375,57609.44921875,57553.30078125,57601.80078125,0.0
2026-06-17 15:20:00+0530,57602.25,57613.30078125,57567.8515625,57570.6484375,0.0
2026-06-17 15:25:00+0530,57573.25,57582.6015625,57533.69921875,57571.25,0.0
2026-06-18 09:15:00+0530,57637.8515625,57818.8984375,57591.8984375,57782.94921875,0.0
2026-06-18 09:20:00+0530,57778.8515625,57791.3515625,57726.25,57751.44921875,0.0
2026-06-18 09:25:00+0530,57750.44921875,57783.1015625,57726.8984375,57776.30078125,0.0
2026-06-18 09:30:00+0530,57777.8515625,57797.1484375,57711.0,57724.55078125,0.0
2026-06-18 09:35:00+0530,57727.25,57731.94921875,57674.05078125,57716.75,0.0
2026-06-18 09:40:00+0530,57726.0,57817.55078125,57717.94921875,57795.19921875,0.0
2026-06-18 09:45:00+0530,57799.44921875,57886.94921875,57783.75,57839.80078125,0.0
2026-06-18 09:50:00+0530,57840.6015625,57865.3515625,57817.6484375,57853.94921875,0.0
2026-06-18 09:55:00+0530,57861.0,57882.80078125,57821.6484375,57831.5,0.0
2026-06-18 10:00:00+0530,57832.6015625,57851.6484375,57798.55078125,57811.75,0.0
2026-06-18 10:05:00+0530,57815.94921875,57847.05078125,57809.25,57843.1015625,0.0
2026-06-18 10:10:00+0530,57845.25,57871.6484375,57821.30078125,57861.30078125,0.0
2026-06-18 10:15:00+0530,57863.0,57881.0,57818.44921875,57840.3515625,0.0
2026-06-18 10:20:00+0530,57841.1015625,57864.69921875,57819.30078125,57831.55078125,0.0
2026-06-18 10:25:00+0530,57832.80078125,57833.05078125,57780.8515625,57787.6484375,0.0
2026-06-18 10:30:00+0530,57788.6015625,57795.1484375,57762.6484375,57790.3515625,0.0
2026-06-18 10:35:00+0530,57792.1484375,57795.30078125,57700.3515625,57701.55078125,0.0
2026-06-18 10:40:00+0530,57698.44921875,57729.80078125,57659.30078125,57703.8515625,0.0
2026-06-18 10:45:00+0530,57705.05078125,57759.6484375,57693.6015625,57707.80078125,0.0
2026-06-18 10:50:00+0530,57712.05078125,57745.44921875,57694.1484375,57738.3984375,0.0
2026-06-18 10:55:00+0530,57743.1015625,57789.75,57733.3515625,57782.25,0.0
2026-06-18 11:00:00+0530,57785.6484375,57787.94921875,57734.80078125,57747.0,0.0
2026-06-18 11:05:00+0530,57747.6015625,57766.3515625,57724.0,57747.6015625,0.0
2026-06-18 11:10:00+0530,57745.55078125,57763.5,57707.25,57718.25,0.0
2026-06-18 11:15:00+0530,57718.80078125,57741.3984375,57689.05078125,57701.3515625,0.0
2026-06-18 11:20:00+0530,57704.30078125,57761.5,57681.6015625,57732.5,0.0
2026-06-18 11:25:00+0530,57738.05078125,57752.75,57720.6015625,57734.80078125,0.0
2026-06-18 11:30:00+0530,57740.3515625,57795.8515625,57722.6015625,57776.3984375,0.0
2026-06-18 11:35:00+0530,57777.1015625,57786.3515625,57754.05078125,57776.25,0.0
2026-06-18 11:40:00+0530,57778.1484375,57816.6484375,57759.1015625,57816.1015625,0.0
2026-06-18 11:45:00+0530,57814.6484375,57851.3515625,57802.3984375,57834.1015625,0.0
2026-06-18 11:50:00+0530,57838.0,57838.0,57780.30078125,57808.75,0.0
2026-06-18 11:55:00+0530,57805.55078125,57821.55078125,57790.1484375,57817.6484375,0.0
2026-06-18 12:00:00+0530,57817.6484375,57881.19921875,57814.3984375,57871.6015625,0.0
2026-06-18 12:05:00+0530,57872.6015625,57904.55078125,57850.0,57887.8515625,0.0
2026-06-18 12:10:00+0530,57890.8984375,57896.19921875,57832.5,57844.19921875,0.0
2026-06-18 12:15:00+0530,57844.55078125,57866.5,57817.80078125,57857.75,0.0
2026-06-18 12:20:00+0530,57856.6015625,57861.3515625,57814.30078125,57846.05078125,0.0
2026-06-18 12:25:00+0530,57847.8515625,57896.1015625,57837.19921875,57893.3515625,0.0
2026-06-18 12:30:00+0530,57896.8984375,57926.3984375,57872.19921875,57913.0,0.0
2026-06-18 12:35:00+0530,57920.44921875,57920.44921875,57876.0,57900.30078125,0.0
2026-06-18 12:40:00+0530,57899.8984375,57933.05078125,57895.75,57907.44921875,0.0
2026-06-18 12:45:00+0530,57905.3515625,57917.55078125,57885.30078125,57900.1015625,0.0
2026-06-18 12:50:00+0530,57902.5,57935.75,57894.69921875,57916.94921875,0.0
2026-06-18 12:55:00+0530,57916.6484375,57929.05078125,57890.19921875,57907.8515625,0.0
2026-06-18 13:00:00+0530,57912.0,57922.80078125,57893.1015625,57907.44921875,0.0
2026-06-18 13:05:00+0530,57909.80078125,57924.3515625,57895.75,57914.5,0.0
2026-06-18 13:10:00+0530,57914.1484375,57942.0,57896.55078125,57940.19921875,0.0
2026-06-18 13:15:00+0530,57944.05078125,57953.8984375,57880.55078125,57885.25,0.0
2026-06-18 13:20:00+0530,57888.19921875,57908.75,57870.05078125,57872.1015625,0.0
2026-06-18 13:25:00+0530,57873.55078125,57920.0,57838.3984375,57912.8984375,0.0
2026-06-18 13:30:00+0530,57917.05078125,57951.6484375,57886.0,57925.3515625,0.0
2026-06-18 13:35:00+0530,57926.05078125,57935.1015625,57900.1015625,57908.6484375,0.0
2026-06-18 13:40:00+0530,57914.55078125,57939.19921875,57895.1484375,57912.3515625,0.0
2026-06-18 13:45:00+0530,57917.25,57937.69921875,57903.55078125,57910.1015625,0.0
2026-06-18 13:50:00+0530,57911.0,57927.6015625,57906.05078125,57913.6484375,0.0
2026-06-18 13:55:00+0530,57914.1015625,57930.44921875,57887.1015625,57895.69921875,0.0
2026-06-18 14:00:00+0530,57898.1015625,57911.30078125,57878.05078125,57898.80078125,0.0
2026-06-18 14:05:00+0530,57899.75,57922.44921875,57873.05078125,57884.44921875,0.0
2026-06-18 14:10:00+0530,57884.75,57912.30078125,57880.0,57886.8515625,0.0
2026-06-18 14:15:00+0530,57887.55078125,57888.80078125,57855.8984375,57860.55078125,0.0
2026-06-18 14:20:00+0530,57863.3515625,57901.3515625,57833.19921875,57898.69921875,0.0
2026-06-18 14:25:00+0530,57899.69921875,57910.6484375,57834.69921875,57840.44921875,0.0
2026-06-18 14:30:00+0530,57842.8984375,57845.75,57792.19921875,57831.1015625,0.0
2026-06-18 14:35:00+0530,57834.30078125,57870.3984375,57820.94921875,57826.25,0.0
2026-06-18 14:40:00+0530,57825.5,57850.05078125,57818.6015625,57827.05078125,0.0
2026-06-18 14:45:00+0530,57829.80078125,57857.1484375,57820.8515625,57831.3984375,0.0
2026-06-18 14:50:00+0530,57832.19921875,57866.8984375,57814.75,57861.0,0.0
2026-06-18 14:55:00+0530,57861.3984375,57913.94921875,57847.69921875,57910.05078125,0.0
2026-06-18 15:00:00+0530,57913.6484375,57949.0,57888.5,57924.3515625,0.0
2026-06-18 15:05:00+0530,57927.8984375,57997.19921875,57905.80078125,57990.30078125,0.0
2026-06-18 15:10:00+0530,57989.30078125,58019.25,57953.3984375,57995.6484375,0.0
2026-06-18 15:15:00+0530,57996.05078125,58014.0,57977.44921875,57986.55078125,0.0
2026-06-18 15:20:00+0530,57986.5,58003.44921875,57957.05078125,57985.8515625,0.0
2026-06-18 15:25:00+0530,57987.0,58000.0,57962.1484375,57987.25,0.0
2026-06-19 09:15:00+0530,57712.25,57803.6484375,57644.3515625,57776.69921875,0.0
2026-06-19 09:20:00+0530,57774.30078125,57780.8984375,57643.1015625,57649.30078125,0.0
2026-06-19 09:25:00+0530,57649.1484375,57696.6015625,57622.5,57627.6484375,0.0
2026-06-19 09:30:00+0530,57629.8515625,57634.3984375,57564.80078125,57599.55078125,0.0
2026-06-19 09:35:00+0530,57598.8984375,57666.1484375,57587.25,57648.1484375,0.0
2026-06-19 09:40:00+0530,57645.0,57673.1015625,57609.0,57615.6484375,0.0
2026-06-19 09:45:00+0530,57618.8515625,57648.19921875,57586.1484375,57644.3515625,0.0
2026-06-19 09:50:00+0530,57642.94921875,57646.25,57575.19921875,57604.1484375,0.0
2026-06-19 09:55:00+0530,57603.6015625,57630.5,57599.8515625,57622.44921875,0.0
2026-06-19 10:00:00+0530,57622.19921875,57628.1015625,57548.3984375,57579.6015625,0.0
2026-06-19 10:05:00+0530,57579.6015625,57611.8515625,57563.25,57601.8515625,0.0
2026-06-19 10:10:00+0530,57603.1015625,57640.30078125,57599.3984375,57639.75,0.0
2026-06-19 10:15:00+0530,57636.19921875,57662.3984375,57623.1484375,57638.80078125,0.0
2026-06-19 10:20:00+0530,57644.1484375,57652.5,57606.0,57647.75,0.0
2026-06-19 10:25:00+0530,57648.6484375,57662.80078125,57598.30078125,57601.55078125,0.0
2026-06-19 10:30:00+0530,57600.19921875,57608.3515625,57565.55078125,57597.69921875,0.0
2026-06-19 10:35:00+0530,57599.3984375,57635.30078125,57578.0,57622.5,0.0
2026-06-19 10:40:00+0530,57624.05078125,57626.94921875,57575.25,57617.6484375,0.0
2026-06-19 10:45:00+0530,57617.80078125,57627.25,57571.1484375,57576.6484375,0.0
2026-06-19 10:50:00+0530,57577.3515625,57585.8984375,57529.1484375,57531.0,0.0
2026-06-19 10:55:00+0530,57531.8984375,57553.69921875,57508.69921875,57543.55078125,0.0
2026-06-19 11:00:00+0530,57543.19921875,57577.5,57528.55078125,57541.1484375,0.0
2026-06-19 11:05:00+0530,57541.05078125,57568.25,57532.94921875,57564.1015625,0.0
2026-06-19 11:10:00+0530,57564.30078125,57625.94921875,57564.30078125,57619.94921875,0.0
2026-06-19 11:15:00+0530,57619.80078125,57626.55078125,57581.80078125,57589.5,0.0
2026-06-19 11:20:00+0530,57590.3984375,57593.55078125,57545.75,57551.30078125,0.0
2026-06-19 11:25:00+0530,57554.8515625,57603.25,57537.75,57600.0,0.0
2026-06-19 11:30:00+0530,57606.30078125,57626.1484375,57563.6015625,57618.3984375,0.0
2026-06-19 11:35:00+0530,57618.3984375,57645.19921875,57589.25,57599.25,0.0
2026-06-19 11:40:00+0530,57597.94921875,57609.6015625,57576.3515625,57585.30078125,0.0
2026-06-19 11:45:00+0530,57586.55078125,57586.6484375,57535.69921875,57539.3984375,0.0
2026-06-19 11:50:00+0530,57540.05078125,57572.0,57539.1015625,57551.69921875,0.0
2026-06-19 11:55:00+0530,57552.6015625,57587.1484375,57533.69921875,57571.6484375,0.0
2026-06-19 12:00:00+0530,57575.55078125,57580.3984375,57546.75,57558.44921875,0.0
2026-06-19 12:05:00+0530,57557.80078125,57579.30078125,57553.30078125,57570.5,0.0
2026-06-19 12:10:00+0530,57572.19921875,57579.25,57549.25,57563.94921875,0.0
2026-06-19 12:15:00+0530,57566.0,57568.5,57548.25,57560.5,0.0
2026-06-19 12:20:00+0530,57560.5,57609.25,57553.6484375,57607.55078125,0.0
2026-06-19 12:25:00+0530,57606.3984375,57633.94921875,57595.44921875,57600.19921875,0.0
2026-06-19 12:30:00+0530,57601.8515625,57622.3984375,57588.3984375,57598.6484375,0.0
2026-06-19 12:35:00+0530,57598.05078125,57609.19921875,57580.80078125,57591.75,0.0
2026-06-19 12:40:00+0530,57593.25,57597.55078125,57487.19921875,57552.8515625,0.0
2026-06-19 12:45:00+0530,57552.80078125,57587.5,57539.1015625,57555.1484375,0.0
2026-06-19 12:50:00+0530,57552.25,57580.0,57545.6015625,57551.75,0.0
2026-06-19 12:55:00+0530,57553.05078125,57554.25,57499.25,57519.69921875,0.0
2026-06-19 13:00:00+0530,57520.94921875,57522.30078125,57472.25,57474.6015625,0.0
2026-06-19 13:05:00+0530,57473.1015625,57536.1015625,57465.1015625,57510.94921875,0.0
2026-06-19 13:10:00+0530,57510.25,57528.5,57493.25,57525.69921875,0.0
2026-06-19 13:15:00+0530,57520.94921875,57531.3984375,57499.75,57505.19921875,0.0
2026-06-19 13:20:00+0530,57506.1015625,57534.55078125,57499.05078125,57505.1484375,0.0
2026-06-19 13:25:00+0530,57504.1015625,57545.3515625,57503.94921875,57541.0,0.0
2026-06-19 13:30:00+0530,57541.3515625,57574.3984375,57531.5,57572.1015625,0.0
2026-06-19 13:35:00+0530,57572.1015625,57584.55078125,57541.30078125,57574.3984375,0.0
2026-06-19 13:40:00+0530,57573.8515625,57608.75,57570.30078125,57594.25,0.0
2026-06-19 13:45:00+0530,57594.25,57609.3984375,57572.69921875,57604.19921875,0.0
2026-06-19 13:50:00+0530,57604.19921875,57613.30078125,57585.69921875,57592.8984375,0.0
2026-06-19 13:55:00+0530,57590.3984375,57632.6015625,57582.3515625,57632.6015625,0.0
2026-06-19 14:00:00+0530,57635.6015625,57693.94921875,57633.1015625,57693.94921875,0.0
2026-06-19 14:05:00+0530,57695.6015625,57716.3984375,57651.8984375,57661.8515625,0.0
2026-06-19 14:10:00+0530,57661.6484375,57691.0,57643.3515625,57688.0,0.0
2026-06-19 14:15:00+0530,57688.44921875,57696.80078125,57661.44921875,57675.6015625,0.0
2026-06-19 14:20:00+0530,57676.55078125,57691.0,57624.6484375,57637.6015625,0.0
2026-06-19 14:25:00+0530,57635.80078125,57709.25,57627.94921875,57699.3515625,0.0
2026-06-19 14:30:00+0530,57696.44921875,57758.94921875,57696.44921875,57743.8515625,0.0
2026-06-19 14:35:00+0530,57743.80078125,57789.8984375,57737.1484375,57749.3515625,0.0
2026-06-19 14:40:00+0530,57750.19921875,57751.6015625,57683.0,57707.0,0.0
2026-06-19 14:45:00+0530,57704.6484375,57722.8515625,57688.80078125,57701.75,0.0
2026-06-19 14:50:00+0530,57700.1484375,57700.1484375,57598.8984375,57608.5,0.0
2026-06-19 14:55:00+0530,57609.0,57610.3515625,57536.19921875,57556.19921875,0.0
2026-06-19 15:00:00+0530,57555.6484375,57720.3984375,57513.44921875,57719.19921875,0.0
2026-06-19 15:05:00+0530,57720.44921875,57753.75,57703.69921875,57721.75,0.0
2026-06-19 15:10:00+0530,57722.19921875,57762.75,57682.30078125,57686.80078125,0.0
2026-06-19 15:15:00+0530,57690.3515625,57713.44921875,57645.8515625,57693.30078125,0.0
2026-06-19 15:20:00+0530,57693.8515625,57710.3984375,57675.80078125,57700.44921875,0.0
2026-06-19 15:25:00+0530,57700.75,57724.1015625,57673.5,57714.8515625,0.0
2026-06-22 09:15:00+0530,57906.8984375,57914.8515625,57775.1484375,57806.0,0.0
2026-06-22 09:20:00+0530,57807.05078125,57870.8515625,57807.05078125,57837.6015625,0.0
2026-06-22 09:25:00+0530,57841.94921875,57849.1015625,57803.05078125,57820.8984375,0.0
2026-06-22 09:30:00+0530,57818.6484375,57830.5,57783.94921875,57803.19921875,0.0
2026-06-22 09:35:00+0530,57805.55078125,57824.3515625,57752.6484375,57766.8515625,0.0
2026-06-22 09:40:00+0530,57766.69921875,57773.80078125,57720.69921875,57726.5,0.0
2026-06-22 09:45:00+0530,57731.19921875,57765.0,57721.3515625,57747.1015625,0.0
2026-06-22 09:50:00+0530,57744.75,57775.44921875,57732.8984375,57771.30078125,0.0
2026-06-22 09:55:00+0530,57772.30078125,57811.19921875,57764.3984375,57806.05078125,0.0
2026-06-22 10:00:00+0530,57807.44921875,57826.19921875,57757.69921875,57757.69921875,0.0
2026-06-22 10:05:00+0530,57757.75,57824.19921875,57747.6484375,57824.19921875,0.0
2026-06-22 10:10:00+0530,57821.6484375,57841.5,57805.5,57820.75,0.0
2026-06-22 10:15:00+0530,57820.75,57837.3515625,57806.5,57816.55078125,0.0
2026-06-22 10:20:00+0530,57817.19921875,57848.25,57806.6484375,57812.75,0.0
2026-06-22 10:25:00+0530,57811.8515625,57872.8515625,57801.8515625,57864.80078125,0.0
2026-06-22 10:30:00+0530,57863.05078125,57904.8984375,57852.0,57857.8984375,0.0
2026-06-22 10:35:00+0530,57859.1015625,57900.30078125,57849.25,57888.30078125,0.0
2026-06-22 10:40:00+0530,57885.3984375,57915.0,57867.69921875,57886.69921875,0.0
2026-06-22 10:45:00+0530,57885.1484375,57898.69921875,57865.55078125,57877.44921875,0.0
2026-06-22 10:50:00+0530,57877.1484375,57887.25,57839.1015625,57845.1484375,0.0
2026-06-22 10:55:00+0530,57844.19921875,57885.30078125,57843.05078125,57876.94921875,0.0
2026-06-22 11:00:00+0530,57876.94921875,57886.3984375,57859.75,57878.25,0.0
2026-06-22 11:05:00+0530,57882.6015625,57905.05078125,57868.5,57888.69921875,0.0
2026-06-22 11:10:00+0530,57885.3984375,57896.94921875,57871.25,57878.8515625,0.0
2026-06-22 11:15:00+0530,57875.8984375,57902.6015625,57869.8984375,57881.25,0.0
2026-06-22 11:20:00+0530,57881.25,57914.75,57877.94921875,57909.0,0.0
2026-06-22 11:25:00+0530,57907.3515625,57913.75,57895.3984375,57904.1015625,0.0
2026-06-22 11:30:00+0530,57904.0,57956.0,57891.69921875,57943.5,0.0
2026-06-22 11:35:00+0530,57945.8515625,57963.25,57930.1015625,57938.94921875,0.0
2026-06-22 11:40:00+0530,57940.3984375,57946.1015625,57898.6484375,57907.1484375,0.0
2026-06-22 11:45:00+0530,57907.1484375,57916.44921875,57883.0,57909.05078125,0.0
2026-06-22 11:50:00+0530,57911.5,57918.8984375,57892.19921875,57897.6015625,0.0
2026-06-22 11:55:00+0530,57897.6015625,57905.25,57876.55078125,57896.3515625,0.0
2026-06-22 12:00:00+0530,57893.3515625,57900.75,57861.69921875,57873.30078125,0.0
2026-06-22 12:05:00+0530,57874.1015625,57899.30078125,57873.0,57886.80078125,0.0
2026-06-22 12:10:00+0530,57884.94921875,57894.6015625,57877.5,57883.3984375,0.0
2026-06-22 12:15:00+0530,57880.55078125,57897.94921875,57878.0,57897.19921875,0.0
2026-06-22 12:20:00+0530,57897.0,57925.6484375,57888.30078125,57907.55078125,0.0
2026-06-22 12:25:00+0530,57907.55078125,57916.0,57883.44921875,57894.1015625,0.0
2026-06-22 12:30:00+0530,57894.1015625,57908.8984375,57870.3515625,57889.6484375,0.0
2026-06-22 12:35:00+0530,57891.0,57898.69921875,57866.75,57874.1015625,0.0
2026-06-22 12:40:00+0530,57873.25,57878.1484375,57855.55078125,57861.6484375,0.0
2026-06-22 12:45:00+0530,57862.3515625,57869.3515625,57845.30078125,57866.44921875,0.0
2026-06-22 12:50:00+0530,57866.44921875,57884.3984375,57861.55078125,57864.3984375,0.0
2026-06-22 12:55:00+0530,57864.3984375,57875.05078125,57849.6015625,57872.8515625,0.0
2026-06-22 13:00:00+0530,57871.80078125,57875.30078125,57842.8984375,57853.0,0.0
2026-06-22 13:05:00+0530,57852.30078125,57867.69921875,57833.8984375,57842.5,0.0
2026-06-22 13:10:00+0530,57842.5,57845.3984375,57810.80078125,57824.75,0.0
2026-06-22 13:15:00+0530,57824.75,57869.6484375,57824.75,57856.5,0.0
2026-06-22 13:20:00+0530,57855.69921875,57859.94921875,57819.8984375,57828.6484375,0.0
2026-06-22 13:25:00+0530,57826.19921875,57844.05078125,57815.94921875,57815.94921875,0.0
2026-06-22 13:30:00+0530,57815.94921875,57842.80078125,57811.44921875,57830.44921875,0.0
2026-06-22 13:35:00+0530,57829.80078125,57859.69921875,57826.69921875,57838.55078125,0.0
2026-06-22 13:40:00+0530,57838.69921875,57864.80078125,57800.6484375,57844.30078125,0.0
2026-06-22 13:45:00+0530,57844.30078125,57858.25,57836.80078125,57847.8515625,0.0
2026-06-22 13:50:00+0530,57849.3984375,57876.5,57834.5,57866.80078125,0.0
2026-06-22 13:55:00+0530,57868.1015625,57918.6015625,57856.94921875,57895.30078125,0.0
2026-06-22 14:00:00+0530,57894.6484375,57908.1484375,57885.30078125,57897.19921875,0.0
2026-06-22 14:05:00+0530,57895.94921875,57908.69921875,57876.6484375,57877.6015625,0.0
2026-06-22 14:10:00+0530,57878.25,57914.8515625,57854.94921875,57858.75,0.0
2026-06-22 14:15:00+0530,57860.25,57889.8984375,57844.19921875,57879.30078125,0.0
2026-06-22 14:20:00+0530,57885.3984375,57905.30078125,57877.69921875,57895.80078125,0.0
2026-06-22 14:25:00+0530,57894.55078125,57942.30078125,57884.69921875,57922.80078125,0.0
2026-06-22 14:30:00+0530,57922.6015625,57935.80078125,57899.6015625,57922.8984375,0.0
2026-06-22 14:35:00+0530,57924.69921875,57966.80078125,57914.1484375,57955.8984375,0.0
2026-06-22 14:40:00+0530,57956.5,57961.75,57930.44921875,57946.05078125,0.0
2026-06-22 14:45:00+0530,57946.05078125,57976.75,57939.1484375,57972.1484375,0.0
2026-06-22 14:50:00+0530,57972.1484375,57992.30078125,57966.44921875,57984.25,0.0
2026-06-22 14:55:00+0530,57983.5,58001.25,57970.94921875,57982.8984375,0.0
2026-06-22 15:00:00+0530,57988.19921875,58008.44921875,57953.69921875,57957.8515625,0.0
2026-06-22 15:05:00+0530,57962.1015625,57968.3984375,57921.05078125,57928.80078125,0.0
2026-06-22 15:10:00+0530,57933.3515625,57967.1015625,57916.05078125,57949.8984375,0.0
2026-06-22 15:15:00+0530,57950.5,57956.44921875,57898.6484375,57907.44921875,0.0
2026-06-22 15:20:00+0530,57906.8984375,57924.19921875,57881.1015625,57885.25,0.0
2026-06-22 15:25:00+0530,57884.80078125,57919.3984375,57870.94921875,57890.75,0.0
2026-06-23 09:15:00+0530,57921.3984375,57948.55078125,57782.05078125,57831.30078125,0.0
2026-06-23 09:20:00+0530,57834.1015625,57873.0,57821.1484375,57835.1484375,0.0
2026-06-23 09:25:00+0530,57834.44921875,57882.8515625,57815.30078125,57880.3984375,0.0
2026-06-23 09:30:00+0530,57880.94921875,57906.19921875,57861.8984375,57888.0,0.0
2026-06-23 09:35:00+0530,57893.0,57944.05078125,57871.94921875,57939.44921875,0.0
2026-06-23 09:40:00+0530,57945.55078125,57958.55078125,57886.3515625,57926.0,0.0
2026-06-23 09:45:00+0530,57925.05078125,57935.8984375,57885.55078125,57931.44921875,0.0
2026-06-23 09:50:00+0530,57934.1484375,57957.5,57910.19921875,57951.0,0.0
2026-06-23 09:55:00+0530,57950.8515625,57953.80078125,57925.8984375,57951.8515625,0.0
2026-06-23 10:00:00+0530,57946.75,57953.8984375,57898.6015625,57933.30078125,0.0
2026-06-23 10:05:00+0530,57933.05078125,57944.1015625,57881.30078125,57897.94921875,0.0
2026-06-23 10:10:00+0530,57903.0,57908.6484375,57868.6015625,57880.1484375,0.0
2026-06-23 10:15:00+0530,57884.94921875,57931.5,57870.1015625,57928.05078125,0.0
2026-06-23 10:20:00+0530,57927.1015625,57933.0,57883.55078125,57905.19921875,0.0
2026-06-23 10:25:00+0530,57905.3984375,57918.05078125,57874.55078125,57902.6015625,0.0
2026-06-23 10:30:00+0530,57903.19921875,57912.44921875,57874.80078125,57905.0,0.0
2026-06-23 10:35:00+0530,57908.44921875,57933.0,57890.8984375,57910.69921875,0.0
2026-06-23 10:40:00+0530,57910.94921875,57932.1015625,57880.1484375,57880.1484375,0.0
2026-06-23 10:45:00+0530,57880.3515625,57892.69921875,57860.75,57883.0,0.0
2026-06-23 10:50:00+0530,57890.0,57909.8515625,57874.69921875,57897.0,0.0
2026-06-23 10:55:00+0530,57896.55078125,57903.8984375,57874.94921875,57888.0,0.0
2026-06-23 11:00:00+0530,57886.80078125,57892.94921875,57855.6015625,57872.94921875,0.0
2026-06-23 11:05:00+0530,57871.6484375,57905.44921875,57863.75,57877.3984375,0.0
2026-06-23 11:10:00+0530,57877.05078125,57904.05078125,57871.1484375,57899.3515625,0.0
2026-06-23 11:15:00+0530,57901.1015625,57931.19921875,57892.80078125,57899.6015625,0.0
2026-06-23 11:20:00+0530,57900.1015625,57907.69921875,57867.3515625,57890.19921875,0.0
2026-06-23 11:25:00+0530,57889.1015625,57901.75,57861.94921875,57869.0,0.0
2026-06-23 11:30:00+0530,57871.6484375,57873.6015625,57847.19921875,57850.1015625,0.0
2026-06-23 11:35:00+0530,57855.19921875,57859.5,57821.1015625,57824.6484375,0.0
2026-06-23 11:40:00+0530,57826.55078125,57828.30078125,57739.44921875,57762.6015625,0.0
2026-06-23 11:45:00+0530,57760.94921875,57761.75,57617.1484375,57629.30078125,0.0
2026-06-23 11:50:00+0530,57628.1484375,57668.69921875,57597.30078125,57646.44921875,0.0
2026-06-23 11:55:00+0530,57646.25,57651.8515625,57517.5,57544.3984375,0.0
2026-06-23 12:00:00+0530,57543.8984375,57560.30078125,57502.6015625,57517.94921875,0.0
2026-06-23 12:05:00+0530,57516.6015625,57530.80078125,57464.80078125,57490.55078125,0.0
2026-06-23 12:10:00+0530,57489.1015625,57523.6484375,57465.1484375,57518.69921875,0.0
2026-06-23 12:15:00+0530,57519.05078125,57562.75,57491.30078125,57530.8515625,0.0
2026-06-23 12:20:00+0530,57530.6015625,57537.6015625,57369.25,57394.6484375,0.0
2026-06-23 12:25:00+0530,57400.69921875,57490.55078125,57394.44921875,57458.1484375,0.0
2026-06-23 12:30:00+0530,57456.5,57460.8515625,57430.1484375,57444.1015625,0.0
2026-06-23 12:35:00+0530,57446.25,57483.3515625,57433.3515625,57470.69921875,0.0
2026-06-23 12:40:00+0530,57472.6484375,57496.30078125,57442.30078125,57469.55078125,0.0
2026-06-23 12:45:00+0530,57470.3984375,57474.44921875,57385.44921875,57401.6484375,0.0
2026-06-23 12:50:00+0530,57405.75,57432.6015625,57401.8984375,57418.80078125,0.0
2026-06-23 12:55:00+0530,57419.75,57421.3515625,57397.6015625,57412.75,0.0
2026-06-23 13:00:00+0530,57412.69921875,57418.44921875,57367.05078125,57407.5,0.0
2026-06-23 13:05:00+0530,57405.55078125,57465.6484375,57397.30078125,57462.1484375,0.0
2026-06-23 13:10:00+0530,57462.1015625,57479.55078125,57436.05078125,57436.05078125,0.0
2026-06-23 13:15:00+0530,57440.3984375,57440.75,57388.94921875,57425.6484375,0.0
2026-06-23 13:20:00+0530,57429.5,57462.8515625,57407.94921875,57420.6015625,0.0
2026-06-23 13:25:00+0530,57423.6015625,57427.55078125,57360.0,57393.8515625,0.0
2026-06-23 13:30:00+0530,57393.8515625,57399.69921875,57279.6015625,57289.30078125,0.0
2026-06-23 13:35:00+0530,57292.6484375,57322.30078125,57265.30078125,57295.55078125,0.0
2026-06-23 13:40:00+0530,57301.0,57336.6015625,57291.0,57326.6484375,0.0
2026-06-23 13:45:00+0530,57327.75,57353.6015625,57292.6015625,57338.55078125,0.0
2026-06-23 13:50:00+0530,57337.0,57340.5,57271.1015625,57280.19921875,0.0
2026-06-23 13:55:00+0530,57280.19921875,57286.55078125,57240.6015625,57259.8515625,0.0
2026-06-23 14:00:00+0530,57263.55078125,57333.30078125,57242.19921875,57329.6484375,0.0
2026-06-23 14:05:00+0530,57331.6484375,57351.80078125,57283.1484375,57317.8984375,0.0
2026-06-23 14:10:00+0530,57323.6484375,57394.3515625,57313.80078125,57375.1484375,0.0
2026-06-23 14:15:00+0530,57376.69921875,57395.8515625,57335.19921875,57336.05078125,0.0
2026-06-23 14:20:00+0530,57336.30078125,57382.1015625,57314.80078125,57358.8984375,0.0
2026-06-23 14:25:00+0530,57363.3984375,57380.05078125,57329.69921875,57353.1015625,0.0
2026-06-23 14:30:00+0530,57354.8515625,57360.75,57325.8984375,57333.8984375,0.0
2026-06-23 14:35:00+0530,57335.3984375,57349.94921875,57311.25,57331.6484375,0.0
2026-06-23 14:40:00+0530,57331.44921875,57398.6015625,57301.6484375,57387.3515625,0.0
2026-06-23 14:45:00+0530,57387.3515625,57412.05078125,57316.75,57360.05078125,0.0
2026-06-23 14:50:00+0530,57364.25,57377.1484375,57331.44921875,57369.25,0.0
2026-06-23 14:55:00+0530,57372.30078125,57389.30078125,57331.44921875,57345.8515625,0.0
2026-06-23 15:00:00+0530,57354.8984375,57373.55078125,57183.6484375,57228.3984375,0.0
2026-06-23 15:05:00+0530,57226.6484375,57278.75,57222.30078125,57242.6015625,0.0
2026-06-23 15:10:00+0530,57243.8984375,57292.3515625,57200.6015625,57210.69921875,0.0
2026-06-23 15:15:00+0530,57211.75,57215.80078125,57102.5,57126.6484375,0.0
2026-06-23 15:20:00+0530,57125.6484375,57154.6015625,57099.5,57111.80078125,0.0
2026-06-23 15:25:00+0530,57112.6484375,57123.80078125,57080.25,57102.6484375,0.0
2026-06-24 09:15:00+0530,57074.8984375,57439.94921875,57074.8984375,57368.55078125,0.0
2026-06-24 09:20:00+0530,57367.75,57472.1484375,57365.8984375,57451.25,0.0
2026-06-24 09:25:00+0530,57458.1484375,57544.3515625,57445.69921875,57535.80078125,0.0
2026-06-24 09:30:00+0530,57534.3984375,57559.19921875,57466.3515625,57476.94921875,0.0
2026-06-24 09:35:00+0530,57475.19921875,57522.94921875,57455.25,57519.1484375,0.0
2026-06-24 09:40:00+0530,57518.69921875,57565.80078125,57474.6015625,57479.0,0.0
2026-06-24 09:45:00+0530,57479.80078125,57508.0,57363.55078125,57364.75,0.0
2026-06-24 09:50:00+0530,57361.25,57388.1484375,57309.94921875,57334.94921875,0.0
2026-06-24 09:55:00+0530,57334.1015625,57422.6484375,57332.3984375,57396.69921875,0.0
2026-06-24 10:00:00+0530,57398.1015625,57603.80078125,57396.19921875,57571.6484375,0.0
2026-06-24 10:05:00+0530,57569.0,57615.1015625,57536.80078125,57613.3515625,0.0
2026-06-24 10:10:00+0530,57615.44921875,57676.25,57606.55078125,57658.3515625,0.0
2026-06-24 10:15:00+0530,57657.6484375,57712.5,57634.3984375,57634.3984375,0.0
2026-06-24 10:20:00+0530,57636.05078125,57704.6484375,57636.05078125,57701.44921875,0.0
2026-06-24 10:25:00+0530,57702.44921875,57716.1484375,57673.3515625,57683.05078125,0.0
2026-06-24 10:30:00+0530,57688.0,57715.44921875,57663.5,57689.5,0.0
2026-06-24 10:35:00+0530,57692.3515625,57697.75,57654.80078125,57671.5,0.0
2026-06-24 10:40:00+0530,57672.19921875,57685.3515625,57644.25,57649.0,0.0
2026-06-24 10:45:00+0530,57651.05078125,57712.1015625,57647.30078125,57695.3515625,0.0
2026-06-24 10:50:00+0530,57694.05078125,57718.3984375,57675.5,57708.44921875,0.0
2026-06-24 10:55:00+0530,57709.5,57747.3515625,57698.44921875,57714.8984375,0.0
2026-06-24 11:00:00+0530,57713.94921875,57809.1015625,57713.94921875,57778.55078125,0.0
2026-06-24 11:05:00+0530,57775.19921875,57874.55078125,57771.19921875,57870.1015625,0.0
2026-06-24 11:10:00+0530,57869.25,57882.30078125,57834.5,57860.69921875,0.0
2026-06-24 11:15:00+0530,57862.94921875,57871.5,57833.25,57850.25,0.0
2026-06-24 11:20:00+0530,57848.75,57905.3515625,57848.75,57901.55078125,0.0
2026-06-24 11:25:00+0530,57901.69921875,57929.1484375,57883.80078125,57912.1015625,0.0
2026-06-24 11:30:00+0530,57914.6484375,57948.94921875,57881.3515625,57946.3515625,0.0
2026-06-24 11:35:00+0530,57947.44921875,57979.69921875,57938.6484375,57953.3984375,0.0
2026-06-24 11:40:00+0530,57949.94921875,58040.44921875,57949.5,58035.5,0.0
2026-06-24 11:45:00+0530,58034.75,58075.8515625,58031.1015625,58070.30078125,0.0
2026-06-24 11:50:00+0530,58068.80078125,58108.69921875,58065.1015625,58099.6484375,0.0
2026-06-24 11:55:00+0530,58098.19921875,58127.75,58067.5,58073.1484375,0.0
2026-06-24 12:00:00+0530,58071.80078125,58097.0,58053.0,58092.30078125,0.0
2026-06-24 12:05:00+0530,58090.6484375,58100.8515625,58060.69921875,58061.19921875,0.0
2026-06-24 12:10:00+0530,58063.1015625,58063.1015625,58017.1484375,58022.80078125,0.0
2026-06-24 12:15:00+0530,58026.30078125,58081.94921875,58023.94921875,58074.75,0.0
2026-06-24 12:20:00+0530,58074.75,58140.6015625,58067.8984375,58134.5,0.0
2026-06-24 12:25:00+0530,58134.5,58140.5,58068.75,58081.44921875,0.0
2026-06-24 12:30:00+0530,58081.5,58084.6015625,57983.55078125,58025.30078125,0.0
2026-06-24 12:35:00+0530,57996.5,58000.6484375,57961.55078125,57998.1015625,0.0
2026-06-24 12:40:00+0530,58000.1484375,58049.19921875,57996.1484375,58045.44921875,0.0
2026-06-24 12:45:00+0530,58045.69921875,58054.8984375,58024.75,58026.0,0.0
2026-06-24 12:50:00+0530,58026.19921875,58055.69921875,58011.6015625,58049.1015625,0.0
2026-06-24 12:55:00+0530,58051.25,58096.6484375,58043.19921875,58096.5,0.0
2026-06-24 13:00:00+0530,58095.05078125,58114.30078125,58020.8984375,58028.1484375,0.0
2026-06-24 13:05:00+0530,58026.6015625,58038.69921875,57995.44921875,58034.30078125,0.0
2026-06-24 13:10:00+0530,58035.6484375,58070.30078125,58021.6484375,58062.94921875,0.0
2026-06-24 13:15:00+0530,58063.80078125,58150.94921875,58043.1015625,58150.94921875,0.0
2026-06-24 13:20:00+0530,58153.1015625,58172.6484375,58116.6015625,58120.6015625,0.0
2026-06-24 13:25:00+0530,58119.5,58157.3515625,58112.05078125,58152.6484375,0.0
2026-06-24 13:30:00+0530,58152.75,58175.69921875,58141.55078125,58172.94921875,0.0
2026-06-24 13:35:00+0530,58172.55078125,58223.3515625,58164.30078125,58172.55078125,0.0
2026-06-24 13:40:00+0530,58171.80078125,58198.05078125,58164.30078125,58188.3984375,0.0
2026-06-24 13:45:00+0530,58191.55078125,58232.05078125,58191.25,58206.5,0.0
2026-06-24 13:50:00+0530,58206.55078125,58213.30078125,58182.44921875,58209.8515625,0.0
2026-06-24 13:55:00+0530,58210.75,58218.8984375,58160.8515625,58185.55078125,0.0
2026-06-24 14:00:00+0530,58185.80078125,58190.8984375,58130.75,58150.1484375,0.0
2026-06-24 14:05:00+0530,58150.1484375,58157.30078125,58097.0,58113.94921875,0.0
2026-06-24 14:10:00+0530,58113.94921875,58178.1015625,58106.75,58154.55078125,0.0
2026-06-24 14:15:00+0530,58155.1015625,58195.19921875,58138.3515625,58188.69921875,0.0
2026-06-24 14:20:00+0530,58185.94921875,58216.1484375,58155.8515625,58191.1484375,0.0
2026-06-24 14:25:00+0530,58191.1484375,58200.6015625,58152.1484375,58169.75,0.0
2026-06-24 14:30:00+0530,58170.3984375,58183.30078125,58128.05078125,58177.6484375,0.0
2026-06-24 14:35:00+0530,58177.6484375,58181.05078125,58115.3515625,58146.3984375,0.0
2026-06-24 14:40:00+0530,58148.55078125,58195.44921875,58133.69921875,58170.5,0.0
2026-06-24 14:45:00+0530,58172.3984375,58187.30078125,58120.6484375,58171.25,0.0
2026-06-24 14:50:00+0530,58171.55078125,58240.80078125,58163.80078125,58230.69921875,0.0
2026-06-24 14:55:00+0530,58226.1015625,58256.0,58169.6015625,58191.8515625,0.0
2026-06-24 15:00:00+0530,58193.05078125,58202.1484375,58121.8984375,58187.8515625,0.0
2026-06-24 15:05:00+0530,58188.1484375,58188.55078125,58134.30078125,58156.69921875,0.0
2026-06-24 15:10:00+0530,58155.1484375,58157.6015625,58096.0,58111.3515625,0.0
2026-06-24 15:15:00+0530,58109.05078125,58152.80078125,58093.94921875,58129.69921875,0.0
2026-06-24 15:20:00+0530,58129.8984375,58160.69921875,58123.75,58159.80078125,0.0
2026-06-24 15:25:00+0530,58161.3984375,58196.30078125,58135.5,58172.69921875,0.0
2026-06-25 09:15:00+0530,58463.5,58503.55078125,58360.6015625,58396.75,0.0
2026-06-25 09:20:00+0530,58399.69921875,58466.75,58398.1015625,58460.05078125,0.0
2026-06-25 09:25:00+0530,58466.94921875,58478.3984375,58421.6015625,58437.30078125,0.0
2026-06-25 09:30:00+0530,58434.8984375,58475.6484375,58387.8515625,58462.19921875,0.0
2026-06-25 09:35:00+0530,58460.69921875,58475.19921875,58436.55078125,58469.1015625,0.0
2026-06-25 09:40:00+0530,58468.8515625,58474.0,58431.94921875,58457.69921875,0.0
2026-06-25 09:45:00+0530,58464.8984375,58526.1484375,58459.3515625,58515.69921875,0.0
2026-06-25 09:50:00+0530,58519.80078125,58523.6484375,58479.80078125,58492.5,0.0
2026-06-25 09:55:00+0530,58492.6484375,58510.3984375,58468.3515625,58469.3515625,0.0
2026-06-25 10:00:00+0530,58468.6015625,58472.80078125,58402.8515625,58432.19921875,0.0
2026-06-25 10:05:00+0530,58433.8984375,58439.05078125,58380.30078125,58413.55078125,0.0
2026-06-25 10:10:00+0530,58416.6015625,58478.5,58392.30078125,58473.0,0.0
2026-06-25 10:15:00+0530,58471.80078125,58494.3984375,58404.30078125,58432.6015625,0.0
2026-06-25 10:20:00+0530,58434.30078125,58435.19921875,58389.30078125,58408.1484375,0.0
2026-06-25 10:25:00+0530,58407.5,58450.6015625,58400.8984375,58420.80078125,0.0
2026-06-25 10:30:00+0530,58423.0,58463.6484375,58408.8984375,58435.5,0.0
2026-06-25 10:35:00+0530,58438.5,58456.3984375,58423.1015625,58436.0,0.0
2026-06-25 10:40:00+0530,58441.55078125,58462.80078125,58428.6015625,58442.1015625,0.0
2026-06-25 10:45:00+0530,58442.25,58477.5,58435.8984375,58475.1484375,0.0
2026-06-25 10:50:00+0530,58475.1484375,58476.80078125,58402.44921875,58402.44921875,0.0
2026-06-25 10:55:00+0530,58403.94921875,58422.69921875,58385.3984375,58419.25,0.0
2026-06-25 11:00:00+0530,58419.1484375,58431.30078125,58389.25,58420.30078125,0.0
2026-06-25 11:05:00+0530,58425.25,58466.8515625,58413.05078125,58460.0,0.0
2026-06-25 11:10:00+0530,58457.55078125,58463.94921875,58436.80078125,58448.1484375,0.0
2026-06-25 11:15:00+0530,58451.0,58455.69921875,58409.1484375,58423.69921875,0.0
2026-06-25 11:20:00+0530,58425.80078125,58449.6484375,58414.19921875,58418.6484375,0.0
2026-06-25 11:25:00+0530,58416.55078125,58438.75,58408.1484375,58436.94921875,0.0
2026-06-25 11:30:00+0530,58434.6015625,58452.55078125,58418.75,58452.25,0.0
2026-06-25 11:35:00+0530,58451.94921875,58459.0,58427.25,58453.3984375,0.0
2026-06-25 11:40:00+0530,58453.3984375,58466.6015625,58443.69921875,58462.80078125,0.0
2026-06-25 11:45:00+0530,58464.3984375,58500.30078125,58460.05078125,58489.1015625,0.0
2026-06-25 11:50:00+0530,58491.0,58513.1015625,58481.30078125,58500.25,0.0
2026-06-25 11:55:00+0530,58500.25,58569.3984375,58488.8515625,58566.3984375,0.0
2026-06-25 12:00:00+0530,58568.6015625,58649.3515625,58565.30078125,58621.0,0.0
2026-06-25 12:05:00+0530,58621.0,58658.19921875,58614.19921875,58654.30078125,0.0
2026-06-25 12:10:00+0530,58655.8515625,58700.44921875,58649.80078125,58673.3515625,0.0
2026-06-25 12:15:00+0530,58673.80078125,58705.44921875,58670.5,58690.1015625,0.0
2026-06-25 12:20:00+0530,58695.3984375,58699.8515625,58618.69921875,58633.44921875,0.0
2026-06-25 12:25:00+0530,58636.80078125,58637.69921875,58508.8515625,58532.0,0.0
2026-06-25 12:30:00+0530,58533.25,58562.3515625,58476.1015625,58516.5,0.0
2026-06-25 12:35:00+0530,58518.94921875,58576.55078125,58506.8984375,58571.1015625,0.0
2026-06-25 12:40:00+0530,58576.19921875,58576.6015625,58523.19921875,58530.44921875,0.0
2026-06-25 12:45:00+0530,58533.1484375,58549.6484375,58498.80078125,58531.69921875,0.0
2026-06-25 12:50:00+0530,58530.69921875,58565.05078125,58524.3984375,58558.3984375,0.0
2026-06-25 12:55:00+0530,58558.25,58568.80078125,58535.25,58557.1015625,0.0
2026-06-25 13:00:00+0530,58557.8515625,58615.3515625,58539.1015625,58581.8984375,0.0
2026-06-25 13:05:00+0530,58589.0,58598.5,58549.5,58570.05078125,0.0
2026-06-25 13:10:00+0530,58565.1484375,58579.55078125,58488.5,58498.19921875,0.0
2026-06-25 13:15:00+0530,58498.3984375,58541.19921875,58479.6015625,58536.05078125,0.0
2026-06-25 13:20:00+0530,58535.55078125,58541.25,58490.19921875,58526.69921875,0.0
2026-06-25 13:25:00+0530,58528.75,58538.8984375,58473.5,58494.19921875,0.0
2026-06-25 13:30:00+0530,58496.44921875,58524.6015625,58465.19921875,58513.94921875,0.0
2026-06-25 13:35:00+0530,58514.94921875,58554.30078125,58508.94921875,58548.3984375,0.0
2026-06-25 13:40:00+0530,58548.1484375,58574.6015625,58530.1484375,58547.0,0.0
2026-06-25 13:45:00+0530,58548.3984375,58563.25,58523.94921875,58539.94921875,0.0
2026-06-25 13:50:00+0530,58545.44921875,58551.5,58481.6015625,58485.6484375,0.0
2026-06-25 13:55:00+0530,58482.44921875,58489.94921875,58433.0,58444.55078125,0.0
2026-06-25 14:00:00+0530,58447.69921875,58460.05078125,58421.05078125,58445.19921875,0.0
2026-06-25 14:05:00+0530,58443.30078125,58445.3515625,58366.75,58367.75,0.0
2026-06-25 14:10:00+0530,58368.94921875,58371.25,58274.19921875,58276.55078125,0.0
2026-06-25 14:15:00+0530,58276.69921875,58286.0,58220.94921875,58233.44921875,0.0
2026-06-25 14:20:00+0530,58234.6015625,58278.5,58204.69921875,58243.44921875,0.0
2026-06-25 14:25:00+0530,58246.3515625,58274.8515625,58202.80078125,58263.3984375,0.0
2026-06-25 14:30:00+0530,58263.19921875,58284.19921875,58230.1484375,58242.69921875,0.0
2026-06-25 14:35:00+0530,58242.5,58324.25,58233.19921875,58261.0,0.0
2026-06-25 14:40:00+0530,58262.8515625,58273.55078125,58159.1015625,58165.8984375,0.0
2026-06-25 14:45:00+0530,58170.44921875,58202.6015625,58141.1015625,58141.1015625,0.0
2026-06-25 14:50:00+0530,58148.5,58273.05078125,58141.3984375,58243.30078125,0.0
2026-06-25 14:55:00+0530,58242.75,58251.80078125,58174.1484375,58195.44921875,0.0
2026-06-25 15:00:00+0530,58198.6484375,58200.8984375,58110.8984375,58161.19921875,0.0
2026-06-25 15:05:00+0530,58163.30078125,58208.80078125,58117.3984375,58184.1484375,0.0
2026-06-25 15:10:00+0530,58189.44921875,58208.8984375,58155.6015625,58193.69921875,0.0
2026-06-25 15:15:00+0530,58190.55078125,58218.80078125,58152.8515625,58208.0,0.0
2026-06-25 15:20:00+0530,58208.44921875,58222.3515625,58175.6015625,58204.6484375,0.0
2026-06-25 15:25:00+0530,58214.8515625,58230.8984375,58175.1484375,58187.30078125,0.0
2026-06-29 09:15:00+0530,58191.44921875,58316.1484375,58083.44921875,58175.05078125,0.0
2026-06-29 09:20:00+0530,58179.25,58258.25,58074.25,58079.5,0.0
2026-06-29 09:25:00+0530,58081.8984375,58091.8515625,57995.3984375,58038.1015625,0.0
2026-06-29 09:30:00+0530,58040.8984375,58057.55078125,57895.19921875,57896.30078125,0.0
2026-06-29 09:35:00+0530,57901.5,58006.30078125,57890.80078125,58001.75,0.0
2026-06-29 09:40:00+0530,58001.75,58120.19921875,57982.05078125,58111.5,0.0
2026-06-29 09:45:00+0530,58108.6484375,58120.94921875,58044.8984375,58062.1484375,0.0
2026-06-29 09:50:00+0530,58062.5,58115.6484375,58042.3984375,58087.30078125,0.0
2026-06-29 09:55:00+0530,58090.05078125,58099.1484375,58018.8984375,58045.44921875,0.0
2026-06-29 10:00:00+0530,58046.1484375,58081.75,57983.80078125,57989.69921875,0.0
2026-06-29 10:05:00+0530,57989.25,58104.3984375,57980.6015625,58063.44921875,0.0
2026-06-29 10:10:00+0530,58061.44921875,58084.75,58010.25,58022.19921875,0.0
2026-06-29 10:15:00+0530,58022.8515625,58030.25,57975.19921875,58010.75,0.0
2026-06-29 10:20:00+0530,58011.8515625,58142.19921875,57989.19921875,58137.19921875,0.0
2026-06-29 10:25:00+0530,58144.5,58226.1484375,58133.19921875,58206.3515625,0.0
2026-06-29 10:30:00+0530,58208.19921875,58222.69921875,58152.5,58166.05078125,0.0
2026-06-29 10:35:00+0530,58173.1484375,58192.25,58150.8515625,58182.3515625,0.0
2026-06-29 10:40:00+0530,58182.94921875,58252.3515625,58169.6015625,58245.30078125,0.0
2026-06-29 10:45:00+0530,58250.19921875,58253.80078125,58132.3984375,58145.3984375,0.0
2026-06-29 10:50:00+0530,58148.94921875,58148.94921875,58053.1015625,58077.6484375,0.0
2026-06-29 10:55:00+0530,58078.69921875,58145.44921875,58063.05078125,58116.1484375,0.0
2026-06-29 11:00:00+0530,58116.05078125,58161.25,58082.5,58152.80078125,0.0
2026-06-29 11:05:00+0530,58152.80078125,58186.5,58113.55078125,58157.3984375,0.0
2026-06-29 11:10:00+0530,58157.05078125,58170.5,58115.19921875,58121.1015625,0.0
2026-06-29 11:15:00+0530,58120.3515625,58152.8515625,58099.1484375,58116.69921875,0.0
2026-06-29 11:20:00+0530,58117.6015625,58122.1015625,58071.75,58076.80078125,0.0
2026-06-29 11:25:00+0530,58079.3984375,58104.1484375,58065.6015625,58083.1015625,0.0
2026-06-29 11:30:00+0530,58080.19921875,58093.8984375,57943.80078125,57960.55078125,0.0
2026-06-29 11:35:00+0530,57966.6484375,58016.5,57956.8515625,57996.8984375,0.0
2026-06-29 11:40:00+0530,57997.3515625,58013.6484375,57972.5,57972.5,0.0
2026-06-29 11:45:00+0530,57971.30078125,57993.19921875,57956.0,57959.75,0.0
2026-06-29 11:50:00+0530,57960.8515625,57960.8515625,57873.1015625,57877.05078125,0.0
2026-06-29 11:55:00+0530,57877.69921875,57934.8515625,57870.8515625,57911.69921875,0.0
2026-06-29 12:00:00+0530,57910.05078125,57945.0,57885.5,57891.0,0.0
2026-06-29 12:05:00+0530,57894.5,57936.5,57880.30078125,57932.3515625,0.0
2026-06-29 12:10:00+0530,57935.8515625,57941.44921875,57843.75,57860.19921875,0.0
2026-06-29 12:15:00+0530,57862.30078125,57866.8515625,57765.5,57778.1015625,0.0
2026-06-29 12:20:00+0530,57779.55078125,57800.8515625,57766.0,57768.25,0.0
2026-06-29 12:25:00+0530,57771.19921875,57791.6015625,57731.6484375,57739.30078125,0.0
2026-06-29 12:30:00+0530,57741.8984375,57763.44921875,57673.80078125,57705.80078125,0.0
2026-06-29 12:35:00+0530,57710.5,57712.3984375,57651.94921875,57653.19921875,0.0
2026-06-29 12:40:00+0530,57653.19921875,57695.25,57642.05078125,57693.19921875,0.0
2026-06-29 12:45:00+0530,57693.1484375,57724.1484375,57665.8515625,57670.25,0.0
2026-06-29 12:50:00+0530,57670.25,57709.6015625,57641.3515625,57693.05078125,0.0
2026-06-29 12:55:00+0530,57692.94921875,57729.25,57685.25,57720.05078125,0.0
2026-06-29 13:00:00+0530,57723.1484375,57749.1484375,57696.3984375,57741.30078125,0.0
2026-06-29 13:05:00+0530,57737.44921875,57794.25,57709.6015625,57792.6484375,0.0
2026-06-29 13:10:00+0530,57790.6015625,57813.19921875,57773.80078125,57790.30078125,0.0
2026-06-29 13:15:00+0530,57792.25,57792.25,57717.1484375,57731.55078125,0.0
2026-06-29 13:20:00+0530,57737.25,57760.80078125,57722.1015625,57755.55078125,0.0
2026-06-29 13:25:00+0530,57759.3515625,57816.80078125,57752.0,57805.75,0.0
2026-06-29 13:30:00+0530,57807.75,57835.8515625,57745.44921875,57747.05078125,0.0
2026-06-29 13:35:00+0530,57749.3984375,57809.5,57733.3984375,57787.3984375,0.0
2026-06-29 13:40:00+0530,57788.6484375,57847.19921875,57770.75,57787.6484375,0.0
2026-06-29 13:45:00+0530,57791.80078125,57851.19921875,57777.8515625,57798.80078125,0.0
2026-06-29 13:50:00+0530,57793.3984375,57835.1015625,57751.3515625,57829.1015625,0.0
2026-06-29 13:55:00+0530,57829.1484375,57862.69921875,57808.69921875,57828.0,0.0
2026-06-29 14:00:00+0530,57823.8984375,57889.8515625,57816.55078125,57859.3515625,0.0
2026-06-29 14:05:00+0530,57862.05078125,57894.25,57847.3515625,57857.05078125,0.0
2026-06-29 14:10:00+0530,57861.80078125,57916.6015625,57851.8515625,57898.5,0.0
2026-06-29 14:15:00+0530,57900.1015625,57932.6015625,57878.75,57923.05078125,0.0
2026-06-29 14:20:00+0530,57924.3515625,57939.30078125,57881.5,57886.3515625,0.0
2026-06-29 14:25:00+0530,57887.3984375,57912.5,57864.80078125,57893.6484375,0.0
2026-06-29 14:30:00+0530,57890.69921875,57963.75,57869.44921875,57942.94921875,0.0
2026-06-29 14:35:00+0530,57942.3984375,57948.0,57872.6484375,57886.25,0.0
2026-06-29 14:40:00+0530,57889.8984375,57959.5,57887.1484375,57942.75,0.0
2026-06-29 14:45:00+0530,57943.8515625,57943.8515625,57882.30078125,57911.55078125,0.0
2026-06-29 14:50:00+0530,57910.5,57913.44921875,57795.1015625,57812.19921875,0.0
2026-06-29 14:55:00+0530,57812.6484375,57840.1484375,57757.80078125,57778.6015625,0.0
2026-06-29 15:00:00+0530,57782.8515625,57869.5,57699.75,57726.19921875,0.0
2026-06-29 15:05:00+0530,57728.1015625,57763.1015625,57686.30078125,57736.44921875,0.0
2026-06-29 15:10:00+0530,57734.25,57736.0,57648.55078125,57716.05078125,0.0
2026-06-29 15:15:00+0530,57715.8984375,57742.1484375,57684.19921875,57713.6015625,0.0
2026-06-29 15:20:00+0530,57704.8984375,57753.3984375,57689.5,57739.8515625,0.0
2026-06-29 15:25:00+0530,57738.8515625,57896.75,57727.80078125,57828.05078125,0.0
2026-06-30 09:15:00+0530,58011.94921875,58011.94921875,57824.8984375,57923.1015625,0.0
2026-06-30 09:20:00+0530,57925.0,57926.44921875,57734.3984375,57766.05078125,0.0
2026-06-30 09:25:00+0530,57765.1015625,57808.0,57725.1484375,57739.3515625,0.0
2026-06-30 09:30:00+0530,57742.3984375,57779.5,57690.55078125,57726.1015625,0.0
2026-06-30 09:35:00+0530,57723.80078125,57790.6015625,57717.25,57728.94921875,0.0
2026-06-30 09:40:00+0530,57729.6015625,57749.8984375,57663.1484375,57698.75,0.0
2026-06-30 09:45:00+0530,57699.19921875,57715.0,57607.6484375,57637.25,0.0
2026-06-30 09:50:00+0530,57637.94921875,57743.44921875,57636.80078125,57731.75,0.0
2026-06-30 09:55:00+0530,57731.3984375,57825.75,57721.1484375,57793.94921875,0.0
2026-06-30 10:00:00+0530,57790.3515625,57899.30078125,57780.5,57899.30078125,0.0
2026-06-30 10:05:00+0530,57897.55078125,57909.44921875,57735.30078125,57742.8984375,0.0
2026-06-30 10:10:00+0530,57741.44921875,57845.25,57738.69921875,57835.05078125,0.0
2026-06-30 10:15:00+0530,57831.3984375,57838.0,57774.6015625,57781.05078125,0.0
2026-06-30 10:20:00+0530,57784.5,57785.1015625,57685.94921875,57739.6484375,0.0
2026-06-30 10:25:00+0530,57740.25,57782.6015625,57729.80078125,57758.6484375,0.0
2026-06-30 10:30:00+0530,57754.8515625,57791.80078125,57729.80078125,57787.94921875,0.0
2026-06-30 10:35:00+0530,57787.3984375,57823.3515625,57741.80078125,57745.05078125,0.0
2026-06-30 10:40:00+0530,57747.44921875,57767.8984375,57705.55078125,57752.0,0.0
2026-06-30 10:45:00+0530,57754.55078125,57781.94921875,57727.69921875,57781.05078125,0.0
2026-06-30 10:50:00+0530,57781.19921875,57798.1484375,57737.19921875,57740.94921875,0.0
2026-06-30 10:55:00+0530,57740.44921875,57767.05078125,57658.8984375,57658.8984375,0.0
2026-06-30 11:00:00+0530,57658.44921875,57706.5,57632.8984375,57668.5,0.0
2026-06-30 11:05:00+0530,57670.30078125,57698.8515625,57656.05078125,57693.8984375,0.0
2026-06-30 11:10:00+0530,57695.19921875,57822.80078125,57682.55078125,57808.25,0.0
2026-06-30 11:15:00+0530,57810.8515625,57822.3515625,57756.94921875,57769.25,0.0
2026-06-30 11:20:00+0530,57766.3984375,57917.69921875,57764.94921875,57914.80078125,0.0
2026-06-30 11:25:00+0530,57913.55078125,57916.94921875,57843.94921875,57856.0,0.0
2026-06-30 11:30:00+0530,57855.8984375,57868.3515625,57773.3984375,57801.69921875,0.0
2026-06-30 11:35:00+0530,57799.1015625,57809.8515625,57731.3984375,57775.55078125,0.0
2026-06-30 11:40:00+0530,57773.80078125,57800.44921875,57724.94921875,57729.8515625,0.0
2026-06-30 11:45:00+0530,57733.8984375,57746.8515625,57704.5,57726.3984375,0.0
2026-06-30 11:50:00+0530,57724.69921875,57771.25,57712.3515625,57771.25,0.0
2026-06-30 11:55:00+0530,57770.0,57778.19921875,57742.8515625,57767.3515625,0.0
2026-06-30 12:00:00+0530,57765.8984375,57771.25,57699.0,57722.8515625,0.0
2026-06-30 12:05:00+0530,57720.30078125,57727.1484375,57691.69921875,57696.69921875,0.0
2026-06-30 12:10:00+0530,57696.69921875,57733.30078125,57663.05078125,57704.44921875,0.0
2026-06-30 12:15:00+0530,57700.30078125,57724.8984375,57673.5,57691.0,0.0
2026-06-30 12:20:00+0530,57692.8984375,57733.69921875,57672.30078125,57733.1015625,0.0
2026-06-30 12:25:00+0530,57731.05078125,57740.69921875,57702.5,57720.05078125,0.0
2026-06-30 12:30:00+0530,57719.75,57724.75,57618.69921875,57655.25,0.0
2026-06-30 12:35:00+0530,57653.3515625,57729.30078125,57637.1015625,57729.0,0.0
2026-06-30 12:40:00+0530,57731.8984375,57790.8515625,57723.1015625,57761.3515625,0.0
2026-06-30 12:45:00+0530,57760.80078125,57790.94921875,57750.1484375,57782.0,0.0
2026-06-30 12:50:00+0530,57781.19921875,57785.69921875,57722.1484375,57767.55078125,0.0
2026-06-30 12:55:00+0530,57764.6015625,57795.55078125,57746.75,57758.75,0.0
2026-06-30 13:00:00+0530,57758.19921875,57762.1484375,57723.3515625,57736.8984375,0.0
2026-06-30 13:05:00+0530,57741.44921875,57742.80078125,57684.3984375,57699.25,0.0
2026-06-30 13:10:00+0530,57698.69921875,57715.55078125,57670.75,57688.19921875,0.0
2026-06-30 13:15:00+0530,57687.05078125,57711.6484375,57622.30078125,57637.69921875,0.0
2026-06-30 13:20:00+0530,57633.55078125,57657.25,57592.19921875,57606.6484375,0.0
2026-06-30 13:25:00+0530,57605.94921875,57697.5,57604.44921875,57660.75,0.0
2026-06-30 13:30:00+0530,57657.8984375,57715.1015625,57646.3984375,57692.8515625,0.0
2026-06-30 13:35:00+0530,57691.8515625,57698.30078125,57643.8515625,57656.30078125,0.0
2026-06-30 13:40:00+0530,57657.1015625,57678.3515625,57635.0,57653.19921875,0.0
2026-06-30 13:45:00+0530,57651.19921875,57656.8515625,57622.3515625,57635.3515625,0.0
2026-06-30 13:50:00+0530,57635.6015625,57676.6484375,57613.8984375,57620.0,0.0
2026-06-30 13:55:00+0530,57621.6015625,57628.8984375,57565.94921875,57596.8984375,0.0
2026-06-30 14:00:00+0530,57594.0,57608.55078125,57470.6015625,57494.8515625,0.0
2026-06-30 14:05:00+0530,57494.25,57539.1484375,57465.30078125,57527.44921875,0.0
2026-06-30 14:10:00+0530,57525.80078125,57542.19921875,57511.55078125,57528.1484375,0.0
2026-06-30 14:15:00+0530,57527.44921875,57584.6484375,57497.5,57532.6015625,0.0
2026-06-30 14:20:00+0530,57531.8984375,57699.25,57511.30078125,57699.25,0.0
2026-06-30 14:25:00+0530,57702.05078125,57770.55078125,57676.19921875,57716.1015625,0.0
2026-06-30 14:30:00+0530,57715.05078125,57756.94921875,57672.19921875,57729.44921875,0.0
2026-06-30 14:35:00+0530,57730.44921875,57742.3984375,57687.8984375,57707.55078125,0.0
2026-06-30 14:40:00+0530,57708.6484375,57746.1484375,57681.25,57704.05078125,0.0
2026-06-30 14:45:00+0530,57703.44921875,57715.8984375,57668.3984375,57691.69921875,0.0
2026-06-30 14:50:00+0530,57691.3515625,57707.80078125,57656.44921875,57673.8515625,0.0
2026-06-30 14:55:00+0530,57674.5,57719.6484375,57598.25,57626.8515625,0.0
2026-06-30 15:00:00+0530,57625.6484375,57627.6015625,57464.3984375,57505.5,0.0
2026-06-30 15:05:00+0530,57501.1015625,57554.80078125,57457.69921875,57519.3984375,0.0
2026-06-30 15:10:00+0530,57520.19921875,57593.3984375,57505.3984375,57560.44921875,0.0
2026-06-30 15:15:00+0530,57557.6484375,57562.80078125,57517.8984375,57558.30078125,0.0
2026-06-30 15:20:00+0530,57557.0,57576.94921875,57539.30078125,57555.5,0.0
2026-06-30 15:25:00+0530,57559.30078125,57714.3984375,57551.80078125,57690.6015625,0.0
2026-07-01 09:15:00+0530,57573.3515625,57651.80078125,57487.8515625,57602.19921875,0.0
2026-07-01 09:20:00+0530,57605.8984375,57612.8515625,57539.8515625,57564.05078125,0.0
2026-07-01 09:25:00+0530,57561.80078125,57574.6484375,57505.8515625,57523.1015625,0.0
2026-07-01 09:30:00+0530,57518.3984375,57573.6015625,57505.75,57531.55078125,0.0
2026-07-01 09:35:00+0530,57531.1484375,57612.75,57530.30078125,57600.1015625,0.0
2026-07-01 09:40:00+0530,57597.55078125,57669.80078125,57592.8515625,57667.0,0.0
2026-07-01 09:45:00+0530,57668.1015625,57720.55078125,57647.30078125,57648.30078125,0.0
2026-07-01 09:50:00+0530,57649.8515625,57662.1484375,57577.44921875,57645.05078125,0.0
2026-07-01 09:55:00+0530,57645.5,57687.55078125,57630.30078125,57654.05078125,0.0
2026-07-01 10:00:00+0530,57655.80078125,57685.0,57592.80078125,57616.05078125,0.0
2026-07-01 10:05:00+0530,57605.1015625,57669.1015625,57579.94921875,57664.94921875,0.0
2026-07-01 10:10:00+0530,57665.75,57744.19921875,57653.1484375,57731.75,0.0
2026-07-01 10:15:00+0530,57731.75,57828.94921875,57725.1015625,57826.5,0.0
2026-07-01 10:20:00+0530,57830.30078125,57877.19921875,57790.3515625,57851.3984375,0.0
2026-07-01 10:25:00+0530,57851.94921875,57857.5,57784.6484375,57826.75,0.0
2026-07-01 10:30:00+0530,57824.0,57845.44921875,57757.5,57763.1015625,0.0
2026-07-01 10:35:00+0530,57764.55078125,57795.6484375,57712.55078125,57721.3515625,0.0
2026-07-01 10:40:00+0530,57716.3515625,57732.05078125,57673.6015625,57694.6015625,0.0
2026-07-01 10:45:00+0530,57694.6015625,57749.80078125,57694.6015625,57725.19921875,0.0
2026-07-01 10:50:00+0530,57726.80078125,57755.05078125,57688.30078125,57737.3515625,0.0
2026-07-01 10:55:00+0530,57738.75,57747.25,57712.8984375,57731.8984375,0.0
2026-07-01 11:00:00+0530,57733.44921875,57801.69921875,57728.55078125,57789.19921875,0.0
2026-07-01 11:05:00+0530,57787.1015625,57826.44921875,57776.44921875,57826.1015625,0.0
2026-07-01 11:10:00+0530,57820.05078125,57884.69921875,57814.6484375,57883.0,0.0
2026-07-01 11:15:00+0530,57882.3515625,57927.69921875,57881.6015625,57903.55078125,0.0
2026-07-01 11:20:00+0530,57903.80078125,57913.1484375,57865.94921875,57867.6484375,0.0
2026-07-01 11:25:00+0530,57866.80078125,57874.30078125,57846.8984375,57868.6484375,0.0
2026-07-01 11:30:00+0530,57869.3984375,57883.1484375,57839.6015625,57842.8984375,0.0
2026-07-01 11:35:00+0530,57841.30078125,57850.8984375,57816.25,57830.75,0.0
2026-07-01 11:40:00+0530,57829.8984375,57887.19921875,57822.69921875,57884.3984375,0.0
2026-07-01 11:45:00+0530,57884.75,57914.55078125,57880.8515625,57908.0,0.0
2026-07-01 11:50:00+0530,57926.0,57938.55078125,57888.75,57919.94921875,0.0
2026-07-01 11:55:00+0530,57914.8984375,57985.6015625,57889.55078125,57984.0,0.0
2026-07-01 12:00:00+0530,57979.80078125,57994.6484375,57932.3515625,57940.1484375,0.0
2026-07-01 12:05:00+0530,57940.8515625,57984.8984375,57938.69921875,57973.05078125,0.0
2026-07-01 12:10:00+0530,57971.5,57991.3984375,57948.3984375,57975.8984375,0.0
2026-07-01 12:15:00+0530,57972.6015625,58011.8515625,57964.3984375,57997.69921875,0.0
2026-07-01 12:20:00+0530,57996.44921875,58030.19921875,57952.1484375,58015.5,0.0
2026-07-01 12:25:00+0530,58012.5,58064.6015625,57926.8515625,57934.3515625,0.0
2026-07-01 12:30:00+0530,57934.80078125,58037.94921875,57934.80078125,58027.1484375,0.0
2026-07-01 12:35:00+0530,58025.1484375,58036.94921875,58011.6484375,58026.6015625,0.0
2026-07-01 12:40:00+0530,58026.6015625,58027.80078125,57946.94921875,57963.69921875,0.0
2026-07-01 12:45:00+0530,57964.3515625,57979.44921875,57953.94921875,57953.94921875,0.0
2026-07-01 12:50:00+0530,57953.94921875,57975.19921875,57946.3984375,57954.69921875,0.0
2026-07-01 12:55:00+0530,57952.0,57978.3984375,57941.1484375,57968.0,0.0
2026-07-01 13:00:00+0530,57966.25,57978.75,57926.05078125,57943.55078125,0.0
2026-07-01 13:05:00+0530,57943.55078125,57966.3515625,57939.55078125,57956.6015625,0.0
2026-07-01 13:10:00+0530,57956.05078125,58011.80078125,57951.25,58002.5,0.0
2026-07-01 13:15:00+0530,58008.0,58018.19921875,57982.69921875,57995.8515625,0.0
2026-07-01 13:20:00+0530,57995.8515625,58013.8984375,57971.25,57983.05078125,0.0
2026-07-01 13:25:00+0530,57981.69921875,58012.8515625,57951.8515625,57955.8515625,0.0
2026-07-01 13:30:00+0530,57956.5,58003.0,57919.5,57986.94921875,0.0
2026-07-01 13:35:00+0530,57987.3984375,58070.1015625,57985.25,58045.3515625,0.0
2026-07-01 13:40:00+0530,58045.3515625,58049.3515625,57995.25,58016.25,0.0
2026-07-01 13:45:00+0530,58013.25,58019.8984375,57954.5,57969.8515625,0.0
2026-07-01 13:50:00+0530,57968.1484375,57984.19921875,57962.6015625,57968.3984375,0.0
2026-07-01 13:55:00+0530,57967.94921875,57991.1015625,57958.5,57965.8515625,0.0
2026-07-01 14:00:00+0530,57962.5,57976.55078125,57931.8984375,57964.80078125,0.0
2026-07-01 14:05:00+0530,57965.5,58015.6015625,57954.0,58011.3984375,0.0
2026-07-01 14:10:00+0530,58011.80078125,58039.94921875,58003.55078125,58019.6015625,0.0
2026-07-01 14:15:00+0530,58019.6015625,58026.0,57957.69921875,57959.1015625,0.0
2026-07-01 14:20:00+0530,57959.44921875,58002.69921875,57959.05078125,58000.6484375,0.0
2026-07-01 14:25:00+0530,58001.75,58005.8515625,57952.75,57959.05078125,0.0
2026-07-01 14:30:00+0530,57959.19921875,57973.25,57937.19921875,57938.1015625,0.0
2026-07-01 14:35:00+0530,57934.94921875,57958.19921875,57879.69921875,57884.8515625,0.0
2026-07-01 14:40:00+0530,57880.80078125,57929.6015625,57850.6484375,57918.6484375,0.0
2026-07-01 14:45:00+0530,57916.94921875,57940.8515625,57902.6015625,57907.05078125,0.0
2026-07-01 14:50:00+0530,57907.6015625,58036.8515625,57907.6015625,58032.44921875,0.0
2026-07-01 14:55:00+0530,58032.8515625,58119.30078125,58029.3984375,58107.8984375,0.0
2026-07-01 15:00:00+0530,58112.55078125,58134.1484375,58061.1015625,58068.80078125,0.0
2026-07-01 15:05:00+0530,58066.94921875,58072.1484375,58022.94921875,58039.30078125,0.0
2026-07-01 15:10:00+0530,58039.30078125,58113.3984375,58035.8515625,58037.0,0.0
2026-07-01 15:15:00+0530,58040.30078125,58046.55078125,57978.8984375,57987.1484375,0.0
2026-07-01 15:20:00+0530,57986.0,58014.5,57971.1484375,57993.05078125,0.0
2026-07-01 15:25:00+0530,57992.05078125,57999.1484375,57896.3515625,57918.30078125,0.0
2026-07-02 09:15:00+0530,58118.1015625,58185.0,58087.75,58123.30078125,0.0
2026-07-02 09:20:00+0530,58127.6015625,58201.8984375,58075.3984375,58198.1484375,0.0
2026-07-02 09:25:00+0530,58197.3984375,58208.30078125,58140.5,58157.5,0.0
2026-07-02 09:30:00+0530,58157.3515625,58220.25,58142.3515625,58203.3984375,0.0
2026-07-02 09:35:00+0530,58206.0,58338.1015625,58199.55078125,58333.8984375,0.0
2026-07-02 09:40:00+0530,58335.69921875,58395.69921875,58314.69921875,58361.94921875,0.0
2026-07-02 09:45:00+0530,58361.94921875,58387.30078125,58331.30078125,58347.6015625,0.0
2026-07-02 09:50:00+0530,58350.05078125,58369.19921875,58275.80078125,58285.55078125,0.0
2026-07-02 09:55:00+0530,58284.1015625,58287.6484375,58206.75,58241.5,0.0
2026-07-02 10:00:00+0530,58239.55078125,58252.8515625,58188.1015625,58201.8515625,0.0
2026-07-02 10:05:00+0530,58201.8515625,58213.3984375,58110.3984375,58159.25,0.0
2026-07-02 10:10:00+0530,58154.0,58209.94921875,58108.1015625,58108.1015625,0.0
2026-07-02 10:15:00+0530,58107.6015625,58149.5,58077.6015625,58125.3515625,0.0
2026-07-02 10:20:00+0530,58125.3515625,58152.25,58111.30078125,58134.1015625,0.0
2026-07-02 10:25:00+0530,58133.05078125,58168.8984375,58119.69921875,58144.3515625,0.0
2026-07-02 10:30:00+0530,58141.1484375,58152.25,58097.3515625,58133.30078125,0.0
2026-07-02 10:35:00+0530,58127.94921875,58194.3515625,58114.6015625,58185.80078125,0.0
2026-07-02 10:40:00+0530,58186.25,58188.75,58158.1484375,58185.1015625,0.0
2026-07-02 10:45:00+0530,58184.30078125,58201.94921875,58159.05078125,58168.69921875,0.0
2026-07-02 10:50:00+0530,58168.69921875,58174.44921875,58141.55078125,58148.6015625,0.0
2026-07-02 10:55:00+0530,58150.1484375,58155.05078125,58108.1484375,58140.3515625,0.0
2026-07-02 11:00:00+0530,58142.05078125,58147.1484375,58073.19921875,58105.75,0.0
2026-07-02 11:05:00+0530,58105.6015625,58111.44921875,58066.25,58066.25,0.0
2026-07-02 11:10:00+0530,58072.6484375,58085.80078125,58032.1484375,58084.3515625,0.0
2026-07-02 11:15:00+0530,58084.0,58087.94921875,58041.44921875,58043.3984375,0.0
2026-07-02 11:20:00+0530,58043.25,58078.3984375,58011.8984375,58074.5,0.0
2026-07-02 11:25:00+0530,58074.1015625,58090.6484375,58023.3984375,58036.6015625,0.0
2026-07-02 11:30:00+0530,58036.19921875,58051.8984375,58013.8515625,58037.69921875,0.0
2026-07-02 11:35:00+0530,58036.19921875,58037.44921875,57960.6015625,57961.8984375,0.0
2026-07-02 11:40:00+0530,57961.8984375,57970.6484375,57930.1484375,57969.69921875,0.0
2026-07-02 11:45:00+0530,57967.75,57999.1015625,57964.19921875,57977.75,0.0
2026-07-02 11:50:00+0530,57979.55078125,58070.30078125,57973.6015625,58049.0,0.0
2026-07-02 11:55:00+0530,58047.05078125,58072.19921875,58013.30078125,58014.25,0.0
2026-07-02 12:00:00+0530,58017.5,58054.0,58005.25,58020.0,0.0
2026-07-02 12:05:00+0530,58023.0,58058.3515625,58017.44921875,58039.05078125,0.0
2026-07-02 12:10:00+0530,58038.8515625,58050.6015625,58001.5,58042.8515625,0.0
2026-07-02 12:15:00+0530,58041.6015625,58105.0,58004.94921875,58082.0,0.0
2026-07-02 12:20:00+0530,58078.6484375,58146.3984375,58070.0,58121.3984375,0.0
2026-07-02 12:25:00+0530,58120.69921875,58184.25,58110.94921875,58168.3984375,0.0
2026-07-02 12:30:00+0530,58168.3984375,58172.5,58117.80078125,58135.05078125,0.0
2026-07-02 12:35:00+0530,58136.69921875,58165.25,58124.75,58152.05078125,0.0
2026-07-02 12:40:00+0530,58152.44921875,58155.55078125,58080.55078125,58094.8984375,0.0
2026-07-02 12:45:00+0530,58092.80078125,58118.1015625,58073.19921875,58099.3984375,0.0
2026-07-02 12:50:00+0530,58095.6484375,58097.55078125,58063.25,58073.75,0.0
2026-07-02 12:55:00+0530,58073.1015625,58076.6484375,58037.05078125,58056.75,0.0
2026-07-02 13:00:00+0530,58055.6484375,58090.44921875,58044.5,58075.94921875,0.0
2026-07-02 13:05:00+0530,58077.44921875,58111.69921875,58068.55078125,58096.69921875,0.0
2026-07-02 13:10:00+0530,58099.3984375,58106.19921875,58069.94921875,58094.19921875,0.0
2026-07-02 13:15:00+0530,58084.3515625,58114.3984375,58082.44921875,58109.3515625,0.0
2026-07-02 13:20:00+0530,58109.05078125,58111.6015625,58077.0,58097.1484375,0.0
2026-07-02 13:25:00+0530,58101.6484375,58106.3984375,58054.44921875,58057.05078125,0.0
2026-07-02 13:30:00+0530,58059.05078125,58079.94921875,58041.1484375,58076.75,0.0
2026-07-02 13:35:00+0530,58073.3984375,58082.55078125,58014.1484375,58040.05078125,0.0
2026-07-02 13:40:00+0530,58041.6015625,58059.55078125,58022.0,58032.5,0.0
2026-07-02 13:45:00+0530,58032.5,58039.30078125,58004.1484375,58018.8984375,0.0
2026-07-02 13:50:00+0530,58017.5,58042.1015625,58005.25,58011.1015625,0.0
2026-07-02 13:55:00+0530,58009.75,58014.8984375,57984.30078125,58006.30078125,0.0
2026-07-02 14:00:00+0530,58006.30078125,58051.25,57999.3984375,58047.19921875,0.0
2026-07-02 14:05:00+0530,58045.6484375,58066.3984375,58011.80078125,58020.75,0.0
2026-07-02 14:10:00+0530,58021.8515625,58028.0,57894.25,57910.30078125,0.0
2026-07-02 14:15:00+0530,57912.3984375,57994.1015625,57885.44921875,57956.75,0.0
2026-07-02 14:20:00+0530,57955.6484375,57993.69921875,57928.8515625,57957.8515625,0.0
2026-07-02 14:25:00+0530,57957.3984375,57959.1015625,57899.75,57932.1484375,0.0
2026-07-02 14:30:00+0530,57934.1015625,57967.19921875,57922.05078125,57929.94921875,0.0
2026-07-02 14:35:00+0530,57929.8984375,58066.55078125,57925.6015625,58049.80078125,0.0
2026-07-02 14:40:00+0530,58050.69921875,58052.0,58008.3984375,58012.3515625,0.0
2026-07-02 14:45:00+0530,58011.1015625,58053.25,58004.1484375,58040.1015625,0.0
2026-07-02 14:50:00+0530,58038.94921875,58073.1484375,58028.3515625,58044.69921875,0.0
2026-07-02 14:55:00+0530,58044.3515625,58097.80078125,58020.05078125,58091.1484375,0.0
2026-07-02 15:00:00+0530,58093.44921875,58107.3515625,58037.8515625,58059.5,0.0
2026-07-02 15:05:00+0530,58060.05078125,58096.3515625,58033.5,58072.55078125,0.0
2026-07-02 15:10:00+0530,58072.94921875,58079.30078125,58033.0,58042.8515625,0.0
2026-07-02 15:15:00+0530,58043.69921875,58057.69921875,57973.1484375,57980.44921875,0.0
2026-07-02 15:20:00+0530,57978.6015625,58013.8984375,57965.1015625,57981.30078125,0.0
2026-07-02 15:25:00+0530,57982.0,57992.3984375,57948.44921875,57967.8515625,0.0
2026-07-03 09:15:00+0530,58313.5,58313.5,57979.1484375,58017.80078125,0.0
2026-07-03 09:20:00+0530,58015.8515625,58130.75,57996.69921875,58076.8515625,0.0
2026-07-03 09:25:00+0530,58076.8515625,58136.75,58071.8984375,58110.5,0.0
2026-07-03 09:30:00+0530,58111.1484375,58170.1015625,58100.44921875,58121.6484375,0.0
2026-07-03 09:35:00+0530,58125.1484375,58138.0,58073.94921875,58104.19921875,0.0
2026-07-03 09:40:00+0530,58107.5,58117.0,58036.19921875,58045.25,0.0
2026-07-03 09:45:00+0530,58044.80078125,58081.3984375,58015.8515625,58057.1484375,0.0
2026-07-03 09:50:00+0530,58057.75,58117.25,58052.0,58091.0,0.0
2026-07-03 09:55:00+0530,58090.3515625,58097.1015625,58043.80078125,58075.69921875,0.0
2026-07-03 10:00:00+0530,58077.3515625,58114.69921875,58055.8515625,58097.75,0.0
2026-07-03 10:05:00+0530,58103.25,58139.1015625,58082.6015625,58131.5,0.0
2026-07-03 10:10:00+0530,58133.5,58151.1015625,58074.19921875,58075.8515625,0.0
2026-07-03 10:15:00+0530,58081.1484375,58148.3515625,58065.3984375,58091.94921875,0.0
2026-07-03 10:20:00+0530,58091.94921875,58193.0,58070.55078125,58150.05078125,0.0
2026-07-03 10:25:00+0530,58151.94921875,58193.8515625,58120.05078125,58141.25,0.0
2026-07-03 10:30:00+0530,58143.80078125,58148.6484375,58072.1015625,58098.75,0.0
2026-07-03 10:35:00+0530,58100.0,58140.5,58081.6015625,58109.3984375,0.0
2026-07-03 10:40:00+0530,58115.0,58128.8515625,58075.19921875,58084.0,0.0
2026-07-03 10:45:00+0530,58085.3984375,58098.19921875,58065.3984375,58086.80078125,0.0
2026-07-03 10:50:00+0530,58086.3515625,58100.80078125,58054.69921875,58056.94921875,0.0
2026-07-03 10:55:00+0530,58057.1015625,58057.1015625,58021.44921875,58025.0,0.0
2026-07-03 11:00:00+0530,58025.69921875,58055.44921875,58016.55078125,58036.94921875,0.0
2026-07-03 11:05:00+0530,58038.8515625,58047.0,57981.05078125,57983.6484375,0.0
2026-07-03 11:10:00+0530,57984.8984375,57998.25,57953.80078125,57956.80078125,0.0
2026-07-03 11:15:00+0530,57956.94921875,57983.80078125,57929.19921875,57942.5,0.0
2026-07-03 11:20:00+0530,57945.55078125,57971.44921875,57916.6015625,57942.55078125,0.0
2026-07-03 11:25:00+0530,57944.6484375,57991.94921875,57935.44921875,57988.3515625,0.0
2026-07-03 11:30:00+0530,57993.80078125,58049.3984375,57961.19921875,58001.55078125,0.0
2026-07-03 11:35:00+0530,58002.1015625,58015.19921875,57971.94921875,58007.0,0.0
2026-07-03 11:40:00+0530,58007.8515625,58052.30078125,58003.8515625,58035.75,0.0
2026-07-03 11:45:00+0530,58035.05078125,58092.6015625,58029.3984375,58072.3515625,0.0
2026-07-03 11:50:00+0530,58073.1015625,58099.6484375,58041.30078125,58055.94921875,0.0
2026-07-03 11:55:00+0530,58061.05078125,58065.69921875,58020.44921875,58038.1015625,0.0
2026-07-03 12:00:00+0530,58039.55078125,58052.05078125,58018.69921875,58031.80078125,0.0
2026-07-03 12:05:00+0530,58032.80078125,58036.8515625,58001.1484375,58014.80078125,0.0
2026-07-03 12:10:00+0530,58015.44921875,58036.69921875,57985.6484375,58023.05078125,0.0
2026-07-03 12:15:00+0530,58019.55078125,58049.6015625,58011.3984375,58038.80078125,0.0
2026-07-03 12:20:00+0530,58043.0,58047.55078125,57997.6484375,58004.3515625,0.0
2026-07-03 12:25:00+0530,58004.80078125,58023.80078125,57983.44921875,58004.8984375,0.0
2026-07-03 12:30:00+0530,58005.6015625,58015.44921875,57975.25,57986.3515625,0.0
2026-07-03 12:35:00+0530,57986.0,57993.94921875,57959.44921875,57987.3515625,0.0
2026-07-03 12:40:00+0530,57990.1015625,57992.3984375,57957.94921875,57971.5,0.0
2026-07-03 12:45:00+0530,57973.44921875,57978.6484375,57933.1484375,57956.1015625,0.0
2026-07-03 12:50:00+0530,57957.8984375,57979.0,57947.19921875,57957.69921875,0.0
2026-07-03 12:55:00+0530,57959.1015625,57963.05078125,57929.30078125,57951.3515625,0.0
2026-07-03 13:00:00+0530,57951.3515625,57961.94921875,57888.19921875,57893.55078125,0.0
2026-07-03 13:05:00+0530,57895.3984375,57896.1015625,57837.6484375,57871.94921875,0.0
2026-07-03 13:10:00+0530,57874.19921875,57918.25,57860.94921875,57897.94921875,0.0
2026-07-03 13:15:00+0530,57898.8984375,57898.8984375,57843.3984375,57865.8984375,0.0
2026-07-03 13:20:00+0530,57865.5,57896.30078125,57865.5,57882.1015625,0.0
2026-07-03 13:25:00+0530,57885.44921875,57897.3515625,57865.8984375,57880.19921875,0.0
2026-07-03 13:30:00+0530,57881.8515625,57882.1484375,57826.94921875,57836.25,0.0
2026-07-03 13:35:00+0530,57837.3515625,57850.6015625,57799.05078125,57845.3515625,0.0
2026-07-03 13:40:00+0530,57845.1015625,57889.3984375,57839.75,57869.1015625,0.0
2026-07-03 13:45:00+0530,57871.8984375,57887.80078125,57854.6484375,57886.1015625,0.0
2026-07-03 13:50:00+0530,57884.8984375,57909.75,57875.3515625,57888.05078125,0.0
2026-07-03 13:55:00+0530,57890.55078125,57890.55078125,57854.5,57860.6015625,0.0
2026-07-03 14:00:00+0530,57857.6015625,57888.19921875,57825.69921875,57834.6015625,0.0
2026-07-03 14:05:00+0530,57835.1015625,57880.80078125,57834.30078125,57865.5,0.0
2026-07-03 14:10:00+0530,57865.5,57910.80078125,57853.0,57900.8515625,0.0
2026-07-03 14:15:00+0530,57901.3515625,57924.05078125,57877.0,57881.80078125,0.0
2026-07-03 14:20:00+0530,57882.75,57900.0,57832.55078125,57888.75,0.0
2026-07-03 14:25:00+0530,57885.69921875,57892.30078125,57844.1484375,57880.94921875,0.0
2026-07-03 14:30:00+0530,57883.05078125,57960.30078125,57875.0,57946.8515625,0.0
2026-07-03 14:35:00+0530,57948.1484375,57962.0,57905.44921875,57950.8984375,0.0
2026-07-03 14:40:00+0530,57952.19921875,57956.55078125,57915.25,57924.6015625,0.0
2026-07-03 14:45:00+0530,57927.0,57958.5,57893.55078125,57958.5,0.0
2026-07-03 14:50:00+0530,57960.19921875,57960.6484375,57897.0,57907.75,0.0
2026-07-03 14:55:00+0530,57908.0,57923.94921875,57863.8515625,57878.19921875,0.0
2026-07-03 15:00:00+0530,57878.94921875,57951.25,57878.94921875,57924.3515625,0.0
2026-07-03 15:05:00+0530,57926.8984375,57952.30078125,57917.6484375,57931.55078125,0.0
2026-07-03 15:10:00+0530,57930.75,57962.3984375,57924.19921875,57947.94921875,0.0
2026-07-03 15:15:00+0530,57947.55078125,57957.3515625,57928.8984375,57939.8984375,0.0
2026-07-03 15:20:00+0530,57943.8515625,57973.8515625,57934.94921875,57947.25,0.0
2026-07-03 15:25:00+0530,57956.05078125,57977.55078125,57932.8515625,57973.19921875,0.0
2026-07-06 09:15:00+0530,57981.55078125,58348.94921875,57943.0,58303.19921875,0.0
2026-07-06 09:20:00+0530,58308.94921875,58315.25,58166.55078125,58166.55078125,0.0
2026-07-06 09:25:00+0530,58172.25,58178.8515625,58111.25,58143.1015625,0.0
2026-07-06 09:30:00+0530,58137.3984375,58226.94921875,58131.05078125,58173.5,0.0
2026-07-06 09:35:00+0530,58174.19921875,58214.1484375,58136.8984375,58155.1484375,0.0
2026-07-06 09:40:00+0530,58154.30078125,58190.44921875,58134.3984375,58171.6484375,0.0
2026-07-06 09:45:00+0530,58173.3515625,58312.44921875,58163.80078125,58273.19921875,0.0
2026-07-06 09:50:00+0530,58281.25,58326.55078125,58271.30078125,58289.1484375,0.0
2026-07-06 09:55:00+0530,58289.1484375,58305.55078125,58246.3984375,58298.94921875,0.0
2026-07-06 10:00:00+0530,58300.55078125,58328.8515625,58275.69921875,58313.80078125,0.0
2026-07-06 10:05:00+0530,58317.69921875,58354.6484375,58276.44921875,58346.05078125,0.0
2026-07-06 10:10:00+0530,58344.05078125,58376.1015625,58270.30078125,58278.05078125,0.0
2026-07-06 10:15:00+0530,58279.19921875,58317.25,58268.8984375,58294.44921875,0.0
2026-07-06 10:20:00+0530,58294.30078125,58334.6484375,58275.6015625,58311.8515625,0.0
2026-07-06 10:25:00+0530,58313.6015625,58374.25,58307.69921875,58338.1015625,0.0
2026-07-06 10:30:00+0530,58339.8515625,58359.3984375,58290.69921875,58301.75,0.0
2026-07-06 10:35:00+0530,58295.19921875,58305.5,58248.8515625,58259.25,0.0
2026-07-06 10:40:00+0530,58261.19921875,58294.75,58250.3515625,58290.05078125,0.0
2026-07-06 10:45:00+0530,58291.5,58343.19921875,58282.6015625,58338.1015625,0.0
2026-07-06 10:50:00+0530,58336.25,58355.44921875,58272.30078125,58279.94921875,0.0
2026-07-06 10:55:00+0530,58283.1015625,58323.05078125,58248.8984375,58323.05078125,0.0
2026-07-06 11:00:00+0530,58325.55078125,58334.8515625,58284.1484375,58295.1484375,0.0
2026-07-06 11:05:00+0530,58298.75,58329.3515625,58290.30078125,58308.19921875,0.0
2026-07-06 11:10:00+0530,58307.44921875,58322.3515625,58285.19921875,58285.19921875,0.0
2026-07-06 11:15:00+0530,58287.8984375,58289.8515625,58255.0,58274.19921875,0.0
2026-07-06 11:20:00+0530,58288.55078125,58376.55078125,58274.05078125,58372.1015625,0.0
2026-07-06 11:25:00+0530,58369.75,58388.1015625,58316.05078125,58329.6015625,0.0
2026-07-06 11:30:00+0530,58328.69921875,58332.94921875,58299.0,58308.75,0.0
2026-07-06 11:35:00+0530,58309.75,58314.55078125,58268.80078125,58274.3984375,0.0
2026-07-06 11:40:00+0530,58258.19921875,58266.5,58219.3984375,58222.1015625,0.0
2026-07-06 11:45:00+0530,58221.8984375,58256.8984375,58213.55078125,58239.25,0.0
2026-07-06 11:50:00+0530,58238.8515625,58249.0,58215.6015625,58228.1484375,0.0
2026-07-06 11:55:00+0530,58228.55078125,58283.6015625,58226.19921875,58282.3984375,0.0
2026-07-06 12:00:00+0530,58284.44921875,58302.3515625,58265.44921875,58298.30078125,0.0
2026-07-06 12:05:00+0530,58297.3515625,58361.1484375,58289.19921875,58358.80078125,0.0
2026-07-06 12:10:00+0530,58348.80078125,58472.05078125,58340.6484375,58453.55078125,0.0
2026-07-06 12:15:00+0530,58451.8984375,58473.1015625,58423.80078125,58443.69921875,0.0
2026-07-06 12:20:00+0530,58438.8984375,58457.5,58421.6015625,58429.6484375,0.0
2026-07-06 12:25:00+0530,58430.05078125,58447.6015625,58419.3984375,58425.69921875,0.0
2026-07-06 12:30:00+0530,58430.19921875,58476.55078125,58418.3515625,58453.6484375,0.0
2026-07-06 12:35:00+0530,58457.6484375,58462.6484375,58413.3515625,58417.0,0.0
2026-07-06 12:40:00+0530,58416.69921875,58436.75,58383.30078125,58417.1484375,0.0
2026-07-06 12:45:00+0530,58417.75,58418.25,58355.8515625,58384.3984375,0.0
2026-07-06 12:50:00+0530,58375.3984375,58397.3515625,58339.6015625,58346.0,0.0
2026-07-06 12:55:00+0530,58347.69921875,58415.19921875,58339.25,58412.8984375,0.0
2026-07-06 13:00:00+0530,58411.1484375,58424.30078125,58372.69921875,58418.3515625,0.0
2026-07-06 13:05:00+0530,58419.8984375,58456.94921875,58413.80078125,58456.94921875,0.0
2026-07-06 13:10:00+0530,58443.6015625,58463.1015625,58432.0,58449.1484375,0.0
2026-07-06 13:15:00+0530,58450.3515625,58458.19921875,58408.0,58411.5,0.0
2026-07-06 13:20:00+0530,58416.05078125,58424.1015625,58395.30078125,58411.80078125,0.0
2026-07-06 13:25:00+0530,58410.1484375,58419.69921875,58381.1015625,58416.69921875,0.0
2026-07-06 13:30:00+0530,58408.05078125,58430.1484375,58397.3515625,58410.1484375,0.0
2026-07-06 13:35:00+0530,58414.8984375,58454.1484375,58407.19921875,58443.1015625,0.0
2026-07-06 13:40:00+0530,58429.25,58448.25,58387.8984375,58389.8984375,0.0
2026-07-06 13:45:00+0530,58391.8984375,58411.94921875,58377.69921875,58389.8984375,0.0
2026-07-06 13:50:00+0530,58392.80078125,58412.94921875,58367.8515625,58380.94921875,0.0
2026-07-06 13:55:00+0530,58378.75,58382.5,58350.25,58361.1484375,0.0
2026-07-06 14:00:00+0530,58361.69921875,58394.3515625,58350.8984375,58391.25,0.0
2026-07-06 14:05:00+0530,58393.3984375,58404.5,58319.6484375,58337.19921875,0.0
2026-07-06 14:10:00+0530,58337.25,58370.05078125,58321.05078125,58327.44921875,0.0
2026-07-06 14:15:00+0530,58326.1484375,58353.5,58324.6015625,58341.80078125,0.0
2026-07-06 14:20:00+0530,58339.8984375,58352.05078125,58324.8515625,58336.8984375,0.0
2026-07-06 14:25:00+0530,58338.94921875,58355.94921875,58301.8515625,58311.69921875,0.0
2026-07-06 14:30:00+0530,58314.80078125,58337.6484375,58304.3984375,58320.6484375,0.0
2026-07-06 14:35:00+0530,58320.8515625,58346.3984375,58314.94921875,58334.5,0.0
2026-07-06 14:40:00+0530,58334.5,58338.05078125,58285.19921875,58290.5,0.0
2026-07-06 14:45:00+0530,58295.0,58305.80078125,58244.8515625,58250.8515625,0.0
2026-07-06 14:50:00+0530,58249.55078125,58307.8515625,58246.6015625,58304.1015625,0.0
2026-07-06 14:55:00+0530,58303.94921875,58309.8515625,58267.80078125,58281.30078125,0.0
2026-07-06 15:00:00+0530,58279.5,58321.19921875,58275.3515625,58288.25,0.0
2026-07-06 15:05:00+0530,58287.8984375,58335.75,58285.05078125,58318.75,0.0
2026-07-06 15:10:00+0530,58316.44921875,58321.80078125,58293.5,58309.55078125,0.0
2026-07-06 15:15:00+0530,58309.44921875,58312.1484375,58280.25,58292.69921875,0.0
2026-07-06 15:20:00+0530,58289.8515625,58303.94921875,58270.8984375,58285.30078125,0.0
2026-07-06 15:25:00+0530,58284.30078125,58301.05078125,58234.1484375,58263.0,0.0
2026-07-07 09:15:00+0530,58546.69921875,58554.19921875,58342.3984375,58446.75,0.0
2026-07-07 09:20:00+0530,58446.5,58514.6015625,58407.8515625,58492.0,0.0
2026-07-07 09:25:00+0530,58492.0,58519.0,58451.19921875,58497.69921875,0.0
2026-07-07 09:30:00+0530,58497.3984375,58505.8984375,58373.0,58377.19921875,0.0
2026-07-07 09:35:00+0530,58376.6484375,58482.05078125,58361.6015625,58364.30078125,0.0
2026-07-07 09:40:00+0530,58366.44921875,58426.6484375,58366.1015625,58407.80078125,0.0
2026-07-07 09:45:00+0530,58407.55078125,58436.1015625,58377.44921875,58417.6484375,0.0
2026-07-07 09:50:00+0530,58419.6484375,58457.0,58389.8984375,58395.94921875,0.0
2026-07-07 09:55:00+0530,58397.44921875,58429.1015625,58393.80078125,58425.3984375,0.0
2026-07-07 10:00:00+0530,58425.69921875,58441.05078125,58402.25,58424.3984375,0.0
2026-07-07 10:05:00+0530,58423.69921875,58437.44921875,58392.05078125,58415.1015625,0.0
2026-07-07 10:10:00+0530,58412.19921875,58425.30078125,58397.19921875,58410.94921875,0.0
2026-07-07 10:15:00+0530,58410.1015625,58464.8984375,58400.44921875,58458.3515625,0.0
2026-07-07 10:20:00+0530,58455.55078125,58461.5,58390.6484375,58406.05078125,0.0
2026-07-07 10:25:00+0530,58405.6484375,58413.69921875,58363.6484375,58393.25,0.0
2026-07-07 10:30:00+0530,58393.3984375,58422.0,58392.5,58398.80078125,0.0
2026-07-07 10:35:00+0530,58400.1015625,58438.75,58387.75,58416.94921875,0.0
2026-07-07 10:40:00+0530,58416.1015625,58438.8984375,58381.6484375,58388.3515625,0.0
2026-07-07 10:45:00+0530,58389.19921875,58431.1015625,58367.0,58430.8984375,0.0
2026-07-07 10:50:00+0530,58430.30078125,58430.30078125,58376.1015625,58388.75,0.0
2026-07-07 10:55:00+0530,58380.5,58392.3515625,58348.8984375,58375.94921875,0.0
2026-07-07 11:00:00+0530,58376.75,58403.30078125,58365.25,58391.8515625,0.0
2026-07-07 11:05:00+0530,58390.30078125,58430.80078125,58384.1015625,58427.5,0.0
2026-07-07 11:10:00+0530,58427.6015625,58444.19921875,58415.19921875,58430.3515625,0.0
2026-07-07 11:15:00+0530,58431.25,58431.6484375,58381.30078125,58400.69921875,0.0
2026-07-07 11:20:00+0530,58397.44921875,58435.19921875,58390.6484375,58401.55078125,0.0
2026-07-07 11:25:00+0530,58399.6015625,58447.80078125,58399.6015625,58428.1015625,0.0
2026-07-07 11:30:00+0530,58427.55078125,58454.44921875,58421.05078125,58430.44921875,0.0
2026-07-07 11:35:00+0530,58430.6015625,58454.94921875,58411.5,58436.19921875,0.0
2026-07-07 11:40:00+0530,58438.3984375,58453.8984375,58425.3515625,58449.30078125,0.0
2026-07-07 11:45:00+0530,58449.75,58461.8515625,58418.55078125,58429.75,0.0
2026-07-07 11:50:00+0530,58429.3515625,58467.94921875,58427.3984375,58466.1015625,0.0
2026-07-07 11:55:00+0530,58466.25,58486.6015625,58452.55078125,58465.94921875,0.0
2026-07-07 12:00:00+0530,58467.05078125,58480.80078125,58447.0,58451.94921875,0.0
2026-07-07 12:05:00+0530,58450.0,58475.8984375,58446.1015625,58459.80078125,0.0
2026-07-07 12:10:00+0530,58459.69921875,58468.3515625,58393.19921875,58407.80078125,0.0
2026-07-07 12:15:00+0530,58407.80078125,58423.6015625,58355.3515625,58362.8984375,0.0
2026-07-07 12:20:00+0530,58361.6484375,58413.8515625,58361.6484375,58396.25,0.0
2026-07-07 12:25:00+0530,58396.6015625,58425.05078125,58387.5,58401.3984375,0.0
2026-07-07 12:30:00+0530,58401.3984375,58407.19921875,58317.44921875,58338.6484375,0.0
2026-07-07 12:35:00+0530,58339.25,58340.6015625,58291.8984375,58319.8984375,0.0
2026-07-07 12:40:00+0530,58320.8515625,58341.75,58307.44921875,58325.1484375,0.0
2026-07-07 12:45:00+0530,58325.30078125,58343.69921875,58292.8984375,58335.69921875,0.0
2026-07-07 12:50:00+0530,58336.6015625,58361.6484375,58317.6015625,58319.30078125,0.0
2026-07-07 12:55:00+0530,58318.69921875,58339.6015625,58283.8515625,58331.75,0.0
2026-07-07 13:00:00+0530,58330.19921875,58333.8515625,58297.69921875,58326.0,0.0
2026-07-07 13:05:00+0530,58327.25,58331.05078125,58270.44921875,58285.75,0.0
2026-07-07 13:10:00+0530,58283.6484375,58297.3515625,58215.19921875,58244.94921875,0.0
2026-07-07 13:15:00+0530,58247.69921875,58258.25,58214.80078125,58236.44921875,0.0
2026-07-07 13:20:00+0530,58236.44921875,58263.8984375,58228.05078125,58244.75,0.0
2026-07-07 13:25:00+0530,58245.3515625,58289.5,58240.75,58284.19921875,0.0
2026-07-07 13:30:00+0530,58284.19921875,58291.55078125,58243.8984375,58261.5,0.0
2026-07-07 13:35:00+0530,58260.6484375,58269.6484375,58227.30078125,58256.3984375,0.0
2026-07-07 13:40:00+0530,58255.55078125,58312.94921875,58249.5,58287.19921875,0.0
2026-07-07 13:45:00+0530,58288.75,58324.55078125,58263.0,58264.1015625,0.0
2026-07-07 13:50:00+0530,58263.6015625,58275.69921875,58233.55078125,58237.6484375,0.0
2026-07-07 13:55:00+0530,58232.30078125,58278.44921875,58225.25,58267.3984375,0.0
2026-07-07 14:00:00+0530,58268.25,58295.94921875,58241.30078125,58283.5,0.0
2026-07-07 14:05:00+0530,58285.6015625,58313.3984375,58276.3984375,58308.3984375,0.0
2026-07-07 14:10:00+0530,58311.6484375,58326.6015625,58288.6015625,58298.80078125,0.0
2026-07-07 14:15:00+0530,58298.6484375,58312.69921875,58277.3984375,58296.8984375,0.0
2026-07-07 14:20:00+0530,58299.0,58309.44921875,58280.30078125,58283.3984375,0.0
2026-07-07 14:25:00+0530,58283.3984375,58318.8984375,58274.1484375,58313.1015625,0.0
2026-07-07 14:30:00+0530,58315.55078125,58326.3515625,58304.80078125,58320.05078125,0.0
2026-07-07 14:35:00+0530,58322.1015625,58364.55078125,58322.1015625,58344.80078125,0.0
2026-07-07 14:40:00+0530,58344.3515625,58349.8984375,58314.05078125,58331.25,0.0
2026-07-07 14:45:00+0530,58331.8515625,58348.3984375,58309.6484375,58326.94921875,0.0
2026-07-07 14:50:00+0530,58327.3984375,58352.69921875,58321.25,58340.1015625,0.0
2026-07-07 14:55:00+0530,58340.69921875,58374.30078125,58315.55078125,58319.3984375,0.0
2026-07-07 15:00:00+0530,58320.1484375,58328.69921875,58203.55078125,58227.8984375,0.0
2026-07-07 15:05:00+0530,58231.19921875,58275.3984375,58210.8515625,58232.8984375,0.0
2026-07-07 15:10:00+0530,58230.30078125,58232.6015625,58183.5,58202.80078125,0.0
2026-07-07 15:15:00+0530,58199.30078125,58214.25,58174.6484375,58185.1015625,0.0
2026-07-07 15:20:00+0530,58190.25,58190.5,58147.05078125,58159.8984375,0.0
2026-07-07 15:25:00+0530,58158.3984375,58166.3984375,58110.19921875,58134.5,0.0
2026-07-08 09:15:00+0530,57918.25,58001.30078125,57833.44921875,57938.8984375,0.0
2026-07-08 09:20:00+0530,57937.94921875,57960.69921875,57835.55078125,57837.94921875,0.0
2026-07-08 09:25:00+0530,57844.8984375,57860.0,57816.1484375,57851.1484375,0.0
2026-07-08 09:30:00+0530,57853.5,57853.5,57707.30078125,57741.3515625,0.0
2026-07-08 09:35:00+0530,57744.0,57776.94921875,57730.1484375,57757.3515625,0.0
2026-07-08 09:40:00+0530,57756.0,57825.55078125,57740.19921875,57825.55078125,0.0
2026-07-08 09:45:00+0530,57829.1484375,57865.6015625,57802.80078125,57865.6015625,0.0
2026-07-08 09:50:00+0530,57867.1484375,57958.44921875,57859.8515625,57891.55078125,0.0
2026-07-08 09:55:00+0530,57897.0,57944.25,57845.44921875,57858.69921875,0.0
2026-07-08 10:00:00+0530,57854.3515625,57867.94921875,57829.25,57845.05078125,0.0
2026-07-08 10:05:00+0530,57845.3515625,57926.1484375,57836.44921875,57922.05078125,0.0
2026-07-08 10:10:00+0530,57923.30078125,57977.3515625,57908.25,57928.1484375,0.0
2026-07-08 10:15:00+0530,57925.05078125,57974.5,57909.1015625,57965.8515625,0.0
2026-07-08 10:20:00+0530,57961.30078125,57968.5,57868.30078125,57874.8984375,0.0
2026-07-08 10:25:00+0530,57875.05078125,57938.94921875,57855.69921875,57927.0,0.0
2026-07-08 10:30:00+0530,57926.3984375,57984.8515625,57926.0,57963.8515625,0.0
2026-07-08 10:35:00+0530,57968.25,58063.1484375,57955.8984375,58053.3515625,0.0
2026-07-08 10:40:00+0530,58056.1484375,58075.6015625,58014.05078125,58014.44921875,0.0
2026-07-08 10:45:00+0530,58017.80078125,58040.55078125,57985.0,58003.94921875,0.0
2026-07-08 10:50:00+0530,58001.80078125,58011.94921875,57955.8984375,57962.44921875,0.0
2026-07-08 10:55:00+0530,57962.1484375,57980.6484375,57935.1484375,57979.94921875,0.0
2026-07-08 11:00:00+0530,57981.30078125,57994.80078125,57962.8515625,57981.80078125,0.0
2026-07-08 11:05:00+0530,57983.1484375,57989.0,57947.19921875,57965.75,0.0
2026-07-08 11:10:00+0530,57969.3984375,57997.69921875,57941.8515625,57990.05078125,0.0
2026-07-08 11:15:00+0530,57990.1015625,57993.1484375,57907.05078125,57922.19921875,0.0
2026-07-08 11:20:00+0530,57921.55078125,57961.3984375,57913.80078125,57960.30078125,0.0
2026-07-08 11:25:00+0530,57963.25,58003.80078125,57951.55078125,57967.80078125,0.0
2026-07-08 11:30:00+0530,57969.75,57972.75,57925.5,57944.8515625,0.0
2026-07-08 11:35:00+0530,57947.55078125,57947.55078125,57914.44921875,57927.55078125,0.0
2026-07-08 11:40:00+0530,57927.55078125,57936.30078125,57866.55078125,57879.19921875,0.0
2026-07-08 11:45:00+0530,57881.80078125,57897.44921875,57843.55078125,57846.69921875,0.0
2026-07-08 11:50:00+0530,57849.0,57879.80078125,57832.55078125,57862.6484375,0.0
2026-07-08 11:55:00+0530,57866.6484375,57881.5,57804.94921875,57838.0,0.0
2026-07-08 12:00:00+0530,57841.1484375,57856.5,57814.75,57831.19921875,0.0
2026-07-08 12:05:00+0530,57831.75,57842.1484375,57804.05078125,57807.30078125,0.0
2026-07-08 12:10:00+0530,57808.44921875,57835.75,57788.55078125,57792.19921875,0.0
2026-07-08 12:15:00+0530,57796.1015625,57842.6484375,57751.19921875,57818.25,0.0
2026-07-08 12:20:00+0530,57823.3984375,57837.5,57786.55078125,57792.1484375,0.0
2026-07-08 12:25:00+0530,57796.8515625,57805.8984375,57760.6484375,57772.55078125,0.0
2026-07-08 12:30:00+0530,57771.1484375,57775.30078125,57726.8984375,57749.30078125,0.0
2026-07-08 12:35:00+0530,57748.6015625,57778.44921875,57733.44921875,57744.8515625,0.0
2026-07-08 12:40:00+0530,57748.44921875,57769.6484375,57722.3515625,57765.44921875,0.0
2026-07-08 12:45:00+0530,57768.80078125,57786.6484375,57746.5,57759.8515625,0.0
2026-07-08 12:50:00+0530,57761.94921875,57823.94921875,57759.6015625,57813.05078125,0.0
2026-07-08 12:55:00+0530,57812.55078125,57834.6015625,57800.8984375,57815.1015625,0.0
2026-07-08 13:00:00+0530,57816.25,57883.69921875,57810.80078125,57866.69921875,0.0
2026-07-08 13:05:00+0530,57869.1015625,57899.0,57850.94921875,57856.19921875,0.0
2026-07-08 13:10:00+0530,57857.1015625,57861.44921875,57837.69921875,57844.6015625,0.0
2026-07-08 13:15:00+0530,57842.94921875,57870.05078125,57815.80078125,57864.75,0.0
2026-07-08 13:20:00+0530,57866.1484375,57874.6484375,57839.0,57860.0,0.0
2026-07-08 13:25:00+0530,57864.05078125,57864.05078125,57829.30078125,57837.55078125,0.0
2026-07-08 13:30:00+0530,57839.75,57850.8984375,57814.25,57829.75,0.0
2026-07-08 13:35:00+0530,57833.25,57856.1484375,57811.6484375,57842.75,0.0
2026-07-08 13:40:00+0530,57845.30078125,57852.3984375,57803.30078125,57820.05078125,0.0
2026-07-08 13:45:00+0530,57820.25,57851.05078125,57568.55078125,57604.3984375,0.0
2026-07-08 13:50:00+0530,57606.8515625,57613.0,57394.75,57405.69921875,0.0
2026-07-08 13:55:00+0530,57405.80078125,57420.5,57199.5,57200.8984375,0.0
2026-07-08 14:00:00+0530,57206.44921875,57255.5,57073.19921875,57097.3515625,0.0
2026-07-08 14:05:00+0530,57095.05078125,57107.44921875,56925.8984375,56942.80078125,0.0
2026-07-08 14:10:00+0530,56944.3515625,56983.3515625,56813.3984375,56853.6015625,0.0
2026-07-08 14:15:00+0530,56852.6484375,57005.55078125,56816.0,56859.6484375,0.0
2026-07-08 14:20:00+0530,56861.5,56927.25,56797.44921875,56848.8515625,0.0
2026-07-08 14:25:00+0530,56849.94921875,56884.6484375,56723.75,56729.8515625,0.0
2026-07-08 14:30:00+0530,56736.30078125,56856.25,56716.69921875,56755.75,0.0
2026-07-08 14:35:00+0530,56757.8515625,56810.19921875,56703.75,56749.1484375,0.0
2026-07-08 14:40:00+0530,56753.80078125,56761.30078125,56687.8515625,56711.94921875,0.0
2026-07-08 14:45:00+0530,56710.3984375,56715.3515625,56612.1484375,56632.94921875,0.0
2026-07-08 14:50:00+0530,56634.1484375,56670.44921875,56553.5,56595.19921875,0.0
2026-07-08 14:55:00+0530,56596.6015625,56679.3984375,56582.3984375,56631.75,0.0
2026-07-08 15:00:00+0530,56632.8984375,56749.1484375,56632.8984375,56666.8984375,0.0
2026-07-08 15:05:00+0530,56666.8984375,56728.75,56622.44921875,56713.44921875,0.0
2026-07-08 15:10:00+0530,56714.55078125,56758.0,56682.5,56722.6015625,0.0
2026-07-08 15:15:00+0530,56720.94921875,56815.69921875,56718.6484375,56794.94921875,0.0
2026-07-08 15:20:00+0530,56792.6015625,56857.25,56789.1484375,56806.55078125,0.0
2026-07-08 15:25:00+0530,56803.69921875,56832.8984375,56760.6015625,56826.80078125,0.0
2026-07-09 09:15:00+0530,56867.30078125,57238.8984375,56867.30078125,57212.75,0.0
2026-07-09 09:20:00+0530,57215.75,57239.55078125,57104.30078125,57239.5,0.0
2026-07-09 09:25:00+0530,57238.8515625,57243.8515625,57145.0,57148.6015625,0.0
2026-07-09 09:30:00+0530,57143.6015625,57197.69921875,57094.55078125,57193.5,0.0
2026-07-09 09:35:00+0530,57194.19921875,57209.25,57115.30078125,57203.69921875,0.0
2026-07-09 09:40:00+0530,57206.3515625,57241.8984375,57149.1015625,57212.30078125,0.0
2026-07-09 09:45:00+0530,57216.05078125,57298.80078125,57194.30078125,57246.5,0.0
2026-07-09 09:50:00+0530,57246.25,57300.19921875,57240.30078125,57260.05078125,0.0
2026-07-09 09:55:00+0530,57264.3984375,57289.8984375,57223.3515625,57250.3984375,0.0
2026-07-09 10:00:00+0530,57251.25,57378.8984375,57242.05078125,57304.3984375,0.0
2026-07-09 10:05:00+0530,57305.05078125,57339.5,57281.8515625,57327.0,0.0
2026-07-09 10:10:00+0530,57328.3984375,57337.1015625,57290.1015625,57309.0,0.0
2026-07-09 10:15:00+0530,57309.75,57321.8984375,57225.44921875,57225.44921875,0.0
2026-07-09 10:20:00+0530,57231.05078125,57288.6015625,57213.30078125,57263.8515625,0.0
2026-07-09 10:25:00+0530,57263.69921875,57270.1484375,57195.6015625,57215.1484375,0.0
2026-07-09 10:30:00+0530,57212.55078125,57221.94921875,57183.19921875,57200.75,0.0
2026-07-09 10:35:00+0530,57199.44921875,57203.8984375,57091.8984375,57169.5,0.0
2026-07-09 10:40:00+0530,57171.6015625,57464.19921875,57157.8984375,57308.94921875,0.0
2026-07-09 10:45:00+0530,57309.6484375,57309.8984375,57085.6015625,57090.0,0.0
2026-07-09 10:50:00+0530,57087.8984375,57180.1015625,57049.69921875,57177.1015625,0.0
2026-07-09 10:55:00+0530,57178.5,57210.3984375,57154.8984375,57155.8515625,0.0
2026-07-09 11:00:00+0530,57155.8515625,57183.44921875,57075.8515625,57179.6015625,0.0
2026-07-09 11:05:00+0530,57178.80078125,57202.05078125,57138.05078125,57183.3984375,0.0
2026-07-09 11:10:00+0530,57186.80078125,57219.6015625,57158.6484375,57202.1484375,0.0
2026-07-09 11:15:00+0530,57199.3984375,57229.69921875,57157.55078125,57222.05078125,0.0
2026-07-09 11:20:00+0530,57222.8515625,57266.80078125,57176.25,57255.44921875,0.0
2026-07-09 11:25:00+0530,57250.30078125,57434.6015625,57237.1015625,57403.5,0.0
2026-07-09 11:30:00+0530,57403.1015625,57403.1015625,57305.3984375,57362.8515625,0.0
2026-07-09 11:35:00+0530,57363.25,57366.5,57306.1484375,57332.25,0.0
2026-07-09 11:40:00+0530,57331.5,57337.5,57273.6484375,57301.6484375,0.0
2026-07-09 11:45:00+0530,57308.05078125,57309.25,57239.8515625,57275.25,0.0
2026-07-09 11:50:00+0530,57279.6484375,57291.6484375,57243.30078125,57253.80078125,0.0
2026-07-09 11:55:00+0530,57253.6484375,57271.5,57228.8984375,57242.05078125,0.0
2026-07-09 12:00:00+0530,57246.30078125,57331.80078125,57220.30078125,57325.55078125,0.0
2026-07-09 12:05:00+0530,57324.55078125,57329.6015625,57265.0,57278.0,0.0
2026-07-09 12:10:00+0530,57279.6015625,57292.6484375,57245.3984375,57274.25,0.0
2026-07-09 12:15:00+0530,57275.25,57294.55078125,57246.94921875,57246.94921875,0.0
2026-07-09 12:20:00+0530,57245.44921875,57282.1015625,57222.3984375,57270.0,0.0
2026-07-09 12:25:00+0530,57272.30078125,57318.6484375,57267.55078125,57291.94921875,0.0
2026-07-09 12:30:00+0530,57293.5,57306.5,57247.6015625,57248.8984375,0.0
2026-07-09 12:35:00+0530,57254.8515625,57270.6484375,57248.6015625,57257.44921875,0.0
2026-07-09 12:40:00+0530,57257.8515625,57260.1484375,57196.19921875,57219.6015625,0.0
2026-07-09 12:45:00+0530,57220.30078125,57236.05078125,57187.5,57213.75,0.0
2026-07-09 12:50:00+0530,57215.0,57286.6484375,57194.75,57281.55078125,0.0
2026-07-09 12:55:00+0530,57280.8515625,57311.8984375,57275.6484375,57286.80078125,0.0
2026-07-09 13:00:00+0530,57289.1015625,57356.3984375,57261.1015625,57340.80078125,0.0
2026-07-09 13:05:00+0530,57340.80078125,57355.5,57295.5,57344.8984375,0.0
2026-07-09 13:10:00+0530,57344.6015625,57363.6484375,57318.69921875,57338.25,0.0
2026-07-09 13:15:00+0530,57339.0,57340.5,57303.6484375,57310.8515625,0.0
2026-07-09 13:20:00+0530,57312.19921875,57323.3515625,57268.94921875,57272.5,0.0
2026-07-09 13:25:00+0530,57273.44921875,57286.6484375,57240.1015625,57281.1015625,0.0
2026-07-09 13:30:00+0530,57283.1484375,57348.6484375,57279.0,57336.5,0.0
2026-07-09 13:35:00+0530,57335.3984375,57421.6484375,57331.6484375,57391.69921875,0.0
2026-07-09 13:40:00+0530,57389.0,57402.1484375,57344.05078125,57377.0,0.0
2026-07-09 13:45:00+0530,57377.0,57406.55078125,57351.69921875,57379.55078125,0.0
2026-07-09 13:50:00+0530,57378.44921875,57381.69921875,57346.6015625,57371.1484375,0.0
2026-07-09 13:55:00+0530,57371.69921875,57373.3984375,57339.94921875,57353.75,0.0
2026-07-09 14:00:00+0530,57354.25,57371.6015625,57319.80078125,57330.69921875,0.0
2026-07-09 14:05:00+0530,57331.1015625,57351.0,57309.69921875,57320.25,0.0
2026-07-09 14:10:00+0530,57319.8984375,57334.75,57268.3515625,57332.19921875,0.0
2026-07-09 14:15:00+0530,57330.55078125,57362.8515625,57293.1484375,57315.80078125,0.0
2026-07-09 14:20:00+0530,57316.5,57347.1015625,57272.6015625,57344.19921875,0.0
2026-07-09 14:25:00+0530,57344.80078125,57381.44921875,57305.55078125,57368.6484375,0.0
2026-07-09 14:30:00+0530,57365.75,57418.05078125,57355.55078125,57380.05078125,0.0
2026-07-09 14:35:00+0530,57383.44921875,57391.3984375,57314.80078125,57336.8515625,0.0
2026-07-09 14:40:00+0530,57336.30078125,57347.94921875,57219.19921875,57310.94921875,0.0
2026-07-09 14:45:00+0530,57310.1015625,57341.8515625,57265.94921875,57306.75,0.0
2026-07-09 14:50:00+0530,57307.25,57377.19921875,57301.8984375,57369.94921875,0.0
2026-07-09 14:55:00+0530,57368.3515625,57407.25,57347.30078125,57391.6484375,0.0
2026-07-09 15:00:00+0530,57388.05078125,57389.75,57220.1484375,57222.19921875,0.0
2026-07-09 15:05:00+0530,57221.25,57243.69921875,57125.6015625,57234.25,0.0
2026-07-09 15:10:00+0530,57232.25,57251.3984375,57199.1484375,57223.25,0.0
2026-07-09 15:15:00+0530,57224.1484375,57280.3515625,57222.44921875,57275.80078125,0.0
2026-07-09 15:20:00+0530,57274.30078125,57329.25,57267.44921875,57309.05078125,0.0
2026-07-09 15:25:00+0530,57308.8984375,57330.75,57296.55078125,57322.69921875,0.0
2026-07-10 09:15:00+0530,57592.5,57817.80078125,57592.5,57733.25,0.0
2026-07-10 09:20:00+0530,57735.3515625,57882.3984375,57730.1015625,57847.05078125,0.0
2026-07-10 09:25:00+0530,57849.1484375,57878.80078125,57796.05078125,57847.6484375,0.0
2026-07-10 09:30:00+0530,57848.8984375,57908.6484375,57831.25,57898.94921875,0.0
2026-07-10 09:35:00+0530,57905.1484375,57928.55078125,57863.0,57895.25,0.0
2026-07-10 09:40:00+0530,57896.94921875,57928.1484375,57882.3515625,57888.3515625,0.0
2026-07-10 09:45:00+0530,57889.69921875,57954.19921875,57889.3984375,57920.80078125,0.0
2026-07-10 09:50:00+0530,57920.6015625,57930.80078125,57857.75,57890.30078125,0.0
2026-07-10 09:55:00+0530,57889.75,57903.75,57872.8515625,57899.19921875,0.0
2026-07-10 10:00:00+0530,57898.3984375,57910.8515625,57841.69921875,57850.44921875,0.0
2026-07-10 10:05:00+0530,57850.75,57895.5,57846.94921875,57889.0,0.0
2026-07-10 10:10:00+0530,57886.69921875,57916.8515625,57879.05078125,57911.5,0.0
2026-07-10 10:15:00+0530,57913.8984375,57941.55078125,57894.69921875,57933.6484375,0.0
2026-07-10 10:20:00+0530,57938.1015625,57966.6484375,57928.1484375,57961.8984375,0.0
2026-07-10 10:25:00+0530,57966.75,57980.8515625,57934.55078125,57938.75,0.0
2026-07-10 10:30:00+0530,57939.44921875,57948.19921875,57873.3984375,57899.19921875,0.0
2026-07-10 10:35:00+0530,57898.5,57929.6015625,57892.8984375,57912.1015625,0.0
2026-07-10 10:40:00+0530,57916.1484375,57948.19921875,57907.05078125,57933.3515625,0.0
2026-07-10 10:45:00+0530,57935.94921875,57956.6015625,57930.55078125,57947.75,0.0
2026-07-10 10:50:00+0530,57947.75,57988.69921875,57945.3984375,57957.0,0.0
2026-07-10 10:55:00+0530,57953.94921875,57971.1484375,57933.3984375,57946.25,0.0
2026-07-10 11:00:00+0530,57951.55078125,57992.30078125,57944.3515625,57965.19921875,0.0
2026-07-10 11:05:00+0530,57972.1484375,57975.94921875,57929.6484375,57941.3515625,0.0
2026-07-10 11:10:00+0530,57940.25,57952.05078125,57914.05078125,57946.25,0.0
2026-07-10 11:15:00+0530,57944.0,57958.0,57903.0,57913.94921875,0.0
2026-07-10 11:20:00+0530,57913.94921875,57924.30078125,57900.6015625,57915.6484375,0.0
2026-07-10 11:25:00+0530,57915.6484375,57919.1484375,57840.3984375,57845.69921875,0.0
2026-07-10 11:30:00+0530,57847.80078125,57887.94921875,57831.1015625,57864.3984375,0.0
2026-07-10 11:35:00+0530,57866.5,57876.05078125,57832.8515625,57873.80078125,0.0
2026-07-10 11:40:00+0530,57875.80078125,57877.1484375,57818.25,57847.5,0.0
2026-07-10 11:45:00+0530,57845.80078125,57890.94921875,57840.6015625,57880.05078125,0.0
2026-07-10 11:50:00+0530,57880.1484375,57892.6484375,57842.30078125,57849.55078125,0.0
2026-07-10 11:55:00+0530,57853.94921875,57873.3984375,57830.6484375,57860.05078125,0.0
2026-07-10 12:00:00+0530,57858.19921875,57910.8984375,57857.19921875,57889.0,0.0
2026-07-10 12:05:00+0530,57887.8515625,57895.3515625,57863.94921875,57873.05078125,0.0
2026-07-10 12:10:00+0530,57873.05078125,57874.80078125,57830.8984375,57855.8984375,0.0
2026-07-10 12:15:00+0530,57857.05078125,57865.44921875,57841.94921875,57857.3984375,0.0
2026-07-10 12:20:00+0530,57858.44921875,57876.6484375,57852.69921875,57873.6484375,0.0
2026-07-10 12:25:00+0530,57873.5,57926.55078125,57870.3515625,57893.1015625,0.0
2026-07-10 12:30:00+0530,57893.75,57917.0,57880.55078125,57905.6015625,0.0
2026-07-10 12:35:00+0530,57906.19921875,57922.6015625,57858.80078125,57921.75,0.0
2026-07-10 12:40:00+0530,57923.6015625,58049.19921875,57920.6015625,58013.30078125,0.0
2026-07-10 12:45:00+0530,58017.6484375,58039.8515625,57986.6484375,58015.94921875,0.0
2026-07-10 12:50:00+0530,58013.3515625,58042.44921875,58000.44921875,58012.3515625,0.0
2026-07-10 12:55:00+0530,58010.30078125,58071.05078125,58009.75,58048.3984375,0.0
2026-07-10 13:00:00+0530,58049.1484375,58130.44921875,58038.8515625,58115.30078125,0.0
2026-07-10 13:05:00+0530,58115.25,58251.94921875,58095.25,58146.1484375,0.0
2026-07-10 13:10:00+0530,58145.55078125,58154.1484375,58065.25,58078.44921875,0.0
2026-07-10 13:15:00+0530,58078.8984375,58089.8984375,58026.80078125,58045.8984375,0.0
2026-07-10 13:20:00+0530,58045.8984375,58049.1484375,57964.1484375,57993.19921875,0.0
2026-07-10 13:25:00+0530,57996.3515625,58036.30078125,57986.6484375,58033.8984375,0.0
2026-07-10 13:30:00+0530,58037.25,58057.30078125,58000.8984375,58053.44921875,0.0
2026-07-10 13:35:00+0530,58056.1484375,58100.25,58030.25,58092.44921875,0.0
2026-07-10 13:40:00+0530,58093.0,58141.1015625,58087.80078125,58126.6484375,0.0
2026-07-10 13:45:00+0530,58126.05078125,58154.80078125,58096.1484375,58106.19921875,0.0
2026-07-10 13:50:00+0530,58106.6484375,58117.0,58070.19921875,58114.1484375,0.0
2026-07-10 13:55:00+0530,58116.8515625,58138.75,58099.69921875,58108.3984375,0.0
2026-07-10 14:00:00+0530,58109.94921875,58136.44921875,58052.94921875,58109.25,0.0
2026-07-10 14:05:00+0530,58110.0,58111.05078125,58062.25,58065.0,0.0
2026-07-10 14:10:00+0530,58064.30078125,58108.8984375,58051.1484375,58096.3984375,0.0
2026-07-10 14:15:00+0530,58095.19921875,58107.8515625,58049.6484375,58063.25,0.0
2026-07-10 14:20:00+0530,58064.69921875,58118.25,58050.05078125,58109.3515625,0.0
2026-07-10 14:25:00+0530,58109.3984375,58147.3515625,58106.3984375,58130.80078125,0.0
2026-07-10 14:30:00+0530,58134.1015625,58141.80078125,58066.69921875,58100.05078125,0.0
2026-07-10 14:35:00+0530,58098.25,58109.3984375,58069.25,58095.1484375,0.0
2026-07-10 14:40:00+0530,58095.94921875,58104.6484375,58053.8984375,58059.94921875,0.0
2026-07-10 14:45:00+0530,58060.8984375,58128.6015625,58038.44921875,58101.30078125,0.0
2026-07-10 14:50:00+0530,58105.3984375,58106.69921875,58040.05078125,58042.3984375,0.0
2026-07-10 14:55:00+0530,58043.6484375,58089.5,58040.0,58056.1015625,0.0
2026-07-10 15:00:00+0530,58055.25,58114.44921875,58028.1484375,58046.80078125,0.0
2026-07-10 15:05:00+0530,58045.6484375,58073.55078125,58042.6015625,58070.3984375,0.0
2026-07-10 15:10:00+0530,58072.8984375,58090.1015625,58044.6015625,58044.6015625,0.0
2026-07-10 15:15:00+0530,58046.19921875,58050.5,58018.94921875,58038.3515625,0.0
2026-07-10 15:20:00+0530,58036.8515625,58055.05078125,58011.69921875,58033.1484375,0.0
2026-07-10 15:25:00+0530,58034.8984375,58072.8515625,58007.19921875,58051.0,0.0
2026-07-13 09:15:00+0530,57616.69921875,57650.75,57493.75,57574.8984375,0.0
2026-07-13 09:20:00+0530,57567.1484375,57599.3515625,57523.5,57574.8984375,0.0
2026-07-13 09:25:00+0530,57573.19921875,57642.25,57567.8515625,57596.30078125,0.0
2026-07-13 09:30:00+0530,57595.1015625,57634.80078125,57561.69921875,57628.0,0.0
2026-07-13 09:35:00+0530,57630.8984375,57764.8515625,57613.30078125,57737.05078125,0.0
2026-07-13 09:40:00+0530,57736.55078125,57774.80078125,57717.8515625,57757.55078125,0.0
2026-07-13 09:45:00+0530,57764.5,57907.8984375,57748.75,57898.94921875,0.0
2026-07-13 09:50:00+0530,57896.80078125,57916.5,57840.44921875,57911.1484375,0.0
2026-07-13 09:55:00+0530,57913.69921875,57928.94921875,57861.1015625,57900.80078125,0.0
2026-07-13 10:00:00+0530,57900.80078125,57922.30078125,57848.3515625,57855.3515625,0.0
2026-07-13 10:05:00+0530,57860.6015625,57901.05078125,57834.80078125,57878.6484375,0.0
2026-07-13 10:10:00+0530,57877.6484375,57932.94921875,57869.19921875,57902.30078125,0.0
2026-07-13 10:15:00+0530,57906.1015625,57915.05078125,57848.1015625,57897.55078125,0.0
2026-07-13 10:20:00+0530,57897.69921875,58006.55078125,57896.05078125,57965.80078125,0.0
2026-07-13 10:25:00+0530,57962.75,58045.55078125,57951.0,58015.3515625,0.0
2026-07-13 10:30:00+0530,58016.19921875,58069.80078125,57979.3984375,58062.3515625,0.0
2026-07-13 10:35:00+0530,58062.6484375,58065.5,57976.05078125,57979.75,0.0
2026-07-13 10:40:00+0530,57979.75,58043.1484375,57977.80078125,58015.0,0.0
2026-07-13 10:45:00+0530,58019.8515625,58026.94921875,57960.55078125,57983.94921875,0.0
2026-07-13 10:50:00+0530,57980.94921875,58020.55078125,57918.19921875,57941.19921875,0.0
2026-07-13 10:55:00+0530,57942.1015625,58038.6484375,57916.75,57996.69921875,0.0
2026-07-13 11:00:00+0530,57997.5,58004.69921875,57942.6484375,57993.19921875,0.0
2026-07-13 11:05:00+0530,57993.5,58013.80078125,57941.05078125,57943.3515625,0.0
2026-07-13 11:10:00+0530,57943.5,57981.6484375,57923.69921875,57935.19921875,0.0
2026-07-13 11:15:00+0530,57936.30078125,57945.8984375,57871.5,57872.44921875,0.0
2026-07-13 11:20:00+0530,57874.3984375,57954.75,57872.3984375,57902.75,0.0
2026-07-13 11:25:00+0530,57902.19921875,57925.3984375,57870.25,57882.69921875,0.0
2026-07-13 11:30:00+0530,57883.1484375,57890.6015625,57855.1015625,57882.5,0.0
2026-07-13 11:35:00+0530,57882.8984375,57891.3515625,57852.69921875,57861.25,0.0
2026-07-13 11:40:00+0530,57861.25,57873.94921875,57815.55078125,57830.80078125,0.0
2026-07-13 11:45:00+0530,57830.8515625,57890.75,57827.75,57869.69921875,0.0
2026-07-13 11:50:00+0530,57870.55078125,57886.69921875,57835.55078125,57850.69921875,0.0
2026-07-13 11:55:00+0530,57846.30078125,57853.8984375,57760.0,57779.75,0.0
2026-07-13 12:00:00+0530,57776.75,57830.05078125,57772.8515625,57816.0,0.0
2026-07-13 12:05:00+0530,57815.1484375,57826.8515625,57808.3515625,57817.80078125,0.0
2026-07-13 12:10:00+0530,57818.05078125,57941.94921875,57797.6484375,57900.19921875,0.0
2026-07-13 12:15:00+0530,57900.19921875,57970.80078125,57858.1015625,57956.1015625,0.0
2026-07-13 12:20:00+0530,57955.3515625,57956.30078125,57893.3984375,57915.6484375,0.0
2026-07-13 12:25:00+0530,57916.8515625,57977.5,57903.0,57975.94921875,0.0
2026-07-13 12:30:00+0530,57974.19921875,57990.1015625,57948.0,57979.75,0.0
2026-07-13 12:35:00+0530,57979.1484375,57989.30078125,57941.5,57959.1484375,0.0
2026-07-13 12:40:00+0530,57953.80078125,57995.25,57952.8984375,57981.0,0.0
2026-07-13 12:45:00+0530,57981.0,58002.6015625,57969.55078125,57987.30078125,0.0
2026-07-13 12:50:00+0530,57990.3515625,58103.3984375,57981.8515625,58047.6015625,0.0
2026-07-13 12:55:00+0530,58046.75,58047.55078125,57972.0,57979.1484375,0.0
2026-07-13 13:00:00+0530,57979.1015625,57981.3984375,57935.0,57941.94921875,0.0
2026-07-13 13:05:00+0530,57934.80078125,57998.0,57932.6484375,57980.19921875,0.0
2026-07-13 13:10:00+0530,57980.0,58006.0,57962.44921875,58000.8984375,0.0
2026-07-13 13:15:00+0530,57997.8984375,58009.8515625,57949.80078125,58004.30078125,0.0
2026-07-13 13:20:00+0530,58003.75,58014.6015625,57929.44921875,57954.94921875,0.0
2026-07-13 13:25:00+0530,57953.8984375,57963.8515625,57868.69921875,57892.3515625,0.0
2026-07-13 13:30:00+0530,57893.0,57964.44921875,57889.19921875,57942.1484375,0.0
2026-07-13 13:35:00+0530,57943.0,57981.6484375,57928.25,57979.19921875,0.0
2026-07-13 13:40:00+0530,57980.44921875,57981.8984375,57948.94921875,57955.05078125,0.0
2026-07-13 13:45:00+0530,57954.3984375,58006.94921875,57950.8984375,58005.1015625,0.0
2026-07-13 13:50:00+0530,58003.3984375,58016.8515625,57981.6484375,57993.6484375,0.0
2026-07-13 13:55:00+0530,57992.80078125,58019.75,57975.0,58010.5,0.0
2026-07-13 14:00:00+0530,58010.3515625,58056.3515625,57993.94921875,58020.5,0.0
2026-07-13 14:05:00+0530,58020.5,58061.44921875,58008.8515625,58027.3984375,0.0
2026-07-13 14:10:00+0530,58025.30078125,58101.75,58021.19921875,58093.25,0.0
2026-07-13 14:15:00+0530,58094.3515625,58175.25,58089.5,58173.30078125,0.0
2026-07-13 14:20:00+0530,58173.0,58211.3984375,58155.80078125,58184.80078125,0.0
2026-07-13 14:25:00+0530,58184.8515625,58187.05078125,58143.6484375,58180.3515625,0.0
2026-07-13 14:30:00+0530,58179.3984375,58181.8984375,58134.6015625,58165.55078125,0.0
2026-07-13 14:35:00+0530,58163.3984375,58170.05078125,58098.19921875,58114.3515625,0.0
2026-07-13 14:40:00+0530,58116.44921875,58172.6015625,58105.8515625,58162.8984375,0.0
2026-07-13 14:45:00+0530,58161.55078125,58191.8984375,58153.0,58174.19921875,0.0
2026-07-13 14:50:00+0530,58174.8515625,58219.8984375,58171.75,58215.25,0.0
2026-07-13 14:55:00+0530,58215.55078125,58218.6015625,58145.0,58165.6015625,0.0
2026-07-13 15:00:00+0530,58163.6015625,58203.25,58144.6484375,58202.3515625,0.0
2026-07-13 15:05:00+0530,58199.94921875,58204.8515625,58147.69921875,58151.6484375,0.0
2026-07-13 15:10:00+0530,58152.19921875,58152.30078125,58089.69921875,58116.19921875,0.0
2026-07-13 15:15:00+0530,58115.1484375,58117.8984375,58078.3515625,58082.0,0.0
2026-07-13 15:20:00+0530,58083.44921875,58126.94921875,58076.05078125,58119.0,0.0
2026-07-13 15:25:00+0530,58119.6015625,58139.1015625,58105.19921875,58117.6015625,0.0
2026-07-14 09:15:00+0530,57832.55078125,57832.55078125,57673.5,57682.8984375,0.0
2026-07-14 09:20:00+0530,57676.55078125,57805.94921875,57644.69921875,57792.0,0.0
2026-07-14 09:25:00+0530,57787.3515625,57838.8984375,57724.05078125,57727.8984375,0.0
2026-07-14 09:30:00+0530,57718.1484375,57743.55078125,57684.6015625,57692.1015625,0.0
2026-07-14 09:35:00+0530,57695.1015625,57695.3984375,57513.5,57575.6484375,0.0
2026-07-14 09:40:00+0530,57578.1484375,57578.1484375,57490.75,57564.8984375,0.0
2026-07-14 09:45:00+0530,57565.55078125,57565.55078125,57462.69921875,57506.94921875,0.0
2026-07-14 09:50:00+0530,57507.55078125,57516.0,57472.3984375,57480.1484375,0.0
2026-07-14 09:55:00+0530,57481.8984375,57525.3515625,57481.3984375,57516.94921875,0.0
2026-07-14 10:00:00+0530,57513.0,57518.44921875,57463.19921875,57508.1484375,0.0
2026-07-14 10:05:00+0530,57509.05078125,57544.19921875,57498.5,57534.8515625,0.0
2026-07-14 10:10:00+0530,57532.75,57541.69921875,57495.1484375,57503.5,0.0
2026-07-14 10:15:00+0530,57502.25,57505.8984375,57380.0,57392.6484375,0.0
2026-07-14 10:20:00+0530,57390.55078125,57442.25,57389.80078125,57402.6015625,0.0
2026-07-14 10:25:00+0530,57403.8984375,57433.5,57398.25,57423.19921875,0.0
2026-07-14 10:30:00+0530,57424.3515625,57491.8984375,57416.3515625,57480.94921875,0.0
2026-07-14 10:35:00+0530,57481.6484375,57498.25,57416.30078125,57455.0,0.0
2026-07-14 10:40:00+0530,57455.0,57495.44921875,57421.44921875,57492.30078125,0.0
2026-07-14 10:45:00+0530,57492.8515625,57574.0,57473.30078125,57571.75,0.0
2026-07-14 10:50:00+0530,57571.1015625,57604.3515625,57539.6484375,57556.1484375,0.0
2026-07-14 10:55:00+0530,57560.19921875,57614.30078125,57544.5,57569.6015625,0.0
2026-07-14 11:00:00+0530,57570.30078125,57625.19921875,57570.30078125,57601.5,0.0
2026-07-14 11:05:00+0530,57602.05078125,57625.25,57585.25,57615.8984375,0.0
2026-07-14 11:10:00+0530,57618.25,57667.1484375,57588.55078125,57646.75,0.0
2026-07-14 11:15:00+0530,57647.19921875,57658.05078125,57591.6015625,57626.75,0.0
2026-07-14 11:20:00+0530,57631.44921875,57649.3515625,57584.3984375,57639.05078125,0.0
2026-07-14 11:25:00+0530,57637.5,57643.69921875,57608.55078125,57636.55078125,0.0
2026-07-14 11:30:00+0530,57636.25,57656.30078125,57622.1484375,57632.3984375,0.0
2026-07-14 11:35:00+0530,57632.8515625,57642.80078125,57571.8984375,57592.25,0.0
2026-07-14 11:40:00+0530,57592.3984375,57596.1015625,57508.5,57531.6484375,0.0
2026-07-14 11:45:00+0530,57534.6484375,57572.5,57510.6015625,57566.3984375,0.0
2026-07-14 11:50:00+0530,57570.5,57600.05078125,57544.3515625,57547.19921875,0.0
2026-07-14 11:55:00+0530,57547.3515625,57550.1015625,57510.8515625,57517.6015625,0.0
2026-07-14 12:00:00+0530,57518.3984375,57537.8984375,57506.30078125,57520.44921875,0.0
2026-07-14 12:05:00+0530,57521.75,57524.6015625,57471.69921875,57489.3515625,0.0
2026-07-14 12:10:00+0530,57488.55078125,57512.8515625,57466.3515625,57496.69921875,0.0
2026-07-14 12:15:00+0530,57495.6484375,57496.8515625,57440.1015625,57475.0,0.0
2026-07-14 12:20:00+0530,57472.8984375,57478.94921875,57440.25,57451.80078125,0.0
2026-07-14 12:25:00+0530,57454.05078125,57457.44921875,57388.30078125,57401.25,0.0
2026-07-14 12:30:00+0530,57402.1015625,57428.6015625,57400.8984375,57412.3984375,0.0
2026-07-14 12:35:00+0530,57423.25,57449.94921875,57404.25,57424.8515625,0.0
2026-07-14 12:40:00+0530,57424.8515625,57445.3515625,57408.05078125,57443.3515625,0.0
2026-07-14 12:45:00+0530,57442.6484375,57476.25,57406.0,57463.0,0.0
2026-07-14 12:50:00+0530,57463.69921875,57490.05078125,57448.8984375,57484.8984375,0.0
2026-07-14 12:55:00+0530,57481.30078125,57503.6015625,57446.3984375,57452.94921875,0.0
2026-07-14 13:00:00+0530,57452.1484375,57466.1484375,57410.19921875,57457.8984375,0.0
2026-07-14 13:05:00+0530,57458.6484375,57474.3515625,57443.0,57457.5,0.0
2026-07-14 13:10:00+0530,57456.6484375,57476.1015625,57444.55078125,57469.30078125,0.0
2026-07-14 13:15:00+0530,57468.5,57472.8515625,57410.25,57446.44921875,0.0
2026-07-14 13:20:00+0530,57450.25,57482.3984375,57446.69921875,57473.55078125,0.0
2026-07-14 13:25:00+0530,57473.55078125,57488.3984375,57410.19921875,57484.44921875,0.0
2026-07-14 13:30:00+0530,57483.6484375,57485.25,57390.75,57410.80078125,0.0
2026-07-14 13:35:00+0530,57410.80078125,57417.94921875,57314.1015625,57339.69921875,0.0
2026-07-14 13:40:00+0530,57340.30078125,57351.1484375,57287.6015625,57328.75,0.0
2026-07-14 13:45:00+0530,57329.55078125,57400.25,57327.75,57397.1015625,0.0
2026-07-14 13:50:00+0530,57398.94921875,57413.75,57361.6015625,57405.30078125,0.0
2026-07-14 13:55:00+0530,57401.0,57443.30078125,57401.0,57427.1484375,0.0
2026-07-14 14:00:00+0530,57429.8984375,57446.5,57420.19921875,57438.69921875,0.0
2026-07-14 14:05:00+0530,57440.5,57445.30078125,57402.30078125,57405.8984375,0.0
2026-07-14 14:10:00+0530,57407.25,57470.3984375,57402.19921875,57457.3515625,0.0
2026-07-14 14:15:00+0530,57457.3515625,57476.5,57422.1484375,57428.69921875,0.0
2026-07-14 14:20:00+0530,57424.19921875,57445.30078125,57387.3515625,57420.55078125,0.0
2026-07-14 14:25:00+0530,57416.5,57431.6484375,57388.3984375,57394.8984375,0.0
2026-07-14 14:30:00+0530,57398.19921875,57431.19921875,57382.25,57430.3515625,0.0
2026-07-14 14:35:00+0530,57430.3515625,57455.8515625,57394.30078125,57422.69921875,0.0
2026-07-14 14:40:00+0530,57424.8515625,57448.94921875,57409.75,57441.80078125,0.0
2026-07-14 14:45:00+0530,57443.6015625,57446.8984375,57338.25,57345.0,0.0
2026-07-14 14:50:00+0530,57344.1484375,57381.30078125,57331.30078125,57363.6484375,0.0
2026-07-14 14:55:00+0530,57370.1484375,57440.75,57346.75,57416.1484375,0.0
2026-07-14 15:00:00+0530,57416.8515625,57508.3984375,57416.8515625,57498.8515625,0.0
2026-07-14 15:05:00+0530,57501.0,57532.80078125,57482.6484375,57506.55078125,0.0
2026-07-14 15:10:00+0530,57512.0,57544.94921875,57461.3984375,57471.1484375,0.0
2026-07-14 15:15:00+0530,57474.3984375,57483.05078125,57420.0,57426.94921875,0.0
2026-07-14 15:20:00+0530,57432.30078125,57432.30078125,57387.80078125,57420.1015625,0.0
2026-07-14 15:25:00+0530,57415.94921875,57448.5,57404.30078125,57448.5,0.0
2026-07-15 09:15:00+0530,57623.0,57899.8515625,57622.6484375,57897.8515625,0.0
2026-07-15 09:20:00+0530,57896.94921875,58009.6484375,57896.94921875,57965.8515625,0.0
2026-07-15 09:25:00+0530,57965.8515625,58059.25,57959.1484375,58015.1484375,0.0
2026-07-15 09:30:00+0530,58016.44921875,58120.69921875,58010.8515625,58060.94921875,0.0
2026-07-15 09:35:00+0530,58059.55078125,58100.8515625,58046.19921875,58064.19921875,0.0
2026-07-15 09:40:00+0530,58071.6484375,58105.5,58033.80078125,58059.94921875,0.0
2026-07-15 09:45:00+0530,58061.19921875,58123.19921875,58061.19921875,58090.8515625,0.0
2026-07-15 09:50:00+0530,58091.94921875,58125.3515625,58088.25,58112.1484375,0.0
2026-07-15 09:55:00+0530,58110.44921875,58147.30078125,58055.5,58058.5,0.0
2026-07-15 10:00:00+0530,58058.8515625,58087.44921875,58023.3515625,58070.75,0.0
2026-07-15 10:05:00+0530,58068.8515625,58127.80078125,58061.3515625,58104.05078125,0.0
2026-07-15 10:10:00+0530,58104.05078125,58111.1484375,58071.6015625,58083.3515625,0.0
2026-07-15 10:15:00+0530,58082.8515625,58104.6015625,58060.3984375,58073.55078125,0.0
2026-07-15 10:20:00+0530,58069.8515625,58090.8984375,58033.5,58074.69921875,0.0
2026-07-15 10:25:00+0530,58075.1015625,58110.0,58065.75,58097.05078125,0.0
2026-07-15 10:30:00+0530,58096.8515625,58110.05078125,58066.05078125,58081.5,0.0
2026-07-15 10:35:00+0530,58083.30078125,58084.75,58040.05078125,58058.69921875,0.0
2026-07-15 10:40:00+0530,58058.69921875,58107.80078125,58056.8984375,58089.6015625,0.0
2026-07-15 10:45:00+0530,58089.6015625,58104.1015625,58067.1484375,58073.8984375,0.0
2026-07-15 10:50:00+0530,58077.6015625,58085.19921875,58042.05078125,58062.05078125,0.0
2026-07-15 10:55:00+0530,58061.30078125,58085.1015625,58037.6015625,58039.8984375,0.0
2026-07-15 11:00:00+0530,58042.1015625,58066.19921875,58023.30078125,58057.69921875,0.0
2026-07-15 11:05:00+0530,58058.0,58072.6015625,58032.19921875,58065.30078125,0.0
2026-07-15 11:10:00+0530,58066.3984375,58102.5,58027.30078125,58035.30078125,0.0
2026-07-15 11:15:00+0530,58034.25,58092.0,58032.75,58070.6015625,0.0
2026-07-15 11:20:00+0530,58074.0,58086.94921875,58048.80078125,58065.05078125,0.0
2026-07-15 11:25:00+0530,58067.8984375,58087.1015625,58046.25,58075.1484375,0.0
2026-07-15 11:30:00+0530,58076.05078125,58098.3515625,58063.5,58091.5,0.0
2026-07-15 11:35:00+0530,58091.3984375,58103.6015625,57985.55078125,57996.1484375,0.0
2026-07-15 11:40:00+0530,57995.55078125,58005.8984375,57835.8515625,57841.0,0.0
2026-07-15 11:45:00+0530,57841.0,57902.25,57838.69921875,57891.69921875,0.0
2026-07-15 11:50:00+0530,57892.25,57948.0,57852.3984375,57940.3984375,0.0
2026-07-15 11:55:00+0530,57937.6484375,57981.8984375,57932.6015625,57980.80078125,0.0
2026-07-15 12:00:00+0530,57983.0,58000.6484375,57945.69921875,57976.1015625,0.0
2026-07-15 12:05:00+0530,57975.25,57985.6015625,57958.75,57971.55078125,0.0
2026-07-15 12:10:00+0530,57972.94921875,58091.94921875,57951.30078125,58079.8515625,0.0
2026-07-15 12:15:00+0530,58084.69921875,58118.6015625,58033.8515625,58039.25,0.0
2026-07-15 12:20:00+0530,58041.6015625,58067.44921875,57939.30078125,57986.8984375,0.0
2026-07-15 12:25:00+0530,57986.6015625,58075.75,57985.6484375,57992.8515625,0.0
2026-07-15 12:30:00+0530,57993.3515625,58048.25,57944.25,58041.3984375,0.0
2026-07-15 12:35:00+0530,58039.25,58043.1015625,57962.8984375,57981.8984375,0.0
2026-07-15 12:40:00+0530,57983.5,58016.05078125,57967.55078125,57987.80078125,0.0
2026-07-15 12:45:00+0530,57989.55078125,57993.44921875,57941.80078125,57948.1484375,0.0
2026-07-15 12:50:00+0530,57947.94921875,57972.94921875,57885.19921875,57894.75,0.0
2026-07-15 12:55:00+0530,57894.75,57898.8515625,57604.8984375,57720.8984375,0.0
2026-07-15 13:00:00+0530,57719.3984375,57814.5,57666.8515625,57799.8984375,0.0
2026-07-15 13:05:00+0530,57800.80078125,57809.05078125,57573.80078125,57574.05078125,0.0
2026-07-15 13:10:00+0530,57574.44921875,57633.05078125,57545.19921875,57614.3984375,0.0
2026-07-15 13:15:00+0530,57616.05078125,57794.44921875,57597.0,57773.69921875,0.0
2026-07-15 13:20:00+0530,57770.94921875,57790.8984375,57698.69921875,57708.55078125,0.0
2026-07-15 13:25:00+0530,57710.6484375,57726.3515625,57678.44921875,57692.8515625,0.0
2026-07-15 13:30:00+0530,57694.8515625,57701.19921875,57636.1484375,57661.94921875,0.0
2026-07-15 13:35:00+0530,57659.69921875,57696.75,57654.25,57662.55078125,0.0
2026-07-15 13:40:00+0530,57666.19921875,57676.6484375,57621.6484375,57674.05078125,0.0
2026-07-15 13:45:00+0530,57676.6015625,57720.30078125,57643.69921875,57696.8515625,0.0
2026-07-15 13:50:00+0530,57701.5,57715.19921875,57598.5,57624.8984375,0.0
2026-07-15 13:55:00+0530,57626.3515625,57707.25,57613.5,57694.75,0.0
2026-07-15 14:00:00+0530,57697.25,57711.0,57673.75,57692.8984375,0.0
2026-07-15 14:05:00+0530,57693.05078125,57758.1015625,57662.05078125,57729.69921875,0.0
2026-07-15 14:10:00+0530,57727.55078125,57734.1484375,57694.25,57721.1015625,0.0
2026-07-15 14:15:00+0530,57723.75,57754.69921875,57650.80078125,57685.19921875,0.0
2026-07-15 14:20:00+0530,57686.75,57698.25,57639.19921875,57650.8984375,0.0
2026-07-15 14:25:00+0530,57650.80078125,57668.69921875,57622.44921875,57655.6015625,0.0
2026-07-15 14:30:00+0530,57653.55078125,57696.6015625,57645.1015625,57665.69921875,0.0
2026-07-15 14:35:00+0530,57666.3984375,57758.30078125,57663.3515625,57750.6484375,0.0
2026-07-15 14:40:00+0530,57750.3515625,57753.75,57709.30078125,57735.6484375,0.0
2026-07-15 14:45:00+0530,57731.1484375,57774.94921875,57703.55078125,57707.5,0.0
2026-07-15 14:50:00+0530,57708.94921875,57713.0,57680.1015625,57701.1015625,0.0
2026-07-15 14:55:00+0530,57700.3984375,57707.3984375,57641.44921875,57646.1015625,0.0
2026-07-15 15:00:00+0530,57645.80078125,57732.80078125,57625.1015625,57711.6484375,0.0
2026-07-15 15:05:00+0530,57708.6015625,57765.69921875,57694.25,57750.30078125,0.0
2026-07-15 15:10:00+0530,57750.94921875,57779.1015625,57746.6484375,57774.0,0.0
2026-07-15 15:15:00+0530,57772.30078125,57785.25,57750.1015625,57784.3515625,0.0
2026-07-15 15:20:00+0530,57782.1484375,57810.8515625,57764.75,57786.1484375,0.0
2026-07-15 15:25:00+0530,57785.80078125,57808.0,57716.05078125,57719.1015625,0.0
2026-07-16 09:15:00+0530,57879.3515625,57895.0,57740.55078125,57754.5,0.0
2026-07-16 09:20:00+0530,57753.94921875,57771.1015625,57671.69921875,57687.30078125,0.0
2026-07-16 09:25:00+0530,57692.05078125,57705.1484375,57645.55078125,57670.80078125,0.0
2026-07-16 09:30:00+0530,57672.3984375,57711.5,57667.0,57688.55078125,0.0
2026-07-16 09:35:00+0530,57685.19921875,57721.6015625,57637.19921875,57650.44921875,0.0
2026-07-16 09:40:00+0530,57651.6015625,57722.6015625,57647.25,57721.44921875,0.0
2026-07-16 09:45:00+0530,57726.69921875,57736.30078125,57675.3515625,57683.8984375,0.0
2026-07-16 09:50:00+0530,57686.3515625,57695.05078125,57658.8515625,57680.6484375,0.0
2026-07-16 09:55:00+0530,57680.44921875,57719.05078125,57676.55078125,57681.75,0.0
2026-07-16 10:00:00+0530,57682.3515625,57683.44921875,57643.3984375,57646.5,0.0
2026-07-16 10:05:00+0530,57646.5,57701.30078125,57624.05078125,57687.8515625,0.0
2026-07-16 10:10:00+0530,57694.94921875,57701.1015625,57658.5,57658.5,0.0
2026-07-16 10:15:00+0530,57664.44921875,57708.3515625,57654.3984375,57679.1484375,0.0
2026-07-16 10:20:00+0530,57680.1484375,57691.44921875,57650.3515625,57659.6484375,0.0
2026-07-16 10:25:00+0530,57661.05078125,57662.1484375,57579.44921875,57622.8515625,0.0
2026-07-16 10:30:00+0530,57624.25,57625.8515625,57564.19921875,57579.69921875,0.0
2026-07-16 10:35:00+0530,57583.69921875,57609.1484375,57568.8515625,57587.05078125,0.0
2026-07-16 10:40:00+0530,57590.30078125,57652.69921875,57576.75,57652.69921875,0.0
2026-07-16 10:45:00+0530,57652.55078125,57719.3984375,57646.55078125,57692.05078125,0.0
2026-07-16 10:50:00+0530,57692.5,57715.94921875,57674.8515625,57706.94921875,0.0
2026-07-16 10:55:00+0530,57705.75,57786.0,57705.75,57785.8515625,0.0
2026-07-16 11:00:00+0530,57798.6484375,57839.75,57779.1015625,57782.0,0.0
2026-07-16 11:05:00+0530,57787.5,57787.5,57708.19921875,57734.69921875,0.0
2026-07-16 11:10:00+0530,57734.3984375,57748.75,57694.6015625,57701.8515625,0.0
2026-07-16 11:15:00+0530,57703.6484375,57729.55078125,57657.69921875,57675.8984375,0.0
2026-07-16 11:20:00+0530,57675.3984375,57705.3515625,57667.94921875,57680.30078125,0.0
2026-07-16 11:25:00+0530,57667.0,57673.25,57651.69921875,57662.80078125,0.0
2026-07-16 11:30:00+0530,57671.0,57715.94921875,57654.3515625,57692.8515625,0.0
2026-07-16 11:35:00+0530,57696.5,57719.25,57646.05078125,57694.6015625,0.0
2026-07-16 11:40:00+0530,57695.0,57700.1484375,57637.1484375,57646.0,0.0
2026-07-16 11:45:00+0530,57648.05078125,57676.05078125,57639.1484375,57639.55078125,0.0
2026-07-16 11:50:00+0530,57643.3984375,57655.3984375,57605.5,57632.0,0.0
2026-07-16 11:55:00+0530,57634.25,57643.8984375,57616.1484375,57627.55078125,0.0
2026-07-16 12:00:00+0530,57627.55078125,57634.19921875,57575.75,57589.44921875,0.0
2026-07-16 12:05:00+0530,57589.44921875,57632.6484375,57587.80078125,57605.30078125,0.0
2026-07-16 12:10:00+0530,57607.25,57629.19921875,57599.1484375,57612.55078125,0.0
2026-07-16 12:15:00+0530,57618.80078125,57628.69921875,57587.94921875,57611.69921875,0.0
2026-07-16 12:20:00+0530,57613.0,57633.0,57594.0,57619.8515625,0.0
2026-07-16 12:25:00+0530,57620.55078125,57704.44921875,57620.55078125,57696.44921875,0.0
2026-07-16 12:30:00+0530,57696.30078125,57697.94921875,57633.3984375,57654.3984375,0.0
2026-07-16 12:35:00+0530,57655.94921875,57665.69921875,57620.8984375,57635.8515625,0.0
2026-07-16 12:40:00+0530,57632.3984375,57637.5,57565.5,57592.5,0.0
2026-07-16 12:45:00+0530,57593.6015625,57613.55078125,57586.8984375,57599.75,0.0
2026-07-16 12:50:00+0530,57599.3515625,57614.44921875,57569.3984375,57584.30078125,0.0
2026-07-16 12:55:00+0530,57585.30078125,57598.80078125,57575.1484375,57591.5,0.0
2026-07-16 13:00:00+0530,57591.69921875,57602.19921875,57563.6484375,57597.3984375,0.0
2026-07-16 13:05:00+0530,57601.5,57610.8984375,57579.6015625,57592.1484375,0.0
2026-07-16 13:10:00+0530,57591.94921875,57599.3984375,57571.8984375,57574.3984375,0.0
2026-07-16 13:15:00+0530,57573.55078125,57580.1015625,57544.55078125,57556.44921875,0.0
2026-07-16 13:20:00+0530,57560.94921875,57584.8515625,57543.3984375,57551.69921875,0.0
2026-07-16 13:25:00+0530,57552.1484375,57552.1484375,57514.3984375,57546.75,0.0
2026-07-16 13:30:00+0530,57544.69921875,57546.6015625,57496.05078125,57507.55078125,0.0
2026-07-16 13:35:00+0530,57509.5,57514.69921875,57435.0,57458.1484375,0.0
2026-07-16 13:40:00+0530,57458.1484375,57466.25,57420.1484375,57422.6484375,0.0
2026-07-16 13:45:00+0530,57428.0,57481.75,57421.19921875,57454.0,0.0
2026-07-16 13:50:00+0530,57455.1015625,57507.94921875,57455.1015625,57486.69921875,0.0
2026-07-16 13:55:00+0530,57486.0,57551.6484375,57484.55078125,57546.1484375,0.0
2026-07-16 14:00:00+0530,57543.80078125,57577.44921875,57528.6484375,57558.8984375,0.0
2026-07-16 14:05:00+0530,57558.8984375,57572.75,57516.8515625,57529.3984375,0.0
2026-07-16 14:10:00+0530,57532.8984375,57545.8984375,57513.1484375,57520.05078125,0.0
2026-07-16 14:15:00+0530,57525.3515625,57569.5,57514.8984375,57549.69921875,0.0
2026-07-16 14:20:00+0530,57547.3984375,57554.05078125,57488.1015625,57497.6484375,0.0
2026-07-16 14:25:00+0530,57498.19921875,57514.75,57473.8984375,57495.3515625,0.0
2026-07-16 14:30:00+0530,57504.80078125,57550.0,57495.19921875,57528.3515625,0.0
2026-07-16 14:35:00+0530,57527.19921875,57540.8515625,57512.0,57540.3984375,0.0
2026-07-16 14:40:00+0530,57538.6484375,57559.94921875,57499.3515625,57543.3984375,0.0
2026-07-16 14:45:00+0530,57546.55078125,57553.3515625,57520.75,57530.8515625,0.0
2026-07-16 14:50:00+0530,57535.69921875,57555.75,57525.1015625,57546.55078125,0.0
2026-07-16 14:55:00+0530,57552.80078125,57633.8515625,57547.94921875,57608.44921875,0.0
2026-07-16 15:00:00+0530,57605.8984375,57661.3515625,57553.1015625,57565.3515625,0.0
2026-07-16 15:05:00+0530,57562.6484375,57622.75,57561.0,57599.44921875,0.0
2026-07-16 15:10:00+0530,57595.8515625,57613.25,57575.1015625,57590.1484375,0.0
2026-07-16 15:15:00+0530,57588.75,57606.19921875,57564.44921875,57580.44921875,0.0
2026-07-16 15:20:00+0530,57577.69921875,57585.1015625,57553.1484375,57564.1484375,0.0
2026-07-16 15:25:00+0530,57564.3984375,57629.6015625,57547.44921875,57602.0,0.0
2026-07-17 09:15:00+0530,57666.75,57805.55078125,57548.80078125,57794.05078125,0.0
2026-07-17 09:20:00+0530,57788.8984375,57818.0,57749.19921875,57800.3984375,0.0
2026-07-17 09:25:00+0530,57797.5,57831.1015625,57778.3984375,57829.44921875,0.0
2026-07-17 09:30:00+0530,57825.0,57921.19921875,57820.30078125,57895.8984375,0.0
2026-07-17 09:35:00+0530,57897.6015625,57919.3984375,57864.3984375,57906.69921875,0.0
2026-07-17 09:40:00+0530,57908.3984375,57931.6015625,57888.3515625,57912.0,0.0
2026-07-17 09:45:00+0530,57911.80078125,57964.1015625,57911.80078125,57929.5,0.0
2026-07-17 09:50:00+0530,57930.8515625,57936.55078125,57895.1484375,57926.0,0.0
2026-07-17 09:55:00+0530,57926.0,57946.25,57842.1484375,57934.69921875,0.0
2026-07-17 10:00:00+0530,57938.0,57953.55078125,57890.94921875,57910.55078125,0.0
2026-07-17 10:05:00+0530,57911.25,57949.94921875,57882.55078125,57940.1015625,0.0
2026-07-17 10:10:00+0530,57940.1015625,58000.5,57918.3515625,57966.3984375,0.0
2026-07-17 10:15:00+0530,57967.6484375,58089.3515625,57953.6015625,58083.8984375,0.0
2026-07-17 10:20:00+0530,58082.19921875,58085.6015625,58039.05078125,58051.80078125,0.0
2026-07-17 10:25:00+0530,58051.6484375,58139.80078125,58047.8515625,58127.30078125,0.0
2026-07-17 10:30:00+0530,58127.6484375,58184.69921875,58093.3984375,58176.44921875,0.0
2026-07-17 10:35:00+0530,58181.25,58184.25,58088.3515625,58097.3984375,0.0
2026-07-17 10:40:00+0530,58098.5,58119.80078125,58036.44921875,58075.30078125,0.0
2026-07-17 10:45:00+0530,58072.3515625,58078.69921875,58031.0,58054.19921875,0.0
2026-07-17 10:50:00+0530,58055.44921875,58126.1015625,58049.1484375,58120.25,0.0
2026-07-17 10:55:00+0530,58115.69921875,58139.69921875,58088.30078125,58103.94921875,0.0
2026-07-17 11:00:00+0530,58104.0,58129.6484375,58063.0,58085.44921875,0.0
2026-07-17 11:05:00+0530,58086.0,58099.94921875,58035.1015625,58047.6015625,0.0
2026-07-17 11:10:00+0530,58046.3984375,58075.1015625,58036.30078125,58062.6015625,0.0
2026-07-17 11:15:00+0530,58061.5,58083.30078125,58042.1015625,58065.80078125,0.0
2026-07-17 11:20:00+0530,58069.75,58101.25,58052.55078125,58077.44921875,0.0
2026-07-17 11:25:00+0530,58081.75,58082.69921875,58045.94921875,58059.1484375,0.0
2026-07-17 11:30:00+0530,58059.1484375,58090.3984375,58049.94921875,58080.3515625,0.0
2026-07-17 11:35:00+0530,58080.19921875,58099.8984375,58032.3515625,58063.0,0.0
2026-07-17 11:40:00+0530,58063.80078125,58082.25,58049.25,58071.25,0.0
2026-07-17 11:45:00+0530,58073.1484375,58102.8515625,58072.44921875,58095.44921875,0.0
2026-07-17 11:50:00+0530,58096.1015625,58123.3515625,58094.5,58112.1484375,0.0
2026-07-17 11:55:00+0530,58112.75,58137.5,58098.8984375,58107.3984375,0.0
2026-07-17 12:00:00+0530,58107.6484375,58122.6484375,58079.69921875,58098.8515625,0.0
2026-07-17 12:05:00+0530,58101.30078125,58107.25,58048.19921875,58083.25,0.0
2026-07-17 12:10:00+0530,58085.8515625,58110.6015625,58074.30078125,58104.05078125,0.0
2026-07-17 12:15:00+0530,58103.80078125,58131.3984375,58080.30078125,58099.6484375,0.0
2026-07-17 12:20:00+0530,58102.44921875,58121.3984375,58072.69921875,58109.05078125,0.0
2026-07-17 12:25:00+0530,58108.3515625,58135.3984375,58104.8515625,58118.3515625,0.0
2026-07-17 12:30:00+0530,58118.3515625,58120.1484375,58075.75,58099.6015625,0.0
2026-07-17 12:35:00+0530,58103.1484375,58103.1484375,58073.80078125,58080.30078125,0.0
2026-07-17 12:40:00+0530,58081.1015625,58107.1484375,58068.1484375,58083.8515625,0.0
2026-07-17 12:45:00+0530,58084.1015625,58145.80078125,58082.19921875,58142.55078125,0.0
2026-07-17 12:50:00+0530,58143.69921875,58147.19921875,58065.30078125,58072.0,0.0
2026-07-17 12:55:00+0530,58071.55078125,58116.6015625,58066.94921875,58113.6015625,0.0
2026-07-17 13:00:00+0530,58113.6015625,58128.5,58083.44921875,58087.80078125,0.0
2026-07-17 13:05:00+0530,58088.19921875,58111.3984375,58076.1484375,58089.0,0.0
2026-07-17 13:10:00+0530,58089.0,58121.05078125,58078.69921875,58109.44921875,0.0
2026-07-17 13:15:00+0530,58104.75,58117.44921875,58075.8515625,58083.55078125,0.0
2026-07-17 13:20:00+0530,58086.5,58099.25,58032.3984375,58037.6484375,0.0
2026-07-17 13:25:00+0530,58035.8515625,58063.6015625,58025.55078125,58057.3984375,0.0
2026-07-17 13:30:00+0530,58055.3984375,58072.6015625,57916.1015625,58010.05078125,0.0
2026-07-17 13:35:00+0530,58011.8515625,58102.69921875,58011.8515625,58049.5,0.0
2026-07-17 13:40:00+0530,58043.94921875,58047.80078125,57918.94921875,57995.69921875,0.0
2026-07-17 13:45:00+0530,57994.6015625,58021.25,57955.6484375,57986.55078125,0.0
2026-07-17 13:50:00+0530,57985.30078125,58062.3984375,57940.6484375,58045.75,0.0
2026-07-17 13:55:00+0530,58046.80078125,58108.69921875,58032.30078125,58105.8515625,0.0
2026-07-17 14:00:00+0530,58097.8515625,58099.3984375,58051.1015625,58089.75,0.0
2026-07-17 14:05:00+0530,58090.3984375,58101.3984375,58062.3515625,58090.3515625,0.0
2026-07-17 14:10:00+0530,58090.3984375,58233.1015625,58089.1484375,58223.80078125,0.0
2026-07-17 14:15:00+0530,58221.25,58515.1015625,58221.25,58340.94921875,0.0
2026-07-17 14:20:00+0530,58339.3515625,58391.25,58294.1015625,58356.6015625,0.0
2026-07-17 14:25:00+0530,58358.1015625,58476.5,58348.3984375,58394.55078125,0.0
2026-07-17 14:30:00+0530,58393.80078125,58452.80078125,58392.5,58407.75,0.0
2026-07-17 14:35:00+0530,58411.3515625,58433.1484375,58368.25,58427.69921875,0.0
2026-07-17 14:40:00+0530,58427.94921875,58468.19921875,58410.25,58452.3984375,0.0
2026-07-17 14:45:00+0530,58449.44921875,58478.69921875,58412.19921875,58461.19921875,0.0
2026-07-17 14:50:00+0530,58460.80078125,58487.19921875,58440.44921875,58462.8515625,0.0
2026-07-17 14:55:00+0530,58461.55078125,58498.25,58453.3515625,58489.6015625,0.0
2026-07-17 15:00:00+0530,58487.94921875,58525.5,58441.5,58443.1484375,0.0
2026-07-17 15:05:00+0530,58445.25,58506.3515625,58444.25,58480.8515625,0.0
2026-07-17 15:10:00+0530,58480.5,58529.44921875,58473.5,58481.1484375,0.0
2026-07-17 15:15:00+0530,58477.44921875,58541.5,58451.8515625,58538.69921875,0.0
2026-07-17 15:20:00+0530,58532.19921875,58589.19921875,58525.44921875,58586.3515625,0.0
2026-07-17 15:25:00+0530,58583.75,58593.8984375,58538.8984375,58576.0,0.0
2026-07-20 09:15:00+0530,57643.55078125,57956.0,57643.55078125,57843.0,0.0
2026-07-20 09:20:00+0530,57830.25,57832.5,57724.75,57796.8515625,0.0
2026-07-20 09:25:00+0530,57793.75,57801.69921875,57643.5,57671.69921875,0.0
2026-07-20 09:30:00+0530,57675.3515625,57685.6015625,57610.6015625,57622.80078125,0.0
2026-07-20 09:35:00+0530,57619.30078125,57687.1484375,57581.55078125,57582.19921875,0.0
2026-07-20 09:40:00+0530,57583.0,57620.69921875,57562.80078125,57590.80078125,0.0
2026-07-20 09:45:00+0530,57587.8984375,57624.30078125,57562.55078125,57576.94921875,0.0
2026-07-20 09:50:00+0530,57574.8515625,57619.1484375,57559.94921875,57619.1484375,0.0
2026-07-20 09:55:00+0530,57614.1484375,57679.8984375,57602.8984375,57651.94921875,0.0
2026-07-20 10:00:00+0530,57652.5,57702.19921875,57618.19921875,57681.5,0.0
2026-07-20 10:05:00+0530,57680.30078125,57708.69921875,57658.44921875,57687.8515625,0.0
2026-07-20 10:10:00+0530,57690.55078125,57715.69921875,57676.1015625,57697.6015625,0.0
2026-07-20 10:15:00+0530,57696.80078125,57805.19921875,57685.8515625,57796.55078125,0.0
2026-07-20 10:20:00+0530,57797.8984375,57830.19921875,57741.30078125,57768.6015625,0.0
2026-07-20 10:25:00+0530,57768.1484375,57833.80078125,57758.25,57795.80078125,0.0
2026-07-20 10:30:00+0530,57794.44921875,57837.94921875,57738.25,57742.1484375,0.0
2026-07-20 10:35:00+0530,57743.0,57792.3515625,57734.05078125,57774.55078125,0.0
2026-07-20 10:40:00+0530,57775.1484375,57799.75,57748.3515625,57762.69921875,0.0
2026-07-20 10:45:00+0530,57762.30078125,57770.80078125,57749.3515625,57769.6015625,0.0
2026-07-20 10:50:00+0530,57771.1484375,57789.94921875,57689.8515625,57692.05078125,0.0
2026-07-20 10:55:00+0530,57691.8984375,57713.0,57666.6484375,57686.44921875,0.0
2026-07-20 11:00:00+0530,57686.44921875,57708.80078125,57665.94921875,57682.19921875,0.0
2026-07-20 11:05:00+0530,57682.55078125,57756.1484375,57659.80078125,57741.5,0.0
2026-07-20 11:10:00+0530,57740.80078125,57749.8984375,57665.25,57669.19921875,0.0
2026-07-20 11:15:00+0530,57669.69921875,57695.1015625,57643.3984375,57656.55078125,0.0
2026-07-20 11:20:00+0530,57658.25,57697.1015625,57651.25,57683.0,0.0
2026-07-20 11:25:00+0530,57685.1484375,57712.25,57677.1484375,57690.3515625,0.0
2026-07-20 11:30:00+0530,57690.55078125,57694.0,57647.25,57667.6484375,0.0
2026-07-20 11:35:00+0530,57666.30078125,57671.19921875,57640.94921875,57650.6015625,0.0
2026-07-20 11:40:00+0530,57650.6015625,57672.55078125,57643.3515625,57659.5,0.0
2026-07-20 11:45:00+0530,57659.05078125,57666.05078125,57636.1015625,57647.25,0.0
2026-07-20 11:50:00+0530,57647.5,57678.44921875,57635.55078125,57640.55078125,0.0
2026-07-20 11:55:00+0530,57639.05078125,57676.80078125,57633.05078125,57664.19921875,0.0
2026-07-20 12:00:00+0530,57664.19921875,57679.3984375,57648.6484375,57668.8984375,0.0
2026-07-20 12:05:00+0530,57668.8984375,57687.69921875,57632.3984375,57640.3984375,0.0
2026-07-20 12:10:00+0530,57640.69921875,57692.30078125,57632.55078125,57673.25,0.0
2026-07-20 12:15:00+0530,57673.44921875,57702.25,57658.6015625,57694.05078125,0.0
2026-07-20 12:20:00+0530,57690.25,57714.1484375,57646.05078125,57650.80078125,0.0
2026-07-20 12:25:00+0530,57651.3984375,57675.25,57632.8515625,57660.05078125,0.0
2026-07-20 12:30:00+0530,57662.75,57696.1484375,57658.30078125,57665.3515625,0.0
2026-07-20 12:35:00+0530,57667.19921875,57676.1484375,57608.55078125,57624.55078125,0.0
2026-07-20 12:40:00+0530,57624.75,57649.6484375,57595.75,57600.44921875,0.0
2026-07-20 12:45:00+0530,57601.3984375,57617.25,57533.1015625,57567.5,0.0
2026-07-20 12:50:00+0530,57568.8984375,57649.0,57567.44921875,57644.6015625,0.0
2026-07-20 12:55:00+0530,57643.8984375,57692.6015625,57634.80078125,57681.1484375,0.0
2026-07-20 13:00:00+0530,57678.80078125,57697.75,57662.19921875,57686.3984375,0.0
2026-07-20 13:05:00+0530,57689.69921875,57723.0,57676.8515625,57711.25,0.0
2026-07-20 13:10:00+0530,57710.3515625,57785.80078125,57683.30078125,57785.80078125,0.0
2026-07-20 13:15:00+0530,57784.05078125,57815.6015625,57757.05078125,57805.1015625,0.0
2026-07-20 13:20:00+0530,57808.75,57880.3984375,57797.55078125,57869.05078125,0.0
2026-07-20 13:25:00+0530,57868.1484375,57875.5,57828.5,57867.1484375,0.0
2026-07-20 13:30:00+0530,57864.80078125,57885.6484375,57847.1484375,57849.1015625,0.0
2026-07-20 13:35:00+0530,57845.19921875,57878.05078125,57841.8515625,57876.80078125,0.0
2026-07-20 13:40:00+0530,57877.19921875,57877.55078125,57845.05078125,57852.44921875,0.0
2026-07-20 13:45:00+0530,57847.69921875,57923.3984375,57845.05078125,57904.05078125,0.0
2026-07-20 13:50:00+0530,57904.75,57911.55078125,57868.0,57895.3984375,0.0
2026-07-20 13:55:00+0530,57897.6484375,57978.55078125,57896.44921875,57973.94921875,0.0
2026-07-20 14:00:00+0530,57971.44921875,57985.3515625,57951.6484375,57983.3984375,0.0
2026-07-20 14:05:00+0530,57980.44921875,58036.75,57974.8984375,58018.25,0.0
2026-07-20 14:10:00+0530,58016.44921875,58107.55078125,58016.1015625,58072.6015625,0.0
2026-07-20 14:15:00+0530,58068.30078125,58075.75,58002.3984375,58041.44921875,0.0
2026-07-20 14:20:00+0530,58041.8984375,58054.6015625,58027.05078125,58048.55078125,0.0
2026-07-20 14:25:00+0530,58048.55078125,58081.1484375,58036.30078125,58059.6015625,0.0
2026-07-20 14:30:00+0530,58058.8984375,58066.80078125,58024.8984375,58025.1015625,0.0
2026-07-20 14:35:00+0530,58027.55078125,58031.6484375,57975.75,57982.55078125,0.0
2026-07-20 14:40:00+0530,57981.80078125,58009.3984375,57959.55078125,57972.6015625,0.0
2026-07-20 14:45:00+0530,57970.30078125,57987.0,57953.05078125,57958.25,0.0
2026-07-20 14:50:00+0530,57957.3984375,57981.3515625,57953.55078125,57959.94921875,0.0
2026-07-20 14:55:00+0530,57961.55078125,57964.6015625,57934.44921875,57940.44921875,0.0
2026-07-20 15:00:00+0530,57940.3984375,57963.75,57925.30078125,57931.94921875,0.0
2026-07-20 15:05:00+0530,57927.8515625,57953.0,57906.25,57946.3515625,0.0
2026-07-20 15:10:00+0530,57946.30078125,57966.3984375,57940.05078125,57953.3515625,0.0
2026-07-20 15:15:00+0530,57955.19921875,57970.25,57921.94921875,57950.94921875,0.0
2026-07-20 15:20:00+0530,57956.75,57972.0,57936.6484375,57962.75,0.0
2026-07-20 15:25:00+0530,57966.6015625,57975.3515625,57950.8515625,57975.3515625,0.0
2026-07-21 09:15:00+0530,57846.6484375,58226.6015625,57836.19921875,58211.94921875,0.0
2026-07-21 09:20:00+0530,58214.5,58214.5,58084.3515625,58093.30078125,0.0
2026-07-21 09:25:00+0530,58097.19921875,58119.5,58032.3984375,58069.5,0.0
2026-07-21 09:30:00+0530,58070.44921875,58092.0,58022.94921875,58044.1015625,0.0
2026-07-21 09:35:00+0530,58046.75,58051.75,57986.1015625,58009.05078125,0.0
2026-07-21 09:40:00+0530,58011.0,58046.1484375,57999.05078125,58025.1484375,0.0
2026-07-21 09:45:00+0530,58024.19921875,58028.94921875,57969.1484375,57978.1484375,0.0
2026-07-21 09:50:00+0530,57984.75,58013.5,57946.44921875,57974.75,0.0
2026-07-21 09:55:00+0530,57970.69921875,58012.55078125,57936.75,57990.6015625,0.0
2026-07-21 10:00:00+0530,57992.1484375,58000.6484375,57912.55078125,57940.0,0.0
2026-07-21 10:05:00+0530,57942.8515625,58026.30078125,57934.30078125,58019.25,0.0
2026-07-21 10:10:00+0530,58017.0,58026.6015625,57972.55078125,57980.8515625,0.0
2026-07-21 10:15:00+0530,57987.55078125,57988.3984375,57943.30078125,57958.05078125,0.0
2026-07-21 10:20:00+0530,57958.19921875,57983.75,57937.25,57945.19921875,0.0
2026-07-21 10:25:00+0530,57946.75,57987.0,57935.05078125,57981.80078125,0.0
2026-07-21 10:30:00+0530,57988.1484375,58006.69921875,57941.1015625,57953.05078125,0.0
2026-07-21 10:35:00+0530,57956.44921875,57961.5,57893.5,57909.30078125,0.0
2026-07-21 10:40:00+0530,57909.94921875,57962.05078125,57896.0,57949.3984375,0.0
2026-07-21 10:45:00+0530,57940.44921875,57952.25,57902.05078125,57916.8984375,0.0
2026-07-21 10:50:00+0530,57918.80078125,57922.1015625,57870.3515625,57875.1015625,0.0
2026-07-21 10:55:00+0530,57879.94921875,57922.30078125,57867.1484375,57875.19921875,0.0
2026-07-21 11:00:00+0530,57876.44921875,57957.75,57848.8515625,57943.30078125,0.0
2026-07-21 11:05:00+0530,57949.05078125,57960.25,57910.3984375,57911.69921875,0.0
2026-07-21 11:10:00+0530,57908.3515625,57946.0,57905.94921875,57917.80078125,0.0
2026-07-21 11:15:00+0530,57916.8984375,57936.3515625,57894.44921875,57910.94921875,0.0
2026-07-21 11:20:00+0530,57916.3984375,57924.1484375,57876.30078125,57918.94921875,0.0
2026-07-21 11:25:00+0530,57921.05078125,57940.80078125,57885.55078125,57904.5,0.0
2026-07-21 11:30:00+0530,57902.94921875,57942.3515625,57892.1484375,57923.1015625,0.0
2026-07-21 11:35:00+0530,57924.80078125,57932.80078125,57864.94921875,57867.3515625,0.0
2026-07-21 11:40:00+0530,57870.1015625,57886.80078125,57849.8984375,57861.19921875,0.0
2026-07-21 11:45:00+0530,57862.30078125,57863.55078125,57835.44921875,57859.80078125,0.0
2026-07-21 11:50:00+0530,57859.25,57863.6484375,57831.0,57850.30078125,0.0
2026-07-21 11:55:00+0530,57851.69921875,57875.6015625,57840.30078125,57862.1015625,0.0
2026-07-21 12:00:00+0530,57870.3984375,57907.05078125,57862.05078125,57900.6484375,0.0
2026-07-21 12:05:00+0530,57903.44921875,57913.69921875,57882.44921875,57886.1015625,0.0
2026-07-21 12:10:00+0530,57887.25,57908.6015625,57879.05078125,57886.3515625,0.0
2026-07-21 12:15:00+0530,57887.19921875,57911.69921875,57873.6015625,57903.44921875,0.0
2026-07-21 12:20:00+0530,57902.3515625,57938.80078125,57901.44921875,57915.69921875,0.0
2026-07-21 12:25:00+0530,57916.1484375,57931.19921875,57899.75,57923.1484375,0.0
2026-07-21 12:30:00+0530,57925.1015625,57976.8515625,57918.80078125,57951.1484375,0.0
2026-07-21 12:35:00+0530,57959.3515625,57984.0,57941.6015625,57951.30078125,0.0
2026-07-21 12:40:00+0530,57950.6015625,57954.25,57889.3984375,57921.8984375,0.0
2026-07-21 12:45:00+0530,57930.3984375,57931.30078125,57890.1484375,57903.6484375,0.0
2026-07-21 12:50:00+0530,57902.94921875,57903.6484375,57863.80078125,57886.94921875,0.0
2026-07-21 12:55:00+0530,57891.6484375,57904.25,57845.1015625,57852.1015625,0.0
2026-07-21 13:00:00+0530,57851.19921875,57879.44921875,57830.55078125,57852.1484375,0.0
2026-07-21 13:05:00+0530,57849.75,57890.1015625,57842.5,57884.44921875,0.0
2026-07-21 13:10:00+0530,57888.25,57911.44921875,57881.6015625,57891.6015625,0.0
2026-07-21 13:15:00+0530,57892.25,57905.69921875,57882.44921875,57898.69921875,0.0
2026-07-21 13:20:00+0530,57903.44921875,57940.3515625,57888.5,57918.69921875,0.0
2026-07-21 13:25:00+0530,57918.69921875,57930.69921875,57898.75,57921.8515625,0.0
2026-07-21 13:30:00+0530,57919.75,57932.6484375,57912.5,57932.05078125,0.0
2026-07-21 13:35:00+0530,57933.55078125,57950.0,57925.69921875,57941.0,0.0
2026-07-21 13:40:00+0530,57944.5,57948.55078125,57892.05078125,57913.80078125,0.0
2026-07-21 13:45:00+0530,57915.80078125,57916.8984375,57872.8515625,57903.3515625,0.0
2026-07-21 13:50:00+0530,57910.75,57934.5,57890.3515625,57913.6484375,0.0
2026-07-21 13:55:00+0530,57913.05078125,57918.30078125,57861.1484375,57872.0,0.0
2026-07-21 14:00:00+0530,57873.1015625,57925.75,57872.8515625,57915.0,0.0
2026-07-21 14:05:00+0530,57916.1484375,57926.05078125,57876.1484375,57879.3984375,0.0
2026-07-21 14:10:00+0530,57881.69921875,57885.19921875,57859.8984375,57866.25,0.0
2026-07-21 14:15:00+0530,57865.55078125,57914.80078125,57824.1015625,57908.25,0.0
2026-07-21 14:20:00+0530,57913.6015625,57917.3515625,57877.69921875,57892.1015625,0.0
2026-07-21 14:25:00+0530,57893.25,57893.44921875,57858.75,57858.75,0.0
2026-07-21 14:30:00+0530,57863.3515625,57880.6484375,57844.6015625,57853.3984375,0.0
2026-07-21 14:35:00+0530,57854.8984375,57873.0,57816.6015625,57822.6484375,0.0
2026-07-21 14:40:00+0530,57822.8984375,57849.3984375,57814.05078125,57838.8515625,0.0
2026-07-21 14:45:00+0530,57841.8984375,57861.19921875,57817.55078125,57855.5,0.0
2026-07-21 14:50:00+0530,57857.05078125,57859.6015625,57809.44921875,57837.94921875,0.0
2026-07-21 14:55:00+0530,57838.55078125,57877.69921875,57827.55078125,57851.1484375,0.0
2026-07-21 15:00:00+0530,57854.44921875,57890.25,57840.5,57844.6015625,0.0
2026-07-21 15:05:00+0530,57845.8984375,57863.8515625,57830.44921875,57833.5,0.0
2026-07-21 15:10:00+0530,57835.19921875,57848.69921875,57807.75,57814.8515625,0.0
2026-07-21 15:15:00+0530,57816.80078125,57838.69921875,57804.94921875,57820.05078125,0.0
2026-07-21 15:20:00+0530,57823.0,57849.05078125,57817.55078125,57825.3984375,0.0
2026-07-21 15:25:00+0530,57827.75,57853.55078125,57813.05078125,57817.6015625,0.0
2026-07-22 09:15:00+0530,57762.6015625,57784.44921875,57461.05078125,57474.75,0.0
2026-07-22 09:20:00+0530,57481.3984375,57503.1484375,57425.3515625,57456.19921875,0.0
2026-07-22 09:25:00+0530,57457.30078125,57458.1484375,57333.1015625,57334.8984375,0.0
2026-07-22 09:30:00+0530,57334.30078125,57351.0,57265.25,57296.3515625,0.0
2026-07-22 09:35:00+0530,57296.30078125,57305.44921875,57253.75,57285.8515625,0.0
2026-07-22 09:40:00+0530,57289.30078125,57350.0,57270.1484375,57327.6484375,0.0
2026-07-22 09:45:00+0530,57332.3984375,57335.0,57253.80078125,57292.30078125,0.0
2026-07-22 09:50:00+0530,57295.6484375,57338.25,57288.75,57326.3984375,0.0
2026-07-22 09:55:00+0530,57324.44921875,57325.44921875,57269.30078125,57286.1015625,0.0
2026-07-22 10:00:00+0530,57285.0,57335.3984375,57262.19921875,57322.3515625,0.0
2026-07-22 10:05:00+0530,57326.3515625,57394.30078125,57308.94921875,57389.19921875,0.0
2026-07-22 10:10:00+0530,57393.25,57393.8984375,57315.55078125,57320.3984375,0.0
2026-07-22 10:15:00+0530,57325.75,57346.69921875,57294.19921875,57340.05078125,0.0
2026-07-22 10:20:00+0530,57339.1015625,57351.80078125,57272.3984375,57277.5,0.0
2026-07-22 10:25:00+0530,57277.80078125,57286.8984375,57188.8984375,57256.8984375,0.0
2026-07-22 10:30:00+0530,57258.55078125,57275.75,57215.1015625,57253.75,0.0
2026-07-22 10:35:00+0530,57255.19921875,57281.55078125,57227.5,57233.8515625,0.0
2026-07-22 10:40:00+0530,57233.3984375,57237.05078125,57204.6484375,57222.1484375,0.0
2026-07-22 10:45:00+0530,57221.75,57256.69921875,57205.8984375,57232.0,0.0
2026-07-22 10:50:00+0530,57232.05078125,57258.05078125,57228.6015625,57234.55078125,0.0
2026-07-22 10:55:00+0530,57237.94921875,57265.75,57235.5,57259.05078125,0.0
2026-07-22 11:00:00+0530,57262.1484375,57279.6484375,57232.6484375,57271.5,0.0
2026-07-22 11:05:00+0530,57272.80078125,57276.1015625,57232.3515625,57260.05078125,0.0
2026-07-22 11:10:00+0530,57261.1484375,57265.8515625,57230.8984375,57232.6484375,0.0
2026-07-22 11:15:00+0530,57236.5,57273.0,57221.3515625,57265.05078125,0.0
2026-07-22 11:20:00+0530,57268.6015625,57323.94921875,57261.05078125,57307.0,0.0
2026-07-22 11:25:00+0530,57312.6015625,57327.0,57293.05078125,57301.3515625,0.0
2026-07-22 11:30:00+0530,57299.94921875,57309.19921875,57287.8984375,57306.6484375,0.0
2026-07-22 11:35:00+0530,57304.69921875,57307.69921875,57270.25,57292.6484375,0.0
2026-07-22 11:40:00+0530,57296.1484375,57297.3515625,57257.05078125,57267.44921875,0.0
2026-07-22 11:45:00+0530,57268.69921875,57282.8984375,57245.0,57246.55078125,0.0
2026-07-22 11:50:00+0530,57244.8984375,57262.25,57215.6484375,57215.80078125,0.0
2026-07-22 11:55:00+0530,57214.8984375,57218.94921875,57192.0,57193.3984375,0.0
2026-07-22 12:00:00+0530,57192.25,57199.44921875,57106.8984375,57125.05078125,0.0
2026-07-22 12:05:00+0530,57124.0,57148.30078125,57112.3984375,57117.05078125,0.0
2026-07-22 12:10:00+0530,57120.55078125,57131.80078125,57092.30078125,57092.30078125,0.0
2026-07-22 12:15:00+0530,57091.6015625,57109.1015625,57054.75,57056.05078125,0.0
2026-07-22 12:20:00+0530,57056.55078125,57116.30078125,57022.5,57111.8984375,0.0
2026-07-22 12:25:00+0530,57110.30078125,57119.69921875,57056.0,57058.30078125,0.0
2026-07-22 12:30:00+0530,57056.1015625,57060.0,57017.8515625,57029.25,0.0
2026-07-22 12:35:00+0530,57031.55078125,57031.75,56974.75,56981.8984375,0.0
2026-07-22 12:40:00+0530,56980.6015625,57070.94921875,56971.94921875,57068.19921875,0.0
2026-07-22 12:45:00+0530,57070.30078125,57134.69921875,57042.80078125,57133.55078125,0.0
2026-07-22 12:50:00+0530,57135.5,57156.44921875,57099.94921875,57121.8984375,0.0
2026-07-22 12:55:00+0530,57120.6015625,57133.1484375,57099.30078125,57099.30078125,0.0
2026-07-22 13:00:00+0530,57090.30078125,57090.69921875,57025.69921875,57030.3515625,0.0
2026-07-22 13:05:00+0530,57031.05078125,57071.80078125,57024.75,57062.44921875,0.0
2026-07-22 13:10:00+0530,57063.05078125,57085.6484375,57019.6015625,57052.1015625,0.0
2026-07-22 13:15:00+0530,57055.0,57089.8515625,57050.69921875,57074.55078125,0.0
2026-07-22 13:20:00+0530,57078.0,57102.6484375,57064.8984375,57092.5,0.0
2026-07-22 13:25:00+0530,57091.8984375,57098.69921875,57067.5,57087.6015625,0.0
2026-07-22 13:30:00+0530,57087.6015625,57115.30078125,57064.6015625,57111.6484375,0.0
2026-07-22 13:35:00+0530,57113.6015625,57164.05078125,57102.1015625,57121.3984375,0.0
2026-07-22 13:40:00+0530,57124.19921875,57126.44921875,57054.8515625,57096.69921875,0.0
2026-07-22 13:45:00+0530,57096.8515625,57104.75,57045.0,57048.1015625,0.0
2026-07-22 13:50:00+0530,57051.80078125,57072.55078125,57036.30078125,57039.25,0.0
2026-07-22 13:55:00+0530,57041.3515625,57062.55078125,57036.6484375,57036.6484375,0.0
2026-07-22 14:00:00+0530,57036.0,57059.0,57025.5,57035.6015625,0.0
2026-07-22 14:05:00+0530,57038.0,57053.30078125,57013.1015625,57025.19921875,0.0
2026-07-22 14:10:00+0530,57024.05078125,57029.1015625,56994.3515625,57022.3515625,0.0
2026-07-22 14:15:00+0530,57022.3515625,57078.25,57010.3515625,57070.94921875,0.0
2026-07-22 14:20:00+0530,57071.05078125,57084.6015625,57036.44921875,57054.0,0.0
2026-07-22 14:25:00+0530,57058.94921875,57067.44921875,57037.25,57042.6484375,0.0
2026-07-22 14:30:00+0530,57043.0,57068.25,57027.1484375,57061.1015625,0.0
2026-07-22 14:35:00+0530,57064.19921875,57118.0,57059.19921875,57074.44921875,0.0
2026-07-22 14:40:00+0530,57076.25,57085.5,57058.3515625,57073.3984375,0.0
2026-07-22 14:45:00+0530,57075.5,57099.19921875,57067.6015625,57088.0,0.0
2026-07-22 14:50:00+0530,57089.0,57123.5,57082.30078125,57104.25,0.0
2026-07-22 14:55:00+0530,57110.1484375,57111.0,57056.0,57077.8515625,0.0
2026-07-22 15:00:00+0530,57079.6015625,57102.25,57048.8984375,57067.25,0.0
2026-07-22 15:05:00+0530,57065.3515625,57138.1484375,57060.1484375,57126.8984375,0.0
2026-07-22 15:10:00+0530,57127.19921875,57175.1484375,57104.30078125,57158.1484375,0.0
2026-07-22 15:15:00+0530,57162.6015625,57178.8984375,57134.75,57149.05078125,0.0
2026-07-22 15:20:00+0530,57152.30078125,57169.30078125,57118.30078125,57132.05078125,0.0
2026-07-22 15:25:00+0530,57134.3984375,57157.55078125,57115.3984375,57122.1015625,0.0
2026-07-23 09:15:00+0530,56808.1015625,56812.94921875,56648.8515625,56779.6484375,0.0
2026-07-23 09:20:00+0530,56776.6484375,56925.3984375,56772.1484375,56920.19921875,0.0
2026-07-23 09:25:00+0530,56921.1015625,56921.1015625,56798.75,56816.1484375,0.0
2026-07-23 09:30:00+0530,56815.8515625,56834.44921875,56740.44921875,56746.94921875,0.0
2026-07-23 09:35:00+0530,56748.80078125,56751.1015625,56661.1015625,56731.3515625,0.0
2026-07-23 09:40:00+0530,56730.44921875,56741.69921875,56669.1484375,56711.69921875,0.0
2026-07-23 09:45:00+0530,56713.69921875,56764.0,56695.0,56726.80078125,0.0
2026-07-23 09:50:00+0530,56729.94921875,56767.25,56700.55078125,56759.3984375,0.0
2026-07-23 09:55:00+0530,56764.19921875,56796.25,56741.30078125,56794.5,0.0
2026-07-23 10:00:00+0530,56794.5,56867.8515625,56774.1484375,56853.05078125,0.0
2026-07-23 10:05:00+0530,56849.3515625,56886.05078125,56815.8515625,56874.3515625,0.0
2026-07-23 10:10:00+0530,56878.25,56882.19921875,56821.75,56832.30078125,0.0
2026-07-23 10:15:00+0530,56830.69921875,56853.05078125,56803.5,56826.25,0.0
2026-07-23 10:20:00+0530,56828.1015625,56844.69921875,56807.25,56824.69921875,0.0
2026-07-23 10:25:00+0530,56824.1484375,56874.6015625,56797.3515625,56860.1015625,0.0
2026-07-23 10:30:00+0530,56859.80078125,56873.94921875,56810.19921875,56824.25,0.0
2026-07-23 10:35:00+0530,56824.25,56879.6484375,56821.30078125,56847.05078125,0.0
2026-07-23 10:40:00+0530,56848.19921875,56859.30078125,56830.8984375,56838.44921875,0.0
2026-07-23 10:45:00+0530,56836.69921875,56842.30078125,56801.0,56826.8984375,0.0
2026-07-23 10:50:00+0530,56828.69921875,56842.8984375,56798.0,56807.3984375,0.0
2026-07-23 10:55:00+0530,56807.8515625,56865.6484375,56806.6484375,56853.3515625,0.0
2026-07-23 11:00:00+0530,56853.3515625,56873.44921875,56845.8515625,56866.1484375,0.0
2026-07-23 11:05:00+0530,56869.19921875,56873.30078125,56829.94921875,56841.6015625,0.0
2026-07-23 11:10:00+0530,56840.6015625,56849.94921875,56797.6484375,56800.1484375,0.0
2026-07-23 11:15:00+0530,56800.75,56803.5,56729.80078125,56730.0,0.0
2026-07-23 11:20:00+0530,56732.55078125,56755.94921875,56712.19921875,56721.8984375,0.0
2026-07-23 11:25:00+0530,56720.0,56725.30078125,56661.05078125,56682.80078125,0.0
2026-07-23 11:30:00+0530,56683.8984375,56714.44921875,56662.1484375,56679.44921875,0.0
2026-07-23 11:35:00+0530,56682.0,56702.6484375,56647.6484375,56653.6015625,0.0
2026-07-23 11:40:00+0530,56655.1015625,56663.80078125,56633.25,56660.19921875,0.0
2026-07-23 11:45:00+0530,56661.8515625,56662.25,56616.19921875,56631.5,0.0
2026-07-23 11:50:00+0530,56630.3984375,56641.19921875,56603.1015625,56611.0,0.0
2026-07-23 11:55:00+0530,56611.05078125,56657.0,56595.94921875,56641.5,0.0
2026-07-23 12:00:00+0530,56639.25,56692.1484375,56639.25,56658.8984375,0.0
2026-07-23 12:05:00+0530,56658.8984375,56667.75,56624.44921875,56663.0,0.0
2026-07-23 12:10:00+0530,56664.5,56664.5,56616.8984375,56621.0,0.0
2026-07-23 12:15:00+0530,56623.6015625,56653.8984375,56607.3515625,56633.0,0.0
2026-07-23 12:20:00+0530,56634.6484375,56635.6484375,56583.94921875,56583.94921875,0.0
2026-07-23 12:25:00+0530,56586.8515625,56589.69921875,56548.6484375,56551.8515625,0.0
2026-07-23 12:30:00+0530,56551.8515625,56557.8515625,56466.30078125,56516.75,0.0
2026-07-23 12:35:00+0530,56516.8515625,56532.3515625,56483.1484375,56516.44921875,0.0
2026-07-23 12:40:00+0530,56516.44921875,56518.6484375,56422.1015625,56425.44921875,0.0
2026-07-23 12:45:00+0530,56423.94921875,56442.55078125,56390.6015625,56395.5,0.0
2026-07-23 12:50:00+0530,56395.5,56436.30078125,56381.5,56427.94921875,0.0
2026-07-23 12:55:00+0530,56428.6484375,56462.1015625,56405.1484375,56435.30078125,0.0
2026-07-23 13:00:00+0530,56435.30078125,56440.05078125,56391.0,56401.19921875,0.0
2026-07-23 13:05:00+0530,56399.80078125,56410.75,56374.8984375,56389.6484375,0.0
2026-07-23 13:10:00+0530,56390.3515625,56425.5,56377.6484375,56408.1484375,0.0
2026-07-23 13:15:00+0530,56407.0,56418.05078125,56381.3984375,56405.3515625,0.0
2026-07-23 13:20:00+0530,56402.8984375,56445.05078125,56402.8984375,56445.05078125,0.0
2026-07-23 13:25:00+0530,56445.6015625,56477.3515625,56439.80078125,56450.8984375,0.0
2026-07-23 13:30:00+0530,56450.05078125,56454.3984375,56412.55078125,56433.8984375,0.0
2026-07-23 13:35:00+0530,56430.1015625,56500.30078125,56422.8984375,56490.1015625,0.0
2026-07-23 13:40:00+0530,56489.55078125,56494.3984375,56452.3984375,56474.1015625,0.0
2026-07-23 13:45:00+0530,56475.0,56543.80078125,56473.94921875,56519.19921875,0.0
2026-07-23 13:50:00+0530,56519.1015625,56544.30078125,56516.30078125,56523.0,0.0
2026-07-23 13:55:00+0530,56523.69921875,56544.3984375,56500.1015625,56526.0,0.0
2026-07-23 14:00:00+0530,56525.1484375,56546.30078125,56517.0,56535.6484375,0.0
2026-07-23 14:05:00+0530,56538.05078125,56551.19921875,56511.6015625,56514.69921875,0.0
2026-07-23 14:10:00+0530,56514.5,56528.25,56500.3515625,56513.19921875,0.0
2026-07-23 14:15:00+0530,56511.69921875,56542.75,56497.6484375,56515.6015625,0.0
2026-07-23 14:20:00+0530,56516.19921875,56589.0,56514.55078125,56571.1015625,0.0
2026-07-23 14:25:00+0530,56578.0,56578.0,56533.44921875,56540.19921875,0.0
2026-07-23 14:30:00+0530,56542.69921875,56607.1015625,56520.8515625,56603.44921875,0.0
2026-07-23 14:35:00+0530,56601.30078125,56612.6015625,56527.6484375,56536.3984375,0.0
2026-07-23 14:40:00+0530,56536.0,56539.8515625,56451.8984375,56476.75,0.0
2026-07-23 14:45:00+0530,56477.1484375,56479.44921875,56431.69921875,56438.3984375,0.0
2026-07-23 14:50:00+0530,56437.6484375,56492.3515625,56426.0,56471.25,0.0
2026-07-23 14:55:00+0530,56470.8515625,56548.1484375,56465.30078125,56548.1484375,0.0
2026-07-23 15:00:00+0530,56547.44921875,56619.94921875,56508.05078125,56555.6484375,0.0
2026-07-23 15:05:00+0530,56557.30078125,56619.3515625,56547.3984375,56577.30078125,0.0
2026-07-23 15:10:00+0530,56574.75,56600.05078125,56553.75,56572.80078125,0.0
2026-07-23 15:15:00+0530,56573.8515625,56589.55078125,56537.3984375,56577.75,0.0
2026-07-23 15:20:00+0530,56577.8984375,56607.6015625,56559.25,56587.0,0.0
2026-07-23 15:25:00+0530,56590.05078125,56606.19921875,56543.25,56563.3515625,0.0
2026-07-24 09:15:00+0530,56215.5,56326.3515625,56096.94921875,56314.69921875,0.0
2026-07-24 09:20:00+0530,56314.19921875,56341.8984375,56264.0,56270.6015625,0.0
2026-07-24 09:25:00+0530,56268.6484375,56270.6484375,56192.30078125,56230.6484375,0.0
2026-07-24 09:30:00+0530,56225.8984375,56268.8515625,56171.8984375,56173.8515625,0.0
2026-07-24 09:35:00+0530,56174.44921875,56217.1484375,56142.55078125,56147.1015625,0.0
2026-07-24 09:40:00+0530,56150.69921875,56171.8515625,56096.25,56112.3984375,0.0
2026-07-24 09:45:00+0530,56114.0,56126.05078125,56059.8984375,56062.3515625,0.0
2026-07-24 09:50:00+0530,56063.80078125,56119.80078125,56036.0,56118.8515625,0.0
2026-07-24 09:55:00+0530,56119.69921875,56173.3984375,56092.69921875,56115.44921875,0.0
2026-07-24 10:00:00+0530,56119.5,56123.80078125,56073.3984375,56088.30078125,0.0
2026-07-24 10:05:00+0530,56089.6484375,56121.44921875,56075.8515625,56099.19921875,0.0
2026-07-24 10:10:00+0530,56098.94921875,56106.3984375,56060.8984375,56073.5,0.0
2026-07-24 10:15:00+0530,56075.3984375,56139.80078125,56067.0,56095.3515625,0.0
2026-07-24 10:20:00+0530,56094.05078125,56145.5,56089.1484375,56136.8515625,0.0
2026-07-24 10:25:00+0530,56138.0,56140.6484375,56113.3984375,56133.05078125,0.0
2026-07-24 10:30:00+0530,56133.05078125,56145.6484375,56082.80078125,56100.8984375,0.0
2026-07-24 10:35:00+0530,56100.0,56166.75,56090.0,56159.3984375,0.0
2026-07-24 10:40:00+0530,56161.19921875,56207.3984375,56149.05078125,56195.75,0.0
2026-07-24 10:45:00+0530,56195.75,56214.94921875,56189.94921875,56210.80078125,0.0
2026-07-24 10:50:00+0530,56211.8515625,56216.0,56138.55078125,56151.6484375,0.0
2026-07-24 10:55:00+0530,56151.05078125,56152.3515625,56113.5,56128.30078125,0.0
2026-07-24 11:00:00+0530,56128.30078125,56142.55078125,56100.1484375,56131.6484375,0.0
2026-07-24 11:05:00+0530,56128.0,56156.55078125,56097.69921875,56122.1015625,0.0
2026-07-24 11:10:00+0530,56122.1015625,56132.1484375,56074.3984375,56081.80078125,0.0
2026-07-24 11:15:00+0530,56081.75,56149.1484375,56077.6484375,56142.8984375,0.0
2026-07-24 11:20:00+0530,56142.8984375,56221.1484375,56142.8984375,56211.25,0.0
2026-07-24 11:25:00+0530,56211.25,56226.55078125,56185.94921875,56188.25,0.0
2026-07-24 11:30:00+0530,56189.6484375,56201.0,56169.0,56183.80078125,0.0
2026-07-24 11:35:00+0530,56182.94921875,56199.3984375,56158.3984375,56195.6484375,0.0
2026-07-24 11:40:00+0530,56197.05078125,56235.25,56181.3984375,56220.8515625,0.0
2026-07-24 11:45:00+0530,56220.8984375,56296.1015625,56218.1015625,56287.05078125,0.0
2026-07-24 11:50:00+0530,56286.3515625,56296.8984375,56244.69921875,56275.30078125,0.0
2026-07-24 11:55:00+0530,56276.0,56285.69921875,56241.0,56250.25,0.0
2026-07-24 12:00:00+0530,56250.25,56388.44921875,56243.3984375,56387.6484375,0.0
2026-07-24 12:05:00+0530,56388.5,56400.1015625,56344.5,56363.30078125,0.0
2026-07-24 12:10:00+0530,56363.25,56371.19921875,56322.3515625,56336.44921875,0.0
2026-07-24 12:15:00+0530,56337.05078125,56397.19921875,56334.05078125,56366.55078125,0.0
2026-07-24 12:20:00+0530,56366.5,56448.55078125,56363.44921875,56432.6484375,0.0
2026-07-24 12:25:00+0530,56432.8984375,56731.3984375,56432.8984375,56694.3515625,0.0
2026-07-24 12:30:00+0530,56692.6015625,56723.0,56575.94921875,56604.05078125,0.0
2026-07-24 12:35:00+0530,56603.6015625,56634.05078125,56556.6015625,56608.75,0.0
2026-07-24 12:40:00+0530,56614.6015625,56687.6015625,56599.05078125,56672.8515625,0.0
2026-07-24 12:45:00+0530,56672.8515625,56750.3984375,56668.6484375,56743.8984375,0.0
2026-07-24 12:50:00+0530,56743.30078125,56769.6484375,56709.1484375,56732.5,0.0
2026-07-24 12:55:00+0530,56729.6484375,56772.5,56708.1484375,56714.80078125,0.0
2026-07-24 13:00:00+0530,56714.80078125,56718.6484375,56627.19921875,56641.8515625,0.0
2026-07-24 13:05:00+0530,56641.1484375,56653.69921875,56610.05078125,56627.80078125,0.0
2026-07-24 13:10:00+0530,56627.69921875,56689.94921875,56623.6484375,56687.6484375,0.0
2026-07-24 13:15:00+0530,56689.8984375,56718.80078125,56670.6484375,56712.30078125,0.0
2026-07-24 13:20:00+0530,56715.6484375,56737.94921875,56687.69921875,56715.3984375,0.0
2026-07-24 13:25:00+0530,56712.25,56769.1484375,56707.44921875,56739.44921875,0.0
2026-07-24 13:30:00+0530,56739.44921875,56744.55078125,56677.8984375,56679.8515625,0.0
2026-07-24 13:35:00+0530,56679.8515625,56684.0,56650.94921875,56672.30078125,0.0
2026-07-24 13:40:00+0530,56672.30078125,56672.8515625,56557.5,56614.19921875,0.0
2026-07-24 13:45:00+0530,56612.3984375,56665.8984375,56597.25,56661.1015625,0.0
2026-07-24 13:50:00+0530,56661.69921875,56721.80078125,56661.1484375,56719.25,0.0
2026-07-24 13:55:00+0530,56721.30078125,56743.94921875,56689.44921875,56742.3515625,0.0
2026-07-24 14:00:00+0530,56740.6015625,56830.6015625,56711.30078125,56807.55078125,0.0
2026-07-24 14:05:00+0530,56806.3515625,56809.94921875,56755.0,56785.94921875,0.0
2026-07-24 14:10:00+0530,56784.1484375,56808.3515625,56752.75,56785.8984375,0.0
2026-07-24 14:15:00+0530,56783.3984375,56795.05078125,56742.44921875,56750.75,0.0
2026-07-24 14:20:00+0530,56751.6015625,56757.1015625,56704.8515625,56708.55078125,0.0
2026-07-24 14:25:00+0530,56708.44921875,56737.94921875,56701.25,56725.94921875,0.0
2026-07-24 14:30:00+0530,56727.80078125,56750.25,56703.8515625,56706.69921875,0.0
2026-07-24 14:35:00+0530,56706.69921875,56726.30078125,56681.8515625,56695.25,0.0
2026-07-24 14:40:00+0530,56695.5,56718.6015625,56663.3515625,56686.3984375,0.0
2026-07-24 14:45:00+0530,56685.75,56699.1484375,56661.8515625,56696.80078125,0.0
2026-07-24 14:50:00+0530,56693.30078125,56753.6484375,56685.3515625,56741.3984375,0.0
2026-07-24 14:55:00+0530,56748.75,56749.94921875,56710.6484375,56723.1484375,0.0
2026-07-24 15:00:00+0530,56726.3984375,56740.05078125,56649.5,56666.5,0.0
2026-07-24 15:05:00+0530,56665.80078125,56697.8515625,56642.0,56666.69921875,0.0
2026-07-24 15:10:00+0530,56666.25,56683.05078125,56632.44921875,56682.6484375,0.0
2026-07-24 15:15:00+0530,56681.1484375,56736.6015625,56674.44921875,56694.5,0.0
2026-07-24 15:20:00+0530,56696.3984375,56732.3984375,56692.55078125,56715.3984375,0.0
2026-07-24 15:25:00+0530,56717.80078125,56763.05078125,56704.8515625,56755.3984375,0.0
2026-07-27 09:15:00+0530,57116.80078125,57299.8515625,57116.80078125,57265.55078125,0.0
2026-07-27 09:20:00+0530,57263.05078125,57329.30078125,57250.55078125,57261.19921875,0.0
2026-07-27 09:25:00+0530,57262.1015625,57272.0,57201.25,57248.55078125,0.0
2026-07-27 09:30:00+0530,57249.05078125,57276.55078125,57203.19921875,57221.55078125,0.0
2026-07-27 09:35:00+0530,57225.6484375,57227.6015625,57165.5,57180.05078125,0.0
2026-07-27 09:40:00+0530,57180.8984375,57211.69921875,57169.6484375,57189.8984375,0.0
2026-07-27 09:45:00+0530,57188.6484375,57204.6484375,57167.44921875,57186.80078125,0.0
2026-07-27 09:50:00+0530,57187.1015625,57189.25,57107.6015625,57121.80078125,0.0
2026-07-27 09:55:00+0530,57124.5,57124.5,57080.75,57107.6484375,0.0
2026-07-27 10:00:00+0530,57105.19921875,57112.6484375,57048.19921875,57062.75,0.0
2026-07-27 10:05:00+0530,57064.25,57104.30078125,57056.3984375,57065.25,0.0
2026-07-27 10:10:00+0530,57065.8984375,57124.94921875,57050.8984375,57121.3984375,0.0
2026-07-27 10:15:00+0530,57121.3984375,57135.6015625,57067.3984375,57074.1484375,0.0
2026-07-27 10:20:00+0530,57072.69921875,57077.05078125,57026.19921875,57041.8515625,0.0
2026-07-27 10:25:00+0530,57041.8984375,57063.75,57032.69921875,57046.8984375,0.0
2026-07-27 10:30:00+0530,57050.05078125,57065.30078125,57031.1484375,57040.5,0.0
2026-07-27 10:35:00+0530,57042.30078125,57042.30078125,56970.3984375,56973.3515625,0.0
2026-07-27 10:40:00+0530,56976.3515625,57035.94921875,56972.1015625,57032.94921875,0.0
2026-07-27 10:45:00+0530,57036.6015625,57047.6015625,57009.5,57030.5,0.0
2026-07-27 10:50:00+0530,57029.94921875,57080.05078125,57017.6015625,57061.05078125,0.0
2026-07-27 10:55:00+0530,57062.30078125,57083.75,57035.3984375,57070.0,0.0
2026-07-27 11:00:00+0530,57077.25,57087.6015625,57061.0,57075.19921875,0.0
2026-07-27 11:05:00+0530,57074.30078125,57076.30078125,57036.1484375,57060.3515625,0.0
2026-07-27 11:10:00+0530,57067.6015625,57071.8515625,57026.6484375,57036.0,0.0
2026-07-27 11:15:00+0530,57036.8984375,57066.55078125,57008.6015625,57062.69921875,0.0
2026-07-27 11:20:00+0530,57066.69921875,57074.0,57038.8984375,57063.3515625,0.0
2026-07-27 11:25:00+0530,57069.0,57084.19921875,57042.0,57044.6015625,0.0
2026-07-27 11:30:00+0530,57045.30078125,57062.25,57025.6015625,57044.44921875,0.0
2026-07-27 11:35:00+0530,57044.44921875,57045.6484375,57009.55078125,57027.5,0.0
2026-07-27 11:40:00+0530,57028.69921875,57057.94921875,57015.8984375,57047.44921875,0.0
2026-07-27 11:45:00+0530,57050.80078125,57050.80078125,56993.5,57003.8515625,0.0
2026-07-27 11:50:00+0530,57004.80078125,57006.1015625,56980.6015625,57003.25,0.0
2026-07-27 11:55:00+0530,57006.80078125,57018.69921875,56972.05078125,56977.05078125,0.0
2026-07-27 12:00:00+0530,56975.30078125,56989.0,56954.30078125,56967.8515625,0.0
2026-07-27 12:05:00+0530,56968.6484375,56982.25,56947.1484375,56969.80078125,0.0
2026-07-27 12:10:00+0530,56973.1484375,57142.6484375,56964.8515625,57076.3515625,0.0
2026-07-27 12:15:00+0530,57076.94921875,57118.1484375,57064.1484375,57096.75,0.0
2026-07-27 12:20:00+0530,57100.19921875,57108.8984375,57054.69921875,57068.6484375,0.0
2026-07-27 12:25:00+0530,57069.3984375,57101.25,57052.19921875,57054.75,0.0
2026-07-27 12:30:00+0530,57058.6484375,57087.6015625,57036.05078125,57069.3515625,0.0
2026-07-27 12:35:00+0530,57075.19921875,57075.19921875,57010.6484375,57030.3515625,0.0
2026-07-27 12:40:00+0530,57032.3515625,57057.8984375,57015.05078125,57052.8515625,0.0
2026-07-27 12:45:00+0530,57052.5,57096.55078125,57047.19921875,57076.8515625,0.0
2026-07-27 12:50:00+0530,57082.44921875,57084.94921875,57046.80078125,57056.0,0.0
2026-07-27 12:55:00+0530,57061.1015625,57078.55078125,57039.3984375,57050.8515625,0.0
2026-07-27 13:00:00+0530,57051.94921875,57063.05078125,57033.6484375,57042.8984375,0.0
2026-07-27 13:05:00+0530,57051.1484375,57064.69921875,57032.80078125,57038.0,0.0
2026-07-27 13:10:00+0530,57037.30078125,57059.80078125,57032.6484375,57056.1015625,0.0
2026-07-27 13:15:00+0530,57058.44921875,57086.30078125,57048.69921875,57049.8984375,0.0
2026-07-27 13:20:00+0530,57052.05078125,57068.25,57029.30078125,57061.30078125,0.0
2026-07-27 13:25:00+0530,57061.55078125,57063.5,57000.25,57003.80078125,0.0
2026-07-27 13:30:00+0530,57005.55078125,57017.55078125,56946.0,56947.1484375,0.0
2026-07-27 13:35:00+0530,56950.6484375,56990.75,56929.1484375,56982.3515625,0.0
2026-07-27 13:40:00+0530,56984.44921875,56994.6015625,56949.80078125,56979.6015625,0.0
2026-07-27 13:45:00+0530,56979.6015625,57019.8984375,56966.0,56994.55078125,0.0
2026-07-27 13:50:00+0530,56995.44921875,57004.1484375,56977.94921875,56996.44921875,0.0
2026-07-27 13:55:00+0530,56996.80078125,57030.94921875,56993.0,57026.69921875,0.0
2026-07-27 14:00:00+0530,57031.05078125,57064.30078125,57025.1015625,57048.6484375,0.0
2026-07-27 14:05:00+0530,57053.94921875,57104.19921875,57041.80078125,57100.05078125,0.0
2026-07-27 14:10:00+0530,57101.25,57124.0,57074.69921875,57123.3984375,0.0
2026-07-27 14:15:00+0530,57122.75,57126.6015625,57069.1484375,57084.55078125,0.0
2026-07-27 14:20:00+0530,57087.30078125,57142.0,57074.30078125,57140.3515625,0.0
2026-07-27 14:25:00+0530,57141.94921875,57176.1484375,57119.3515625,57161.1484375,0.0
2026-07-27 14:30:00+0530,57164.6484375,57177.94921875,57110.0,57130.6484375,0.0
2026-07-27 14:35:00+0530,57134.75,57144.19921875,57093.6484375,57124.94921875,0.0
2026-07-27 14:40:00+0530,57125.1015625,57147.55078125,57094.05078125,57114.5,0.0
2026-07-27 14:45:00+0530,57114.5,57129.1015625,57089.0,57101.30078125,0.0
2026-07-27 14:50:00+0530,57108.80078125,57136.55078125,57096.1484375,57099.69921875,0.0
2026-07-27 14:55:00+0530,57100.8515625,57143.94921875,57092.44921875,57097.1015625,0.0
2026-07-27 15:00:00+0530,57099.6015625,57113.3984375,57083.6484375,57089.6484375,0.0
2026-07-27 15:05:00+0530,57091.94921875,57124.0,57089.25,57094.5,0.0
2026-07-27 15:10:00+0530,57097.55078125,57115.75,57074.3515625,57082.8984375,0.0
2026-07-27 15:15:00+0530,57082.1015625,57093.05078125,57065.94921875,57091.8515625,0.0
2026-07-27 15:20:00+0530,57086.44921875,57121.1015625,57079.69921875,57105.19921875,0.0
2026-07-27 15:25:00+0530,57097.8984375,57123.80078125,57080.25,57115.94921875,0.0
2026-07-28 09:15:00+0530,56904.8515625,57051.69921875,56904.8515625,57010.5,0.0
2026-07-28 09:20:00+0530,57010.80078125,57047.5,56950.94921875,56954.6484375,0.0
2026-07-28 09:25:00+0530,56953.3515625,56954.55078125,56889.75,56931.44921875,0.0
2026-07-28 09:30:00+0530,56931.69921875,56932.94921875,56859.0,56898.94921875,0.0
2026-07-28 09:35:00+0530,56898.44921875,56954.6484375,56898.44921875,56928.0,0.0
2026-07-28 09:40:00+0530,56926.3515625,56929.69921875,56875.8515625,56881.55078125,0.0
2026-07-28 09:45:00+0530,56880.6015625,56881.8984375,56855.6484375,56873.3515625,0.0
2026-07-28 09:50:00+0530,56872.75,56872.75,56791.1015625,56819.6484375,0.0
2026-07-28 09:55:00+0530,56818.25,56853.55078125,56812.1484375,56847.3984375,0.0
2026-07-28 10:00:00+0530,56847.1015625,56863.8984375,56828.8515625,56834.69921875,0.0
2026-07-28 10:05:00+0530,56835.19921875,56880.3984375,56826.55078125,56849.75,0.0
2026-07-28 10:10:00+0530,56845.19921875,56909.55078125,56842.5,56894.6484375,0.0
2026-07-28 10:15:00+0530,56895.80078125,56953.8984375,56891.8984375,56930.6015625,0.0
2026-07-28 10:20:00+0530,56928.5,56931.44921875,56898.1015625,56919.6484375,0.0
2026-07-28 10:25:00+0530,56918.94921875,56945.1484375,56879.94921875,56880.80078125,0.0
2026-07-28 10:30:00+0530,56882.8515625,56953.1484375,56878.80078125,56947.44921875,0.0
2026-07-28 10:35:00+0530,56948.6015625,56970.3984375,56915.1015625,56951.1015625,0.0
2026-07-28 10:40:00+0530,56951.6484375,57010.30078125,56945.6484375,56997.3515625,0.0
2026-07-28 10:45:00+0530,56997.3984375,57015.05078125,56975.69921875,57002.80078125,0.0
2026-07-28 10:50:00+0530,57002.80078125,57025.69921875,56978.6015625,56999.1484375,0.0
2026-07-28 10:55:00+0530,56998.0,57016.0,56969.3984375,56970.30078125,0.0
2026-07-28 11:00:00+0530,56971.1484375,56998.3515625,56941.55078125,56998.25,0.0
2026-07-28 11:05:00+0530,56996.3515625,57001.44921875,56963.3515625,56995.30078125,0.0
2026-07-28 11:10:00+0530,56994.44921875,56998.44921875,56958.19921875,56970.44921875,0.0
2026-07-28 11:15:00+0530,56971.1484375,57005.1484375,56966.25,56991.8515625,0.0
2026-07-28 11:20:00+0530,56992.30078125,56993.5,56966.19921875,56980.6484375,0.0
2026-07-28 11:25:00+0530,56977.80078125,57006.25,56963.6015625,56990.25,0.0
2026-07-28 11:30:00+0530,56993.05078125,56998.8984375,56964.75,56975.1484375,0.0
2026-07-28 11:35:00+0530,56975.75,56994.25,56965.94921875,56992.19921875,0.0
2026-07-28 11:40:00+0530,56992.44921875,57039.8515625,56985.0,57022.80078125,0.0
2026-07-28 11:45:00+0530,57022.5,57028.6015625,57003.44921875,57006.6015625,0.0
2026-07-28 11:50:00+0530,57005.3984375,57014.69921875,56953.19921875,56972.8515625,0.0
2026-07-28 11:55:00+0530,56973.0,56982.3984375,56952.3984375,56965.30078125,0.0
2026-07-28 12:00:00+0530,56965.94921875,56975.1015625,56950.1484375,56975.1015625,0.0
2026-07-28 12:05:00+0530,56986.1015625,56990.3984375,56981.44921875,56984.94921875,0.0
2026-07-28 12:10:00+0530,56984.25,56990.5,56963.30078125,56976.25,0.0
2026-07-28 12:15:00+0530,56976.0,56988.8515625,56935.80078125,56941.8515625,0.0
2026-07-28 12:20:00+0530,56942.19921875,56965.0,56922.55078125,56961.8984375,0.0
2026-07-28 12:25:00+0530,56962.44921875,56998.25,56943.1484375,56985.3984375,0.0
2026-07-28 12:30:00+0530,56984.5,56998.69921875,56962.44921875,56970.30078125,0.0
2026-07-28 12:35:00+0530,56969.6015625,56974.3984375,56941.0,56941.55078125,0.0
2026-07-28 12:40:00+0530,56941.55078125,56941.75,56908.80078125,56916.3984375,0.0
2026-07-28 12:45:00+0530,56917.1015625,56931.3984375,56882.30078125,56902.6015625,0.0
2026-07-28 12:50:00+0530,56905.19921875,56913.19921875,56888.69921875,56904.25,0.0
2026-07-28 12:55:00+0530,56903.8515625,56923.8984375,56850.1484375,56861.80078125,0.0
2026-07-28 13:00:00+0530,56862.30078125,56884.3984375,56851.94921875,56865.44921875,0.0
2026-07-28 13:05:00+0530,56864.8515625,56881.3515625,56859.75,56881.3515625,0.0
2026-07-28 13:10:00+0530,56879.55078125,56884.6015625,56820.8984375,56821.0,0.0
2026-07-28 13:15:00+0530,56819.30078125,56823.55078125,56786.80078125,56801.19921875,0.0
2026-07-28 13:20:00+0530,56799.44921875,56844.3984375,56784.30078125,56837.55078125,0.0
2026-07-28 13:25:00+0530,56834.75,56836.3984375,56806.80078125,56826.94921875,0.0
2026-07-28 13:30:00+0530,56826.94921875,56830.8984375,56811.05078125,56818.55078125,0.0
2026-07-28 13:35:00+0530,56817.8515625,56838.8515625,56793.69921875,56814.5,0.0
2026-07-28 13:40:00+0530,56815.19921875,56817.05078125,56778.80078125,56800.75,0.0
2026-07-28 13:45:00+0530,56799.44921875,56811.6015625,56775.44921875,56793.5,0.0
2026-07-28 13:50:00+0530,56793.5,56857.8984375,56791.5,56811.3984375,0.0
2026-07-28 13:55:00+0530,56810.69921875,56826.5,56800.3984375,56826.05078125,0.0
2026-07-28 14:00:00+0530,56823.3515625,56843.69921875,56810.55078125,56832.5,0.0
2026-07-28 14:05:00+0530,56841.69921875,56854.19921875,56820.3515625,56828.44921875,0.0
2026-07-28 14:10:00+0530,56828.25,56831.25,56793.05078125,56807.44921875,0.0
2026-07-28 14:15:00+0530,56805.8984375,56829.25,56782.75,56800.3515625,0.0
2026-07-28 14:20:00+0530,56800.3515625,56821.19921875,56783.3515625,56785.1015625,0.0
2026-07-28 14:25:00+0530,56788.3984375,56820.1015625,56781.8515625,56795.1015625,0.0
2026-07-28 14:30:00+0530,56795.80078125,56797.69921875,56745.1015625,56755.19921875,0.0
2026-07-28 14:35:00+0530,56754.19921875,56805.30078125,56750.3984375,56800.80078125,0.0
2026-07-28 14:40:00+0530,56789.1015625,56830.8984375,56786.5,56818.25,0.0
2026-07-28 14:45:00+0530,56818.25,56818.25,56777.05078125,56796.5,0.0
2026-07-28 14:50:00+0530,56794.80078125,56820.8515625,56769.6484375,56814.6484375,0.0
2026-07-28 14:55:00+0530,56814.1484375,56817.44921875,56782.6015625,56797.6015625,0.0
2026-07-28 15:00:00+0530,56802.3984375,56805.8515625,56692.75,56699.19921875,0.0
2026-07-28 15:05:00+0530,56703.1484375,56718.75,56694.0,56698.05078125,0.0
2026-07-28 15:10:00+0530,56697.8984375,56703.8515625,56686.3515625,56700.1015625,0.0
2026-07-28 15:15:00+0530,56698.55078125,56867.1015625,56672.5,56851.44921875,0.0
2026-07-28 15:20:00+0530,56853.25,56864.5,56722.75,56735.1015625,0.0
2026-07-28 15:25:00+0530,56734.6015625,56754.8984375,56703.3515625,56718.75,0.0
2026-07-29 09:15:00+0530,57133.3515625,57142.30078125,56982.19921875,57028.94921875,0.0
2026-07-29 09:20:00+0530,57029.8984375,57082.1015625,56965.05078125,56985.05078125,0.0
2026-07-29 09:25:00+0530,56985.1484375,57051.8515625,56984.25,57006.0,0.0
2026-07-29 09:30:00+0530,57004.3984375,57039.25,56978.0,57005.8984375,0.0
2026-07-29 09:35:00+0530,57005.3984375,57014.6484375,56939.69921875,57004.94921875,0.0
2026-07-29 09:40:00+0530,57011.44921875,57071.94921875,56984.55078125,57071.3515625,0.0
2026-07-29 09:45:00+0530,57070.1015625,57075.44921875,57019.3984375,57043.05078125,0.0
2026-07-29 09:50:00+0530,57043.8984375,57054.6484375,56981.8984375,57031.8984375,0.0
2026-07-29 09:55:00+0530,57033.1484375,57068.8984375,57022.55078125,57051.5,0.0
2026-07-29 10:00:00+0530,57051.5,57119.6015625,57043.80078125,57101.19921875,0.0
2026-07-29 10:05:00+0530,57101.0,57189.44921875,57097.6015625,57173.44921875,0.0
2026-07-29 10:10:00+0530,57172.75,57183.6484375,57155.19921875,57172.3515625,0.0
2026-07-29 10:15:00+0530,57173.5,57186.94921875,57137.0,57137.0,0.0
2026-07-29 10:20:00+0530,57136.1015625,57161.44921875,57125.30078125,57141.8984375,0.0
2026-07-29 10:25:00+0530,57144.19921875,57167.44921875,57095.8515625,57099.6484375,0.0
2026-07-29 10:30:00+0530,57099.6484375,57140.19921875,57094.8984375,57138.80078125,0.0
2026-07-29 10:35:00+0530,57137.94921875,57142.80078125,57106.05078125,57112.05078125,0.0
2026-07-29 10:40:00+0530,57113.30078125,57145.80078125,57106.8515625,57138.44921875,0.0
2026-07-29 10:45:00+0530,57140.69921875,57141.69921875,57047.1015625,57068.1484375,0.0
2026-07-29 10:50:00+0530,57067.69921875,57089.1484375,57057.44921875,57083.6484375,0.0
2026-07-29 10:55:00+0530,57085.44921875,57108.6484375,57075.6015625,57107.69921875,0.0
2026-07-29 11:00:00+0530,57108.30078125,57149.75,57094.5,57139.6015625,0.0
2026-07-29 11:05:00+0530,57138.1484375,57175.0,57123.6484375,57174.6015625,0.0
2026-07-29 11:10:00+0530,57172.3515625,57182.6484375,57152.5,57157.8515625,0.0
2026-07-29 11:15:00+0530,57156.5,57166.5,57123.69921875,57136.05078125,0.0
2026-07-29 11:20:00+0530,57130.44921875,57165.6015625,57122.8515625,57150.8984375,0.0
2026-07-29 11:25:00+0530,57153.05078125,57165.75,57137.8515625,57140.75,0.0
2026-07-29 11:30:00+0530,57142.0,57162.55078125,57123.3515625,57145.8515625,0.0
2026-07-29 11:35:00+0530,57148.19921875,57166.25,57123.8984375,57151.19921875,0.0
2026-07-29 11:40:00+0530,57152.6484375,57179.94921875,57150.1015625,57168.69921875,0.0
2026-07-29 11:45:00+0530,57171.6484375,57184.5,57153.8515625,57159.6015625,0.0
2026-07-29 11:50:00+0530,57160.19921875,57176.25,57149.0,57170.75,0.0
2026-07-29 11:55:00+0530,57171.94921875,57192.1484375,57146.1484375,57181.3984375,0.0
2026-07-29 12:00:00+0530,57183.1015625,57197.8515625,57164.3984375,57190.19921875,0.0
2026-07-29 12:05:00+0530,57187.8984375,57257.80078125,57182.6484375,57251.1484375,0.0
2026-07-29 12:10:00+0530,57250.55078125,57263.55078125,57243.44921875,57255.19921875,0.0
2026-07-29 12:15:00+0530,57255.94921875,57263.44921875,57213.5,57228.44921875,0.0
2026-07-29 12:20:00+0530,57228.0,57242.69921875,57221.75,57229.94921875,0.0
2026-07-29 12:25:00+0530,57229.8984375,57242.5,57197.6015625,57205.6484375,0.0
2026-07-29 12:30:00+0530,57205.80078125,57222.30078125,57188.8984375,57214.6484375,0.0
2026-07-29 12:35:00+0530,57215.30078125,57237.3984375,57212.8984375,57223.80078125,0.0
2026-07-29 12:40:00+0530,57224.3515625,57245.75,57204.6484375,57209.80078125,0.0
2026-07-29 12:45:00+0530,57210.05078125,57229.5,57181.69921875,57183.1015625,0.0
2026-07-29 12:50:00+0530,57185.8984375,57219.19921875,57168.8515625,57211.6484375,0.0
2026-07-29 12:55:00+0530,57211.6484375,57219.1484375,57178.6015625,57188.8515625,0.0
2026-07-29 13:00:00+0530,57188.8515625,57222.44921875,57188.8515625,57196.8515625,0.0
2026-07-29 13:05:00+0530,57198.3984375,57221.30078125,57186.3984375,57215.3515625,0.0
2026-07-29 13:10:00+0530,57218.44921875,57253.8984375,57214.19921875,57238.19921875,0.0
2026-07-29 13:15:00+0530,57239.05078125,57241.1484375,57200.25,57233.1484375,0.0
2026-07-29 13:20:00+0530,57233.1484375,57238.6484375,57195.44921875,57195.6015625,0.0
2026-07-29 13:25:00+0530,57195.6015625,57224.25,57195.30078125,57205.3515625,0.0
2026-07-29 13:30:00+0530,57203.8984375,57223.0,57202.6015625,57205.1015625,0.0
2026-07-29 13:35:00+0530,57205.5,57217.25,57175.6015625,57192.8515625,0.0
2026-07-29 13:40:00+0530,57196.75,57215.3515625,57142.75,57151.30078125,0.0
2026-07-29 13:45:00+0530,57146.6484375,57203.3515625,57137.05078125,57183.80078125,0.0
2026-07-29 13:50:00+0530,57184.05078125,57211.75,57181.3984375,57198.1015625,0.0
2026-07-29 13:55:00+0530,57205.94921875,57219.8984375,57191.0,57197.69921875,0.0
2026-07-29 14:00:00+0530,57198.1484375,57263.0,57194.69921875,57252.3984375,0.0
2026-07-29 14:05:00+0530,57254.1015625,57266.3515625,57230.0,57243.25,0.0
2026-07-29 14:10:00+0530,57244.44921875,57274.55078125,57239.3984375,57258.05078125,0.0
2026-07-29 14:15:00+0530,57258.3515625,57312.05078125,57252.80078125,57298.80078125,0.0
2026-07-29 14:20:00+0530,57299.94921875,57315.3515625,57272.05078125,57285.6015625,0.0
2026-07-29 14:25:00+0530,57286.80078125,57299.6015625,57279.1015625,57288.69921875,0.0
2026-07-29 14:30:00+0530,57291.6484375,57300.80078125,57253.80078125,57265.8515625,0.0
2026-07-29 14:35:00+0530,57264.05078125,57275.75,57252.1484375,57261.69921875,0.0
2026-07-29 14:40:00+0530,57262.94921875,57267.75,57235.19921875,57261.1015625,0.0
2026-07-29 14:45:00+0530,57260.25,57309.3984375,57260.25,57270.55078125,0.0
2026-07-29 14:50:00+0530,57269.55078125,57290.3515625,57261.30078125,57285.94921875,0.0
2026-07-29 14:55:00+0530,57285.94921875,57314.3984375,57275.0,57281.19921875,0.0
2026-07-29 15:00:00+0530,57281.1484375,57306.55078125,57209.80078125,57215.5,0.0
2026-07-29 15:05:00+0530,57215.8515625,57237.94921875,57196.55078125,57236.19921875,0.0
2026-07-29 15:10:00+0530,57237.19921875,57237.19921875,57206.5,57215.25,0.0
2026-07-29 15:15:00+0530,57212.8984375,57219.8515625,57167.44921875,57190.8984375,0.0
2026-07-29 15:20:00+0530,57190.8984375,57207.30078125,57179.0,57186.1015625,0.0
2026-07-29 15:25:00+0530,57186.5,57215.75,57161.6015625,57193.6015625,0.0
2026-07-30 09:15:00+0530,57099.6484375,57118.3515625,56870.1015625,56948.55078125,0.0
2026-07-30 09:20:00+0530,56951.0,56973.75,56900.94921875,56940.6015625,0.0
2026-07-30 09:25:00+0530,56939.75,56954.25,56926.69921875,56946.8515625,0.0
2026-07-30 09:30:00+0530,56946.1015625,56986.6484375,56911.25,56937.3515625,0.0
2026-07-30 09:35:00+0530,56935.75,56941.94921875,56864.1015625,56864.75,0.0
2026-07-30 09:40:00+0530,56864.1015625,56865.19921875,56819.75,56835.3515625,0.0
2026-07-30 09:45:00+0530,56834.55078125,56894.05078125,56801.94921875,56867.44921875,0.0
2026-07-30 09:50:00+0530,56864.6484375,56923.94921875,56864.6484375,56882.5,0.0
2026-07-30 09:55:00+0530,56883.19921875,56935.94921875,56878.69921875,56925.1015625,0.0
2026-07-30 10:00:00+0530,56926.19921875,56935.8984375,56894.69921875,56921.94921875,0.0
2026-07-30 10:05:00+0530,56920.8984375,56940.05078125,56884.8515625,56887.75,0.0
2026-07-30 10:10:00+0530,56889.3984375,56891.6484375,56832.19921875,56836.6015625,0.0
2026-07-30 10:15:00+0530,56835.8984375,56855.80078125,56815.80078125,56817.44921875,0.0
2026-07-30 10:20:00+0530,56816.8515625,56852.94921875,56805.94921875,56845.25,0.0
2026-07-30 10:25:00+0530,56847.25,56858.5,56798.1484375,56798.1484375,0.0
2026-07-30 10:30:00+0530,56799.25,56804.8515625,56768.8984375,56789.69921875,0.0
2026-07-30 10:35:00+0530,56790.5,56834.6484375,56786.1484375,56826.0,0.0
2026-07-30 10:40:00+0530,56826.0,56869.80078125,56796.69921875,56861.94921875,0.0
2026-07-30 10:45:00+0530,56861.94921875,56886.55078125,56848.05078125,56884.44921875,0.0
2026-07-30 10:50:00+0530,56885.0,56902.8515625,56872.05078125,56875.3984375,0.0
2026-07-30 10:55:00+0530,56878.3515625,56896.25,56865.55078125,56878.94921875,0.0
2026-07-30 11:00:00+0530,56877.25,56905.1484375,56859.8515625,56901.3515625,0.0
2026-07-30 11:05:00+0530,56901.05078125,56907.44921875,56861.25,56895.05078125,0.0
2026-07-30 11:10:00+0530,56894.3515625,56918.6015625,56885.5,56899.05078125,0.0
2026-07-30 11:15:00+0530,56900.75,56936.6015625,56884.5,56893.3984375,0.0
2026-07-30 11:20:00+0530,56895.05078125,56907.8984375,56883.6015625,56895.6484375,0.0
2026-07-30 11:25:00+0530,56897.8984375,56930.69921875,56876.94921875,56911.1015625,0.0
2026-07-30 11:30:00+0530,56912.44921875,56935.5,56893.3515625,56930.55078125,0.0
2026-07-30 11:35:00+0530,56930.25,56932.6484375,56898.30078125,56899.8984375,0.0
2026-07-30 11:40:00+0530,56898.19921875,56912.5,56886.55078125,56890.05078125,0.0
2026-07-30 11:45:00+0530,56892.44921875,56894.5,56847.25,56850.44921875,0.0
2026-07-30 11:50:00+0530,56852.8515625,56864.6015625,56834.44921875,56838.8984375,0.0
2026-07-30 11:55:00+0530,56838.8984375,56858.80078125,56821.5,56842.8984375,0.0
2026-07-30 12:00:00+0530,56842.8984375,56853.1015625,56828.3515625,56841.94921875,0.0
2026-07-30 12:05:00+0530,56841.94921875,56874.1015625,56833.69921875,56851.75,0.0
2026-07-30 12:10:00+0530,56853.8515625,56884.75,56837.6015625,56869.3515625,0.0
2026-07-30 12:15:00+0530,56869.3984375,56905.0,56861.05078125,56904.94921875,0.0
2026-07-30 12:20:00+0530,56904.25,56921.3984375,56882.69921875,56888.5,0.0
2026-07-30 12:25:00+0530,56888.5,56920.0,56887.0,56909.25,0.0
2026-07-30 12:30:00+0530,56909.94921875,57136.69921875,56899.3515625,57030.19921875,0.0
2026-07-30 12:35:00+0530,57030.5,57072.1015625,56972.55078125,57001.3984375,0.0
2026-07-30 12:40:00+0530,57001.3984375,57054.5,56985.19921875,57041.25,0.0
2026-07-30 12:45:00+0530,57042.3515625,57092.6484375,57026.05078125,57063.6484375,0.0
2026-07-30 12:50:00+0530,57064.94921875,57074.5,57036.3515625,57058.8515625,0.0
2026-07-30 12:55:00+0530,57056.1015625,57063.3515625,57022.55078125,57035.6015625,0.0
2026-07-30 13:00:00+0530,57036.19921875,57041.6484375,56993.19921875,57009.3984375,0.0
2026-07-30 13:05:00+0530,57007.8515625,57042.55078125,56997.25,57021.25,0.0
2026-07-30 13:10:00+0530,57020.44921875,57025.55078125,56964.8515625,57017.3984375,0.0
2026-07-30 13:15:00+0530,57017.3984375,57022.75,57003.8515625,57010.3984375,0.0
2026-07-30 13:20:00+0530,57010.3984375,57052.6484375,57007.44921875,57031.94921875,0.0
2026-07-30 13:25:00+0530,57034.69921875,57050.30078125,56997.75,56999.44921875,0.0
2026-07-30 13:30:00+0530,56999.05078125,57012.94921875,56978.6484375,56999.6015625,0.0
2026-07-30 13:35:00+0530,56999.0,57046.05078125,56992.69921875,57016.80078125,0.0
2026-07-30 13:40:00+0530,57017.1484375,57039.6484375,57016.55078125,57031.05078125,0.0
2026-07-30 13:45:00+0530,57029.6484375,57030.3515625,56984.05078125,56985.80078125,0.0
2026-07-30 13:50:00+0530,56988.6015625,57022.80078125,56967.8984375,57013.80078125,0.0
2026-07-30 13:55:00+0530,57012.80078125,57036.8984375,56989.0,57000.6484375,0.0
2026-07-30 14:00:00+0530,56999.94921875,57018.1015625,56998.75,57014.69921875,0.0
2026-07-30 14:05:00+0530,57012.1015625,57013.8515625,56948.94921875,56962.3984375,0.0
2026-07-30 14:10:00+0530,56964.94921875,56976.1015625,56951.6015625,56959.5,0.0
2026-07-30 14:15:00+0530,56960.8984375,56986.19921875,56953.80078125,56979.30078125,0.0
2026-07-30 14:20:00+0530,56978.8984375,56979.6484375,56935.8515625,56942.75,0.0
2026-07-30 14:25:00+0530,56942.30078125,56961.8984375,56930.44921875,56958.44921875,0.0
2026-07-30 14:30:00+0530,56960.19921875,57018.8984375,56949.44921875,56995.1484375,0.0
2026-07-30 14:35:00+0530,56993.1015625,57019.3515625,56970.25,57016.19921875,0.0
2026-07-30 14:40:00+0530,57018.30078125,57026.3515625,56989.3984375,57024.6015625,0.0
2026-07-30 14:45:00+0530,57024.6015625,57066.80078125,57013.19921875,57048.30078125,0.0
2026-07-30 14:50:00+0530,57047.6015625,57055.8984375,57031.05078125,57038.55078125,0.0
2026-07-30 14:55:00+0530,57039.8515625,57062.75,57025.30078125,57035.8984375,0.0
2026-07-30 15:00:00+0530,57036.3515625,57122.6484375,57024.6015625,57120.6015625,0.0
2026-07-30 15:05:00+0530,57118.75,57191.05078125,57099.8515625,57158.8984375,0.0
2026-07-30 15:10:00+0530,57162.80078125,57183.3515625,57149.1015625,57151.8984375,0.0
2026-07-30 15:15:00+0530,57152.1015625,57157.75,57111.69921875,57135.8984375,0.0
2026-07-30 15:20:00+0530,57135.8515625,57220.69921875,57131.55078125,57203.30078125,0.0
2026-07-30 15:25:00+0530,57208.5,57236.6484375,57071.8984375,57102.8984375,0.0
2026-07-31 09:15:00+0530,57225.8984375,57409.8515625,57225.8984375,57353.44921875,0.0
2026-07-31 09:20:00+0530,57349.3984375,57388.44921875,57317.3984375,57370.75,0.0
2026-07-31 09:25:00+0530,57368.69921875,57374.80078125,57310.0,57315.69921875,0.0
2026-07-31 09:30:00+0530,57319.44921875,57322.44921875,57225.94921875,57257.8984375,0.0
2026-07-31 09:35:00+0530,57259.8515625,57267.30078125,57153.6484375,57192.0,0.0
2026-07-31 09:40:00+0530,57192.25,57249.94921875,57191.8515625,57233.3515625,0.0
2026-07-31 09:45:00+0530,57231.1484375,57242.3984375,57159.0,57183.25,0.0
2026-07-31 09:50:00+0530,57183.6015625,57224.8984375,57167.3515625,57222.80078125,0.0
2026-07-31 09:55:00+0530,57224.6015625,57230.5,57198.05078125,57223.3515625,0.0
2026-07-31 10:00:00+0530,57229.1015625,57265.5,57211.30078125,57240.6484375,0.0
2026-07-31 10:05:00+0530,57240.6484375,57244.3515625,57178.44921875,57190.25,0.0
2026-07-31 10:10:00+0530,57190.3984375,57228.25,57185.94921875,57201.8984375,0.0
2026-07-31 10:15:00+0530,57203.5,57218.94921875,57172.25,57217.75,0.0
2026-07-31 10:20:00+0530,57217.19921875,57227.19921875,57208.80078125,57226.94921875,0.0
2026-07-31 10:25:00+0530,57227.1015625,57240.69921875,57216.44921875,57220.3515625,0.0
2026-07-31 10:30:00+0530,57221.19921875,57223.80078125,57168.30078125,57179.94921875,0.0
2026-07-31 10:35:00+0530,57179.5,57243.55078125,57164.69921875,57236.6015625,0.0
2026-07-31 10:40:00+0530,57235.25,57242.05078125,57201.19921875,57218.75,0.0
2026-07-31 10:45:00+0530,57220.80078125,57223.55078125,57208.19921875,57218.55078125,0.0
2026-07-31 10:50:00+0530,57219.1015625,57219.94921875,57180.55078125,57196.44921875,0.0
2026-07-31 10:55:00+0530,57200.55078125,57225.55078125,57187.8515625,57211.69921875,0.0
2026-07-31 11:00:00+0530,57213.1484375,57226.19921875,57203.25,57221.30078125,0.0
2026-07-31 11:05:00+0530,57220.5,57227.19921875,57151.3515625,57158.8984375,0.0
2026-07-31 11:10:00+0530,57159.69921875,57188.8515625,57142.0,57188.8515625,0.0
2026-07-31 11:15:00+0530,57189.25,57212.1484375,57175.55078125,57197.75,0.0
2026-07-31 11:20:00+0530,57198.44921875,57207.55078125,57189.55078125,57205.80078125,0.0
2026-07-31 11:25:00+0530,57203.69921875,57207.44921875,57170.3515625,57181.25,0.0
2026-07-31 11:30:00+0530,57181.44921875,57186.75,57166.44921875,57177.44921875,0.0
2026-07-31 11:35:00+0530,57177.69921875,57188.94921875,57161.1484375,57170.6484375,0.0
2026-07-31 11:40:00+0530,57171.30078125,57176.55078125,57146.25,57156.19921875,0.0
2026-07-31 11:45:00+0530,57155.5,57172.0,57149.55078125,57168.69921875,0.0
2026-07-31 11:50:00+0530,57168.69921875,57174.3984375,57147.55078125,57154.1484375,0.0
2026-07-31 11:55:00+0530,57154.30078125,57169.94921875,57144.69921875,57166.1015625,0.0
2026-07-31 12:00:00+0530,57169.69921875,57184.1015625,57154.69921875,57177.05078125,0.0
2026-07-31 12:05:00+0530,57176.19921875,57192.1484375,57167.5,57190.55078125,0.0
2026-07-31 12:10:00+0530,57192.80078125,57237.75,57184.8515625,57237.75,0.0
2026-07-31 12:15:00+0530,57235.55078125,57242.55078125,57202.25,57212.3984375,0.0
2026-07-31 12:20:00+0530,57213.1484375,57236.75,57208.30078125,57214.80078125,0.0
2026-07-31 12:25:00+0530,57216.5,57261.8515625,57205.5,57241.1015625,0.0
2026-07-31 12:30:00+0530,57238.1484375,57243.19921875,57208.3515625,57237.5,0.0
2026-07-31 12:35:00+0530,57236.69921875,57258.55078125,57232.1484375,57238.1484375,0.0
2026-07-31 12:40:00+0530,57237.44921875,57252.6015625,57229.6015625,57240.05078125,0.0
2026-07-31 12:45:00+0530,57242.6015625,57249.94921875,57229.8515625,57245.05078125,0.0
2026-07-31 12:50:00+0530,57250.05078125,57250.44921875,57209.69921875,57222.1484375,0.0
2026-07-31 12:55:00+0530,57222.1484375,57258.3515625,57214.8515625,57237.44921875,0.0
2026-07-31 13:00:00+0530,57238.69921875,57293.80078125,57235.1015625,57288.8515625,0.0
2026-07-31 13:05:00+0530,57287.69921875,57360.8515625,57287.69921875,57333.8515625,0.0
2026-07-31 13:10:00+0530,57338.1484375,57343.8984375,57304.1484375,57308.8515625,0.0
2026-07-31 13:15:00+0530,57309.6484375,57317.80078125,57295.94921875,57313.1015625,0.0
2026-07-31 13:20:00+0530,57313.1015625,57344.94921875,57307.69921875,57341.75,0.0
2026-07-31 13:25:00+0530,57342.8515625,57382.1484375,57341.30078125,57368.25,0.0
2026-07-31 13:30:00+0530,57368.44921875,57376.3984375,57308.1484375,57316.19921875,0.0
2026-07-31 13:35:00+0530,57319.25,57347.6015625,57318.05078125,57327.55078125,0.0
2026-07-31 13:40:00+0530,57330.1015625,57331.5,57299.30078125,57316.80078125,0.0
2026-07-31 13:45:00+0530,57315.44921875,57322.3984375,57296.8984375,57318.3515625,0.0
2026-07-31 13:50:00+0530,57319.44921875,57332.3515625,57311.30078125,57317.44921875,0.0
2026-07-31 13:55:00+0530,57316.8984375,57336.0,57315.19921875,57331.94921875,0.0
2026-07-31 14:00:00+0530,57333.0,57335.30078125,57277.1015625,57284.19921875,0.0
2026-07-31 14:05:00+0530,57284.6484375,57286.44921875,57260.6015625,57268.1484375,0.0
2026-07-31 14:10:00+0530,57267.44921875,57306.80078125,57267.25,57302.6015625,0.0
2026-07-31 14:15:00+0530,57300.80078125,57304.94921875,57264.55078125,57277.55078125,0.0
2026-07-31 14:20:00+0530,57277.0,57320.30078125,57271.1015625,57319.3984375,0.0
2026-07-31 14:25:00+0530,57321.3984375,57332.5,57297.8515625,57304.30078125,0.0
2026-07-31 14:30:00+0530,57304.30078125,57314.0,57282.80078125,57293.25,0.0
2026-07-31 14:35:00+0530,57291.1484375,57312.69921875,57281.75,57297.44921875,0.0
2026-07-31 14:40:00+0530,57298.25,57303.6015625,57253.1484375,57264.1015625,0.0
2026-07-31 14:45:00+0530,57262.69921875,57274.69921875,57252.19921875,57268.5,0.0
2026-07-31 14:50:00+0530,57269.94921875,57280.0,57244.3984375,57264.69921875,0.0
2026-07-31 14:55:00+0530,57264.30078125,57265.44921875,57223.1015625,57237.3515625,0.0
2026-07-31 15:00:00+0530,57234.94921875,57300.8984375,57234.94921875,57299.19921875,0.0
2026-07-31 15:05:00+0530,57299.8984375,57302.3984375,57273.8515625,57297.3984375,0.0
2026-07-31 15:10:00+0530,57297.19921875,57301.0,57269.80078125,57276.19921875,0.0
2026-07-31 15:15:00+0530,57272.69921875,57276.75,57248.94921875,57256.8515625,0.0
2026-07-31 15:20:00+0530,57256.1015625,57263.80078125,57243.44921875,57251.44921875,0.0
2026-07-31 15:25:00+0530,57255.80078125,57259.75,57196.44921875,57214.1015625,0.0
2026-08-03 09:15:00+0530,57569.6015625,57619.8515625,57470.44921875,57541.69921875,0.0
2026-08-03 09:20:00+0530,57535.19921875,57561.55078125,57489.30078125,57547.3984375,0.0
2026-08-03 09:25:00+0530,57548.1015625,57605.44921875,57536.19921875,57587.1484375,0.0
2026-08-03 09:30:00+0530,57586.5,57611.55078125,57574.3515625,57606.6484375,0.0
2026-08-03 09:35:00+0530,57608.44921875,57704.6484375,57603.75,57702.0,0.0
2026-08-03 09:40:00+0530,57699.19921875,57771.75,57684.6484375,57766.5,0.0
2026-08-03 09:45:00+0530,57768.94921875,57800.1484375,57750.6015625,57754.6484375,0.0
2026-08-03 09:50:00+0530,57755.25,57801.8984375,57749.3984375,57796.8515625,0.0
2026-08-03 09:55:00+0530,57796.1484375,57821.6015625,57788.30078125,57798.94921875,0.0
2026-08-03 10:00:00+0530,57798.8515625,57818.44921875,57758.30078125,57814.8515625,0.0
2026-08-03 10:05:00+0530,57815.8515625,57835.3984375,57759.8984375,57788.75,0.0
2026-08-03 10:10:00+0530,57788.05078125,57797.69921875,57765.44921875,57781.8984375,0.0
2026-08-03 10:15:00+0530,57780.69921875,57790.94921875,57744.6484375,57784.0,0.0
2026-08-03 10:20:00+0530,57786.05078125,57786.6484375,57737.69921875,57755.05078125,0.0
2026-08-03 10:25:00+0530,57756.0,57785.6484375,57746.3984375,57776.1484375,0.0
2026-08-03 10:30:00+0530,57776.69921875,57801.19921875,57736.8515625,57757.5,0.0
2026-08-03 10:35:00+0530,57758.19921875,57760.1484375,57710.69921875,57728.44921875,0.0
2026-08-03 10:40:00+0530,57729.0,57768.75,57720.25,57757.05078125,0.0
2026-08-03 10:45:00+0530,57757.75,57781.1015625,57751.1015625,57773.3984375,0.0
2026-08-03 10:50:00+0530,57770.30078125,57787.1484375,57765.8984375,57774.8984375,0.0
2026-08-03 10:55:00+0530,57774.8984375,57795.94921875,57740.94921875,57764.1015625,0.0
2026-08-03 11:00:00+0530,57764.1015625,57795.30078125,57761.0,57791.05078125,0.0
2026-08-03 11:05:00+0530,57791.1484375,57853.30078125,57785.3984375,57827.69921875,0.0
2026-08-03 11:10:00+0530,57826.19921875,57848.94921875,57804.94921875,57814.3515625,0.0
2026-08-03 11:15:00+0530,57812.3515625,57842.0,57812.3515625,57826.6015625,0.0
2026-08-03 11:20:00+0530,57828.05078125,57837.55078125,57804.6015625,57812.3984375,0.0
2026-08-03 11:25:00+0530,57812.3984375,57829.5,57787.30078125,57827.6015625,0.0
2026-08-03 11:30:00+0530,57828.94921875,57836.0,57798.94921875,57804.6484375,0.0
2026-08-03 11:35:00+0530,57803.55078125,57821.5,57790.8515625,57813.0,0.0
2026-08-03 11:40:00+0530,57814.1015625,57831.55078125,57780.25,57791.0,0.0
2026-08-03 11:45:00+0530,57791.0,57804.19921875,57768.75,57802.69921875,0.0
2026-08-03 11:50:00+0530,57802.69921875,57825.19921875,57786.3984375,57798.8984375,0.0
2026-08-03 11:55:00+0530,57798.8984375,57803.6015625,57780.25,57790.55078125,0.0
2026-08-03 12:00:00+0530,57791.69921875,57799.44921875,57772.5,57796.1015625,0.0
2026-08-03 12:05:00+0530,57797.55078125,57809.80078125,57786.75,57802.69921875,0.0
2026-08-03 12:10:00+0530,57802.3984375,57816.6015625,57786.6484375,57809.8515625,0.0
2026-08-03 12:15:00+0530,57812.80078125,57823.19921875,57787.0,57790.1484375,0.0
2026-08-03 12:20:00+0530,57789.55078125,57796.1015625,57760.5,57778.1015625,0.0
2026-08-03 12:25:00+0530,57779.19921875,57785.25,57766.05078125,57776.3515625,0.0
2026-08-03 12:30:00+0530,57774.25,57781.69921875,57734.6484375,57736.8984375,0.0
2026-08-03 12:35:00+0530,57736.8984375,57743.6015625,57693.8515625,57695.0,0.0
2026-08-03 12:40:00+0530,57697.5,57735.0,57694.3515625,57723.75,0.0
2026-08-03 12:45:00+0530,57725.0,57741.1484375,57644.69921875,57670.75,0.0
2026-08-03 12:50:00+0530,57673.5,57700.3984375,57663.5,57695.5,0.0
2026-08-03 12:55:00+0530,57694.55078125,57706.30078125,57680.3515625,57690.69921875,0.0
2026-08-03 13:00:00+0530,57691.25,57692.6015625,57654.8515625,57669.1484375,0.0
2026-08-03 13:05:00+0530,57668.30078125,57686.94921875,57660.19921875,57682.94921875,0.0
2026-08-03 13:10:00+0530,57685.75,57695.19921875,57671.19921875,57689.69921875,0.0
2026-08-03 13:15:00+0530,57690.0,57703.3515625,57680.6484375,57694.75,0.0
2026-08-03 13:20:00+0530,57699.94921875,57701.1484375,57675.8984375,57677.25,0.0
2026-08-03 13:25:00+0530,57678.6484375,57697.0,57675.55078125,57694.5,0.0
2026-08-03 13:30:00+0530,57691.0,57733.8984375,57684.0,57728.3515625,0.0
2026-08-03 13:35:00+0530,57728.55078125,57757.19921875,57712.6015625,57722.1015625,0.0
2026-08-03 13:40:00+0530,57721.3984375,57728.8984375,57688.80078125,57720.25,0.0
2026-08-03 13:45:00+0530,57720.25,57735.05078125,57708.94921875,57713.8984375,0.0
2026-08-03 13:50:00+0530,57712.6015625,57723.1015625,57704.44921875,57717.3515625,0.0
2026-08-03 13:55:00+0530,57715.0,57745.25,57707.8984375,57729.94921875,0.0
2026-08-03 14:00:00+0530,57729.94921875,57746.1015625,57721.30078125,57742.25,0.0
2026-08-03 14:05:00+0530,57742.94921875,57754.1484375,57732.6484375,57741.30078125,0.0
2026-08-03 14:10:00+0530,57745.0,57754.6484375,57722.8515625,57743.94921875,0.0
2026-08-03 14:15:00+0530,57748.6484375,57753.6015625,57716.75,57734.0,0.0
2026-08-03 14:20:00+0530,57735.75,57755.6015625,57717.0,57733.69921875,0.0
2026-08-03 14:25:00+0530,57733.30078125,57761.0,57730.1484375,57739.3984375,0.0
2026-08-03 14:30:00+0530,57740.0,57750.94921875,57721.6484375,57739.44921875,0.0
2026-08-03 14:35:00+0530,57740.0,57766.5,57724.69921875,57754.3984375,0.0
2026-08-03 14:40:00+0530,57756.05078125,57776.1484375,57739.25,57749.0,0.0
2026-08-03 14:45:00+0530,57753.30078125,57786.3515625,57740.80078125,57785.0,0.0
2026-08-03 14:50:00+0530,57785.1015625,57792.1015625,57741.94921875,57746.55078125,0.0
2026-08-03 14:55:00+0530,57751.25,57775.3984375,57746.75,57754.0,0.0
2026-08-03 15:00:00+0530,57753.30078125,57763.94921875,57701.69921875,57712.75,0.0
2026-08-03 15:05:00+0530,57712.3984375,57712.3984375,57638.6484375,57674.0,0.0
2026-08-03 15:10:00+0530,57674.25,57720.5,57629.69921875,57680.8984375,0.0
2026-08-03 15:15:00+0530,57683.69921875,57683.69921875,57683.69921875,57683.69921875,0.0
2026-08-03 15:20:00+0530,57683.69921875,57683.69921875,57683.69921875,57683.69921875,0.0
2026-08-03 15:25:00+0530,57683.69921875,58247.94921875,57683.69921875,58247.94921875,0.0
2026-08-04 09:15:00+0530,58038.6484375,58038.6484375,57655.6484375,57810.6015625,0.0
2026-08-04 09:20:00+0530,57816.3515625,57843.6015625,57786.1484375,57810.80078125,0.0
2026-08-04 09:25:00+0530,57817.5,57826.75,57744.69921875,57754.05078125,0.0
2026-08-04 09:30:00+0530,57754.44921875,57797.8515625,57735.3984375,57740.1484375,0.0
2026-08-04 09:35:00+0530,57739.3984375,57780.8515625,57737.19921875,57778.30078125,0.0
2026-08-04 09:40:00+0530,57778.0,57834.1484375,57773.1015625,57827.3984375,0.0
2026-08-04 09:45:00+0530,57829.6484375,57866.44921875,57825.75,57859.8515625,0.0
2026-08-04 09:50:00+0530,57862.3984375,57894.3984375,57848.55078125,57862.8515625,0.0
2026-08-04 09:55:00+0530,57863.8984375,57884.0,57848.8984375,57870.19921875,0.0
2026-08-04 10:00:00+0530,57869.6015625,57925.3984375,57869.6015625,57903.3515625,0.0
2026-08-04 10:05:00+0530,57902.19921875,57926.44921875,57859.5,57861.8984375,0.0
2026-08-04 10:10:00+0530,57861.75,57877.30078125,57826.3984375,57831.1484375,0.0
2026-08-04 10:15:00+0530,57835.55078125,57879.1484375,57821.5,57863.75,0.0
2026-08-04 10:20:00+0530,57866.94921875,57871.55078125,57785.6015625,57788.80078125,0.0
2026-08-04 10:25:00+0530,57790.75,57800.6484375,57769.55078125,57778.0,0.0
2026-08-04 10:30:00+0530,57774.6015625,57780.1015625,57722.8984375,57740.3984375,0.0
2026-08-04 10:35:00+0530,57741.0,57762.19921875,57733.0,57747.94921875,0.0
2026-08-04 10:40:00+0530,57754.1015625,57769.55078125,57742.55078125,57749.94921875,0.0
2026-08-04 10:45:00+0530,57752.8984375,57767.44921875,57724.3515625,57731.75,0.0
2026-08-04 10:50:00+0530,57728.0,57753.5,57704.3984375,57707.94921875,0.0
2026-08-04 10:55:00+0530,57707.25,57715.1015625,57682.80078125,57698.30078125,0.0
2026-08-04 11:00:00+0530,57702.75,57732.3515625,57690.80078125,57729.3515625,0.0
2026-08-04 11:05:00+0530,57733.75,57735.1484375,57685.55078125,57689.30078125,0.0
2026-08-04 11:10:00+0530,57695.1015625,57705.44921875,57684.3984375,57697.5,0.0
2026-08-04 11:15:00+0530,57696.8515625,57701.8984375,57670.69921875,57677.0,0.0
2026-08-04 11:20:00+0530,57677.44921875,57680.3515625,57647.5,57652.19921875,0.0
2026-08-04 11:25:00+0530,57654.69921875,57667.8984375,57645.55078125,57657.19921875,0.0
2026-08-04 11:30:00+0530,57657.5,57664.6484375,57597.3515625,57607.6484375,0.0
2026-08-04 11:35:00+0530,57613.1484375,57617.8515625,57574.5,57588.0,0.0
2026-08-04 11:40:00+0530,57590.69921875,57595.94921875,57558.55078125,57588.94921875,0.0
2026-08-04 11:45:00+0530,57588.30078125,57590.75,57520.6015625,57525.75,0.0
2026-08-04 11:50:00+0530,57533.19921875,57570.25,57524.0,57557.1015625,0.0
2026-08-04 11:55:00+0530,57559.8984375,57566.75,57530.8984375,57537.55078125,0.0
2026-08-04 12:00:00+0530,57537.55078125,57550.94921875,57487.8515625,57540.6484375,0.0
2026-08-04 12:05:00+0530,57539.3984375,57558.69921875,57500.6484375,57512.6484375,0.0
2026-08-04 12:10:00+0530,57512.6484375,57548.05078125,57498.94921875,57542.6484375,0.0
2026-08-04 12:15:00+0530,57547.1484375,57589.94921875,57530.69921875,57582.3984375,0.0
2026-08-04 12:20:00+0530,57585.55078125,57588.0,57533.8984375,57557.5,0.0
2026-08-04 12:25:00+0530,57557.19921875,57563.6015625,57541.0,57558.6015625,0.0
2026-08-04 12:30:00+0530,57556.94921875,57566.3515625,57539.94921875,57543.3984375,0.0
2026-08-04 12:35:00+0530,57543.3984375,57547.1484375,57476.55078125,57514.69921875,0.0
2026-08-04 12:40:00+0530,57517.5,57521.44921875,57462.3515625,57476.8515625,0.0
2026-08-04 12:45:00+0530,57478.05078125,57504.75,57472.0,57488.8984375,0.0
2026-08-04 12:50:00+0530,57491.6484375,57511.69921875,57483.6484375,57497.75,0.0
2026-08-04 12:55:00+0530,57497.75,57498.30078125,57441.8515625,57444.6484375,0.0
2026-08-04 13:00:00+0530,57444.8515625,57480.8984375,57426.55078125,57475.3984375,0.0
2026-08-04 13:05:00+0530,57477.19921875,57487.3515625,57452.5,57460.0,0.0
2026-08-04 13:10:00+0530,57462.94921875,57474.55078125,57443.6484375,57452.94921875,0.0
2026-08-04 13:15:00+0530,57457.55078125,57463.1484375,57426.8984375,57459.1484375,0.0
2026-08-04 13:20:00+0530,57452.75,57460.05078125,57407.6015625,57453.05078125,0.0
2026-08-04 13:25:00+0530,57453.8515625,57454.1015625,57402.75,57405.44921875,0.0
2026-08-04 13:30:00+0530,57410.3984375,57411.80078125,57381.8984375,57398.3515625,0.0
2026-08-04 13:35:00+0530,57399.6015625,57431.75,57384.8984375,57425.19921875,0.0
2026-08-04 13:40:00+0530,57425.3515625,57434.94921875,57397.75,57397.75,0.0
2026-08-04 13:45:00+0530,57397.80078125,57428.1015625,57378.0,57422.19921875,0.0
2026-08-04 13:50:00+0530,57423.44921875,57439.8515625,57376.25,57390.5,0.0
2026-08-04 13:55:00+0530,57390.1484375,57406.80078125,57352.6484375,57400.3984375,0.0
2026-08-04 14:00:00+0530,57403.5,57404.19921875,57369.80078125,57394.80078125,0.0
2026-08-04 14:05:00+0530,57397.94921875,57449.1484375,57390.44921875,57431.94921875,0.0
2026-08-04 14:10:00+0530,57434.44921875,57476.25,57428.3984375,57475.1484375,0.0
2026-08-04 14:15:00+0530,57477.0,57524.05078125,57472.1015625,57521.1484375,0.0
2026-08-04 14:20:00+0530,57520.8984375,57531.80078125,57486.25,57511.30078125,0.0
2026-08-04 14:25:00+0530,57513.44921875,57522.19921875,57463.55078125,57486.80078125,0.0
2026-08-04 14:30:00+0530,57491.6484375,57542.0,57468.8515625,57489.5,0.0
2026-08-04 14:35:00+0530,57493.55078125,57520.19921875,57469.05078125,57493.19921875,0.0
2026-08-04 14:40:00+0530,57495.8984375,57503.5,57464.1015625,57465.80078125,0.0
2026-08-04 14:45:00+0530,57470.3984375,57506.1484375,57461.80078125,57497.5,0.0
2026-08-04 14:50:00+0530,57496.6484375,57515.1015625,57491.55078125,57506.25,0.0
2026-08-04 14:55:00+0530,57506.25,57524.6015625,57486.8515625,57496.8515625,0.0
2026-08-04 15:00:00+0530,57500.44921875,57516.3515625,57464.3515625,57475.8984375,0.0
2026-08-04 15:05:00+0530,57480.1484375,57483.3984375,57454.75,57463.25,0.0
2026-08-04 15:10:00+0530,57470.25,57495.6015625,57433.3515625,57492.75,0.0
2026-08-04 15:15:00+0530,57492.75,57492.75,57492.75,57492.75,0.0
2026-08-04 15:20:00+0530,57492.75,57492.75,57492.75,57492.75,0.0
2026-08-04 15:25:00+0530,57492.75,57907.19921875,57492.75,57907.19921875,0.0
2026-08-05 09:15:00+0530,57810.05078125,57925.80078125,57654.69921875,57857.8515625,0.0
2026-08-05 09:20:00+0530,57859.94921875,57922.3515625,57851.6015625,57875.25,0.0
2026-08-05 09:25:00+0530,57871.6484375,57881.69921875,57825.5,57835.44921875,0.0
2026-08-05 09:30:00+0530,57837.5,57920.44921875,57826.69921875,57879.1484375,0.0
2026-08-05 09:35:00+0530,57885.5,57912.69921875,57840.3984375,57906.3515625,0.0
2026-08-05 09:40:00+0530,57909.75,57916.5,57879.8515625,57891.44921875,0.0
2026-08-05 09:45:00+0530,57895.6015625,57929.69921875,57881.8515625,57905.55078125,0.0
2026-08-05 09:50:00+0530,57908.6484375,57920.3984375,57812.05078125,57813.30078125,0.0
2026-08-05 09:55:00+0530,57816.1484375,57857.05078125,57792.6015625,57853.8984375,0.0
2026-08-05 10:00:00+0530,57856.80078125,57926.1484375,57840.75,57921.05078125,0.0
2026-08-05 10:05:00+0530,57920.5,57920.6015625,57810.44921875,57847.44921875,0.0
2026-08-05 10:10:00+0530,57849.6484375,57885.80078125,57834.8515625,57881.75,0.0
2026-08-05 10:15:00+0530,57881.3984375,57881.8515625,57832.75,57863.55078125,0.0
2026-08-05 10:20:00+0530,57865.5,57921.5,57864.55078125,57879.1484375,0.0
2026-08-05 10:25:00+0530,57878.8515625,57879.5,57702.25,57705.19921875,0.0
2026-08-05 10:30:00+0530,57705.0,57705.0,57595.6015625,57690.0,0.0
2026-08-05 10:35:00+0530,57690.8515625,57746.3515625,57685.80078125,57709.5,0.0
2026-08-05 10:40:00+0530,57710.8515625,57755.94921875,57707.05078125,57735.80078125,0.0
2026-08-05 10:45:00+0530,57735.44921875,57823.0,57732.30078125,57817.5,0.0
2026-08-05 10:50:00+0530,57820.94921875,57853.1015625,57779.0,57816.1484375,0.0
2026-08-05 10:55:00+0530,57817.8515625,57853.3515625,57806.44921875,57845.75,0.0
2026-08-05 11:00:00+0530,57846.8984375,57875.6484375,57832.1015625,57845.8515625,0.0
2026-08-05 11:05:00+0530,57845.8515625,57867.1015625,57789.55078125,57792.80078125,0.0
2026-08-05 11:10:00+0530,57791.8515625,57828.80078125,57756.1484375,57800.55078125,0.0
2026-08-05 11:15:00+0530,57803.44921875,57815.1015625,57767.3984375,57773.6015625,0.0
2026-08-05 11:20:00+0530,57775.05078125,57796.80078125,57751.8984375,57763.8515625,0.0
2026-08-05 11:25:00+0530,57766.05078125,57767.6015625,57731.30078125,57743.0,0.0
2026-08-05 11:30:00+0530,57737.8984375,57754.55078125,57702.69921875,57710.44921875,0.0
2026-08-05 11:35:00+0530,57710.44921875,57728.3984375,57696.30078125,57722.69921875,0.0
2026-08-05 11:40:00+0530,57724.5,57730.8515625,57694.80078125,57699.5,0.0
2026-08-05 11:45:00+0530,57700.44921875,57707.25,57663.94921875,57678.6015625,0.0
2026-08-05 11:50:00+0530,57679.8515625,57683.30078125,57631.8984375,57643.05078125,0.0
2026-08-05 11:55:00+0530,57643.75,57670.55078125,57620.30078125,57658.75,0.0
2026-08-05 12:00:00+0530,57657.05078125,57683.6015625,57647.6015625,57681.3984375,0.0
2026-08-05 12:05:00+0530,57683.0,57703.3515625,57661.69921875,57691.0,0.0
2026-08-05 12:10:00+0530,57692.75,57695.1484375,57647.6484375,57685.44921875,0.0
2026-08-05 12:15:00+0530,57686.44921875,57696.5,57640.3515625,57643.1015625,0.0
2026-08-05 12:20:00+0530,57639.6484375,57697.55078125,57637.19921875,57688.80078125,0.0
2026-08-05 12:25:00+0530,57686.69921875,57697.55078125,57655.19921875,57661.6015625,0.0
2026-08-05 12:30:00+0530,57664.69921875,57668.30078125,57596.8984375,57602.30078125,0.0
2026-08-05 12:35:00+0530,57601.44921875,57605.75,57566.3515625,57599.80078125,0.0
2026-08-05 12:40:00+0530,57600.1015625,57619.75,57557.69921875,57580.55078125,0.0
2026-08-05 12:45:00+0530,57579.8515625,57592.1015625,57554.1015625,57559.8984375,0.0
2026-08-05 12:50:00+0530,57560.6015625,57566.3984375,57539.75,57555.05078125,0.0
2026-08-05 12:55:00+0530,57557.69921875,57571.8515625,57540.5,57545.5,0.0
2026-08-05 13:00:00+0530,57549.19921875,57595.1015625,57529.5,57580.05078125,0.0
2026-08-05 13:05:00+0530,57583.75,57583.75,57509.80078125,57561.1484375,0.0
2026-08-05 13:10:00+0530,57561.1484375,57569.8984375,57512.3515625,57540.80078125,0.0
2026-08-05 13:15:00+0530,57544.80078125,57586.3984375,57528.6015625,57582.80078125,0.0
2026-08-05 13:20:00+0530,57583.5,57604.0,57526.55078125,57533.1484375,0.0
2026-08-05 13:25:00+0530,57534.1484375,57535.30078125,57493.44921875,57532.0,0.0
2026-08-05 13:30:00+0530,57531.80078125,57550.69921875,57506.1015625,57517.8515625,0.0
2026-08-05 13:35:00+0530,57517.05078125,57538.94921875,57505.55078125,57516.55078125,0.0
2026-08-05 13:40:00+0530,57515.3515625,57526.80078125,57457.05078125,57472.8984375,0.0
2026-08-05 13:45:00+0530,57472.6015625,57570.6015625,57459.3515625,57568.3984375,0.0
2026-08-05 13:50:00+0530,57570.1484375,57589.1015625,57508.69921875,57540.25,0.0
2026-08-05 13:55:00+0530,57540.5,57543.75,57515.1015625,57540.69921875,0.0
2026-08-05 14:00:00+0530,57541.80078125,57569.80078125,57538.0,57562.1015625,0.0
2026-08-05 14:05:00+0530,57562.3515625,57582.25,57547.0,57556.75,0.0
2026-08-05 14:10:00+0530,57557.55078125,57599.8515625,57551.6015625,57559.05078125,0.0
2026-08-05 14:15:00+0530,57561.8984375,57566.55078125,57510.80078125,57541.3984375,0.0
2026-08-05 14:20:00+0530,57541.69921875,57561.3515625,57522.8515625,57533.6015625,0.0
2026-08-05 14:25:00+0530,57533.6015625,57542.6484375,57509.3515625,57520.6484375,0.0
2026-08-05 14:30:00+0530,57523.05078125,57538.8515625,57507.1484375,57509.30078125,0.0
2026-08-05 14:35:00+0530,57509.0,57552.75,57499.1484375,57532.8984375,0.0
2026-08-05 14:40:00+0530,57531.80078125,57532.75,57496.30078125,57502.6484375,0.0
2026-08-05 14:45:00+0530,57500.6015625,57541.1484375,57496.1015625,57535.69921875,0.0
2026-08-05 14:50:00+0530,57535.6015625,57540.3515625,57501.1484375,57507.80078125,0.0
2026-08-05 14:55:00+0530,57507.80078125,57557.44921875,57486.8515625,57543.6015625,0.0
2026-08-05 15:00:00+0530,57542.1015625,57580.1484375,57524.05078125,57561.6484375,0.0
2026-08-05 15:05:00+0530,57564.69921875,57591.80078125,57535.44921875,57584.69921875,0.0
2026-08-05 15:10:00+0530,57589.80078125,57655.25,57567.8515625,57631.25,0.0
2026-08-05 15:15:00+0530,57629.75,57629.75,57629.75,57629.75,0.0
2026-08-05 15:20:00+0530,57629.75,57629.75,57629.75,57629.75,0.0
2026-08-05 15:25:00+0530,57629.75,57739.94921875,57629.75,57739.94921875,0.0
2026-08-06 09:15:00+0530,57816.30078125,57816.30078125,57716.8984375,57751.05078125,0.0
2026-08-06 09:20:00+0530,57753.75,57812.3984375,57733.44921875,57799.80078125,0.0
2026-08-06 09:25:00+0530,57799.19921875,57858.05078125,57784.94921875,57793.25,0.0
2026-08-06 09:30:00+0530,57798.69921875,57816.5,57743.8984375,57750.69921875,0.0
2026-08-06 09:35:00+0530,57752.1484375,57840.69921875,57748.3515625,57820.94921875,0.0
2026-08-06 09:40:00+0530,57823.3515625,57835.8515625,57798.75,57828.8984375,0.0
2026-08-06 09:45:00+0530,57833.05078125,57878.05078125,57828.6015625,57861.05078125,0.0
2026-08-06 09:50:00+0530,57861.25,57869.94921875,57835.19921875,57852.44921875,0.0
2026-08-06 09:55:00+0530,57852.6484375,57853.0,57784.6015625,57795.94921875,0.0
2026-08-06 10:00:00+0530,57796.5,57796.5,57718.6484375,57746.1484375,0.0
2026-08-06 10:05:00+0530,57746.1484375,57787.69921875,57727.30078125,57776.1484375,0.0
2026-08-06 10:10:00+0530,57777.55078125,57808.69921875,57770.19921875,57796.75,0.0
2026-08-06 10:15:00+0530,57797.1484375,57802.3984375,57779.75,57782.80078125,0.0
2026-08-06 10:20:00+0530,57782.69921875,57862.8984375,57780.19921875,57861.6484375,0.0
2026-08-06 10:25:00+0530,57862.19921875,57864.25,57827.8984375,57857.30078125,0.0
2026-08-06 10:30:00+0530,57857.8984375,57893.3515625,57852.75,57857.6484375,0.0
2026-08-06 10:35:00+0530,57855.05078125,57874.44921875,57828.3984375,57868.30078125,0.0
2026-08-06 10:40:00+0530,57866.25,57879.8515625,57850.55078125,57876.8984375,0.0
2026-08-06 10:45:00+0530,57879.6015625,57881.8984375,57849.6015625,57876.8515625,0.0
2026-08-06 10:50:00+0530,57873.3515625,57886.25,57848.6015625,57870.6015625,0.0
2026-08-06 10:55:00+0530,57870.30078125,57911.8984375,57863.75,57899.6484375,0.0
2026-08-06 11:00:00+0530,57900.1015625,57924.3515625,57885.94921875,57914.55078125,0.0
2026-08-06 11:05:00+0530,57913.3984375,57923.75,57886.94921875,57894.3984375,0.0
2026-08-06 11:10:00+0530,57895.8515625,57915.69921875,57880.44921875,57905.1484375,0.0
2026-08-06 11:15:00+0530,57910.6015625,57917.94921875,57880.8984375,57913.69921875,0.0
2026-08-06 11:20:00+0530,57914.3515625,57925.3515625,57902.3984375,57918.19921875,0.0
2026-08-06 11:25:00+0530,57919.8984375,57929.1484375,57896.05078125,57911.8984375,0.0
2026-08-06 11:30:00+0530,57912.05078125,57926.55078125,57893.1015625,57902.6484375,0.0
2026-08-06 11:35:00+0530,57901.80078125,57907.8984375,57872.1015625,57901.75,0.0
2026-08-06 11:40:00+0530,57902.55078125,57912.05078125,57855.1015625,57860.1015625,0.0
2026-08-06 11:45:00+0530,57859.94921875,57873.55078125,57850.8984375,57863.3515625,0.0
2026-08-06 11:50:00+0530,57864.1484375,57917.1015625,57861.3984375,57914.8515625,0.0
2026-08-06 11:55:00+0530,57914.8515625,57958.3984375,57908.44921875,57944.0,0.0
2026-08-06 12:00:00+0530,57941.80078125,57956.19921875,57931.25,57944.6484375,0.0
2026-08-06 12:05:00+0530,57942.5,57960.30078125,57932.5,57939.3984375,0.0
2026-08-06 12:10:00+0530,57939.8984375,57953.44921875,57920.80078125,57936.8515625,0.0
2026-08-06 12:15:00+0530,57937.94921875,57985.05078125,57934.75,57947.3515625,0.0
2026-08-06 12:20:00+0530,57948.3515625,57962.6015625,57935.8984375,57949.6484375,0.0
2026-08-06 12:25:00+0530,57949.8515625,57962.1015625,57942.0,57958.94921875,0.0
2026-08-06 12:30:00+0530,57961.19921875,57966.05078125,57931.1015625,57958.55078125,0.0
2026-08-06 12:35:00+0530,57958.55078125,57963.3984375,57935.3515625,57947.6484375,0.0
2026-08-06 12:40:00+0530,57946.94921875,57965.6015625,57932.19921875,57950.6484375,0.0
2026-08-06 12:45:00+0530,57947.44921875,57956.6015625,57904.25,57909.1015625,0.0
2026-08-06 12:50:00+0530,57909.6015625,57920.25,57889.05078125,57904.8515625,0.0
2026-08-06 12:55:00+0530,57905.6484375,57948.1015625,57883.30078125,57933.8984375,0.0
2026-08-06 13:00:00+0530,57934.8984375,57963.44921875,57928.3515625,57938.05078125,0.0
2026-08-06 13:05:00+0530,57940.3984375,57959.19921875,57905.25,57919.69921875,0.0
2026-08-06 13:10:00+0530,57918.75,57971.05078125,57907.55078125,57932.6015625,0.0
2026-08-06 13:15:00+0530,57933.8984375,57993.94921875,57907.75,57980.0,0.0
2026-08-06 13:20:00+0530,57979.8515625,58001.8515625,57930.8984375,57935.55078125,0.0
2026-08-06 13:25:00+0530,57936.1484375,57974.30078125,57925.1484375,57956.5,0.0
2026-08-06 13:30:00+0530,57959.1484375,57988.44921875,57942.75,57956.3984375,0.0
2026-08-06 13:35:00+0530,57958.1015625,58002.3984375,57941.8515625,57972.30078125,0.0
2026-08-06 13:40:00+0530,57959.5,58015.55078125,57955.55078125,57996.8515625,0.0
2026-08-06 13:45:00+0530,57996.94921875,58007.0,57970.1484375,57977.55078125,0.0
2026-08-06 13:50:00+0530,57975.94921875,58021.0,57962.80078125,58002.3984375,0.0
2026-08-06 13:55:00+0530,58006.25,58053.6015625,57980.8515625,58042.5,0.0
2026-08-06 14:00:00+0530,58038.05078125,58048.5,58006.94921875,58027.80078125,0.0
2026-08-06 14:05:00+0530,58025.0,58069.25,58020.3515625,58032.6015625,0.0
2026-08-06 14:10:00+0530,58032.55078125,58076.6015625,58028.6484375,58054.1484375,0.0
2026-08-06 14:15:00+0530,58054.19921875,58072.19921875,58049.0,58059.19921875,0.0
2026-08-06 14:20:00+0530,58055.6484375,58065.8515625,58033.0,58050.75,0.0
2026-08-06 14:25:00+0530,58051.69921875,58068.6484375,58030.1015625,58035.94921875,0.0
2026-08-06 14:30:00+0530,58034.80078125,58046.55078125,57971.75,58022.75,0.0
2026-08-06 14:35:00+0530,58023.6015625,58041.80078125,58014.69921875,58020.75,0.0
2026-08-06 14:40:00+0530,58020.75,58050.5,58004.19921875,58032.44921875,0.0
2026-08-06 14:45:00+0530,58036.75,58045.8984375,58016.8515625,58031.1484375,0.0
2026-08-06 14:50:00+0530,58030.8515625,58049.94921875,58012.8984375,58019.3515625,0.0
2026-08-06 14:55:00+0530,58015.80078125,58015.94921875,57981.6484375,58009.69921875,0.0
2026-08-06 15:00:00+0530,58010.5,58036.44921875,57984.3984375,58003.3515625,0.0
2026-08-06 15:05:00+0530,58005.5,58054.05078125,57998.3984375,58016.0,0.0
2026-08-06 15:10:00+0530,58016.8984375,58044.05078125,57983.3515625,58014.69921875,0.0
2026-08-06 15:15:00+0530,58007.94921875,58007.94921875,58007.94921875,58007.94921875,0.0
2026-08-06 15:20:00+0530,58007.94921875,58007.94921875,58007.94921875,58007.94921875,0.0
2026-08-06 15:25:00+0530,58007.94921875,58063.6484375,58007.94921875,58063.6484375,0.0
2026-08-07 09:15:00+0530,57882.0,57936.3984375,57795.05078125,57863.55078125,0.0
2026-08-07 09:20:00+0530,57863.55078125,57913.6484375,57840.19921875,57874.8515625,0.0
2026-08-07 09:25:00+0530,57878.6015625,57908.5,57853.44921875,57888.69921875,0.0
2026-08-07 09:30:00+0530,57889.25,57906.44921875,57869.55078125,57885.3515625,0.0
2026-08-07 09:35:00+0530,57887.1484375,57910.6015625,57879.55078125,57886.8515625,0.0
2026-08-07 09:40:00+0530,57888.25,57899.1015625,57855.25,57897.6015625,0.0
2026-08-07 09:45:00+0530,57898.1484375,57899.19921875,57856.8984375,57873.69921875,0.0
2026-08-07 09:50:00+0530,57874.3984375,57955.05078125,57872.75,57939.6015625,0.0
2026-08-07 09:55:00+0530,57944.75,57952.0,57922.3984375,57928.25,0.0
2026-08-07 10:00:00+0530,57928.3984375,57936.69921875,57907.1484375,57929.94921875,0.0
2026-08-07 10:05:00+0530,57930.3515625,57964.19921875,57911.05078125,57946.0,0.0
2026-08-07 10:10:00+0530,57947.30078125,57962.05078125,57904.8984375,57917.6484375,0.0
2026-08-07 10:15:00+0530,57921.19921875,57928.69921875,57861.6015625,57872.69921875,0.0
2026-08-07 10:20:00+0530,57873.80078125,57907.44921875,57863.8984375,57868.1015625,0.0
2026-08-07 10:25:00+0530,57870.19921875,57880.25,57823.6015625,57836.25,0.0
2026-08-07 10:30:00+0530,57839.30078125,57839.30078125,57788.30078125,57823.6484375,0.0
2026-08-07 10:35:00+0530,57825.05078125,57856.3984375,57818.80078125,57852.5,0.0
2026-08-07 10:40:00+0530,57852.19921875,57853.3515625,57803.94921875,57812.1015625,0.0
2026-08-07 10:45:00+0530,57814.25,57860.3984375,57794.5,57842.19921875,0.0
2026-08-07 10:50:00+0530,57840.1015625,57848.30078125,57813.69921875,57839.55078125,0.0
2026-08-07 10:55:00+0530,57841.3984375,57861.25,57800.25,57800.25,0.0
2026-08-07 11:00:00+0530,57803.25,57813.8515625,57740.94921875,57747.1484375,0.0
2026-08-07 11:05:00+0530,57749.3984375,57807.55078125,57747.44921875,57800.80078125,0.0
2026-08-07 11:10:00+0530,57804.1484375,57829.05078125,57794.55078125,57810.05078125,0.0
2026-08-07 11:15:00+0530,57813.6484375,57813.6484375,57783.05078125,57805.80078125,0.0
2026-08-07 11:20:00+0530,57813.19921875,57847.3515625,57809.30078125,57841.6015625,0.0
2026-08-07 11:25:00+0530,57840.5,57853.25,57830.3984375,57838.6484375,0.0
2026-08-07 11:30:00+0530,57838.6484375,57842.8515625,57786.19921875,57790.8515625,0.0
2026-08-07 11:35:00+0530,57791.44921875,57794.80078125,57766.8515625,57794.80078125,0.0
2026-08-07 11:40:00+0530,57796.8984375,57798.80078125,57767.44921875,57779.0,0.0
2026-08-07 11:45:00+0530,57784.6484375,57788.55078125,57762.44921875,57767.75,0.0
2026-08-07 11:50:00+0530,57768.1484375,57772.8984375,57735.3984375,57749.8515625,0.0
2026-08-07 11:55:00+0530,57747.1015625,57773.44921875,57745.0,57770.75,0.0
2026-08-07 12:00:00+0530,57771.8515625,57790.0,57757.94921875,57759.30078125,0.0
2026-08-07 12:05:00+0530,57764.6484375,57768.0,57744.3515625,57747.5,0.0
2026-08-07 12:10:00+0530,57749.69921875,57757.80078125,57721.75,57726.25,0.0
2026-08-07 12:15:00+0530,57726.94921875,57731.0,57697.80078125,57707.75,0.0
2026-08-07 12:20:00+0530,57709.0,57752.0,57701.55078125,57725.5,0.0
2026-08-07 12:25:00+0530,57725.5,57794.8984375,57714.30078125,57776.75,0.0
2026-08-07 12:30:00+0530,57780.05078125,57797.75,57758.3515625,57791.5,0.0
2026-08-07 12:35:00+0530,57791.3984375,57796.30078125,57775.1484375,57786.8515625,0.0
2026-08-07 12:40:00+0530,57788.25,57791.69921875,57775.80078125,57782.0,0.0
2026-08-07 12:45:00+0530,57787.25,57812.75,57778.19921875,57804.44921875,0.0
2026-08-07 12:50:00+0530,57806.1015625,57813.69921875,57777.5,57787.44921875,0.0
2026-08-07 12:55:00+0530,57786.6015625,57792.69921875,57755.80078125,57774.8984375,0.0
2026-08-07 13:00:00+0530,57770.80078125,57784.1484375,57759.8984375,57773.6484375,0.0
2026-08-07 13:05:00+0530,57776.55078125,57806.25,57758.3515625,57764.1015625,0.0
2026-08-07 13:10:00+0530,57766.05078125,57789.3515625,57747.3984375,57751.69921875,0.0
2026-08-07 13:15:00+0530,57754.44921875,57772.1484375,57746.75,57757.8515625,0.0
2026-08-07 13:20:00+0530,57760.3984375,57791.0,57752.44921875,57785.0,0.0
2026-08-07 13:25:00+0530,57786.25,57801.3515625,57778.6484375,57782.19921875,0.0
2026-08-07 13:30:00+0530,57786.25,57792.5,57705.94921875,57722.75,0.0
2026-08-07 13:35:00+0530,57725.1484375,57745.44921875,57719.05078125,57728.44921875,0.0
2026-08-07 13:40:00+0530,57731.0,57731.44921875,57703.94921875,57714.8984375,0.0
2026-08-07 13:45:00+0530,57714.80078125,57904.1484375,57708.3515625,57894.05078125,0.0
2026-08-07 13:50:00+0530,57901.75,57993.75,57876.3515625,57878.55078125,0.0
2026-08-07 13:55:00+0530,57887.1484375,57912.75,57762.8984375,57859.75,0.0
2026-08-07 14:00:00+0530,57862.6015625,57945.80078125,57825.55078125,57838.30078125,0.0
2026-08-07 14:05:00+0530,57835.75,57862.69921875,57769.94921875,57802.30078125,0.0
2026-08-07 14:10:00+0530,57800.6015625,57832.5,57793.3515625,57818.0,0.0
2026-08-07 14:15:00+0530,57816.8515625,57868.44921875,57801.8515625,57832.25,0.0
2026-08-07 14:20:00+0530,57834.30078125,57884.8984375,57828.69921875,57877.3515625,0.0
2026-08-07 14:25:00+0530,57878.94921875,57900.1484375,57863.30078125,57879.5,0.0
2026-08-07 14:30:00+0530,57879.25,57884.19921875,57812.69921875,57859.8515625,0.0
2026-08-07 14:35:00+0530,57859.8515625,57895.6484375,57831.3984375,57837.69921875,0.0
2026-08-07 14:40:00+0530,57836.69921875,57846.94921875,57807.55078125,57827.30078125,0.0
2026-08-07 14:45:00+0530,57829.6484375,57836.80078125,57787.8984375,57810.5,0.0
2026-08-07 14:50:00+0530,57812.3984375,57813.25,57688.30078125,57704.3984375,0.0
2026-08-07 14:55:00+0530,57711.25,57761.80078125,57706.6015625,57754.05078125,0.0
2026-08-07 15:00:00+0530,57757.94921875,57805.75,57754.44921875,57790.0,0.0
2026-08-07 15:05:00+0530,57789.3984375,57814.8515625,57780.05078125,57812.1015625,0.0
2026-08-07 15:10:00+0530,57810.94921875,57865.3515625,57782.94921875,57782.94921875,0.0
2026-08-07 15:15:00+0530,57801.1484375,57801.1484375,57801.1484375,57801.1484375,0.0
2026-08-07 15:20:00+0530,57801.1484375,57801.1484375,57801.1484375,57801.1484375,0.0
2026-08-07 15:25:00+0530,57801.1484375,57801.1484375,57746.44921875,57746.44921875,0.0
2026-08-10 09:15:00+0530,57810.6015625,58012.6015625,57810.6015625,57884.19921875,0.0
2026-08-10 09:20:00+0530,57882.3515625,57937.25,57810.1015625,57810.1015625,0.0
2026-08-10 09:25:00+0530,57808.8984375,57814.75,57714.44921875,57717.19921875,0.0
2026-08-10 09:30:00+0530,57715.1015625,57730.8515625,57586.3984375,57588.6015625,0.0
2026-08-10 09:35:00+0530,57587.55078125,57624.3515625,57539.6015625,57613.8515625,0.0
2026-08-10 09:40:00+0530,57613.8515625,57633.55078125,57580.8515625,57630.80078125,0.0
2026-08-10 09:45:00+0530,57631.8515625,57672.6484375,57609.0,57615.1015625,0.0
2026-08-10 09:50:00+0530,57617.8984375,57633.0,57540.80078125,57563.1015625,0.0
2026-08-10 09:55:00+0530,57564.55078125,57587.25,57527.75,57584.94921875,0.0
2026-08-10 10:00:00+0530,57588.44921875,57663.94921875,57579.8984375,57621.05078125,0.0
2026-08-10 10:05:00+0530,57628.19921875,57645.0,57581.30078125,57593.8984375,0.0
2026-08-10 10:10:00+0530,57587.55078125,57638.80078125,57571.80078125,57624.80078125,0.0
2026-08-10 10:15:00+0530,57626.05078125,57710.5,57624.1484375,57709.44921875,0.0
2026-08-10 10:20:00+0530,57710.19921875,57727.69921875,57673.3515625,57704.44921875,0.0
2026-08-10 10:25:00+0530,57709.30078125,57719.69921875,57673.80078125,57713.80078125,0.0
2026-08-10 10:30:00+0530,57716.44921875,57727.19921875,57680.1484375,57700.3984375,0.0
2026-08-10 10:35:00+0530,57695.6484375,57721.75,57687.1484375,57707.1484375,0.0
2026-08-10 10:40:00+0530,57708.8515625,57741.6484375,57699.19921875,57728.55078125,0.0
2026-08-10 10:45:00+0530,57730.69921875,57776.8515625,57720.80078125,57748.1484375,0.0
2026-08-10 10:50:00+0530,57746.44921875,57751.8984375,57688.0,57698.6484375,0.0
2026-08-10 10:55:00+0530,57697.19921875,57710.19921875,57674.75,57687.69921875,0.0
2026-08-10 11:00:00+0530,57689.1484375,57706.6484375,57676.1484375,57695.30078125,0.0
2026-08-10 11:05:00+0530,57693.6484375,57714.5,57670.19921875,57692.19921875,0.0
2026-08-10 11:10:00+0530,57683.75,57720.19921875,57678.19921875,57716.0,0.0
2026-08-10 11:15:00+0530,57718.6015625,57723.30078125,57675.0,57693.19921875,0.0
2026-08-10 11:20:00+0530,57696.69921875,57711.55078125,57646.69921875,57667.94921875,0.0
2026-08-10 11:25:00+0530,57664.1015625,57688.75,57646.25,57678.19921875,0.0
2026-08-10 11:30:00+0530,57678.19921875,57683.30078125,57616.80078125,57636.6484375,0.0
2026-08-10 11:35:00+0530,57637.1484375,57666.94921875,57619.3984375,57662.44921875,0.0
2026-08-10 11:40:00+0530,57663.8984375,57677.8515625,57638.0,57645.19921875,0.0
2026-08-10 11:45:00+0530,57641.94921875,57679.44921875,57612.69921875,57656.1015625,0.0
2026-08-10 11:50:00+0530,57659.0,57683.69921875,57637.44921875,57637.8515625,0.0
2026-08-10 11:55:00+0530,57637.8515625,57661.05078125,57614.1015625,57643.55078125,0.0
2026-08-10 12:00:00+0530,57645.8984375,57654.80078125,57615.69921875,57649.75,0.0
2026-08-10 12:05:00+0530,57651.80078125,57674.6484375,57631.80078125,57670.6015625,0.0
2026-08-10 12:10:00+0530,57670.6015625,57693.69921875,57641.8984375,57682.1015625,0.0
2026-08-10 12:15:00+0530,57682.1015625,57709.0,57656.6015625,57667.30078125,0.0
2026-08-10 12:20:00+0530,57670.25,57682.94921875,57638.0,57647.69921875,0.0
2026-08-10 12:25:00+0530,57650.3515625,57698.75,57640.80078125,57688.75,0.0
2026-08-10 12:30:00+0530,57688.75,57711.05078125,57680.8984375,57693.6015625,0.0
2026-08-10 12:35:00+0530,57692.3515625,57708.1484375,57667.1484375,57698.1484375,0.0
2026-08-10 12:40:00+0530,57699.25,57714.5,57663.6484375,57668.1484375,0.0
2026-08-10 12:45:00+0530,57670.5,57682.05078125,57637.25,57644.80078125,0.0
2026-08-10 12:50:00+0530,57651.25,57660.25,57625.6015625,57629.75,0.0
2026-08-10 12:55:00+0530,57629.75,57638.30078125,57602.3515625,57626.94921875,0.0
2026-08-10 13:00:00+0530,57623.75,57643.55078125,57596.8515625,57634.3984375,0.0
2026-08-10 13:05:00+0530,57637.55078125,57640.80078125,57579.5,57589.3984375,0.0
2026-08-10 13:10:00+0530,57591.55078125,57600.5,57560.55078125,57578.8984375,0.0
2026-08-10 13:15:00+0530,57580.0,57618.69921875,57579.6484375,57604.5,0.0
2026-08-10 13:20:00+0530,57605.30078125,57620.1015625,57587.25,57607.19921875,0.0
2026-08-10 13:25:00+0530,57606.5,57618.80078125,57593.6484375,57601.1484375,0.0
2026-08-10 13:30:00+0530,57602.94921875,57624.19921875,57583.1015625,57613.69921875,0.0
2026-08-10 13:35:00+0530,57616.3984375,57630.5,57608.94921875,57625.1015625,0.0
2026-08-10 13:40:00+0530,57627.1484375,57651.8984375,57617.6484375,57646.55078125,0.0
2026-08-10 13:45:00+0530,57647.19921875,57666.3984375,57604.80078125,57631.05078125,0.0
2026-08-10 13:50:00+0530,57631.1484375,57645.30078125,57621.3515625,57629.1015625,0.0
2026-08-10 13:55:00+0530,57631.1484375,57640.5,57591.80078125,57608.3984375,0.0
2026-08-10 14:00:00+0530,57600.19921875,57617.80078125,57568.30078125,57593.94921875,0.0
2026-08-10 14:05:00+0530,57597.19921875,57651.75,57591.80078125,57635.75,0.0
2026-08-10 14:10:00+0530,57634.6015625,57648.80078125,57619.30078125,57630.8984375,0.0
2026-08-10 14:15:00+0530,57632.6015625,57650.8984375,57617.75,57620.8515625,0.0
2026-08-10 14:20:00+0530,57622.55078125,57645.5,57617.8984375,57640.44921875,0.0
2026-08-10 14:25:00+0530,57641.05078125,57650.55078125,57621.1484375,57645.5,0.0
2026-08-10 14:30:00+0530,57644.1015625,57655.1015625,57631.25,57641.1484375,0.0
2026-08-10 14:35:00+0530,57641.80078125,57642.44921875,57608.69921875,57621.6015625,0.0
2026-08-10 14:40:00+0530,57620.19921875,57627.19921875,57587.94921875,57607.1484375,0.0
2026-08-10 14:45:00+0530,57606.44921875,57609.3984375,57554.0,57561.80078125,0.0
2026-08-10 14:50:00+0530,57561.44921875,57583.30078125,57542.3984375,57572.25,0.0
2026-08-10 14:55:00+0530,57571.55078125,57598.75,57565.1484375,57593.0,0.0
2026-08-10 15:00:00+0530,57591.25,57612.69921875,57559.3515625,57607.94921875,0.0
2026-08-10 15:05:00+0530,57607.3984375,57608.3515625,57563.1015625,57571.05078125,0.0
2026-08-10 15:10:00+0530,57575.19921875,57619.80078125,57543.19921875,57606.1015625,0.0
2026-08-10 15:15:00+0530,57606.1015625,57606.1015625,57606.1015625,57606.1015625,0.0
2026-08-10 15:20:00+0530,57606.1015625,57606.1015625,57606.1015625,57606.1015625,0.0
2026-08-10 15:25:00+0530,57606.1015625,57686.94921875,57606.1015625,57686.94921875,0.0
2026-08-11 09:15:00+0530,57604.3515625,57605.44921875,57284.94921875,57338.6015625,0.0
2026-08-11 09:20:00+0530,57339.94921875,57348.19921875,57311.8984375,57337.55078125,0.0
2026-08-11 09:25:00+0530,57336.05078125,57354.1015625,57287.44921875,57297.75,0.0
2026-08-11 09:30:00+0530,57297.30078125,57298.5,57227.3515625,57250.05078125,0.0
2026-08-11 09:35:00+0530,57248.80078125,57276.6484375,57218.25,57225.5,0.0
2026-08-11 09:40:00+0530,57226.6015625,57230.05078125,57178.80078125,57218.3984375,0.0
2026-08-11 09:45:00+0530,57217.6015625,57233.80078125,57158.80078125,57175.69921875,0.0
2026-08-11 09:50:00+0530,57172.75,57203.69921875,57159.0,57166.69921875,0.0
2026-08-11 09:55:00+0530,57173.80078125,57225.44921875,57158.69921875,57209.8515625,0.0
2026-08-11 10:00:00+0530,57209.69921875,57237.8515625,57194.5,57232.44921875,0.0
2026-08-11 10:05:00+0530,57234.30078125,57255.1484375,57199.5,57210.5,0.0
2026-08-11 10:10:00+0530,57211.30078125,57246.19921875,57193.69921875,57214.69921875,0.0
2026-08-11 10:15:00+0530,57214.80078125,57216.69921875,57180.5,57188.0,0.0
2026-08-11 10:20:00+0530,57188.0,57208.3515625,57176.05078125,57196.1484375,0.0
2026-08-11 10:25:00+0530,57196.05078125,57285.19921875,57181.80078125,57262.5,0.0
2026-08-11 10:30:00+0530,57262.1015625,57273.6015625,57240.1484375,57263.3984375,0.0
2026-08-11 10:35:00+0530,57262.6484375,57280.94921875,57241.75,57267.1484375,0.0
2026-08-11 10:40:00+0530,57268.55078125,57308.94921875,57261.3984375,57273.6484375,0.0
2026-08-11 10:45:00+0530,57273.6484375,57273.6484375,57236.69921875,57246.5,0.0
2026-08-11 10:50:00+0530,57247.94921875,57318.94921875,57245.8515625,57301.80078125,0.0
2026-08-11 10:55:00+0530,57301.1015625,57326.5,57286.25,57292.5,0.0
2026-08-11 11:00:00+0530,57292.5,57319.1484375,57257.3984375,57273.05078125,0.0
2026-08-11 11:05:00+0530,57273.05078125,57300.3515625,57260.8984375,57264.25,0.0
2026-08-11 11:10:00+0530,57263.1484375,57305.80078125,57249.3515625,57297.94921875,0.0
2026-08-11 11:15:00+0530,57297.30078125,57332.19921875,57287.1015625,57293.3984375,0.0
2026-08-11 11:20:00+0530,57292.75,57299.30078125,57267.6484375,57276.6015625,0.0
2026-08-11 11:25:00+0530,57277.44921875,57286.0,57260.05078125,57260.05078125,0.0
2026-08-11 11:30:00+0530,57260.6015625,57276.80078125,57259.8984375,57270.19921875,0.0
2026-08-11 11:35:00+0530,57269.69921875,57292.55078125,57258.80078125,57290.55078125,0.0
2026-08-11 11:40:00+0530,57290.55078125,57322.05078125,57288.6484375,57290.44921875,0.0
2026-08-11 11:45:00+0530,57289.6484375,57307.6484375,57280.3984375,57300.1015625,0.0
2026-08-11 11:50:00+0530,57300.80078125,57305.0,57268.3984375,57272.55078125,0.0
2026-08-11 11:55:00+0530,57271.05078125,57285.8515625,57257.8984375,57285.44921875,0.0
2026-08-11 12:00:00+0530,57286.05078125,57289.55078125,57246.1015625,57258.0,0.0
2026-08-11 12:05:00+0530,57258.0,57282.05078125,57245.94921875,57264.3984375,0.0
2026-08-11 12:10:00+0530,57262.55078125,57314.3984375,57259.69921875,57280.3984375,0.0
2026-08-11 12:15:00+0530,57280.0,57292.55078125,57265.25,57276.80078125,0.0
2026-08-11 12:20:00+0530,57276.80078125,57286.8984375,57253.44921875,57257.44921875,0.0
2026-08-11 12:25:00+0530,57259.8984375,57308.1015625,57256.75,57304.69921875,0.0
2026-08-11 12:30:00+0530,57302.19921875,57311.05078125,57274.44921875,57291.8984375,0.0
2026-08-11 12:35:00+0530,57291.8984375,57297.19921875,57273.19921875,57282.55078125,0.0
2026-08-11 12:40:00+0530,57280.80078125,57331.5,57266.05078125,57328.80078125,0.0
2026-08-11 12:45:00+0530,57326.5,57378.6484375,57317.69921875,57356.75,0.0
2026-08-11 12:50:00+0530,57357.0,57375.44921875,57340.0,57341.44921875,0.0
2026-08-11 12:55:00+0530,57340.0,57349.5,57320.75,57327.8984375,0.0
2026-08-11 13:00:00+0530,57327.8984375,57380.19921875,57319.94921875,57376.3515625,0.0
2026-08-11 13:05:00+0530,57377.80078125,57412.25,57350.6015625,57403.94921875,0.0
2026-08-11 13:10:00+0530,57403.25,57411.80078125,57351.44921875,57366.3984375,0.0
2026-08-11 13:15:00+0530,57366.3984375,57376.3515625,57318.6484375,57332.05078125,0.0
2026-08-11 13:20:00+0530,57328.8515625,57349.8984375,57311.94921875,57344.8984375,0.0
2026-08-11 13:25:00+0530,57346.69921875,57397.1484375,57338.6484375,57392.94921875,0.0
2026-08-11 13:30:00+0530,57391.80078125,57450.8515625,57386.1484375,57439.69921875,0.0
2026-08-11 13:35:00+0530,57438.1484375,57447.5,57370.25,57373.3984375,0.0
2026-08-11 13:40:00+0530,57374.05078125,57408.5,57371.3984375,57379.3984375,0.0
2026-08-11 13:45:00+0530,57381.19921875,57410.6484375,57376.94921875,57378.05078125,0.0
2026-08-11 13:50:00+0530,57377.0,57395.3515625,57365.1484375,57378.25,0.0
2026-08-11 13:55:00+0530,57376.1484375,57386.44921875,57357.44921875,57370.5,0.0
2026-08-11 14:00:00+0530,57372.3515625,57394.25,57363.6484375,57379.30078125,0.0
2026-08-11 14:05:00+0530,57379.19921875,57408.25,57359.25,57397.05078125,0.0
2026-08-11 14:10:00+0530,57400.8515625,57417.80078125,57379.1484375,57412.19921875,0.0
2026-08-11 14:15:00+0530,57410.44921875,57434.1015625,57388.25,57392.44921875,0.0
2026-08-11 14:20:00+0530,57394.19921875,57400.80078125,57369.30078125,57384.0,0.0
2026-08-11 14:25:00+0530,57389.25,57417.0,57360.8515625,57368.75,0.0
2026-08-11 14:30:00+0530,57373.30078125,57392.05078125,57338.05078125,57353.25,0.0
2026-08-11 14:35:00+0530,57353.30078125,57362.75,57315.1484375,57327.69921875,0.0
2026-08-11 14:40:00+0530,57326.3515625,57356.6015625,57326.05078125,57344.80078125,0.0
2026-08-11 14:45:00+0530,57353.5,57353.94921875,57332.3984375,57340.6484375,0.0
2026-08-11 14:50:00+0530,57352.1015625,57370.3984375,57337.8984375,57358.3984375,0.0
2026-08-11 14:55:00+0530,57365.19921875,57378.55078125,57345.69921875,57354.94921875,0.0
2026-08-11 15:00:00+0530,57355.6484375,57390.80078125,57346.0,57389.6484375,0.0
2026-08-11 15:05:00+0530,57391.25,57405.80078125,57337.6484375,57368.94921875,0.0
2026-08-11 15:10:00+0530,57369.30078125,57385.8515625,57324.25,57368.1484375,0.0
2026-08-11 15:15:00+0530,57366.05078125,57366.05078125,57366.05078125,57366.05078125,0.0
2026-08-11 15:20:00+0530,57366.05078125,57366.05078125,57366.05078125,57366.05078125,0.0
2026-08-11 15:25:00+0530,57366.05078125,57446.25,57366.05078125,57446.25,0.0
2026-08-12 09:15:00+0530,57376.8515625,57419.5,57257.3515625,57336.19921875,0.0
2026-08-12 09:20:00+0530,57336.5,57552.8515625,57336.1015625,57535.80078125,0.0
2026-08-12 09:25:00+0530,57541.80078125,57751.80078125,57538.25,57707.8515625,0.0
2026-08-12 09:30:00+0530,57708.19921875,57716.25,57607.05078125,57668.3984375,0.0
2026-08-12 09:35:00+0530,57670.69921875,57740.30078125,57646.8515625,57674.0,0.0
2026-08-12 09:40:00+0530,57673.80078125,57740.75,57668.75,57687.55078125,0.0
2026-08-12 09:45:00+0530,57689.94921875,57692.05078125,57608.30078125,57633.3984375,0.0
2026-08-12 09:50:00+0530,57637.44921875,57669.8984375,57597.1015625,57667.25,0.0
2026-08-12 09:55:00+0530,57669.55078125,57669.55078125,57594.5,57613.05078125,0.0
2026-08-12 10:00:00+0530,57614.6484375,57624.1484375,57582.6015625,57611.1015625,0.0
2026-08-12 10:05:00+0530,57609.25,57637.44921875,57609.25,57636.69921875,0.0
2026-08-12 10:10:00+0530,57637.94921875,57671.94921875,57629.19921875,57665.80078125,0.0
2026-08-12 10:15:00+0530,57671.25,57705.5,57639.44921875,57688.6484375,0.0
2026-08-12 10:20:00+0530,57694.94921875,57734.25,57683.05078125,57715.19921875,0.0
2026-08-12 10:25:00+0530,57717.3984375,57719.3984375,57676.3515625,57692.3515625,0.0
2026-08-12 10:30:00+0530,57694.25,57783.0,57688.69921875,57746.0,0.0
2026-08-12 10:35:00+0530,57751.19921875,57752.3515625,57705.25,57721.1015625,0.0
2026-08-12 10:40:00+0530,57725.75,57726.1015625,57669.1015625,57690.5,0.0
2026-08-12 10:45:00+0530,57693.5,57693.5,57637.1015625,57661.1484375,0.0
2026-08-12 10:50:00+0530,57665.3515625,57676.94921875,57652.44921875,57675.3984375,0.0
2026-08-12 10:55:00+0530,57675.3515625,57676.44921875,57583.3984375,57605.75,0.0
2026-08-12 11:00:00+0530,57608.6484375,57614.1015625,57566.44921875,57584.25,0.0
2026-08-12 11:05:00+0530,57583.25,57622.55078125,57581.0,57616.3515625,0.0
2026-08-12 11:10:00+0530,57619.3515625,57623.1015625,57562.75,57574.8515625,0.0
2026-08-12 11:15:00+0530,57574.8515625,57580.8515625,57551.94921875,57573.0,0.0
2026-08-12 11:20:00+0530,57573.8515625,57642.25,57558.25,57587.55078125,0.0
2026-08-12 11:25:00+0530,57590.05078125,57601.1484375,57553.1484375,57554.1484375,0.0
2026-08-12 11:30:00+0530,57554.3515625,57584.75,57516.75,57572.19921875,0.0
2026-08-12 11:35:00+0530,57575.75,57578.5,57523.8984375,57526.94921875,0.0
2026-08-12 11:40:00+0530,57529.94921875,57555.3984375,57496.80078125,57550.80078125,0.0
2026-08-12 11:45:00+0530,57552.3515625,57556.6015625,57515.94921875,57529.8515625,0.0
2026-08-12 11:50:00+0530,57531.1484375,57545.8515625,57494.19921875,57528.1484375,0.0
2026-08-12 11:55:00+0530,57532.94921875,57543.6015625,57500.3984375,57537.69921875,0.0
2026-08-12 12:00:00+0530,57541.75,57550.44921875,57517.0,57523.6015625,0.0
2026-08-12 12:05:00+0530,57525.1484375,57547.75,57515.80078125,57529.6015625,0.0
2026-08-12 12:10:00+0530,57531.25,57533.05078125,57470.3984375,57498.6484375,0.0
2026-08-12 12:15:00+0530,57503.6015625,57523.05078125,57492.94921875,57495.8515625,0.0
2026-08-12 12:20:00+0530,57499.19921875,57500.75,57470.0,57488.25,0.0
2026-08-12 12:25:00+0530,57490.5,57519.1484375,57480.1015625,57516.5,0.0
2026-08-12 12:30:00+0530,57516.25,57545.05078125,57495.3984375,57541.69921875,0.0
2026-08-12 12:35:00+0530,57543.3984375,57545.8515625,57513.55078125,57539.44921875,0.0
2026-08-12 12:40:00+0530,57541.3515625,57588.19921875,57522.1015625,57526.55078125,0.0
2026-08-12 12:45:00+0530,57530.8515625,57549.8984375,57514.5,57531.25,0.0
2026-08-12 12:50:00+0530,57531.19921875,57554.8515625,57500.94921875,57500.94921875,0.0
2026-08-12 12:55:00+0530,57499.3984375,57523.19921875,57496.25,57513.8515625,0.0
2026-08-12 13:00:00+0530,57514.05078125,57523.30078125,57504.55078125,57517.1015625,0.0
2026-08-12 13:05:00+0530,57518.3515625,57528.05078125,57496.05078125,57503.55078125,0.0
2026-08-12 13:10:00+0530,57506.1484375,57506.55078125,57482.6484375,57499.8515625,0.0
2026-08-12 13:15:00+0530,57500.69921875,57526.69921875,57491.5,57509.5,0.0
2026-08-12 13:20:00+0530,57510.25,57526.05078125,57496.0,57517.6484375,0.0
2026-08-12 13:25:00+0530,57518.3515625,57521.80078125,57471.5,57507.69921875,0.0
2026-08-12 13:30:00+0530,57518.0,57525.94921875,57505.19921875,57516.80078125,0.0
2026-08-12 13:35:00+0530,57517.69921875,57557.6015625,57512.30078125,57538.8984375,0.0
2026-08-12 13:40:00+0530,57538.8515625,57556.8984375,57506.05078125,57516.1015625,0.0
2026-08-12 13:45:00+0530,57515.69921875,57527.8984375,57511.8515625,57516.69921875,0.0
2026-08-12 13:50:00+0530,57522.1015625,57543.30078125,57515.3515625,57527.44921875,0.0
2026-08-12 13:55:00+0530,57525.8515625,57534.94921875,57507.44921875,57520.30078125,0.0
2026-08-12 14:00:00+0530,57519.1015625,57527.1015625,57490.1484375,57495.19921875,0.0
2026-08-12 14:05:00+0530,57495.8984375,57516.75,57491.6015625,57500.05078125,0.0
2026-08-12 14:10:00+0530,57501.44921875,57504.94921875,57478.3515625,57482.5,0.0
2026-08-12 14:15:00+0530,57487.44921875,57512.80078125,57478.94921875,57508.1015625,0.0
2026-08-12 14:20:00+0530,57509.19921875,57525.3515625,57497.6484375,57501.6484375,0.0
2026-08-12 14:25:00+0530,57501.6484375,57533.05078125,57495.5,57527.19921875,0.0
2026-08-12 14:30:00+0530,57529.0,57654.69921875,57527.05078125,57645.6484375,0.0
2026-08-12 14:35:00+0530,57648.75,57662.6015625,57607.44921875,57631.05078125,0.0
2026-08-12 14:40:00+0530,57633.69921875,57678.75,57624.55078125,57663.8515625,0.0
2026-08-12 14:45:00+0530,57666.19921875,57719.8984375,57659.1484375,57682.30078125,0.0
2026-08-12 14:50:00+0530,57686.69921875,57775.05078125,57659.94921875,57775.05078125,0.0
2026-08-12 14:55:00+0530,57774.8515625,57836.55078125,57743.94921875,57832.0,0.0
2026-08-12 15:00:00+0530,57833.0,57850.5,57813.30078125,57823.05078125,0.0
2026-08-12 15:05:00+0530,57819.69921875,57823.1015625,57767.0,57806.25,0.0
2026-08-12 15:10:00+0530,57806.3515625,57833.80078125,57770.30078125,57772.0,0.0
2026-08-12 15:15:00+0530,57771.3515625,57771.3515625,57771.3515625,57771.3515625,0.0
2026-08-12 15:20:00+0530,57771.3515625,57771.3515625,57771.3515625,57771.3515625,0.0
2026-08-12 15:25:00+0530,57771.3515625,57885.8515625,57771.3515625,57885.8515625,0.0
2026-08-13 09:15:00+0530,57782.8515625,57782.8515625,57594.69921875,57635.3515625,0.0
2026-08-13 09:20:00+0530,57636.1484375,57654.1484375,57566.44921875,57592.19921875,0.0
2026-08-13 09:25:00+0530,57597.5,57600.0,57554.75,57591.3515625,0.0
2026-08-13 09:30:00+0530,57594.19921875,57619.55078125,57550.25,57567.55078125,0.0
2026-08-13 09:35:00+0530,57566.8515625,57605.8984375,57555.5,57604.1015625,0.0
2026-08-13 09:40:00+0530,57606.94921875,57644.94921875,57602.5,57628.94921875,0.0
2026-08-13 09:45:00+0530,57631.1484375,57725.3515625,57615.75,57686.1484375,0.0
2026-08-13 09:50:00+0530,57687.05078125,57729.8984375,57667.44921875,57704.3984375,0.0
2026-08-13 09:55:00+0530,57707.3984375,57715.8515625,57669.55078125,57696.75,0.0
2026-08-13 10:00:00+0530,57698.0,57702.44921875,57667.0,57668.75,0.0
2026-08-13 10:05:00+0530,57672.8515625,57686.1015625,57643.19921875,57660.1484375,0.0
2026-08-13 10:10:00+0530,57663.6484375,57673.44921875,57603.94921875,57611.69921875,0.0
2026-08-13 10:15:00+0530,57613.3984375,57620.05078125,57574.69921875,57587.25,0.0
2026-08-13 10:20:00+0530,57586.55078125,57608.44921875,57572.05078125,57588.5,0.0
2026-08-13 10:25:00+0530,57588.3515625,57605.1484375,57577.8984375,57581.8515625,0.0
2026-08-13 10:30:00+0530,57582.75,57601.0,57554.05078125,57589.69921875,0.0
2026-08-13 10:35:00+0530,57590.0,57593.55078125,57566.44921875,57574.44921875,0.0
2026-08-13 10:40:00+0530,57574.55078125,57602.44921875,57565.8984375,57601.44921875,0.0
2026-08-13 10:45:00+0530,57601.30078125,57632.3984375,57587.55078125,57629.8984375,0.0
2026-08-13 10:50:00+0530,57631.55078125,57651.6484375,57621.8984375,57645.6015625,0.0
2026-08-13 10:55:00+0530,57647.1015625,57656.1484375,57632.1015625,57634.19921875,0.0
2026-08-13 11:00:00+0530,57638.75,57639.80078125,57578.80078125,57583.25,0.0
2026-08-13 11:05:00+0530,57583.69921875,57600.5,57563.3515625,57596.6484375,0.0
2026-08-13 11:10:00+0530,57595.44921875,57601.05078125,57571.30078125,57573.44921875,0.0
2026-08-13 11:15:00+0530,57574.1484375,57575.8984375,57551.94921875,57570.69921875,0.0
2026-08-13 11:20:00+0530,57572.94921875,57584.25,57548.6015625,57576.0,0.0
2026-08-13 11:25:00+0530,57574.0,57601.75,57571.6484375,57595.0,0.0
2026-08-13 11:30:00+0530,57597.1484375,57605.3515625,57588.44921875,57595.19921875,0.0
2026-08-13 11:35:00+0530,57594.55078125,57628.19921875,57594.55078125,57624.3984375,0.0
2026-08-13 11:40:00+0530,57627.8515625,57634.80078125,57593.8984375,57610.1484375,0.0
2026-08-13 11:45:00+0530,57611.3515625,57631.80078125,57581.8984375,57592.1484375,0.0
2026-08-13 11:50:00+0530,57591.8984375,57616.6484375,57585.3984375,57604.6015625,0.0
2026-08-13 11:55:00+0530,57606.3515625,57648.30078125,57585.1484375,57648.30078125,0.0
2026-08-13 12:00:00+0530,57646.05078125,57706.5,57639.55078125,57688.94921875,0.0
2026-08-13 12:05:00+0530,57692.30078125,57692.30078125,57663.3515625,57667.30078125,0.0
2026-08-13 12:10:00+0530,57669.8515625,57673.1015625,57635.94921875,57658.80078125,0.0
2026-08-13 12:15:00+0530,57660.6484375,57675.3515625,57609.6015625,57622.8515625,0.0
2026-08-13 12:20:00+0530,57624.94921875,57648.3984375,57612.25,57642.1484375,0.0
2026-08-13 12:25:00+0530,57642.1484375,57668.69921875,57640.5,57661.8515625,0.0
2026-08-13 12:30:00+0530,57666.55078125,57671.1484375,57650.6015625,57662.5,0.0
2026-08-13 12:35:00+0530,57664.8984375,57669.19921875,57638.3515625,57643.55078125,0.0
2026-08-13 12:40:00+0530,57645.3984375,57671.0,57643.1484375,57654.19921875,0.0
2026-08-13 12:45:00+0530,57654.3984375,57656.6484375,57629.1484375,57643.3515625,0.0
2026-08-13 12:50:00+0530,57644.30078125,57645.94921875,57615.30078125,57627.8515625,0.0
2026-08-13 12:55:00+0530,57629.80078125,57634.44921875,57601.8515625,57615.25,0.0
2026-08-13 13:00:00+0530,57617.6484375,57622.69921875,57592.30078125,57599.69921875,0.0
2026-08-13 13:05:00+0530,57602.30078125,57619.80078125,57594.55078125,57617.8984375,0.0
2026-08-13 13:10:00+0530,57617.8984375,57627.69921875,57574.05078125,57589.6484375,0.0
2026-08-13 13:15:00+0530,57592.5,57602.69921875,57557.44921875,57564.25,0.0
2026-08-13 13:20:00+0530,57565.94921875,57587.75,57560.5,57586.94921875,0.0
2026-08-13 13:25:00+0530,57587.30078125,57587.30078125,57563.8515625,57576.8984375,0.0
2026-08-13 13:30:00+0530,57579.80078125,57602.19921875,57553.25,57571.44921875,0.0
2026-08-13 13:35:00+0530,57573.25,57601.05078125,57568.6484375,57597.0,0.0
2026-08-13 13:40:00+0530,57597.94921875,57636.6484375,57586.8515625,57623.1484375,0.0
2026-08-13 13:45:00+0530,57625.5,57649.3515625,57592.05078125,57616.1015625,0.0
2026-08-13 13:50:00+0530,57618.6015625,57626.5,57597.44921875,57618.30078125,0.0
2026-08-13 13:55:00+0530,57622.75,57653.19921875,57617.25,57651.69921875,0.0
2026-08-13 14:00:00+0530,57650.30078125,57654.3515625,57610.3984375,57627.1015625,0.0
2026-08-13 14:05:00+0530,57629.44921875,57631.80078125,57580.69921875,57589.19921875,0.0
2026-08-13 14:10:00+0530,57591.75,57596.8984375,57567.30078125,57583.30078125,0.0
2026-08-13 14:15:00+0530,57583.55078125,57588.44921875,57554.1484375,57585.3515625,0.0
2026-08-13 14:20:00+0530,57584.5,57619.8515625,57584.5,57608.75,0.0
2026-08-13 14:25:00+0530,57608.25,57624.0,57593.6484375,57613.3984375,0.0
2026-08-13 14:30:00+0530,57616.30078125,57645.1015625,57594.1015625,57600.1015625,0.0
2026-08-13 14:35:00+0530,57603.8984375,57613.69921875,57584.55078125,57607.6484375,0.0
2026-08-13 14:40:00+0530,57608.30078125,57619.8515625,57592.69921875,57597.5,0.0
2026-08-13 14:45:00+0530,57602.25,57614.6484375,57589.80078125,57604.75,0.0
2026-08-13 14:50:00+0530,57600.75,57625.75,57589.19921875,57601.69921875,0.0
2026-08-13 14:55:00+0530,57603.1015625,57612.19921875,57570.19921875,57584.8984375,0.0
2026-08-13 15:00:00+0530,57587.6015625,57619.25,57580.1015625,57596.69921875,0.0
2026-08-13 15:05:00+0530,57598.94921875,57605.6015625,57569.0,57599.0,0.0
2026-08-13 15:10:00+0530,57596.0,57621.6015625,57578.0,57591.0,0.0
2026-08-13 15:15:00+0530,57591.0,57591.0,57591.0,57591.0,0.0
2026-08-13 15:20:00+0530,57591.0,57591.0,57591.0,57591.0,0.0
2026-08-13 15:25:00+0530,57591.0,57635.25,57591.0,57635.25,0.0
2026-08-14 09:15:00+0530,57592.25,57600.19921875,57498.19921875,57543.05078125,0.0
2026-08-14 09:20:00+0530,57544.25,57553.5,57490.75,57516.30078125,0.0
2026-08-14 09:25:00+0530,57517.25,57539.3515625,57482.80078125,57489.8984375,0.0
2026-08-14 09:30:00+0530,57493.44921875,57561.5,57461.3515625,57514.3984375,0.0
2026-08-14 09:35:00+0530,57517.30078125,57562.94921875,57506.05078125,57549.1015625,0.0
2026-08-14 09:40:00+0530,57549.25,57568.6015625,57534.05078125,57562.30078125,0.0
2026-08-14 09:45:00+0530,57562.05078125,57617.1484375,57548.94921875,57606.05078125,0.0
2026-08-14 09:50:00+0530,57606.1484375,57618.3515625,57540.6484375,57547.8984375,0.0
2026-08-14 09:55:00+0530,57546.6015625,57608.94921875,57536.3515625,57604.69921875,0.0
2026-08-14 10:00:00+0530,57602.75,57605.75,57575.0,57592.05078125,0.0
2026-08-14 10:05:00+0530,57591.1015625,57643.25,57573.30078125,57637.25,0.0
2026-08-14 10:10:00+0530,57636.44921875,57679.80078125,57620.1015625,57629.3515625,0.0
2026-08-14 10:15:00+0530,57633.5,57634.55078125,57553.30078125,57556.94921875,0.0
2026-08-14 10:20:00+0530,57555.6015625,57571.05078125,57528.80078125,57534.1015625,0.0
2026-08-14 10:25:00+0530,57536.80078125,57543.6015625,57519.8984375,57527.6484375,0.0
2026-08-14 10:30:00+0530,57528.75,57531.6484375,57442.3984375,57476.8984375,0.0
2026-08-14 10:35:00+0530,57478.19921875,57518.44921875,57474.6015625,57514.55078125,0.0
2026-08-14 10:40:00+0530,57514.3984375,57520.80078125,57488.30078125,57507.3984375,0.0
2026-08-14 10:45:00+0530,57507.69921875,57517.6484375,57484.8984375,57502.3515625,0.0
2026-08-14 10:50:00+0530,57502.3984375,57529.1015625,57495.1015625,57513.1484375,0.0
2026-08-14 10:55:00+0530,57506.8984375,57510.80078125,57470.3984375,57475.1484375,0.0
2026-08-14 11:00:00+0530,57476.19921875,57476.5,57444.8515625,57469.05078125,0.0
2026-08-14 11:05:00+0530,57469.05078125,57478.44921875,57454.8984375,57466.44921875,0.0
2026-08-14 11:10:00+0530,57465.1015625,57476.25,57444.19921875,57457.05078125,0.0
2026-08-14 11:15:00+0530,57458.25,57469.8515625,57441.80078125,57465.5,0.0
2026-08-14 11:20:00+0530,57468.5,57479.44921875,57438.55078125,57448.80078125,0.0
2026-08-14 11:25:00+0530,57453.8984375,57459.44921875,57398.44921875,57409.0,0.0
2026-08-14 11:30:00+0530,57408.30078125,57437.55078125,57380.6484375,57431.3984375,0.0
2026-08-14 11:35:00+0530,57429.94921875,57443.25,57396.69921875,57433.3984375,0.0
2026-08-14 11:40:00+0530,57439.80078125,57462.44921875,57431.94921875,57454.8515625,0.0
2026-08-14 11:45:00+0530,57456.30078125,57460.69921875,57424.75,57430.44921875,0.0
2026-08-14 11:50:00+0530,57430.44921875,57459.19921875,57417.80078125,57424.25,0.0
2026-08-14 11:55:00+0530,57421.3515625,57432.8984375,57406.3984375,57421.80078125,0.0
2026-08-14 12:00:00+0530,57426.69921875,57428.94921875,57385.44921875,57388.8984375,0.0
2026-08-14 12:05:00+0530,57389.5,57430.75,57385.44921875,57413.25,0.0
2026-08-14 12:10:00+0530,57414.80078125,57457.8984375,57409.05078125,57457.8984375,0.0
2026-08-14 12:15:00+0530,57457.55078125,57467.1015625,57443.3984375,57463.19921875,0.0
2026-08-14 12:20:00+0530,57462.1015625,57492.5,57456.0,57487.55078125,0.0
2026-08-14 12:25:00+0530,57488.44921875,57495.1484375,57455.94921875,57466.3984375,0.0
2026-08-14 12:30:00+0530,57466.6484375,57469.75,57443.30078125,57466.44921875,0.0
2026-08-14 12:35:00+0530,57465.3515625,57466.05078125,57432.3515625,57441.3515625,0.0
2026-08-14 12:40:00+0530,57443.8515625,57447.1484375,57411.3515625,57422.69921875,0.0
2026-08-14 12:45:00+0530,57423.19921875,57444.75,57416.6015625,57431.5,0.0
2026-08-14 12:50:00+0530,57430.3984375,57449.6484375,57415.55078125,57449.19921875,0.0
2026-08-14 12:55:00+0530,57448.05078125,57455.25,57424.8515625,57437.6484375,0.0
2026-08-14 13:00:00+0530,57439.25,57453.75,57431.25,57439.5,0.0
2026-08-14 13:05:00+0530,57439.8515625,57454.80078125,57432.69921875,57437.94921875,0.0
2026-08-14 13:10:00+0530,57436.6015625,57473.55078125,57434.1015625,57469.8515625,0.0
2026-08-14 13:15:00+0530,57469.19921875,57472.80078125,57441.0,57455.1484375,0.0
2026-08-14 13:20:00+0530,57451.44921875,57466.1484375,57443.3984375,57451.3515625,0.0
2026-08-14 13:25:00+0530,57451.05078125,57455.5,57419.80078125,57434.8984375,0.0
2026-08-14 13:30:00+0530,57435.75,57442.0,57381.30078125,57394.05078125,0.0
2026-08-14 13:35:00+0530,57393.19921875,57430.25,57389.1015625,57424.5,0.0
2026-08-14 13:40:00+0530,57425.69921875,57452.3515625,57420.5,57444.8515625,0.0
2026-08-14 13:45:00+0530,57446.05078125,57541.69921875,57444.05078125,57501.1015625,0.0
2026-08-14 13:50:00+0530,57501.80078125,57531.75,57499.19921875,57522.1484375,0.0
2026-08-14 13:55:00+0530,57525.1484375,57554.75,57515.55078125,57547.05078125,0.0
2026-08-14 14:00:00+0530,57545.94921875,57601.44921875,57543.19921875,57570.5,0.0
2026-08-14 14:05:00+0530,57573.44921875,57608.80078125,57557.3515625,57597.8515625,0.0
2026-08-14 14:10:00+0530,57598.44921875,57605.55078125,57565.44921875,57583.19921875,0.0
2026-08-14 14:15:00+0530,57581.5,57594.8984375,57547.69921875,57555.8515625,0.0
2026-08-14 14:20:00+0530,57553.6015625,57562.8515625,57525.94921875,57538.6015625,0.0
2026-08-14 14:25:00+0530,57539.0,57547.30078125,57516.05078125,57530.69921875,0.0
2026-08-14 14:30:00+0530,57530.69921875,57559.25,57518.6015625,57536.19921875,0.0
2026-08-14 14:35:00+0530,57537.8984375,57543.30078125,57516.8515625,57522.8984375,0.0
2026-08-14 14:40:00+0530,57522.30078125,57546.8984375,57517.6484375,57518.75,0.0
2026-08-14 14:45:00+0530,57519.1015625,57534.55078125,57498.3515625,57503.0,0.0
2026-08-14 14:50:00+0530,57500.0,57535.55078125,57498.8984375,57530.19921875,0.0
2026-08-14 14:55:00+0530,57527.3515625,57543.6015625,57511.80078125,57516.1484375,0.0
2026-08-14 15:00:00+0530,57514.94921875,57531.05078125,57511.1015625,57527.19921875,0.0
2026-08-14 15:05:00+0530,57525.3515625,57535.0,57494.44921875,57505.3984375,0.0
2026-08-14 15:10:00+0530,57503.6484375,57525.55078125,57459.1015625,57459.1015625,0.0
2026-08-14 15:15:00+0530,57459.1015625,57459.1015625,57459.1015625,57459.1015625,0.0
2026-08-14 15:20:00+0530,57459.1015625,57459.1015625,57459.1015625,57459.1015625,0.0
2026-08-14 15:25:00+0530,57459.1015625,57491.1015625,57459.1015625,57491.1015625,0.0
