datetime,open,high,low,close,volume
2026-05-25 09:15:00+0530,23928.25,23988.05078125,23928.25,23981.599609375,0.0
2026-05-25 09:30:00+0530,23981.94921875,23984.30078125,23927.75,23947.5,0.0
2026-05-25 09:45:00+0530,23951.44921875,23951.44921875,23924.400390625,23937.150390625,0.0
2026-05-25 10:00:00+0530,23938.75,23959.849609375,23933.44921875,23952.05078125,0.0
2026-05-25 10:15:00+0530,23953.849609375,23980.94921875,23952.599609375,23958.55078125,0.0
2026-05-25 10:30:00+0530,23960.900390625,23992.349609375,23959.19921875,23987.400390625,0.0
2026-05-25 10:45:00+0530,23989.0,23995.55078125,23972.650390625,23978.150390625,0.0
2026-05-25 11:00:00+0530,23979.55078125,23989.900390625,23970.650390625,23987.599609375,0.0
2026-05-25 11:15:00+0530,23989.0,23989.0,23971.099609375,23977.150390625,0.0
2026-05-25 11:30:00+0530,23978.44921875,23990.44921875,23959.900390625,23980.94921875,0.0
2026-05-25 11:45:00+0530,23982.150390625,23992.69921875,23978.150390625,23986.599609375,0.0
2026-05-25 12:00:00+0530,23988.150390625,23988.150390625,23960.099609375,23963.900390625,0.0
2026-05-25 12:15:00+0530,23965.75,23968.69921875,23955.900390625,23956.5,0.0
2026-05-25 12:30:00+0530,23957.849609375,23967.650390625,23952.599609375,23958.55078125,0.0
2026-05-25 12:45:00+0530,23960.05078125,23960.599609375,23935.599609375,23954.400390625,0.0
2026-05-25 13:00:00+0530,23955.55078125,23983.599609375,23947.30078125,23977.19921875,0.0
2026-05-25 13:15:00+0530,23979.099609375,23986.25,23975.150390625,23984.099609375,0.0
2026-05-25 13:30:00+0530,23986.55078125,23991.0,23963.80078125,23963.94921875,0.0
2026-05-25 13:45:00+0530,23965.650390625,23977.400390625,23962.19921875,23965.349609375,0.0
2026-05-25 14:00:00+0530,23966.94921875,23978.55078125,23956.69921875,23958.55078125,0.0
2026-05-25 14:15:00+0530,23959.94921875,23982.849609375,23955.25,23978.150390625,0.0
2026-05-25 14:30:00+0530,23979.0,24009.19921875,23976.44921875,24007.80078125,0.0
2026-05-25 14:45:00+0530,24009.55078125,24036.44921875,24007.400390625,24035.0,0.0
2026-05-25 15:00:00+0530,24035.75,24037.80078125,24021.5,24035.25,0.0
2026-05-25 15:15:00+0530,24035.849609375,24054.400390625,24021.099609375,24049.900390625,0.0
2026-05-26 09:15:00+0530,23999.44921875,24041.19921875,23966.75,24034.099609375,0.0
2026-05-26 09:30:00+0530,24034.400390625,24076.900390625,24018.94921875,24062.30078125,0.0
2026-05-26 09:45:00+0530,24062.400390625,24065.69921875,24014.55078125,24028.75,0.0
2026-05-26 10:00:00+0530,24029.75,24064.099609375,24021.19921875,24063.0,0.0
2026-05-26 10:15:00+0530,24063.05078125,24076.150390625,24045.19921875,24071.400390625,0.0
2026-05-26 10:30:00+0530,24070.0,24089.55078125,24066.849609375,24073.150390625,0.0
2026-05-26 10:45:00+0530,24073.94921875,24082.650390625,24065.30078125,24071.849609375,0.0
2026-05-26 11:00:00+0530,24070.69921875,24082.650390625,24065.44921875,24069.30078125,0.0
2026-05-26 11:15:00+0530,24068.849609375,24070.75,24044.80078125,24044.80078125,0.0
2026-05-26 11:30:00+0530,24044.94921875,24071.900390625,24026.19921875,24063.150390625,0.0
2026-05-26 11:45:00+0530,24062.349609375,24066.94921875,24032.599609375,24039.94921875,0.0
2026-05-26 12:00:00+0530,24040.19921875,24043.650390625,24018.5,24022.099609375,0.0
2026-05-26 12:15:00+0530,24022.30078125,24040.80078125,24017.44921875,24021.900390625,0.0
2026-05-26 12:30:00+0530,24021.849609375,24036.400390625,24006.05078125,24010.150390625,0.0
2026-05-26 12:45:00+0530,24010.0,24012.30078125,23971.599609375,23998.55078125,0.0
2026-05-26 13:00:00+0530,23998.650390625,24001.94921875,23966.19921875,23974.349609375,0.0
2026-05-26 13:15:00+0530,23974.900390625,23991.25,23959.19921875,23987.5,0.0
2026-05-26 13:30:00+0530,23987.44921875,23999.25,23957.400390625,23958.5,0.0
2026-05-26 13:45:00+0530,23957.19921875,23970.099609375,23934.30078125,23937.19921875,0.0
2026-05-26 14:00:00+0530,23937.349609375,23940.099609375,23910.099609375,23924.19921875,0.0
2026-05-26 14:15:00+0530,23924.25,23940.69921875,23907.349609375,23922.599609375,0.0
2026-05-26 14:30:00+0530,23923.0,23934.0,23895.650390625,23898.19921875,0.0
2026-05-26 14:45:00+0530,23898.099609375,23918.75,23885.44921875,23913.05078125,0.0
2026-05-26 15:00:00+0530,23913.5,23931.05078125,23896.400390625,23908.80078125,0.0
2026-05-26 15:15:00+0530,23907.69921875,23940.05078125,23907.150390625,23933.75,0.0
2026-05-27 09:15:00+0530,23880.349609375,23949.69921875,23870.44921875,23903.25,0.0
2026-05-27 09:30:00+0530,23903.94921875,23919.05078125,23869.75,23908.30078125,0.0
2026-05-27 09:45:00+0530,23909.650390625,23909.650390625,23871.30078125,23874.94921875,0.0
2026-05-27 10:00:00+0530,23874.75,23946.400390625,23868.80078125,23943.25,0.0
2026-05-27 10:15:00+0530,23942.80078125,23970.400390625,23934.69921875,23963.19921875,0.0
2026-05-27 10:30:00+0530,23963.400390625,23970.69921875,23934.44921875,23935.94921875,0.0
2026-05-27 10:45:00+0530,23936.19921875,23976.349609375,23918.900390625,23966.900390625,0.0
2026-05-27 11:00:00+0530,23966.94921875,23973.19921875,23950.69921875,23961.94921875,0.0
2026-05-27 11:15:00+0530,23961.900390625,23980.80078125,23959.0,23974.05078125,0.0
2026-05-27 11:30:00+0530,23974.650390625,23983.0,23947.0,23954.30078125,0.0
2026-05-27 11:45:00+0530,23953.5,23963.599609375,23928.75,23934.05078125,0.0
2026-05-27 12:00:00+0530,23933.5,23941.75,23918.349609375,23921.900390625,0.0
2026-05-27 12:15:00+0530,23922.55078125,23940.849609375,23905.150390625,23906.44921875,0.0
2026-05-27 12:30:00+0530,23906.30078125,23938.30078125,23902.44921875,23936.30078125,0.0
2026-05-27 12:45:00+0530,23936.099609375,23936.349609375,23904.05078125,23905.25,0.0
2026-05-27 13:00:00+0530,23905.599609375,23923.44921875,23895.0,23898.150390625,0.0
2026-05-27 13:15:00+0530,23897.150390625,23905.30078125,23884.150390625,23892.30078125,0.0
2026-05-27 13:30:00+0530,23892.05078125,23915.150390625,23890.150390625,23891.55078125,0.0
2026-05-27 13:45:00+0530,23891.25,23916.349609375,23882.05078125,23912.5,0.0
2026-05-27 14:00:00+0530,23912.30078125,23924.099609375,23894.44921875,23896.0,0.0
2026-05-27 14:15:00+0530,23895.94921875,23922.25,23884.5,23890.349609375,0.0
2026-05-27 14:30:00+0530,23890.25,23890.25,23858.55078125,23875.05078125,0.0
2026-05-27 14:45:00+0530,23875.400390625,23901.05078125,23866.94921875,23896.55078125,0.0
2026-05-27 15:00:00+0530,23896.75,23906.44921875,23879.150390625,23902.80078125,0.0
2026-05-27 15:15:00+0530,23903.80078125,23926.849609375,23902.5,23921.599609375,0.0
2026-05-29 09:15:00+0530,23903.400390625,23998.69921875,23889.44921875,23893.400390625,0.0
2026-05-29 09:30:00+0530,23892.19921875,23933.849609375,23872.900390625,23875.75,0.0
2026-05-29 09:45:00+0530,23875.80078125,23922.80078125,23871.19921875,23907.44921875,0.0
2026-05-29 10:00:00+0530,23907.44921875,23954.5,23894.75,23945.69921875,0.0
2026-05-29 10:15:00+0530,23946.099609375,23951.900390625,23908.94921875,23911.650390625,0.0
2026-05-29 10:30:00+0530,23911.19921875,23929.650390625,23900.44921875,23900.650390625,0.0
2026-05-29 10:45:00+0530,23900.900390625,23907.80078125,23877.650390625,23903.099609375,0.0
2026-05-29 11:00:00+0530,23902.650390625,23912.69921875,23892.75,23896.849609375,0.0
2026-05-29 11:15:00+0530,23895.80078125,23910.150390625,23888.94921875,23889.55078125,0.0
2026-05-29 11:30:00+0530,23889.19921875,23894.5,23875.349609375,23885.900390625,0.0
2026-05-29 11:45:00+0530,23885.55078125,23914.0,23883.349609375,23890.80078125,0.0
2026-05-29 12:00:00+0530,23890.30078125,23891.650390625,23825.94921875,23835.69921875,0.0
2026-05-29 12:15:00+0530,23835.94921875,23857.75,23815.099609375,23855.80078125,0.0
2026-05-29 12:30:00+0530,23856.19921875,23859.05078125,23840.94921875,23849.900390625,0.0
2026-05-29 12:45:00+0530,23849.849609375,23855.25,23821.94921875,23837.55078125,0.0
2026-05-29 13:00:00+0530,23837.05078125,23838.30078125,23769.25,23769.25,0.0
2026-05-29 13:15:00+0530,23769.650390625,23789.5,23759.94921875,23775.599609375,0.0
2026-05-29 13:30:00+0530,23775.349609375,23786.05078125,23765.94921875,23773.400390625,0.0
2026-05-29 13:45:00+0530,23773.150390625,23775.099609375,23740.0,23757.650390625,0.0
2026-05-29 14:00:00+0530,23758.05078125,23759.5,23731.5,23744.44921875,0.0
2026-05-29 14:15:00+0530,23743.80078125,23762.25,23731.55078125,23760.099609375,0.0
2026-05-29 14:30:00+0530,23759.55078125,23802.05078125,23759.55078125,23786.099609375,0.0
2026-05-29 14:45:00+0530,23786.75,23795.30078125,23752.25,23773.349609375,0.0
2026-05-29 15:00:00+0530,23773.30078125,23773.30078125,23506.349609375,23528.69921875,0.0
2026-05-29 15:15:00+0530,23527.19921875,23618.0,23486.599609375,23609.30078125,0.0
2026-06-01 09:15:00+0530,23664.19921875,23727.650390625,23588.55078125,23592.94921875,0.0
2026-06-01 09:30:00+0530,23591.94921875,23623.80078125,23566.25,23576.150390625,0.0
2026-06-01 09:45:00+0530,23575.349609375,23595.400390625,23557.05078125,23561.80078125,0.0
2026-06-01 10:00:00+0530,23561.05078125,23572.349609375,23537.05078125,23553.150390625,0.0
2026-06-01 10:15:00+0530,23552.69921875,23566.400390625,23536.900390625,23539.849609375,0.0
2026-06-01 10:30:00+0530,23539.349609375,23555.150390625,23518.19921875,23538.25,0.0
2026-06-01 10:45:00+0530,23538.19921875,23597.19921875,23537.0,23569.75,0.0
2026-06-01 11:00:00+0530,23569.94921875,23615.5,23569.94921875,23606.19921875,0.0
2026-06-01 11:15:00+0530,23605.400390625,23619.19921875,23558.44921875,23559.150390625,0.0
2026-06-01 11:30:00+0530,23558.599609375,23570.099609375,23539.0,23550.0,0.0
2026-06-01 11:45:00+0530,23549.75,23562.19921875,23492.0,23493.75,0.0
2026-06-01 12:00:00+0530,23494.099609375,23533.349609375,23486.650390625,23530.0,0.0
2026-06-01 12:15:00+0530,23529.349609375,23533.150390625,23510.650390625,23516.94921875,0.0
2026-06-01 12:30:00+0530,23516.400390625,23526.0,23502.94921875,23515.849609375,0.0
2026-06-01 12:45:00+0530,23515.05078125,23536.94921875,23499.25,23513.44921875,0.0
2026-06-01 13:00:00+0530,23513.05078125,23520.75,23453.25,23460.650390625,0.0
2026-06-01 13:15:00+0530,23459.94921875,23486.44921875,23458.150390625,23483.5,0.0
2026-06-01 13:30:00+0530,23482.30078125,23500.400390625,23475.19921875,23482.94921875,0.0
2026-06-01 13:45:00+0530,23481.849609375,23483.55078125,23447.69921875,23456.30078125,0.0
2026-06-01 14:00:00+0530,23456.099609375,23459.599609375,23413.25,23416.94921875,0.0
2026-06-01 14:15:00+0530,23417.05078125,23428.30078125,23390.0,23395.0,0.0
2026-06-01 14:30:00+0530,23394.099609375,23422.650390625,23380.30078125,23416.30078125,0.0
2026-06-01 14:45:00+0530,23417.30078125,23427.349609375,23360.400390625,23373.69921875,0.0
2026-06-01 15:00:00+0530,23373.94921875,23412.099609375,23358.150390625,23389.25,0.0
2026-06-01 15:15:00+0530,23389.400390625,23402.80078125,23362.80078125,23379.19921875,0.0
2026-06-02 09:15:00+0530,23229.150390625,23297.650390625,23229.150390625,23279.55078125,0.0
2026-06-02 09:30:00+0530,23282.099609375,23306.94921875,23261.19921875,23301.849609375,0.0
2026-06-02 09:45:00+0530,23301.69921875,23322.75,23270.94921875,23315.19921875,0.0
2026-06-02 10:00:00+0530,23316.19921875,23324.650390625,23280.94921875,23281.44921875,0.0
2026-06-02 10:15:00+0530,23281.400390625,23375.900390625,23265.650390625,23369.599609375,0.0
2026-06-02 10:30:00+0530,23371.0,23373.19921875,23327.75,23352.44921875,0.0
2026-06-02 10:45:00+0530,23352.349609375,23352.349609375,23281.55078125,23300.349609375,0.0
2026-06-02 11:00:00+0530,23301.150390625,23314.650390625,23293.0,23310.30078125,0.0
2026-06-02 11:15:00+0530,23309.650390625,23363.94921875,23295.849609375,23340.30078125,0.0
2026-06-02 11:30:00+0530,23340.44921875,23344.5,23290.5,23298.0,0.0
2026-06-02 11:45:00+0530,23298.30078125,23310.69921875,23280.75,23283.5,0.0
2026-06-02 12:00:00+0530,23284.099609375,23304.400390625,23276.599609375,23279.80078125,0.0
2026-06-02 12:15:00+0530,23279.30078125,23297.349609375,23270.94921875,23274.849609375,0.0
2026-06-02 12:30:00+0530,23274.75,23374.599609375,23271.44921875,23371.55078125,0.0
2026-06-02 12:45:00+0530,23371.30078125,23470.80078125,23370.599609375,23457.94921875,0.0
2026-06-02 13:00:00+0530,23456.900390625,23498.099609375,23438.400390625,23473.75,0.0
2026-06-02 13:15:00+0530,23474.25,23503.400390625,23456.80078125,23502.94921875,0.0
2026-06-02 13:30:00+0530,23502.94921875,23534.44921875,23492.599609375,23500.349609375,0.0
2026-06-02 13:45:00+0530,23500.5,23530.05078125,23500.25,23514.80078125,0.0
2026-06-02 14:00:00+0530,23515.150390625,23546.650390625,23512.44921875,23539.5,0.0
2026-06-02 14:15:00+0530,23539.650390625,23556.599609375,23510.44921875,23516.69921875,0.0
2026-06-02 14:30:00+0530,23516.75,23535.30078125,23443.94921875,23453.0,0.0
2026-06-02 14:45:00+0530,23452.349609375,23480.30078125,23432.80078125,23441.19921875,0.0
2026-06-02 15:00:00+0530,23441.55078125,23500.150390625,23422.650390625,23490.0,0.0
2026-06-02 15:15:00+0530,23489.80078125,23525.69921875,23488.55078125,23520.69921875,0.0
2026-06-03 09:15:00+0530,23415.94921875,23442.400390625,23265.349609375,23292.69921875,0.0
2026-06-03 09:30:00+0530,23293.5,23299.80078125,23244.849609375,23268.94921875,0.0
2026-06-03 09:45:00+0530,23269.05078125,23299.55078125,23225.650390625,23252.650390625,0.0
2026-06-03 10:00:00+0530,23253.150390625,23287.400390625,23232.75,23240.5,0.0
2026-06-03 10:15:00+0530,23240.44921875,23283.19921875,23228.94921875,23246.30078125,0.0
2026-06-03 10:30:00+0530,23247.0,23255.30078125,23212.349609375,23227.150390625,0.0
2026-06-03 10:45:00+0530,23227.55078125,23244.25,23217.099609375,23226.05078125,0.0
2026-06-03 11:00:00+0530,23227.25,23233.0,23194.80078125,23202.849609375,0.0
2026-06-03 11:15:00+0530,23203.599609375,23244.849609375,23198.80078125,23215.849609375,0.0
2026-06-03 11:30:00+0530,23216.94921875,23234.75,23202.599609375,23214.19921875,0.0
2026-06-03 11:45:00+0530,23215.05078125,23225.900390625,23191.80078125,23192.25,0.0
2026-06-03 12:00:00+0530,23193.25,23202.75,23152.150390625,23180.69921875,0.0
2026-06-03 12:15:00+0530,23181.25,23241.650390625,23176.55078125,23235.44921875,0.0
2026-06-03 12:30:00+0530,23236.349609375,23347.55078125,23236.19921875,23323.0,0.0
2026-06-03 12:45:00+0530,23325.150390625,23331.55078125,23271.94921875,23283.30078125,0.0
2026-06-03 13:00:00+0530,23284.19921875,23305.94921875,23275.05078125,23298.349609375,0.0
2026-06-03 13:15:00+0530,23302.94921875,23349.75,23300.30078125,23345.0,0.0
2026-06-03 13:30:00+0530,23345.94921875,23352.80078125,23316.400390625,23320.599609375,0.0
2026-06-03 13:45:00+0530,23322.25,23427.05078125,23321.349609375,23361.099609375,0.0
2026-06-03 14:00:00+0530,23363.55078125,23404.099609375,23363.099609375,23388.19921875,0.0
2026-06-03 14:15:00+0530,23388.30078125,23439.5,23387.5,23406.75,0.0
2026-06-03 14:30:00+0530,23408.44921875,23445.19921875,23400.55078125,23439.80078125,0.0
2026-06-03 14:45:00+0530,23440.099609375,23458.150390625,23425.849609375,23442.94921875,0.0
2026-06-03 15:00:00+0530,23443.80078125,23459.349609375,23373.900390625,23395.849609375,0.0
2026-06-03 15:15:00+0530,23396.099609375,23411.30078125,23389.0,23396.94921875,0.0
2026-06-04 09:15:00+0530,23287.69921875,23362.5,23249.599609375,23334.80078125,0.0
2026-06-04 09:30:00+0530,23334.75,23366.599609375,23304.349609375,23355.349609375,0.0
2026-06-04 09:45:00+0530,23355.5,23442.25,23355.5,23407.849609375,0.0
2026-06-04 10:00:00+0530,23407.30078125,23443.69921875,23398.900390625,23431.349609375,0.0
2026-06-04 10:15:00+0530,23431.900390625,23449.80078125,23417.05078125,23423.5,0.0
2026-06-04 10:30:00+0530,23423.0,23426.599609375,23375.55078125,23410.650390625,0.0
2026-06-04 10:45:00+0530,23411.05078125,23446.44921875,23409.650390625,23424.900390625,0.0
2026-06-04 11:00:00+0530,23424.099609375,23430.150390625,23374.80078125,23401.849609375,0.0
2026-06-04 11:15:00+0530,23402.05078125,23403.75,23379.5,23392.69921875,0.0
2026-06-04 11:30:00+0530,23392.650390625,23461.94921875,23359.44921875,23443.650390625,0.0
2026-06-04 11:45:00+0530,23443.75,23451.650390625,23397.0,23419.05078125,0.0
2026-06-04 12:00:00+0530,23419.150390625,23450.44921875,23416.25,23439.69921875,0.0
2026-06-04 12:15:00+0530,23439.25,23450.0,23422.25,23430.650390625,0.0
2026-06-04 12:30:00+0530,23430.44921875,23432.0,23381.30078125,23385.349609375,0.0
2026-06-04 12:45:00+0530,23384.44921875,23416.05078125,23382.900390625,23415.900390625,0.0
2026-06-04 13:00:00+0530,23415.75,23422.0,23332.80078125,23334.25,0.0
2026-06-04 13:15:00+0530,23333.650390625,23368.650390625,23313.150390625,23362.25,0.0
2026-06-04 13:30:00+0530,23362.55078125,23375.25,23346.150390625,23361.5,0.0
2026-06-04 13:45:00+0530,23360.900390625,23377.849609375,23350.25,23367.900390625,0.0
2026-06-04 14:00:00+0530,23368.900390625,23433.75,23367.75,23413.900390625,0.0
2026-06-04 14:15:00+0530,23414.30078125,23429.150390625,23405.900390625,23419.75,0.0
2026-06-04 14:30:00+0530,23420.099609375,23452.849609375,23415.30078125,23433.19921875,0.0
2026-06-04 14:45:00+0530,23433.30078125,23465.150390625,23402.69921875,23415.150390625,0.0
2026-06-04 15:00:00+0530,23414.80078125,23420.349609375,23385.30078125,23418.05078125,0.0
2026-06-04 15:15:00+0530,23417.05078125,23446.80078125,23411.69921875,23438.0,0.0
2026-06-05 09:15:00+0530,23483.349609375,23513.650390625,23440.19921875,23461.94921875,0.0
2026-06-05 09:30:00+0530,23462.19921875,23486.94921875,23445.94921875,23476.099609375,0.0
2026-06-05 09:45:00+0530,23476.05078125,23477.94921875,23439.25,23443.94921875,0.0
2026-06-05 10:00:00+0530,23443.650390625,23512.650390625,23424.25,23468.5,0.0
2026-06-05 10:15:00+0530,23467.69921875,23497.5,23452.94921875,23470.55078125,0.0
2026-06-05 10:30:00+0530,23470.94921875,23474.25,23342.25,23359.75,0.0
2026-06-05 10:45:00+0530,23360.19921875,23404.650390625,23332.05078125,23402.30078125,0.0
2026-06-05 11:00:00+0530,23403.599609375,23494.80078125,23403.599609375,23444.400390625,0.0
2026-06-05 11:15:00+0530,23443.94921875,23452.19921875,23393.099609375,23418.349609375,0.0
2026-06-05 11:30:00+0530,23418.30078125,23442.94921875,23403.349609375,23422.80078125,0.0
2026-06-05 11:45:00+0530,23424.349609375,23440.94921875,23396.94921875,23397.5,0.0
2026-06-05 12:00:00+0530,23397.900390625,23441.44921875,23397.05078125,23439.5,0.0
2026-06-05 12:15:00+0530,23439.75,23455.25,23431.55078125,23437.0,0.0
2026-06-05 12:30:00+0530,23436.849609375,23439.69921875,23367.30078125,23374.650390625,0.0
2026-06-05 12:45:00+0530,23374.900390625,23388.25,23351.19921875,23367.69921875,0.0
2026-06-05 13:00:00+0530,23367.55078125,23376.19921875,23333.80078125,23337.5,0.0
2026-06-05 13:15:00+0530,23337.94921875,23360.80078125,23310.599609375,23310.599609375,0.0
2026-06-05 13:30:00+0530,23310.5,23328.599609375,23282.80078125,23300.099609375,0.0
2026-06-05 13:45:00+0530,23300.400390625,23330.849609375,23296.75,23330.849609375,0.0
2026-06-05 14:00:00+0530,23330.25,23341.94921875,23313.5,23320.150390625,0.0
2026-06-05 14:15:00+0530,23320.900390625,23354.05078125,23301.0,23351.599609375,0.0
2026-06-05 14:30:00+0530,23351.80078125,23405.05078125,23318.75,23398.80078125,0.0
2026-06-05 14:45:00+0530,23398.05078125,23418.25,23353.30078125,23361.80078125,0.0
2026-06-05 15:00:00+0530,23363.19921875,23369.849609375,23326.94921875,23365.75,0.0
2026-06-05 15:15:00+0530,23366.55078125,23386.5,23361.05078125,23368.849609375,0.0
2026-06-08 09:15:00+0530,23088.849609375,23156.75,23071.5,23155.5,0.0
2026-06-08 09:30:00+0530,23156.099609375,23184.94921875,23132.849609375,23159.150390625,0.0
2026-06-08 09:45:00+0530,23159.849609375,23201.75,23125.25,23199.5,0.0
2026-06-08 10:00:00+0530,23199.849609375,23200.400390625,23154.349609375,23174.25,0.0
2026-06-08 10:15:00+0530,23174.55078125,23188.0,23163.25,23172.44921875,0.0
2026-06-08 10:30:00+0530,23173.19921875,23223.19921875,23172.30078125,23191.650390625,0.0
2026-06-08 10:45:00+0530,23192.25,23218.69921875,23181.099609375,23217.44921875,0.0
2026-06-08 11:00:00+0530,23217.900390625,23218.599609375,23192.94921875,23198.599609375,0.0
2026-06-08 11:15:00+0530,23199.75,23204.69921875,23179.0,23186.150390625,0.0
2026-06-08 11:30:00+0530,23186.55078125,23211.44921875,23182.69921875,23205.44921875,0.0
2026-06-08 11:45:00+0530,23206.099609375,23215.0,23198.30078125,23205.44921875,0.0
2026-06-08 12:00:00+0530,23205.80078125,23223.900390625,23193.80078125,23212.44921875,0.0
2026-06-08 12:15:00+0530,23212.44921875,23225.94921875,23208.0,23218.75,0.0
2026-06-08 12:30:00+0530,23219.19921875,23245.44921875,23215.25,23237.849609375,0.0
2026-06-08 12:45:00+0530,23238.650390625,23266.849609375,23229.599609375,23246.150390625,0.0
2026-06-08 13:00:00+0530,23247.099609375,23247.80078125,23212.55078125,23216.30078125,0.0
2026-06-08 13:15:00+0530,23216.5,23225.69921875,23194.69921875,23209.05078125,0.0
2026-06-08 13:30:00+0530,23208.69921875,23215.30078125,23169.75,23171.0,0.0
2026-06-08 13:45:00+0530,23171.900390625,23177.0,23150.400390625,23172.44921875,0.0
2026-06-08 14:00:00+0530,23173.44921875,23184.69921875,23156.25,23156.849609375,0.0
2026-06-08 14:15:00+0530,23157.349609375,23173.19921875,23145.69921875,23149.099609375,0.0
2026-06-08 14:30:00+0530,23148.599609375,23181.0,23147.30078125,23179.900390625,0.0
2026-06-08 14:45:00+0530,23181.400390625,23196.69921875,23160.599609375,23179.0,0.0
2026-06-08 15:00:00+0530,23182.400390625,23182.400390625,23107.05078125,23134.44921875,0.0
2026-06-08 15:15:00+0530,23134.05078125,23135.80078125,23089.900390625,23103.69921875,0.0
2026-06-09 09:15:00+0530,23259.05078125,23259.05078125,23199.0,23224.94921875,0.0
2026-06-09 09:30:00+0530,23225.05078125,23252.05078125,23196.400390625,23196.400390625,0.0
2026-06-09 09:45:00+0530,23196.599609375,23218.150390625,23180.69921875,23188.349609375,0.0
2026-06-09 10:00:00+0530,23188.349609375,23192.900390625,23160.55078125,23168.099609375,0.0
2026-06-09 10:15:00+0530,23167.75,23177.349609375,23149.349609375,23162.349609375,0.0
2026-06-09 10:30:00+0530,23162.349609375,23166.400390625,23147.30078125,23164.349609375,0.0
2026-06-09 10:45:00+0530,23164.55078125,23168.05078125,23129.150390625,23154.849609375,0.0
2026-06-09 11:00:00+0530,23154.55078125,23161.900390625,23142.5,23144.69921875,0.0
2026-06-09 11:15:00+0530,23146.0,23158.55078125,23105.099609375,23131.94921875,0.0
2026-06-09 11:30:00+0530,23132.150390625,23160.650390625,23126.099609375,23151.94921875,0.0
2026-06-09 11:45:00+0530,23150.849609375,23196.19921875,23145.44921875,23181.30078125,0.0
2026-06-09 12:00:00+0530,23181.19921875,23204.5,23176.5,23186.80078125,0.0
2026-06-09 12:15:00+0530,23187.650390625,23209.400390625,23184.650390625,23206.25,0.0
2026-06-09 12:30:00+0530,23205.30078125,23226.650390625,23196.75,23208.0,0.0
2026-06-09 12:45:00+0530,23207.400390625,23219.349609375,23177.5,23181.900390625,0.0
2026-06-09 13:00:00+0530,23181.400390625,23212.05078125,23181.150390625,23208.099609375,0.0
2026-06-09 13:15:00+0530,23208.75,23223.19921875,23193.900390625,23204.69921875,0.0
2026-06-09 13:30:00+0530,23204.650390625,23222.25,23186.80078125,23218.5,0.0
2026-06-09 13:45:00+0530,23218.650390625,23220.44921875,23175.30078125,23189.599609375,0.0
2026-06-09 14:00:00+0530,23189.650390625,23218.650390625,23178.44921875,23206.44921875,0.0
2026-06-09 14:15:00+0530,23206.05078125,23217.05078125,23187.30078125,23216.650390625,0.0
2026-06-09 14:30:00+0530,23216.849609375,23260.5,23203.0,23250.69921875,0.0
2026-06-09 14:45:00+0530,23251.150390625,23279.349609375,23239.44921875,23274.400390625,0.0
2026-06-09 15:00:00+0530,23274.650390625,23274.650390625,23230.5,23244.80078125,0.0
2026-06-09 15:15:00+0530,23244.19921875,23261.05078125,23225.05078125,23254.80078125,0.0
2026-06-10 09:15:00+0530,23235.30078125,23349.19921875,23220.55078125,23339.75,0.0
2026-06-10 09:30:00+0530,23339.44921875,23356.55078125,23329.69921875,23355.05078125,0.0
2026-06-10 09:45:00+0530,23353.69921875,23384.099609375,23353.19921875,23366.599609375,0.0
2026-06-10 10:00:00+0530,23366.599609375,23370.55078125,23317.0,23317.0,0.0
2026-06-10 10:15:00+0530,23317.30078125,23338.349609375,23305.80078125,23319.400390625,0.0
2026-06-10 10:30:00+0530,23319.400390625,23351.55078125,23317.69921875,23345.94921875,0.0
2026-06-10 10:45:00+0530,23345.80078125,23378.55078125,23341.44921875,23378.55078125,0.0
2026-06-10 11:00:00+0530,23378.55078125,23388.849609375,23362.849609375,23373.650390625,0.0
2026-06-10 11:15:00+0530,23373.650390625,23398.099609375,23359.94921875,23396.75,0.0
2026-06-10 11:30:00+0530,23396.900390625,23409.80078125,23385.849609375,23406.0,0.0
2026-06-10 11:45:00+0530,23405.94921875,23406.30078125,23389.5,23402.80078125,0.0
2026-06-10 12:00:00+0530,23403.30078125,23404.650390625,23376.44921875,23395.400390625,0.0
2026-06-10 12:15:00+0530,23395.25,23397.25,23374.30078125,23375.25,0.0
2026-06-10 12:30:00+0530,23375.94921875,23381.349609375,23346.599609375,23347.75,0.0
2026-06-10 12:45:00+0530,23347.849609375,23385.44921875,23333.19921875,23380.05078125,0.0
2026-06-10 13:00:00+0530,23380.05078125,23424.80078125,23380.0,23405.150390625,0.0
2026-06-10 13:15:00+0530,23405.650390625,23410.30078125,23371.75,23398.30078125,0.0
2026-06-10 13:30:00+0530,23397.94921875,23407.349609375,23351.900390625,23358.849609375,0.0
2026-06-10 13:45:00+0530,23358.30078125,23377.44921875,23347.05078125,23352.94921875,0.0
2026-06-10 14:00:00+0530,23352.400390625,23364.75,23315.0,23317.150390625,0.0
2026-06-10 14:15:00+0530,23317.25,23339.80078125,23307.44921875,23315.5,0.0
2026-06-10 14:30:00+0530,23316.349609375,23320.849609375,23260.30078125,23261.599609375,0.0
2026-06-10 14:45:00+0530,23262.849609375,23271.94921875,23243.849609375,23256.75,0.0
2026-06-10 15:00:00+0530,23256.849609375,23259.099609375,23198.849609375,23199.69921875,0.0
2026-06-10 15:15:00+0530,23200.75,23216.80078125,23186.900390625,23216.099609375,0.0
2026-06-11 09:15:00+0530,23101.349609375,23147.349609375,23072.400390625,23119.349609375,0.0
2026-06-11 09:30:00+0530,23121.900390625,23147.80078125,23093.150390625,23143.599609375,0.0
2026-06-11 09:45:00+0530,23144.25,23172.849609375,23112.599609375,23115.69921875,0.0
2026-06-11 10:00:00+0530,23117.599609375,23164.5,23102.849609375,23145.5,0.0
2026-06-11 10:15:00+0530,23147.5,23207.599609375,23144.69921875,23199.5,0.0
2026-06-11 10:30:00+0530,23201.099609375,23213.44921875,23185.150390625,23203.19921875,0.0
2026-06-11 10:45:00+0530,23204.849609375,23211.849609375,23167.19921875,23174.55078125,0.0
2026-06-11 11:00:00+0530,23176.55078125,23205.0,23162.5,23181.650390625,0.0
2026-06-11 11:15:00+0530,23183.19921875,23236.44921875,23181.55078125,23235.44921875,0.0
2026-06-11 11:30:00+0530,23237.400390625,23251.75,23210.650390625,23251.69921875,0.0
2026-06-11 11:45:00+0530,23253.69921875,23291.25,23251.05078125,23281.150390625,0.0
2026-06-11 12:00:00+0530,23283.150390625,23292.44921875,23272.55078125,23285.25,0.0
2026-06-11 12:15:00+0530,23287.55078125,23307.05078125,23278.349609375,23295.599609375,0.0
2026-06-11 12:30:00+0530,23297.599609375,23323.900390625,23288.099609375,23294.400390625,0.0
2026-06-11 12:45:00+0530,23296.099609375,23307.30078125,23272.69921875,23306.75,0.0
2026-06-11 13:00:00+0530,23308.25,23327.25,23256.30078125,23257.69921875,0.0
2026-06-11 13:15:00+0530,23259.44921875,23264.650390625,23220.44921875,23241.0,0.0
2026-06-11 13:30:00+0530,23242.900390625,23267.75,23213.44921875,23220.099609375,0.0
2026-06-11 13:45:00+0530,23223.900390625,23248.05078125,23214.55078125,23231.30078125,0.0
2026-06-11 14:00:00+0530,23233.0,23240.19921875,23201.599609375,23218.75,0.0
2026-06-11 14:15:00+0530,23219.80078125,23252.05078125,23204.099609375,23240.05078125,0.0
2026-06-11 14:30:00+0530,23241.150390625,23245.44921875,23193.55078125,23198.150390625,0.0
2026-06-11 14:45:00+0530,23200.19921875,23209.599609375,23162.5,23175.5,0.0
2026-06-11 15:00:00+0530,23177.05078125,23192.44921875,23131.94921875,23165.80078125,0.0
2026-06-11 15:15:00+0530,23165.30078125,23194.900390625,23156.400390625,23186.55078125,0.0
2026-06-12 09:15:00+0530,23420.69921875,23455.900390625,23400.55078125,23401.19921875,0.0
2026-06-12 09:30:00+0530,23402.849609375,23410.650390625,23364.25,23370.099609375,0.0
2026-06-12 09:45:00+0530,23370.599609375,23380.75,23346.30078125,23346.55078125,0.0
2026-06-12 10:00:00+0530,23348.69921875,23359.150390625,23327.650390625,23342.650390625,0.0
2026-06-12 10:15:00+0530,23345.150390625,23362.900390625,23322.900390625,23345.849609375,0.0
2026-06-12 10:30:00+0530,23346.75,23357.5,23341.55078125,23349.69921875,0.0
2026-06-12 10:45:00+0530,23350.94921875,23359.849609375,23329.94921875,23358.25,0.0
2026-06-12 11:00:00+0530,23359.19921875,23378.349609375,23344.44921875,23378.05078125,0.0
2026-06-12 11:15:00+0530,23379.099609375,23380.650390625,23349.69921875,23357.400390625,0.0
2026-06-12 11:30:00+0530,23358.5,23377.900390625,23357.5,23374.80078125,0.0
2026-06-12 11:45:00+0530,23375.5,23389.30078125,23368.349609375,23378.19921875,0.0
2026-06-12 12:00:00+0530,23380.099609375,23383.55078125,23343.349609375,23347.400390625,0.0
2026-06-12 12:15:00+0530,23349.44921875,23369.900390625,23343.5,23365.30078125,0.0
2026-06-12 12:30:00+0530,23365.900390625,23365.900390625,23320.599609375,23321.55078125,0.0
2026-06-12 12:45:00+0530,23323.0,23329.900390625,23314.0,23325.30078125,0.0
2026-06-12 13:00:00+0530,23326.75,23344.05078125,23322.25,23336.25,0.0
2026-06-12 13:15:00+0530,23336.94921875,23392.5,23321.599609375,23388.94921875,0.0
2026-06-12 13:30:00+0530,23390.400390625,23480.099609375,23389.05078125,23474.599609375,0.0
2026-06-12 13:45:00+0530,23476.150390625,23511.0,23468.44921875,23507.44921875,0.0
2026-06-12 14:00:00+0530,23509.69921875,23530.75,23496.55078125,23527.5,0.0
2026-06-12 14:15:00+0530,23528.19921875,23549.650390625,23524.599609375,23547.80078125,0.0
2026-06-12 14:30:00+0530,23549.30078125,23577.099609375,23532.900390625,23569.75,0.0
2026-06-12 14:45:00+0530,23571.849609375,23616.849609375,23568.349609375,23608.150390625,0.0
2026-06-12 15:00:00+0530,23607.94921875,23645.19921875,23581.650390625,23621.80078125,0.0
2026-06-12 15:15:00+0530,23620.94921875,23639.349609375,23612.150390625,23631.75,0.0
2026-06-15 09:15:00+0530,23984.849609375,24004.69921875,23934.349609375,23944.69921875,0.0
2026-06-15 09:30:00+0530,23946.150390625,23965.900390625,23928.5,23964.849609375,0.0
2026-06-15 09:45:00+0530,23965.69921875,23980.44921875,23939.75,23946.44921875,0.0
2026-06-15 10:00:00+0530,23945.94921875,23968.19921875,23933.55078125,23945.5,0.0
2026-06-15 10:15:00+0530,23945.05078125,23968.650390625,23935.599609375,23962.650390625,0.0
2026-06-15 10:30:00+0530,23962.55078125,23982.150390625,23961.94921875,23978.44921875,0.0
2026-06-15 10:45:00+0530,23978.44921875,24009.099609375,23974.75,24001.19921875,0.0
2026-06-15 11:00:00+0530,24002.099609375,24003.599609375,23966.30078125,23967.650390625,0.0
2026-06-15 11:15:00+0530,23967.849609375,23982.94921875,23962.19921875,23977.69921875,0.0
2026-06-15 11:30:00+0530,23978.44921875,23979.80078125,23957.25,23957.80078125,0.0
2026-06-15 11:45:00+0530,23957.25,23970.55078125,23950.0,23961.55078125,0.0
2026-06-15 12:00:00+0530,23961.349609375,23965.75,23930.05078125,23931.30078125,0.0
2026-06-15 12:15:00+0530,23931.80078125,23932.94921875,23893.80078125,23894.55078125,0.0
2026-06-15 12:30:00+0530,23894.75,23917.80078125,23892.44921875,23912.05078125,0.0
2026-06-15 12:45:00+0530,23912.849609375,23913.94921875,23896.650390625,23906.650390625,0.0
2026-06-15 13:00:00+0530,23906.94921875,23935.0,23892.80078125,23916.0,0.0
2026-06-15 13:15:00+0530,23916.099609375,23917.900390625,23897.19921875,23906.44921875,0.0
2026-06-15 13:30:00+0530,23906.650390625,23913.099609375,23884.44921875,23893.55078125,0.0
2026-06-15 13:45:00+0530,23893.94921875,23910.69921875,23865.849609375,23906.55078125,0.0
2026-06-15 14:00:00+0530,23905.650390625,23913.900390625,23882.599609375,23889.900390625,0.0
2026-06-15 14:15:00+0530,23889.30078125,23916.75,23887.400390625,23907.44921875,0.0
2026-06-15 14:30:00+0530,23906.80078125,23942.599609375,23906.80078125,23923.599609375,0.0
2026-06-15 14:45:00+0530,23924.19921875,23931.55078125,23888.099609375,23895.25,0.0
2026-06-15 15:00:00+0530,23894.599609375,23904.05078125,23818.05078125,23844.400390625,0.0
2026-06-15 15:15:00+0530,23843.599609375,23867.849609375,23842.849609375,23855.900390625,0.0
2026-06-16 09:15:00+0530,23923.900390625,23940.55078125,23889.25,23938.0,0.0
2026-06-16 09:30:00+0530,23938.099609375,23954.19921875,23917.05078125,23917.849609375,0.0
2026-06-16 09:45:00+0530,23917.900390625,23942.69921875,23916.19921875,23940.599609375,0.0
2026-06-16 10:00:00+0530,23939.69921875,23947.349609375,23895.650390625,23910.150390625,0.0
2026-06-16 10:15:00+0530,23910.05078125,23953.849609375,23909.650390625,23943.44921875,0.0
2026-06-16 10:30:00+0530,23943.349609375,23972.650390625,23941.650390625,23962.400390625,0.0
2026-06-16 10:45:00+0530,23962.099609375,23977.69921875,23959.599609375,23966.75,0.0
2026-06-16 11:00:00+0530,23966.650390625,23970.19921875,23931.80078125,23940.80078125,0.0
2026-06-16 11:15:00+0530,23940.55078125,23951.400390625,23923.94921875,23929.400390625,0.0
2026-06-16 11:30:00+0530,23929.44921875,23934.349609375,23911.44921875,23927.099609375,0.0
2026-06-16 11:45:00+0530,23927.599609375,23949.75,23920.44921875,23939.099609375,0.0
2026-06-16 12:00:00+0530,23938.5,23943.650390625,23919.099609375,23928.55078125,0.0
2026-06-16 12:15:00+0530,23928.05078125,23943.19921875,23903.349609375,23940.80078125,0.0
2026-06-16 12:30:00+0530,23940.150390625,23947.099609375,23919.0,23927.150390625,0.0
2026-06-16 12:45:00+0530,23927.25,23938.75,23915.5,23936.25,0.0
2026-06-16 13:00:00+0530,23935.650390625,23950.650390625,23923.44921875,23946.5,0.0
2026-06-16 13:15:00+0530,23946.849609375,23969.80078125,23935.5,23966.69921875,0.0
2026-06-16 13:30:00+0530,23966.80078125,23976.94921875,23959.650390625,23964.849609375,0.0
2026-06-16 13:45:00+0530,23964.849609375,23976.900390625,23955.75,23966.80078125,0.0
2026-06-16 14:00:00+0530,23967.05078125,23997.75,23963.44921875,23995.900390625,0.0
2026-06-16 14:15:00+0530,23994.349609375,24000.099609375,23978.099609375,23984.599609375,0.0
2026-06-16 14:30:00+0530,23984.19921875,24002.25,23964.849609375,23964.849609375,0.0
2026-06-16 14:45:00+0530,23963.44921875,23998.80078125,23962.69921875,23988.05078125,0.0
2026-06-16 15:00:00+0530,23986.44921875,24000.849609375,23976.599609375,23987.0,0.0
2026-06-16 15:15:00+0530,23986.80078125,23997.400390625,23980.099609375,23993.94921875,0.0
2026-06-17 09:15:00+0530,24045.44921875,24045.44921875,23969.75,24020.69921875,0.0
2026-06-17 09:30:00+0530,24022.75,24063.349609375,24017.69921875,24061.55078125,0.0
2026-06-17 09:45:00+0530,24063.80078125,24071.650390625,24053.80078125,24065.849609375,0.0
2026-06-17 10:00:00+0530,24067.900390625,24069.19921875,24043.150390625,24047.69921875,0.0
2026-06-17 10:15:00+0530,24048.25,24082.650390625,24046.44921875,24066.900390625,0.0
2026-06-17 10:30:00+0530,24067.80078125,24088.5,24062.5,24085.75,0.0
2026-06-17 10:45:00+0530,24086.349609375,24096.75,24073.94921875,24080.0,0.0
2026-06-17 11:00:00+0530,24081.69921875,24083.099609375,24062.05078125,24081.69921875,0.0
2026-06-17 11:15:00+0530,24082.0,24091.44921875,24076.30078125,24088.94921875,0.0
2026-06-17 11:30:00+0530,24089.900390625,24107.849609375,24066.900390625,24083.30078125,0.0
2026-06-17 11:45:00+0530,24084.150390625,24085.599609375,24054.69921875,24055.099609375,0.0
2026-06-17 12:00:00+0530,24056.69921875,24065.349609375,24047.69921875,24050.30078125,0.0
2026-06-17 12:15:00+0530,24051.75,24056.900390625,24033.0,24045.5,0.0
2026-06-17 12:30:00+0530,24045.849609375,24051.19921875,24032.349609375,24044.25,0.0
2026-06-17 12:45:00+0530,24044.900390625,24053.94921875,24027.349609375,24029.5,0.0
2026-06-17 13:00:00+0530,24030.0,24040.400390625,24009.75,24009.75,0.0
2026-06-17 13:15:00+0530,24010.599609375,24039.30078125,24005.849609375,24034.25,0.0
2026-06-17 13:30:00+0530,24035.099609375,24061.849609375,24032.05078125,24056.349609375,0.0
2026-06-17 13:45:00+0530,24055.69921875,24058.55078125,24029.44921875,24049.099609375,0.0
2026-06-17 14:00:00+0530,24048.849609375,24053.44921875,24036.349609375,24048.0,0.0
2026-06-17 14:15:00+0530,24047.849609375,24052.30078125,24021.400390625,24024.30078125,0.0
2026-06-17 14:30:00+0530,24024.30078125,24048.25,24015.80078125,24041.30078125,0.0
2026-06-17 14:45:00+0530,24041.25,24077.30078125,24026.94921875,24077.05078125,0.0
2026-06-17 15:00:00+0530,24076.900390625,24098.75,24070.44921875,24083.19921875,0.0
2026-06-17 15:15:00+0530,24083.599609375,24090.0,24073.099609375,24081.0,0.0
2026-06-18 09:15:00+0530,24073.19921875,24129.599609375,24059.650390625,24090.25,0.0
2026-06-18 09:30:00+0530,24092.19921875,24121.05078125,24066.849609375,24108.900390625,0.0
2026-06-18 09:45:00+0530,24112.0,24139.400390625,24107.400390625,24123.19921875,0.0
2026-06-18 10:00:00+0530,24126.0,24138.400390625,24113.150390625,24125.599609375,0.0
2026-06-18 10:15:00+0530,24127.400390625,24130.80078125,24103.69921875,24109.25,0.0
2026-06-18 10:30:00+0530,24111.599609375,24114.19921875,24059.55078125,24076.349609375,0.0
2026-06-18 10:45:00+0530,24078.349609375,24093.900390625,24067.099609375,24092.55078125,0.0
2026-06-18 11:00:00+0530,24093.849609375,24093.849609375,24059.900390625,24064.650390625,0.0
2026-06-18 11:15:00+0530,24066.19921875,24066.349609375,24037.19921875,24054.94921875,0.0
2026-06-18 11:30:00+0530,24057.5,24065.5,24047.30078125,24062.849609375,0.0
2026-06-18 11:45:00+0530,24064.599609375,24075.349609375,24050.5,24071.94921875,0.0
2026-06-18 12:00:00+0530,24072.69921875,24099.69921875,24071.05078125,24088.19921875,0.0
2026-06-18 12:15:00+0530,24089.849609375,24119.94921875,24078.44921875,24118.69921875,0.0
2026-06-18 12:30:00+0530,24120.849609375,24133.75,24109.25,24117.25,0.0
2026-06-18 12:45:00+0530,24118.75,24132.25,24111.44921875,24125.650390625,0.0
2026-06-18 13:00:00+0530,24127.650390625,24130.849609375,24116.599609375,24127.80078125,0.0
2026-06-18 13:15:00+0530,24129.94921875,24136.30078125,24100.650390625,24120.44921875,0.0
2026-06-18 13:30:00+0530,24121.900390625,24135.0,24111.80078125,24120.69921875,0.0
2026-06-18 13:45:00+0530,24122.0,24127.650390625,24103.849609375,24108.349609375,0.0
2026-06-18 14:00:00+0530,24109.94921875,24112.0,24094.599609375,24099.75,0.0
2026-06-18 14:15:00+0530,24100.80078125,24110.05078125,24083.75,24088.349609375,0.0
2026-06-18 14:30:00+0530,24090.650390625,24113.05078125,24074.69921875,24097.19921875,0.0
2026-06-18 14:45:00+0530,24098.69921875,24121.400390625,24081.349609375,24121.400390625,0.0
2026-06-18 15:00:00+0530,24121.900390625,24183.44921875,24108.30078125,24177.44921875,0.0
2026-06-18 15:15:00+0530,24177.80078125,24188.94921875,24171.25,24179.400390625,0.0
2026-06-19 09:15:00+0530,23991.19921875,23991.19921875,23940.44921875,23955.94921875,0.0
2026-06-19 09:30:00+0530,23955.55078125,23981.849609375,23938.75,23974.099609375,0.0
2026-06-19 09:45:00+0530,23975.19921875,23990.05078125,23961.80078125,23987.900390625,0.0
2026-06-19 10:00:00+0530,23987.69921875,24011.099609375,23963.599609375,24009.94921875,0.0
2026-06-19 10:15:00+0530,24010.349609375,24010.55078125,23965.25,23966.849609375,0.0
2026-06-19 10:30:00+0530,23966.75,23972.599609375,23953.900390625,23970.69921875,0.0
2026-06-19 10:45:00+0530,23970.19921875,23972.30078125,23940.5,23944.900390625,0.0
2026-06-19 11:00:00+0530,23944.80078125,23965.5,23937.44921875,23964.55078125,0.0
2026-06-19 11:15:00+0530,23964.5,23967.400390625,23941.849609375,23953.05078125,0.0
2026-06-19 11:30:00+0530,23953.75,23968.30078125,23947.05078125,23954.19921875,0.0
2026-06-19 11:45:00+0530,23954.44921875,23956.19921875,23940.19921875,23954.400390625,0.0
2026-06-19 12:00:00+0530,23954.400390625,23967.69921875,23948.30078125,23959.44921875,0.0
2026-06-19 12:15:00+0530,23959.400390625,23974.5,23953.30078125,23968.849609375,0.0
2026-06-19 12:30:00+0530,23968.900390625,23972.25,23924.900390625,23951.55078125,0.0
2026-06-19 12:45:00+0530,23951.94921875,23962.349609375,23931.0,23937.900390625,0.0
2026-06-19 13:00:00+0530,23938.0,23938.599609375,23913.25,23930.19921875,0.0
2026-06-19 13:15:00+0530,23930.349609375,23933.400390625,23914.849609375,23928.150390625,0.0
2026-06-19 13:30:00+0530,23928.150390625,23950.0,23925.80078125,23946.94921875,0.0
2026-06-19 13:45:00+0530,23946.80078125,23967.05078125,23945.55078125,23966.849609375,0.0
2026-06-19 14:00:00+0530,23966.900390625,23992.19921875,23955.30078125,23991.44921875,0.0
2026-06-19 14:15:00+0530,23992.30078125,24000.599609375,23954.900390625,23957.05078125,0.0
2026-06-19 14:30:00+0530,23958.05078125,23995.5,23957.80078125,23974.0,0.0
2026-06-19 14:45:00+0530,23973.25,23981.69921875,23902.0,23910.55078125,0.0
2026-06-19 15:00:00+0530,23911.599609375,24042.400390625,23904.44921875,24025.900390625,0.0
2026-06-19 15:15:00+0530,24026.94921875,24046.5,24010.400390625,24044.19921875,0.0
2026-06-22 09:15:00+0530,24110.150390625,24142.400390625,24073.80078125,24131.19921875,0.0
2026-06-22 09:30:00+0530,24130.25,24138.5,24108.900390625,24109.44921875,0.0
2026-06-22 09:45:00+0530,24109.5,24143.599609375,24103.75,24141.150390625,0.0
2026-06-22 10:00:00+0530,24141.5,24159.650390625,24129.5,24149.650390625,0.0
2026-06-22 10:15:00+0530,24149.55078125,24156.19921875,24144.25,24152.80078125,0.0
2026-06-22 10:30:00+0530,24153.849609375,24159.099609375,24136.55078125,24152.900390625,0.0
2026-06-22 10:45:00+0530,24152.75,24168.0,24147.80078125,24162.849609375,0.0
2026-06-22 11:00:00+0530,24162.75,24165.30078125,24153.349609375,24157.30078125,0.0
2026-06-22 11:15:00+0530,24156.650390625,24163.099609375,24141.400390625,24160.650390625,0.0
2026-06-22 11:30:00+0530,24161.30078125,24166.05078125,24145.69921875,24148.349609375,0.0
2026-06-22 11:45:00+0530,24148.150390625,24152.55078125,24129.650390625,24140.400390625,0.0
2026-06-22 12:00:00+0530,24140.44921875,24142.150390625,24117.849609375,24118.19921875,0.0
2026-06-22 12:15:00+0530,24117.650390625,24129.150390625,24112.349609375,24119.849609375,0.0
2026-06-22 12:30:00+0530,24119.650390625,24126.25,24109.80078125,24118.75,0.0
2026-06-22 12:45:00+0530,24118.599609375,24127.05078125,24112.25,24123.5,0.0
2026-06-22 13:00:00+0530,24123.30078125,24123.849609375,24105.099609375,24112.80078125,0.0
2026-06-22 13:15:00+0530,24112.80078125,24127.19921875,24111.55078125,24118.69921875,0.0
2026-06-22 13:30:00+0530,24118.30078125,24127.69921875,24097.150390625,24119.44921875,0.0
2026-06-22 13:45:00+0530,24119.650390625,24136.5,24115.849609375,24126.0,0.0
2026-06-22 14:00:00+0530,24126.19921875,24133.150390625,24117.150390625,24118.44921875,0.0
2026-06-22 14:15:00+0530,24118.0,24141.55078125,24112.94921875,24138.80078125,0.0
2026-06-22 14:30:00+0530,24138.69921875,24145.44921875,24125.69921875,24134.650390625,0.0
2026-06-22 14:45:00+0530,24136.349609375,24145.150390625,24129.19921875,24132.55078125,0.0
2026-06-22 15:00:00+0530,24133.599609375,24143.0,24099.849609375,24105.650390625,0.0
2026-06-22 15:15:00+0530,24105.5,24111.150390625,24080.099609375,24086.849609375,0.0
2026-06-23 09:15:00+0530,24071.30078125,24095.05078125,24040.75,24088.94921875,0.0
2026-06-23 09:30:00+0530,24090.05078125,24133.05078125,24088.19921875,24115.5,0.0
2026-06-23 09:45:00+0530,24115.25,24133.0,24107.349609375,24131.30078125,0.0
2026-06-23 10:00:00+0530,24131.25,24135.25,24113.849609375,24124.05078125,0.0
2026-06-23 10:15:00+0530,24123.44921875,24130.099609375,24106.099609375,24112.44921875,0.0
2026-06-23 10:30:00+0530,24112.80078125,24119.30078125,24104.30078125,24105.650390625,0.0
2026-06-23 10:45:00+0530,24106.900390625,24107.05078125,24091.0,24093.849609375,0.0
2026-06-23 11:00:00+0530,24093.599609375,24115.44921875,24083.69921875,24114.400390625,0.0
2026-06-23 11:15:00+0530,24112.94921875,24130.44921875,24112.44921875,24112.94921875,0.0
2026-06-23 11:30:00+0530,24114.25,24114.75,24079.05078125,24083.099609375,0.0
2026-06-23 11:45:00+0530,24082.5,24083.400390625,23972.349609375,23982.650390625,0.0
2026-06-23 12:00:00+0530,23981.150390625,23990.900390625,23953.69921875,23965.0,0.0
2026-06-23 12:15:00+0530,23965.94921875,23973.25,23917.80078125,23948.849609375,0.0
2026-06-23 12:30:00+0530,23949.650390625,23958.94921875,23931.900390625,23948.44921875,0.0
2026-06-23 12:45:00+0530,23949.19921875,23950.69921875,23923.599609375,23930.5,0.0
2026-06-23 13:00:00+0530,23930.650390625,23937.80078125,23908.900390625,23922.599609375,0.0
2026-06-23 13:15:00+0530,23923.80078125,23931.349609375,23902.5,23907.400390625,0.0
2026-06-23 13:30:00+0530,23908.349609375,23910.349609375,23862.900390625,23893.19921875,0.0
2026-06-23 13:45:00+0530,23893.849609375,23898.30078125,23864.25,23869.150390625,0.0
2026-06-23 14:00:00+0530,23870.150390625,23916.94921875,23864.30078125,23910.849609375,0.0
2026-06-23 14:15:00+0530,23912.55078125,23921.150390625,23893.599609375,23915.80078125,0.0
2026-06-23 14:30:00+0530,23916.94921875,23934.05078125,23897.150390625,23927.25,0.0
2026-06-23 14:45:00+0530,23927.849609375,23935.19921875,23907.5,23914.30078125,0.0
2026-06-23 15:00:00+0530,23916.349609375,23919.099609375,23816.0,23827.69921875,0.0
2026-06-23 15:15:00+0530,23828.69921875,23829.5,23785.25,23795.25,0.0
2026-06-24 09:15:00+0530,23798.30078125,23884.69921875,23790.25,23879.400390625,0.0
2026-06-24 09:30:00+0530,23879.650390625,23894.69921875,23861.5,23867.400390625,0.0
2026-06-24 09:45:00+0530,23866.849609375,23873.75,23810.650390625,23841.650390625,0.0
2026-06-24 10:00:00+0530,23841.75,23918.849609375,23841.75,23917.849609375,0.0
2026-06-24 10:15:00+0530,23917.75,23970.099609375,23910.900390625,23947.75,0.0
2026-06-24 10:30:00+0530,23950.05078125,23961.900390625,23932.150390625,23934.30078125,0.0
2026-06-24 10:45:00+0530,23933.80078125,23960.400390625,23932.849609375,23952.44921875,0.0
2026-06-24 11:00:00+0530,23952.0,23991.19921875,23952.0,23985.849609375,0.0
2026-06-24 11:15:00+0530,23986.05078125,23988.900390625,23967.099609375,23974.94921875,0.0
2026-06-24 11:30:00+0530,23976.05078125,24007.19921875,23958.0,24006.900390625,0.0
2026-06-24 11:45:00+0530,24006.44921875,24013.650390625,23994.94921875,23996.900390625,0.0
2026-06-24 12:00:00+0530,23996.55078125,24008.05078125,23979.0,23980.94921875,0.0
2026-06-24 12:15:00+0530,23982.25,24007.19921875,23981.0,23995.650390625,0.0
2026-06-24 12:30:00+0530,23995.69921875,23997.30078125,23967.0,23991.349609375,0.0
2026-06-24 12:45:00+0530,23991.349609375,24012.599609375,23979.150390625,24004.349609375,0.0
2026-06-24 13:00:00+0530,24004.349609375,24032.150390625,23994.099609375,24031.099609375,0.0
2026-06-24 13:15:00+0530,24030.5,24055.75,24028.150390625,24052.44921875,0.0
2026-06-24 13:30:00+0530,24052.849609375,24089.75,24051.55078125,24071.5,0.0
2026-06-24 13:45:00+0530,24071.849609375,24085.849609375,24047.44921875,24055.80078125,0.0
2026-06-24 14:00:00+0530,24055.650390625,24059.44921875,24026.5,24056.650390625,0.0
2026-06-24 14:15:00+0530,24056.75,24063.75,24043.900390625,24054.849609375,0.0
2026-06-24 14:30:00+0530,24054.80078125,24061.25,24034.94921875,24053.099609375,0.0
2026-06-24 14:45:00+0530,24053.650390625,24068.75,24037.849609375,24050.75,0.0
2026-06-24 15:00:00+0530,24050.849609375,24050.849609375,24003.25,24006.44921875,0.0
2026-06-24 15:15:00+0530,24006.0,24031.44921875,24003.599609375,24013.150390625,0.0
2026-06-25 09:15:00+0530,24125.849609375,24169.400390625,24108.05078125,24147.099609375,0.0
2026-06-25 09:30:00+0530,24147.150390625,24152.150390625,24130.5,24140.5,0.0
2026-06-25 09:45:00+0530,24141.650390625,24185.0,24140.150390625,24176.80078125,0.0
2026-06-25 10:00:00+0530,24176.650390625,24185.849609375,24160.30078125,24184.099609375,0.0
2026-06-25 10:15:00+0530,24184.5,24189.75,24165.849609375,24172.30078125,0.0
2026-06-25 10:30:00+0530,24172.099609375,24185.0,24166.900390625,24182.30078125,0.0
2026-06-25 10:45:00+0530,24182.80078125,24200.30078125,24177.0,24197.30078125,0.0
2026-06-25 11:00:00+0530,24197.599609375,24200.349609375,24175.30078125,24195.900390625,0.0
2026-06-25 11:15:00+0530,24196.05078125,24205.0,24186.599609375,24190.55078125,0.0
2026-06-25 11:30:00+0530,24190.55078125,24200.25,24181.05078125,24195.900390625,0.0
2026-06-25 11:45:00+0530,24195.599609375,24238.19921875,24193.30078125,24236.19921875,0.0
2026-06-25 12:00:00+0530,24236.55078125,24261.099609375,24236.150390625,24243.650390625,0.0
2026-06-25 12:15:00+0530,24243.5,24251.5,24199.30078125,24202.349609375,0.0
2026-06-25 12:30:00+0530,24201.900390625,24210.599609375,24176.849609375,24193.150390625,0.0
2026-06-25 12:45:00+0530,24192.849609375,24202.599609375,24181.650390625,24196.900390625,0.0
2026-06-25 13:00:00+0530,24196.849609375,24214.5,24169.30078125,24172.849609375,0.0
2026-06-25 13:15:00+0530,24172.80078125,24198.69921875,24170.599609375,24181.599609375,0.0
2026-06-25 13:30:00+0530,24181.5,24211.19921875,24173.80078125,24200.5,0.0
2026-06-25 13:45:00+0530,24200.349609375,24209.44921875,24173.05078125,24179.5,0.0
2026-06-25 14:00:00+0530,24178.400390625,24187.849609375,24130.650390625,24138.650390625,0.0
2026-06-25 14:15:00+0530,24139.150390625,24139.349609375,24089.55078125,24108.0,0.0
2026-06-25 14:30:00+0530,24108.19921875,24128.900390625,24070.0,24071.05078125,0.0
2026-06-25 14:45:00+0530,24071.05078125,24117.5,24067.0,24090.0,0.0
2026-06-25 15:00:00+0530,24090.400390625,24091.30078125,24042.19921875,24055.30078125,0.0
2026-06-25 15:15:00+0530,24056.0,24065.5,24039.30078125,24052.80078125,0.0
2026-06-29 09:15:00+0530,24061.099609375,24110.69921875,24033.69921875,24064.80078125,0.0
2026-06-29 09:30:00+0530,24065.69921875,24094.69921875,24005.75,24094.0,0.0
2026-06-29 09:45:00+0530,24092.69921875,24095.25,24063.150390625,24075.55078125,0.0
2026-06-29 10:00:00+0530,24076.599609375,24088.0,24051.75,24061.80078125,0.0
2026-06-29 10:15:00+0530,24061.900390625,24120.0,24052.599609375,24112.150390625,0.0
2026-06-29 10:30:00+0530,24112.75,24117.19921875,24091.30078125,24112.30078125,0.0
2026-06-29 10:45:00+0530,24115.5,24115.5,24047.400390625,24066.349609375,0.0
2026-06-29 11:00:00+0530,24066.900390625,24090.900390625,24058.150390625,24073.0,0.0
2026-06-29 11:15:00+0530,24072.44921875,24084.25,24056.5,24061.19921875,0.0
2026-06-29 11:30:00+0530,24062.30078125,24065.099609375,24018.650390625,24031.599609375,0.0
2026-06-29 11:45:00+0530,24031.400390625,24036.900390625,24002.19921875,24011.150390625,0.0
2026-06-29 12:00:00+0530,24012.94921875,24019.25,23990.099609375,23993.69921875,0.0
2026-06-29 12:15:00+0530,23995.94921875,23999.05078125,23964.849609375,23968.400390625,0.0
2026-06-29 12:30:00+0530,23968.44921875,23975.05078125,23926.099609375,23944.44921875,0.0
2026-06-29 12:45:00+0530,23945.0,23968.55078125,23941.0,23963.30078125,0.0
2026-06-29 13:00:00+0530,23964.25,23979.69921875,23946.0,23962.69921875,0.0
2026-06-29 13:15:00+0530,23962.150390625,23967.30078125,23944.80078125,23965.150390625,0.0
2026-06-29 13:30:00+0530,23965.650390625,23981.25,23935.80078125,23940.44921875,0.0
2026-06-29 13:45:00+0530,23940.650390625,23959.19921875,23926.30078125,23947.69921875,0.0
2026-06-29 14:00:00+0530,23947.05078125,23967.55078125,23945.099609375,23958.349609375,0.0
2026-06-29 14:15:00+0530,23960.150390625,23972.599609375,23944.05078125,23950.849609375,0.0
2026-06-29 14:30:00+0530,23951.400390625,23970.599609375,23934.25,23964.25,0.0
2026-06-29 14:45:00+0530,23965.150390625,23970.30078125,23927.099609375,23930.599609375,0.0
2026-06-29 15:00:00+0530,23931.05078125,23987.19921875,23925.150390625,23943.19921875,0.0
2026-06-29 15:15:00+0530,23943.69921875,23985.150390625,23932.900390625,23978.5,0.0
2026-06-30 09:15:00+0530,24031.599609375,24031.599609375,23890.80078125,23896.900390625,0.0
2026-06-30 09:30:00+0530,23896.69921875,23899.5,23862.05078125,23870.349609375,0.0
2026-06-30 09:45:00+0530,23870.30078125,23890.099609375,23852.099609375,23881.69921875,0.0
2026-06-30 10:00:00+0530,23881.099609375,23916.05078125,23872.69921875,23889.80078125,0.0
2026-06-30 10:15:00+0530,23889.599609375,23905.099609375,23871.30078125,23891.44921875,0.0
2026-06-30 10:30:00+0530,23891.349609375,23907.55078125,23874.69921875,23890.5,0.0
2026-06-30 10:45:00+0530,23890.30078125,23923.55078125,23878.650390625,23878.650390625,0.0
2026-06-30 11:00:00+0530,23879.0,23944.94921875,23872.599609375,23938.05078125,0.0
2026-06-30 11:15:00+0530,23940.0,23998.55078125,23924.900390625,23976.55078125,0.0
2026-06-30 11:30:00+0530,23976.650390625,23979.19921875,23919.80078125,23932.599609375,0.0
2026-06-30 11:45:00+0530,23931.44921875,23951.0,23923.80078125,23946.150390625,0.0
2026-06-30 12:00:00+0530,23946.25,23948.599609375,23922.94921875,23925.900390625,0.0
2026-06-30 12:15:00+0530,23924.94921875,23938.599609375,23918.400390625,23933.150390625,0.0
2026-06-30 12:30:00+0530,23933.150390625,23956.19921875,23911.55078125,23951.05078125,0.0
2026-06-30 12:45:00+0530,23950.55078125,23964.349609375,23934.19921875,23952.44921875,0.0
2026-06-30 13:00:00+0530,23951.94921875,23954.30078125,23929.150390625,23934.0,0.0
2026-06-30 13:15:00+0530,23933.19921875,23944.849609375,23913.05078125,23935.150390625,0.0
2026-06-30 13:30:00+0530,23934.25,23954.94921875,23929.900390625,23946.80078125,0.0
2026-06-30 13:45:00+0530,23946.650390625,23947.80078125,23916.400390625,23929.400390625,0.0
2026-06-30 14:00:00+0530,23928.599609375,23931.94921875,23880.94921875,23885.25,0.0
2026-06-30 14:15:00+0530,23885.099609375,23972.44921875,23863.900390625,23944.44921875,0.0
2026-06-30 14:30:00+0530,23945.19921875,23955.849609375,23920.80078125,23945.69921875,0.0
2026-06-30 14:45:00+0530,23945.650390625,23948.400390625,23895.30078125,23905.349609375,0.0
2026-06-30 15:00:00+0530,23902.30078125,23906.25,23830.19921875,23864.80078125,0.0
2026-06-30 15:15:00+0530,23864.150390625,23922.099609375,23864.150390625,23917.75,0.0
2026-07-01 09:15:00+0530,23908.55078125,23934.400390625,23896.0,23922.94921875,0.0
2026-07-01 09:30:00+0530,23919.94921875,23949.650390625,23912.650390625,23944.75,0.0
2026-07-01 09:45:00+0530,23943.5,23985.25,23943.44921875,23982.44921875,0.0
2026-07-01 10:00:00+0530,23981.650390625,23996.05078125,23962.75,23987.099609375,0.0
2026-07-01 10:15:00+0530,23987.05078125,24020.25,23986.44921875,23997.5,0.0
2026-07-01 10:30:00+0530,23997.19921875,24004.30078125,23947.349609375,23953.099609375,0.0
2026-07-01 10:45:00+0530,23954.05078125,23983.650390625,23951.69921875,23976.19921875,0.0
2026-07-01 11:00:00+0530,23976.400390625,24020.5,23975.19921875,24019.5,0.0
2026-07-01 11:15:00+0530,24018.75,24026.75,23998.599609375,24008.80078125,0.0
2026-07-01 11:30:00+0530,24008.349609375,24013.650390625,23986.0,24012.55078125,0.0
2026-07-01 11:45:00+0530,24011.69921875,24028.25,23998.150390625,24026.25,0.0
2026-07-01 12:00:00+0530,24026.5,24049.599609375,24020.150390625,24023.5,0.0
2026-07-01 12:15:00+0530,24023.5,24036.94921875,23994.30078125,23997.400390625,0.0
2026-07-01 12:30:00+0530,23997.55078125,24043.25,23997.5,24023.80078125,0.0
2026-07-01 12:45:00+0530,24024.099609375,24030.599609375,24016.30078125,24022.94921875,0.0
2026-07-01 13:00:00+0530,24022.900390625,24029.44921875,24007.150390625,24028.05078125,0.0
2026-07-01 13:15:00+0530,24026.55078125,24033.349609375,24011.349609375,24012.75,0.0
2026-07-01 13:30:00+0530,24012.94921875,24047.650390625,24002.05078125,24029.19921875,0.0
2026-07-01 13:45:00+0530,24029.599609375,24032.650390625,24014.599609375,24018.349609375,0.0
2026-07-01 14:00:00+0530,24018.099609375,24044.150390625,24011.150390625,24035.599609375,0.0
2026-07-01 14:15:00+0530,24035.30078125,24041.650390625,24023.400390625,24028.599609375,0.0
2026-07-01 14:30:00+0530,24028.55078125,24031.349609375,23991.75,24021.099609375,0.0
2026-07-01 14:45:00+0530,24020.849609375,24038.349609375,24009.650390625,24035.69921875,0.0
2026-07-01 15:00:00+0530,24035.650390625,24048.19921875,23999.150390625,24005.25,0.0
2026-07-01 15:15:00+0530,24006.25,24010.400390625,23980.650390625,23988.099609375,0.0
2026-07-02 09:15:00+0530,24062.19921875,24127.25,24062.19921875,24111.599609375,0.0
2026-07-02 09:30:00+0530,24111.650390625,24159.19921875,24108.099609375,24148.900390625,0.0
2026-07-02 09:45:00+0530,24148.05078125,24155.44921875,24124.25,24129.69921875,0.0
2026-07-02 10:00:00+0530,24129.44921875,24130.5,24075.55078125,24075.55078125,0.0
2026-07-02 10:15:00+0530,24075.80078125,24115.900390625,24070.30078125,24107.400390625,0.0
2026-07-02 10:30:00+0530,24107.099609375,24116.0,24088.900390625,24110.25,0.0
2026-07-02 10:45:00+0530,24110.55078125,24116.80078125,24101.80078125,24111.19921875,0.0
2026-07-02 11:00:00+0530,24111.05078125,24115.80078125,24090.05078125,24103.5,0.0
2026-07-02 11:15:00+0530,24103.80078125,24106.05078125,24085.69921875,24087.55078125,0.0
2026-07-02 11:30:00+0530,24087.30078125,24089.94921875,24067.5,24083.0,0.0
2026-07-02 11:45:00+0530,24083.75,24106.5,24080.849609375,24098.44921875,0.0
2026-07-02 12:00:00+0530,24099.55078125,24114.099609375,24094.80078125,24113.19921875,0.0
2026-07-02 12:15:00+0530,24112.75,24133.19921875,24106.55078125,24131.80078125,0.0
2026-07-02 12:30:00+0530,24131.75,24137.69921875,24116.75,24122.19921875,0.0
2026-07-02 12:45:00+0530,24121.80078125,24133.44921875,24113.599609375,24119.599609375,0.0
2026-07-02 13:00:00+0530,24119.400390625,24145.80078125,24115.75,24145.5,0.0
2026-07-02 13:15:00+0530,24143.25,24155.349609375,24137.75,24142.849609375,0.0
2026-07-02 13:30:00+0530,24141.75,24152.400390625,24128.55078125,24134.400390625,0.0
2026-07-02 13:45:00+0530,24134.19921875,24140.80078125,24126.0,24131.75,0.0
2026-07-02 14:00:00+0530,24131.19921875,24142.849609375,24128.849609375,24131.75,0.0
2026-07-02 14:15:00+0530,24132.30078125,24155.30078125,24127.400390625,24139.19921875,0.0
2026-07-02 14:30:00+0530,24140.150390625,24183.349609375,24138.94921875,24176.849609375,0.0
2026-07-02 14:45:00+0530,24176.80078125,24194.55078125,24172.599609375,24189.55078125,0.0
2026-07-02 15:00:00+0530,24190.75,24193.400390625,24169.400390625,24175.80078125,0.0
2026-07-02 15:15:00+0530,24176.5,24179.5,24153.400390625,24167.94921875,0.0
2026-07-03 09:15:00+0530,24375.650390625,24375.650390625,24295.44921875,24347.75,0.0
2026-07-03 09:30:00+0530,24347.75,24366.80078125,24334.5,24337.0,0.0
2026-07-03 09:45:00+0530,24338.5,24344.75,24323.0,24333.150390625,0.0
2026-07-03 10:00:00+0530,24333.19921875,24342.25,24311.849609375,24329.94921875,0.0
2026-07-03 10:15:00+0530,24330.599609375,24352.650390625,24315.400390625,24344.55078125,0.0
2026-07-03 10:30:00+0530,24345.099609375,24351.5,24335.55078125,24339.650390625,0.0
2026-07-03 10:45:00+0530,24340.349609375,24349.5,24336.80078125,24340.05078125,0.0
2026-07-03 11:00:00+0530,24342.05078125,24354.0,24320.650390625,24323.0,0.0
2026-07-03 11:15:00+0530,24322.69921875,24333.099609375,24319.099609375,24328.30078125,0.0
2026-07-03 11:30:00+0530,24328.349609375,24345.80078125,24322.900390625,24338.400390625,0.0
2026-07-03 11:45:00+0530,24338.25,24356.80078125,24334.650390625,24356.150390625,0.0
2026-07-03 12:00:00+0530,24353.400390625,24373.25,24350.80078125,24369.650390625,0.0
2026-07-03 12:15:00+0530,24369.650390625,24373.349609375,24352.94921875,24361.55078125,0.0
2026-07-03 12:30:00+0530,24362.150390625,24364.55078125,24339.400390625,24345.19921875,0.0
2026-07-03 12:45:00+0530,24345.55078125,24361.25,24341.69921875,24353.349609375,0.0
2026-07-03 13:00:00+0530,24353.44921875,24355.44921875,24309.94921875,24324.55078125,0.0
2026-07-03 13:15:00+0530,24324.30078125,24325.80078125,24302.849609375,24305.900390625,0.0
2026-07-03 13:30:00+0530,24305.94921875,24308.650390625,24272.900390625,24288.19921875,0.0
2026-07-03 13:45:00+0530,24288.900390625,24298.099609375,24278.900390625,24285.25,0.0
2026-07-03 14:00:00+0530,24285.44921875,24297.25,24278.55078125,24287.30078125,0.0
2026-07-03 14:15:00+0530,24287.400390625,24288.5,24265.5,24267.80078125,0.0
2026-07-03 14:30:00+0530,24267.849609375,24287.55078125,24265.30078125,24271.150390625,0.0
2026-07-03 14:45:00+0530,24271.650390625,24280.05078125,24252.75,24256.75,0.0
2026-07-03 15:00:00+0530,24256.150390625,24282.80078125,24256.150390625,24272.69921875,0.0
2026-07-03 15:15:00+0530,24272.099609375,24275.900390625,24258.75,24271.599609375,0.0
2026-07-06 09:15:00+0530,24306.849609375,24359.099609375,24290.05078125,24352.94921875,0.0
2026-07-06 09:30:00+0530,24352.5,24379.150390625,24351.400390625,24368.75,0.0
2026-07-06 09:45:00+0530,24369.30078125,24393.69921875,24366.0,24384.44921875,0.0
2026-07-06 10:00:00+0530,24384.650390625,24394.599609375,24366.30078125,24369.94921875,0.0
2026-07-06 10:15:00+0530,24370.150390625,24414.650390625,24368.44921875,24405.400390625,0.0
2026-07-06 10:30:00+0530,24405.94921875,24414.25,24390.19921875,24403.099609375,0.0
2026-07-06 10:45:00+0530,24403.05078125,24426.900390625,24400.94921875,24424.400390625,0.0
2026-07-06 11:00:00+0530,24424.0,24427.900390625,24411.400390625,24415.400390625,0.0
2026-07-06 11:15:00+0530,24415.849609375,24427.05078125,24403.099609375,24419.05078125,0.0
2026-07-06 11:30:00+0530,24419.19921875,24422.69921875,24410.650390625,24416.44921875,0.0
2026-07-06 11:45:00+0530,24417.30078125,24425.69921875,24407.849609375,24424.55078125,0.0
2026-07-06 12:00:00+0530,24425.19921875,24443.5,24420.099609375,24443.0,0.0
2026-07-06 12:15:00+0530,24443.25,24446.30078125,24434.5,24440.099609375,0.0
2026-07-06 12:30:00+0530,24441.25,24453.44921875,24437.0,24442.650390625,0.0
2026-07-06 12:45:00+0530,24444.30078125,24446.0,24425.599609375,24439.849609375,0.0
2026-07-06 13:00:00+0530,24439.25,24455.30078125,24431.150390625,24449.69921875,0.0
2026-07-06 13:15:00+0530,24449.25,24451.150390625,24434.94921875,24443.099609375,0.0
2026-07-06 13:30:00+0530,24442.849609375,24458.25,24434.0,24438.05078125,0.0
2026-07-06 13:45:00+0530,24437.55078125,24439.75,24406.099609375,24408.94921875,0.0
2026-07-06 14:00:00+0530,24409.150390625,24423.599609375,24399.150390625,24400.55078125,0.0
2026-07-06 14:15:00+0530,24400.849609375,24416.19921875,24396.349609375,24405.25,0.0
2026-07-06 14:30:00+0530,24405.599609375,24420.400390625,24395.099609375,24395.849609375,0.0
2026-07-06 14:45:00+0530,24397.099609375,24417.099609375,24382.400390625,24404.69921875,0.0
2026-07-06 15:00:00+0530,24404.599609375,24447.650390625,24404.599609375,24437.05078125,0.0
2026-07-06 15:15:00+0530,24437.19921875,24441.400390625,24417.94921875,24423.75,0.0
2026-07-07 09:15:00+0530,24464.44921875,24482.099609375,24428.5,24455.849609375,0.0
2026-07-07 09:30:00+0530,24456.80078125,24462.69921875,24423.650390625,24459.19921875,0.0
2026-07-07 09:45:00+0530,24458.650390625,24476.80078125,24450.44921875,24475.55078125,0.0
2026-07-07 10:00:00+0530,24474.900390625,24495.19921875,24467.75,24483.25,0.0
2026-07-07 10:15:00+0530,24483.349609375,24504.650390625,24481.400390625,24490.44921875,0.0
2026-07-07 10:30:00+0530,24490.69921875,24497.599609375,24469.099609375,24470.150390625,0.0
2026-07-07 10:45:00+0530,24470.69921875,24491.099609375,24465.349609375,24480.75,0.0
2026-07-07 11:00:00+0530,24480.849609375,24517.80078125,24480.05078125,24512.5,0.0
2026-07-07 11:15:00+0530,24512.55078125,24525.30078125,24502.44921875,24519.55078125,0.0
2026-07-07 11:30:00+0530,24519.400390625,24524.30078125,24507.849609375,24510.400390625,0.0
2026-07-07 11:45:00+0530,24510.44921875,24527.349609375,24503.05078125,24524.599609375,0.0
2026-07-07 12:00:00+0530,24525.150390625,24530.19921875,24499.30078125,24504.80078125,0.0
2026-07-07 12:15:00+0530,24504.69921875,24511.80078125,24485.900390625,24493.099609375,0.0
2026-07-07 12:30:00+0530,24492.94921875,24495.0,24446.05078125,24472.400390625,0.0
2026-07-07 12:45:00+0530,24473.19921875,24479.650390625,24448.5,24468.55078125,0.0
2026-07-07 13:00:00+0530,24467.69921875,24468.44921875,24425.44921875,24436.44921875,0.0
2026-07-07 13:15:00+0530,24436.19921875,24445.150390625,24419.94921875,24443.099609375,0.0
2026-07-07 13:30:00+0530,24442.650390625,24446.05078125,24419.44921875,24438.19921875,0.0
2026-07-07 13:45:00+0530,24439.0,24457.05078125,24433.400390625,24452.19921875,0.0
2026-07-07 14:00:00+0530,24451.849609375,24467.650390625,24443.05078125,24461.400390625,0.0
2026-07-07 14:15:00+0530,24461.5,24465.44921875,24446.94921875,24453.55078125,0.0
2026-07-07 14:30:00+0530,24453.900390625,24473.05078125,24453.900390625,24465.599609375,0.0
2026-07-07 14:45:00+0530,24465.55078125,24471.400390625,24453.849609375,24456.099609375,0.0
2026-07-07 15:00:00+0530,24456.400390625,24459.349609375,24390.349609375,24397.849609375,0.0
2026-07-07 15:15:00+0530,24398.5,24401.75,24349.5,24355.099609375,0.0
2026-07-08 09:15:00+0530,24259.55078125,24294.25,24232.05078125,24239.19921875,0.0
2026-07-08 09:30:00+0530,24239.599609375,24240.900390625,24207.30078125,24226.80078125,0.0
2026-07-08 09:45:00+0530,24227.44921875,24267.150390625,24223.349609375,24251.75,0.0
2026-07-08 10:00:00+0530,24250.849609375,24258.099609375,24233.0,24238.19921875,0.0
2026-07-08 10:15:00+0530,24236.19921875,24251.5,24219.25,24244.400390625,0.0
2026-07-08 10:30:00+0530,24246.099609375,24294.19921875,24246.099609375,24279.25,0.0
2026-07-08 10:45:00+0530,24281.44921875,24294.30078125,24268.75,24293.5,0.0
2026-07-08 11:00:00+0530,24294.55078125,24299.75,24280.900390625,24290.55078125,0.0
2026-07-08 11:15:00+0530,24290.80078125,24294.400390625,24274.75,24285.400390625,0.0
2026-07-08 11:30:00+0530,24286.19921875,24286.19921875,24252.55078125,24259.25,0.0
2026-07-08 11:45:00+0530,24259.599609375,24261.55078125,24233.599609375,24248.75,0.0
2026-07-08 12:00:00+0530,24249.650390625,24252.349609375,24218.400390625,24222.400390625,0.0
2026-07-08 12:15:00+0530,24224.05078125,24234.25,24202.69921875,24206.55078125,0.0
2026-07-08 12:30:00+0530,24207.599609375,24208.400390625,24184.599609375,24204.69921875,0.0
2026-07-08 12:45:00+0530,24206.099609375,24225.30078125,24197.849609375,24215.900390625,0.0
2026-07-08 13:00:00+0530,24217.150390625,24235.80078125,24214.80078125,24216.94921875,0.0
2026-07-08 13:15:00+0530,24217.94921875,24230.099609375,24209.5,24216.30078125,0.0
2026-07-08 13:30:00+0530,24217.55078125,24220.5,24200.099609375,24205.150390625,0.0
2026-07-08 13:45:00+0530,24206.099609375,24209.05078125,24008.099609375,24009.55078125,0.0
2026-07-08 14:00:00+0530,24012.05078125,24026.900390625,23878.150390625,23897.599609375,0.0
2026-07-08 14:15:00+0530,23898.94921875,23956.599609375,23874.150390625,23874.150390625,0.0
2026-07-08 14:30:00+0530,23874.44921875,23918.0,23844.5,23863.400390625,0.0
2026-07-08 14:45:00+0530,23863.25,23864.5,23807.25,23828.650390625,0.0
2026-07-08 15:00:00+0530,23826.55078125,23885.05078125,23826.55078125,23883.400390625,0.0
2026-07-08 15:15:00+0530,23883.349609375,23919.55078125,23882.19921875,23897.19921875,0.0
2026-07-09 09:15:00+0530,23930.05078125,24038.05078125,23930.05078125,24024.150390625,0.0
2026-07-09 09:30:00+0530,24022.650390625,24061.25,24004.19921875,24047.19921875,0.0
2026-07-09 09:45:00+0530,24047.900390625,24067.05078125,24031.150390625,24044.650390625,0.0
2026-07-09 10:00:00+0530,24044.69921875,24074.69921875,24041.80078125,24044.25,0.0
2026-07-09 10:15:00+0530,24045.05078125,24058.349609375,24029.650390625,24042.849609375,0.0
2026-07-09 10:30:00+0530,24042.900390625,24133.349609375,23998.900390625,24077.400390625,0.0
2026-07-09 10:45:00+0530,24078.099609375,24082.849609375,24001.150390625,24013.900390625,0.0
2026-07-09 11:00:00+0530,24014.849609375,24023.349609375,23988.349609375,24015.25,0.0
2026-07-09 11:15:00+0530,24014.849609375,24090.5,24008.849609375,24079.80078125,0.0
2026-07-09 11:30:00+0530,24079.80078125,24081.55078125,24039.69921875,24056.44921875,0.0
2026-07-09 11:45:00+0530,24058.05078125,24059.30078125,24037.599609375,24047.650390625,0.0
2026-07-09 12:00:00+0530,24047.650390625,24076.55078125,24042.150390625,24060.400390625,0.0
2026-07-09 12:15:00+0530,24062.69921875,24071.55078125,24050.30078125,24063.30078125,0.0
2026-07-09 12:30:00+0530,24063.900390625,24068.44921875,24015.849609375,24023.349609375,0.0
2026-07-09 12:45:00+0530,24023.599609375,24054.400390625,24019.099609375,24038.400390625,0.0
2026-07-09 13:00:00+0530,24038.94921875,24055.55078125,24027.75,24051.650390625,0.0
2026-07-09 13:15:00+0530,24051.849609375,24058.44921875,24025.099609375,24035.55078125,0.0
2026-07-09 13:30:00+0530,24035.349609375,24082.349609375,24034.150390625,24069.349609375,0.0
2026-07-09 13:45:00+0530,24068.80078125,24076.849609375,24048.099609375,24050.05078125,0.0
2026-07-09 14:00:00+0530,24050.849609375,24058.5,24024.349609375,24049.0,0.0
2026-07-09 14:15:00+0530,24049.19921875,24062.599609375,24027.5,24058.849609375,0.0
2026-07-09 14:30:00+0530,24057.94921875,24078.599609375,24001.94921875,24026.150390625,0.0
2026-07-09 14:45:00+0530,24026.5,24044.30078125,24015.150390625,24039.650390625,0.0
2026-07-09 15:00:00+0530,24037.849609375,24037.849609375,23926.599609375,23940.5,0.0
2026-07-09 15:15:00+0530,23940.30078125,23983.400390625,23938.75,23981.900390625,0.0
2026-07-10 09:15:00+0530,24125.05078125,24187.30078125,24125.05078125,24168.400390625,0.0
2026-07-10 09:30:00+0530,24168.599609375,24208.0,24166.19921875,24194.19921875,0.0
2026-07-10 09:45:00+0530,24196.5,24216.69921875,24195.25,24216.400390625,0.0
2026-07-10 10:00:00+0530,24216.75,24225.75,24202.150390625,24211.25,0.0
2026-07-10 10:15:00+0530,24212.80078125,24218.849609375,24202.349609375,24203.30078125,0.0
2026-07-10 10:30:00+0530,24205.349609375,24211.5,24187.94921875,24210.849609375,0.0
2026-07-10 10:45:00+0530,24213.30078125,24213.44921875,24195.650390625,24199.099609375,0.0
2026-07-10 11:00:00+0530,24201.349609375,24206.150390625,24174.94921875,24180.0,0.0
2026-07-10 11:15:00+0530,24181.650390625,24182.25,24156.849609375,24157.849609375,0.0
2026-07-10 11:30:00+0530,24161.05078125,24172.349609375,24155.94921875,24163.099609375,0.0
2026-07-10 11:45:00+0530,24165.19921875,24177.30078125,24152.05078125,24170.400390625,0.0
2026-07-10 12:00:00+0530,24171.30078125,24185.650390625,24157.75,24164.75,0.0
2026-07-10 12:15:00+0530,24165.849609375,24193.5,24160.900390625,24189.25,0.0
2026-07-10 12:30:00+0530,24190.30078125,24194.150390625,24178.0,24188.25,0.0
2026-07-10 12:45:00+0530,24190.650390625,24199.80078125,24178.400390625,24181.349609375,0.0
2026-07-10 13:00:00+0530,24184.44921875,24201.849609375,24177.94921875,24185.80078125,0.0
2026-07-10 13:15:00+0530,24186.849609375,24188.44921875,24160.75,24176.55078125,0.0
2026-07-10 13:30:00+0530,24177.400390625,24203.30078125,24171.900390625,24196.75,0.0
2026-07-10 13:45:00+0530,24198.150390625,24207.30078125,24186.150390625,24193.349609375,0.0
2026-07-10 14:00:00+0530,24194.849609375,24199.94921875,24173.599609375,24186.44921875,0.0
2026-07-10 14:15:00+0530,24187.0,24214.5,24184.099609375,24212.30078125,0.0
2026-07-10 14:30:00+0530,24213.400390625,24216.650390625,24198.80078125,24208.5,0.0
2026-07-10 14:45:00+0530,24210.44921875,24228.150390625,24188.599609375,24198.44921875,0.0
2026-07-10 15:00:00+0530,24199.599609375,24219.400390625,24187.30078125,24208.650390625,0.0
2026-07-10 15:15:00+0530,24208.349609375,24220.94921875,24197.25,24211.650390625,0.0
2026-07-13 09:15:00+0530,24039.400390625,24044.0,24000.849609375,24027.900390625,0.0
2026-07-13 09:30:00+0530,24027.44921875,24089.900390625,24019.349609375,24075.0,0.0
2026-07-13 09:45:00+0530,24075.0,24122.19921875,24070.349609375,24119.599609375,0.0
2026-07-13 10:00:00+0530,24121.19921875,24128.650390625,24092.80078125,24112.94921875,0.0
2026-07-13 10:15:00+0530,24114.150390625,24157.349609375,24104.599609375,24145.19921875,0.0
2026-07-13 10:30:00+0530,24145.80078125,24156.849609375,24132.0,24141.5,0.0
2026-07-13 10:45:00+0530,24141.650390625,24147.30078125,24117.0,24132.30078125,0.0
2026-07-13 11:00:00+0530,24132.599609375,24161.900390625,24116.19921875,24147.400390625,0.0
2026-07-13 11:15:00+0530,24147.25,24158.80078125,24133.0,24138.400390625,0.0
2026-07-13 11:30:00+0530,24138.150390625,24152.099609375,24123.25,24130.5,0.0
2026-07-13 11:45:00+0530,24130.650390625,24156.650390625,24130.55078125,24141.349609375,0.0
2026-07-13 12:00:00+0530,24140.5,24195.099609375,24139.650390625,24181.849609375,0.0
2026-07-13 12:15:00+0530,24182.0,24198.150390625,24168.900390625,24181.900390625,0.0
2026-07-13 12:30:00+0530,24181.75,24216.650390625,24172.650390625,24214.900390625,0.0
2026-07-13 12:45:00+0530,24214.75,24259.650390625,24209.599609375,24223.94921875,0.0
2026-07-13 13:00:00+0530,24223.75,24225.19921875,24206.30078125,24223.0,0.0
2026-07-13 13:15:00+0530,24222.0,24222.650390625,24161.80078125,24171.599609375,0.0
2026-07-13 13:30:00+0530,24171.400390625,24203.80078125,24169.30078125,24191.94921875,0.0
2026-07-13 13:45:00+0530,24191.0,24200.94921875,24186.05078125,24196.80078125,0.0
2026-07-13 14:00:00+0530,24197.349609375,24216.599609375,24190.19921875,24215.75,0.0
2026-07-13 14:15:00+0530,24215.349609375,24238.25,24209.75,24229.900390625,0.0
2026-07-13 14:30:00+0530,24229.400390625,24235.0,24214.05078125,24228.44921875,0.0
2026-07-13 14:45:00+0530,24227.94921875,24250.849609375,24226.94921875,24231.099609375,0.0
2026-07-13 15:00:00+0530,24229.69921875,24233.55078125,24201.349609375,24205.30078125,0.0
2026-07-13 15:15:00+0530,24205.69921875,24209.69921875,24191.900390625,24208.599609375,0.0
2026-07-14 09:15:00+0530,24092.75,24156.400390625,24050.55078125,24140.900390625,0.0
2026-07-14 09:30:00+0530,24140.599609375,24147.349609375,24079.69921875,24100.0,0.0
2026-07-14 09:45:00+0530,24101.849609375,24101.849609375,24062.44921875,24076.69921875,0.0
2026-07-14 10:00:00+0530,24077.55078125,24097.30078125,24068.44921875,24085.150390625,0.0
2026-07-14 10:15:00+0530,24086.650390625,24089.0,24038.599609375,24086.55078125,0.0
2026-07-14 10:30:00+0530,24087.55078125,24109.94921875,24077.349609375,24100.5,0.0
2026-07-14 10:45:00+0530,24102.05078125,24131.05078125,24091.75,24121.30078125,0.0
2026-07-14 11:00:00+0530,24122.400390625,24146.349609375,24119.150390625,24139.19921875,0.0
2026-07-14 11:15:00+0530,24141.19921875,24145.400390625,24120.30078125,24141.150390625,0.0
2026-07-14 11:30:00+0530,24142.19921875,24142.19921875,24096.05078125,24105.0,0.0
2026-07-14 11:45:00+0530,24106.150390625,24126.94921875,24093.25,24102.19921875,0.0
2026-07-14 12:00:00+0530,24103.0,24116.25,24085.44921875,24091.900390625,0.0
2026-07-14 12:15:00+0530,24093.349609375,24093.349609375,24054.849609375,24059.599609375,0.0
2026-07-14 12:30:00+0530,24061.75,24083.25,24057.5,24079.150390625,0.0
2026-07-14 12:45:00+0530,24080.099609375,24097.0,24070.19921875,24078.0,0.0
2026-07-14 13:00:00+0530,24080.19921875,24092.75,24063.650390625,24081.44921875,0.0
2026-07-14 13:15:00+0530,24082.94921875,24097.349609375,24070.400390625,24093.30078125,0.0
2026-07-14 13:30:00+0530,24093.30078125,24093.94921875,24038.55078125,24052.150390625,0.0
2026-07-14 13:45:00+0530,24053.19921875,24073.25,24051.849609375,24065.05078125,0.0
2026-07-14 14:00:00+0530,24065.400390625,24071.55078125,24048.599609375,24064.44921875,0.0
2026-07-14 14:15:00+0530,24066.30078125,24068.94921875,24040.30078125,24046.400390625,0.0
2026-07-14 14:30:00+0530,24048.150390625,24066.30078125,24042.0,24051.19921875,0.0
2026-07-14 14:45:00+0530,24053.0,24053.0,24023.900390625,24040.55078125,0.0
2026-07-14 15:00:00+0530,24041.55078125,24075.0,24041.55078125,24052.05078125,0.0
2026-07-14 15:15:00+0530,24052.5,24057.05078125,24027.44921875,24035.150390625,0.0
2026-07-15 09:15:00+0530,24082.44921875,24211.69921875,24074.69921875,24195.69921875,0.0
2026-07-15 09:30:00+0530,24196.5,24217.849609375,24187.69921875,24195.099609375,0.0
2026-07-15 09:45:00+0530,24195.900390625,24207.400390625,24184.099609375,24184.94921875,0.0
2026-07-15 10:00:00+0530,24185.0,24203.55078125,24173.5,24202.30078125,0.0
2026-07-15 10:15:00+0530,24202.19921875,24220.05078125,24200.400390625,24204.94921875,0.0
2026-07-15 10:30:00+0530,24205.80078125,24212.650390625,24190.599609375,24207.75,0.0
2026-07-15 10:45:00+0530,24207.44921875,24210.05078125,24184.099609375,24185.0,0.0
2026-07-15 11:00:00+0530,24184.599609375,24198.30078125,24171.0,24172.849609375,0.0
2026-07-15 11:15:00+0530,24173.599609375,24206.150390625,24172.150390625,24202.650390625,0.0
2026-07-15 11:30:00+0530,24202.44921875,24214.650390625,24173.349609375,24174.400390625,0.0
2026-07-15 11:45:00+0530,24174.19921875,24189.44921875,24166.80078125,24180.80078125,0.0
2026-07-15 12:00:00+0530,24181.900390625,24191.75,24175.0,24191.05078125,0.0
2026-07-15 12:15:00+0530,24193.400390625,24194.349609375,24168.44921875,24168.44921875,0.0
2026-07-15 12:30:00+0530,24168.400390625,24174.19921875,24143.150390625,24160.099609375,0.0
2026-07-15 12:45:00+0530,24160.150390625,24162.69921875,24010.94921875,24054.0,0.0
2026-07-15 13:00:00+0530,24053.400390625,24077.69921875,24039.30078125,24054.400390625,0.0
2026-07-15 13:15:00+0530,24053.69921875,24087.44921875,24046.75,24074.94921875,0.0
2026-07-15 13:30:00+0530,24075.0,24076.650390625,24048.5,24061.599609375,0.0
2026-07-15 13:45:00+0530,24061.30078125,24080.30078125,24044.849609375,24078.349609375,0.0
2026-07-15 14:00:00+0530,24077.900390625,24098.80078125,24069.400390625,24086.44921875,0.0
2026-07-15 14:15:00+0530,24086.349609375,24100.849609375,24066.650390625,24077.650390625,0.0
2026-07-15 14:30:00+0530,24077.94921875,24107.05078125,24072.099609375,24101.5,0.0
2026-07-15 14:45:00+0530,24099.849609375,24105.75,24066.19921875,24067.849609375,0.0
2026-07-15 15:00:00+0530,24067.150390625,24091.599609375,24061.05078125,24077.75,0.0
2026-07-15 15:15:00+0530,24076.099609375,24091.30078125,24069.80078125,24073.44921875,0.0
2026-07-16 09:15:00+0530,24140.69921875,24166.75,24118.650390625,24127.5,0.0
2026-07-16 09:30:00+0530,24129.25,24141.69921875,24097.30078125,24140.849609375,0.0
2026-07-16 09:45:00+0530,24141.599609375,24145.75,24111.650390625,24128.099609375,0.0
2026-07-16 10:00:00+0530,24128.150390625,24141.0,24114.80078125,24126.44921875,0.0
2026-07-16 10:15:00+0530,24128.400390625,24140.400390625,24107.44921875,24123.5,0.0
2026-07-16 10:30:00+0530,24124.400390625,24126.75,24109.55078125,24126.55078125,0.0
2026-07-16 10:45:00+0530,24127.44921875,24169.19921875,24123.94921875,24168.599609375,0.0
2026-07-16 11:00:00+0530,24170.650390625,24186.0,24156.44921875,24157.900390625,0.0
2026-07-16 11:15:00+0530,24159.099609375,24163.5,24142.099609375,24146.349609375,0.0
2026-07-16 11:30:00+0530,24148.94921875,24166.80078125,24143.55078125,24149.5,0.0
2026-07-16 11:45:00+0530,24151.55078125,24155.400390625,24139.0,24151.0,0.0
2026-07-16 12:00:00+0530,24153.05078125,24154.05078125,24132.44921875,24133.900390625,0.0
2026-07-16 12:15:00+0530,24136.30078125,24163.44921875,24131.94921875,24159.599609375,0.0
2026-07-16 12:30:00+0530,24160.650390625,24160.650390625,24126.349609375,24130.400390625,0.0
2026-07-16 12:45:00+0530,24133.099609375,24136.25,24120.25,24124.30078125,0.0
2026-07-16 13:00:00+0530,24124.55078125,24130.75,24110.5,24120.599609375,0.0
2026-07-16 13:15:00+0530,24120.94921875,24122.19921875,24102.69921875,24105.80078125,0.0
2026-07-16 13:30:00+0530,24107.400390625,24107.400390625,24053.19921875,24053.5,0.0
2026-07-16 13:45:00+0530,24055.5,24097.150390625,24051.75,24096.19921875,0.0
2026-07-16 14:00:00+0530,24096.400390625,24101.599609375,24085.349609375,24091.55078125,0.0
2026-07-16 14:15:00+0530,24094.150390625,24111.900390625,24079.69921875,24085.849609375,0.0
2026-07-16 14:30:00+0530,24089.05078125,24101.94921875,24083.25,24096.0,0.0
2026-07-16 14:45:00+0530,24099.55078125,24124.099609375,24091.69921875,24111.650390625,0.0
2026-07-16 15:00:00+0530,24114.44921875,24126.55078125,24065.94921875,24071.099609375,0.0
2026-07-16 15:15:00+0530,24071.150390625,24090.150390625,24050.44921875,24081.099609375,0.0
2026-07-17 09:15:00+0530,24127.599609375,24211.400390625,24100.900390625,24211.30078125,0.0
2026-07-17 09:30:00+0530,24210.0,24231.44921875,24193.19921875,24230.400390625,0.0
2026-07-17 09:45:00+0530,24231.30078125,24246.150390625,24217.349609375,24228.5,0.0
2026-07-17 10:00:00+0530,24228.849609375,24248.94921875,24210.25,24239.349609375,0.0
2026-07-17 10:15:00+0530,24239.849609375,24281.69921875,24238.19921875,24281.349609375,0.0
2026-07-17 10:30:00+0530,24281.55078125,24288.349609375,24244.19921875,24259.30078125,0.0
2026-07-17 10:45:00+0530,24259.099609375,24262.75,24245.05078125,24257.05078125,0.0
2026-07-17 11:00:00+0530,24257.0,24264.150390625,24230.900390625,24235.900390625,0.0
2026-07-17 11:15:00+0530,24235.69921875,24250.900390625,24232.650390625,24244.400390625,0.0
2026-07-17 11:30:00+0530,24243.0,24269.0,24241.0,24267.25,0.0
2026-07-17 11:45:00+0530,24267.19921875,24283.19921875,24264.900390625,24277.150390625,0.0
2026-07-17 12:00:00+0530,24277.849609375,24279.94921875,24260.69921875,24276.75,0.0
2026-07-17 12:15:00+0530,24276.55078125,24286.349609375,24267.349609375,24277.55078125,0.0
2026-07-17 12:30:00+0530,24277.650390625,24284.599609375,24259.75,24277.05078125,0.0
2026-07-17 12:45:00+0530,24277.05078125,24297.30078125,24270.69921875,24283.349609375,0.0
2026-07-17 13:00:00+0530,24283.30078125,24287.44921875,24275.94921875,24282.75,0.0
2026-07-17 13:15:00+0530,24282.55078125,24283.599609375,24257.400390625,24268.05078125,0.0
2026-07-17 13:30:00+0530,24267.30078125,24276.44921875,24245.900390625,24254.30078125,0.0
2026-07-17 13:45:00+0530,24254.25,24255.25,24213.44921875,24249.94921875,0.0
2026-07-17 14:00:00+0530,24250.099609375,24284.44921875,24241.80078125,24281.599609375,0.0
2026-07-17 14:15:00+0530,24280.55078125,24367.150390625,24280.55078125,24288.650390625,0.0
2026-07-17 14:30:00+0530,24287.400390625,24321.05078125,24286.849609375,24318.25,0.0
2026-07-17 14:45:00+0530,24317.650390625,24334.80078125,24311.69921875,24312.099609375,0.0
2026-07-17 15:00:00+0530,24311.75,24338.25,24311.19921875,24329.349609375,0.0
2026-07-17 15:15:00+0530,24328.75,24352.650390625,24320.30078125,24343.650390625,0.0
2026-07-20 09:15:00+0530,24190.05078125,24261.599609375,24170.94921875,24191.69921875,0.0
2026-07-20 09:30:00+0530,24191.900390625,24193.05078125,24159.599609375,24171.44921875,0.0
2026-07-20 09:45:00+0530,24170.599609375,24198.5,24157.5,24190.25,0.0
2026-07-20 10:00:00+0530,24191.25,24219.400390625,24179.80078125,24209.94921875,0.0
2026-07-20 10:15:00+0530,24210.400390625,24232.349609375,24207.349609375,24230.25,0.0
2026-07-20 10:30:00+0530,24229.900390625,24239.19921875,24213.55078125,24218.44921875,0.0
2026-07-20 10:45:00+0530,24218.400390625,24232.400390625,24216.55078125,24228.650390625,0.0
2026-07-20 11:00:00+0530,24228.599609375,24234.900390625,24211.05078125,24214.599609375,0.0
2026-07-20 11:15:00+0530,24215.44921875,24224.80078125,24203.05078125,24209.900390625,0.0
2026-07-20 11:30:00+0530,24210.05078125,24215.44921875,24194.94921875,24196.0,0.0
2026-07-20 11:45:00+0530,24196.44921875,24197.150390625,24177.0,24189.5,0.0
2026-07-20 12:00:00+0530,24189.599609375,24192.44921875,24174.25,24187.69921875,0.0
2026-07-20 12:15:00+0530,24187.69921875,24199.900390625,24168.19921875,24171.69921875,0.0
2026-07-20 12:30:00+0530,24172.0,24182.30078125,24156.05078125,24157.19921875,0.0
2026-07-20 12:45:00+0530,24157.400390625,24190.30078125,24136.25,24186.80078125,0.0
2026-07-20 13:00:00+0530,24186.69921875,24226.0,24175.80078125,24225.0,0.0
2026-07-20 13:15:00+0530,24224.75,24246.349609375,24212.400390625,24243.30078125,0.0
2026-07-20 13:30:00+0530,24243.19921875,24250.05078125,24227.5,24228.80078125,0.0
2026-07-20 13:45:00+0530,24228.25,24257.900390625,24227.150390625,24254.650390625,0.0
2026-07-20 14:00:00+0530,24254.5,24265.55078125,24248.25,24250.900390625,0.0
2026-07-20 14:15:00+0530,24250.55078125,24259.099609375,24241.05078125,24254.75,0.0
2026-07-20 14:30:00+0530,24254.80078125,24256.55078125,24224.75,24237.099609375,0.0
2026-07-20 14:45:00+0530,24237.099609375,24251.0,24230.099609375,24230.69921875,0.0
2026-07-20 15:00:00+0530,24233.599609375,24246.5,24228.400390625,24238.150390625,0.0
2026-07-20 15:15:00+0530,24240.150390625,24248.44921875,24233.349609375,24239.5,0.0
2026-07-21 09:15:00+0530,24216.05078125,24262.19921875,24206.849609375,24247.400390625,0.0
2026-07-21 09:30:00+0530,24247.75,24255.80078125,24217.349609375,24236.25,0.0
2026-07-21 09:45:00+0530,24236.94921875,24240.900390625,24216.900390625,24229.94921875,0.0
2026-07-21 10:00:00+0530,24229.400390625,24233.599609375,24211.75,24212.900390625,0.0
2026-07-21 10:15:00+0530,24212.30078125,24214.69921875,24186.650390625,24199.5,0.0
2026-07-21 10:30:00+0530,24199.599609375,24202.400390625,24174.400390625,24188.94921875,0.0
2026-07-21 10:45:00+0530,24187.80078125,24189.05078125,24163.900390625,24185.099609375,0.0
2026-07-21 11:00:00+0530,24185.150390625,24196.599609375,24180.75,24186.400390625,0.0
2026-07-21 11:15:00+0530,24186.5,24188.69921875,24166.650390625,24173.30078125,0.0
2026-07-21 11:30:00+0530,24173.05078125,24188.099609375,24159.650390625,24161.25,0.0
2026-07-21 11:45:00+0530,24161.650390625,24175.19921875,24158.349609375,24169.849609375,0.0
2026-07-21 12:00:00+0530,24169.30078125,24183.69921875,24168.44921875,24173.099609375,0.0
2026-07-21 12:15:00+0530,24173.650390625,24182.69921875,24169.849609375,24172.099609375,0.0
2026-07-21 12:30:00+0530,24171.94921875,24190.5,24167.69921875,24172.55078125,0.0
2026-07-21 12:45:00+0530,24172.80078125,24177.30078125,24148.900390625,24151.69921875,0.0
2026-07-21 13:00:00+0530,24151.05078125,24159.099609375,24135.900390625,24151.75,0.0
2026-07-21 13:15:00+0530,24151.55078125,24174.099609375,24148.400390625,24172.099609375,0.0
2026-07-21 13:30:00+0530,24171.849609375,24195.30078125,24170.44921875,24190.5,0.0
2026-07-21 13:45:00+0530,24190.44921875,24192.5,24158.44921875,24163.44921875,0.0
2026-07-21 14:00:00+0530,24163.25,24182.05078125,24161.099609375,24164.05078125,0.0
2026-07-21 14:15:00+0530,24163.25,24180.5,24154.30078125,24168.849609375,0.0
2026-07-21 14:30:00+0530,24167.94921875,24176.30078125,24156.05078125,24172.69921875,0.0
2026-07-21 14:45:00+0530,24173.0,24192.75,24164.849609375,24182.349609375,0.0
2026-07-21 15:00:00+0530,24182.099609375,24197.19921875,24180.05078125,24183.849609375,0.0
2026-07-21 15:15:00+0530,24184.099609375,24196.150390625,24182.099609375,24193.94921875,0.0
2026-07-22 09:15:00+0530,24146.900390625,24164.650390625,24047.150390625,24048.900390625,0.0
2026-07-22 09:30:00+0530,24051.0,24058.05078125,24016.400390625,24027.0,0.0
2026-07-22 09:45:00+0530,24028.349609375,24031.30078125,24008.900390625,24020.19921875,0.0
2026-07-22 10:00:00+0530,24021.80078125,24052.75,24012.75,24033.44921875,0.0
2026-07-22 10:15:00+0530,24033.80078125,24033.80078125,23973.849609375,24007.599609375,0.0
2026-07-22 10:30:00+0530,24009.25,24013.5,23989.19921875,23989.19921875,0.0
2026-07-22 10:45:00+0530,23991.599609375,24030.80078125,23988.25,24025.94921875,0.0
2026-07-22 11:00:00+0530,24027.349609375,24028.099609375,24011.349609375,24013.69921875,0.0
2026-07-22 11:15:00+0530,24015.19921875,24042.0,24012.900390625,24041.55078125,0.0
2026-07-22 11:30:00+0530,24042.75,24050.650390625,24036.5,24046.25,0.0
2026-07-22 11:45:00+0530,24046.80078125,24049.0,24022.0,24022.0,0.0
2026-07-22 12:00:00+0530,24023.400390625,24024.5,23995.25,23996.25,0.0
2026-07-22 12:15:00+0530,23997.849609375,23999.80078125,23968.650390625,23980.900390625,0.0
2026-07-22 12:30:00+0530,23982.400390625,23983.400390625,23961.599609375,23983.25,0.0
2026-07-22 12:45:00+0530,23985.099609375,24017.05078125,23978.0,24003.599609375,0.0
2026-07-22 13:00:00+0530,24003.30078125,24003.80078125,23968.30078125,23978.849609375,0.0
2026-07-22 13:15:00+0530,23980.44921875,23986.349609375,23973.150390625,23979.30078125,0.0
2026-07-22 13:30:00+0530,23981.44921875,24014.400390625,23979.30078125,23995.349609375,0.0
2026-07-22 13:45:00+0530,23996.44921875,23996.55078125,23974.400390625,23976.5,0.0
2026-07-22 14:00:00+0530,23978.150390625,23984.599609375,23964.599609375,23973.349609375,0.0
2026-07-22 14:15:00+0530,23975.25,23988.80078125,23970.599609375,23972.349609375,0.0
2026-07-22 14:30:00+0530,23974.30078125,23992.05078125,23968.5,23976.30078125,0.0
2026-07-22 14:45:00+0530,23978.44921875,23991.849609375,23974.94921875,23979.900390625,0.0
2026-07-22 15:00:00+0530,23979.900390625,24023.94921875,23973.349609375,24021.150390625,0.0
2026-07-22 15:15:00+0530,24021.599609375,24024.80078125,23990.80078125,23991.05078125,0.0
2026-07-23 09:15:00+0530,23904.80078125,23951.5,23876.75,23921.099609375,0.0
2026-07-23 09:30:00+0530,23921.55078125,23929.80078125,23892.599609375,23907.849609375,0.0
2026-07-23 09:45:00+0530,23907.599609375,23944.0,23901.44921875,23943.69921875,0.0
2026-07-23 10:00:00+0530,23942.94921875,23969.75,23940.25,23958.25,0.0
2026-07-23 10:15:00+0530,23957.349609375,23973.599609375,23943.80078125,23969.650390625,0.0
2026-07-23 10:30:00+0530,23969.650390625,23978.849609375,23958.19921875,23974.400390625,0.0
2026-07-23 10:45:00+0530,23974.94921875,23984.19921875,23966.150390625,23977.0,0.0
2026-07-23 11:00:00+0530,23977.30078125,23990.69921875,23971.44921875,23972.400390625,0.0
2026-07-23 11:15:00+0530,23972.099609375,23973.80078125,23944.25,23945.5,0.0
2026-07-23 11:30:00+0530,23945.05078125,23956.30078125,23939.94921875,23947.75,0.0
2026-07-23 11:45:00+0530,23947.599609375,23956.44921875,23930.650390625,23953.69921875,0.0
2026-07-23 12:00:00+0530,23953.5,23964.30078125,23933.19921875,23934.099609375,0.0
2026-07-23 12:15:00+0530,23934.849609375,23939.349609375,23911.849609375,23911.849609375,0.0
2026-07-23 12:30:00+0530,23911.849609375,23915.0,23855.150390625,23857.25,0.0
2026-07-23 12:45:00+0530,23856.94921875,23864.44921875,23843.44921875,23852.400390625,0.0
2026-07-23 13:00:00+0530,23852.599609375,23854.349609375,23826.75,23832.0,0.0
2026-07-23 13:15:00+0530,23831.94921875,23846.150390625,23812.0,23838.150390625,0.0
2026-07-23 13:30:00+0530,23838.05078125,23864.349609375,23825.94921875,23850.30078125,0.0
2026-07-23 13:45:00+0530,23850.80078125,23871.94921875,23850.80078125,23861.55078125,0.0
2026-07-23 14:00:00+0530,23861.900390625,23868.099609375,23849.900390625,23850.94921875,0.0
2026-07-23 14:15:00+0530,23850.599609375,23869.30078125,23846.80078125,23859.099609375,0.0
2026-07-23 14:30:00+0530,23859.650390625,23891.25,23829.5,23835.75,0.0
2026-07-23 14:45:00+0530,23835.75,23843.30078125,23807.349609375,23840.150390625,0.0
2026-07-23 15:00:00+0530,23840.349609375,23880.0,23830.400390625,23872.400390625,0.0
2026-07-23 15:15:00+0530,23873.05078125,23889.900390625,23858.55078125,23872.19921875,0.0
2026-07-24 09:15:00+0530,23674.400390625,23762.75,23650.30078125,23703.55078125,0.0
2026-07-24 09:30:00+0530,23703.400390625,23713.0,23652.599609375,23656.69921875,0.0
2026-07-24 09:45:00+0530,23657.400390625,23664.75,23631.599609375,23646.05078125,0.0
2026-07-24 10:00:00+0530,23647.05078125,23648.099609375,23607.599609375,23608.69921875,0.0
2026-07-24 10:15:00+0530,23608.30078125,23627.650390625,23606.44921875,23622.25,0.0
2026-07-24 10:30:00+0530,23622.19921875,23646.05078125,23610.900390625,23640.900390625,0.0
2026-07-24 10:45:00+0530,23640.400390625,23652.25,23626.30078125,23627.650390625,0.0
2026-07-24 11:00:00+0530,23627.30078125,23637.400390625,23617.099609375,23624.25,0.0
2026-07-24 11:15:00+0530,23624.25,23678.150390625,23622.599609375,23655.69921875,0.0
2026-07-24 11:30:00+0530,23655.69921875,23687.5,23649.150390625,23682.19921875,0.0
2026-07-24 11:45:00+0530,23682.25,23710.69921875,23682.19921875,23696.69921875,0.0
2026-07-24 12:00:00+0530,23697.25,23717.900390625,23689.25,23702.849609375,0.0
2026-07-24 12:15:00+0530,23702.44921875,23792.099609375,23701.349609375,23784.25,0.0
2026-07-24 12:30:00+0530,23783.80078125,23796.400390625,23756.0,23793.650390625,0.0
2026-07-24 12:45:00+0530,23793.80078125,23808.55078125,23784.650390625,23797.5,0.0
2026-07-24 13:00:00+0530,23797.349609375,23800.25,23763.30078125,23783.849609375,0.0
2026-07-24 13:15:00+0530,23783.75,23800.05078125,23775.19921875,23790.650390625,0.0
2026-07-24 13:30:00+0530,23790.599609375,23791.650390625,23736.0,23747.75,0.0
2026-07-24 13:45:00+0530,23747.900390625,23803.05078125,23742.25,23802.94921875,0.0
2026-07-24 14:00:00+0530,23803.05078125,23823.599609375,23788.80078125,23797.400390625,0.0
2026-07-24 14:15:00+0530,23797.5,23805.75,23770.400390625,23777.650390625,0.0
2026-07-24 14:30:00+0530,23777.349609375,23783.30078125,23760.19921875,23768.400390625,0.0
2026-07-24 14:45:00+0530,23768.099609375,23794.150390625,23761.849609375,23776.80078125,0.0
2026-07-24 15:00:00+0530,23777.94921875,23782.44921875,23747.650390625,23771.900390625,0.0
2026-07-24 15:15:00+0530,23771.44921875,23792.94921875,23767.44921875,23787.0,0.0
2026-07-27 09:15:00+0530,23929.5,23963.19921875,23897.19921875,23939.94921875,0.0
2026-07-27 09:30:00+0530,23941.80078125,23952.30078125,23927.75,23951.05078125,0.0
2026-07-27 09:45:00+0530,23952.099609375,23955.900390625,23916.80078125,23933.849609375,0.0
2026-07-27 10:00:00+0530,23933.349609375,23934.900390625,23909.0,23933.30078125,0.0
2026-07-27 10:15:00+0530,23934.0,23935.75,23908.75,23915.19921875,0.0
2026-07-27 10:30:00+0530,23917.05078125,23927.650390625,23891.69921875,23925.30078125,0.0
2026-07-27 10:45:00+0530,23927.25,23939.30078125,23907.80078125,23933.44921875,0.0
2026-07-27 11:00:00+0530,23935.599609375,23938.400390625,23920.0,23924.75,0.0
2026-07-27 11:15:00+0530,23926.0,23968.19921875,23923.349609375,23961.900390625,0.0
2026-07-27 11:30:00+0530,23963.55078125,23971.75,23956.30078125,23963.55078125,0.0
2026-07-27 11:45:00+0530,23966.05078125,23972.80078125,23949.099609375,23963.400390625,0.0
2026-07-27 12:00:00+0530,23965.69921875,23967.400390625,23945.599609375,23956.19921875,0.0
2026-07-27 12:15:00+0530,23959.05078125,23965.80078125,23952.900390625,23954.75,0.0
2026-07-27 12:30:00+0530,23956.900390625,23967.30078125,23943.05078125,23951.19921875,0.0
2026-07-27 12:45:00+0530,23952.55078125,23958.05078125,23943.75,23953.900390625,0.0
2026-07-27 13:00:00+0530,23955.849609375,23970.80078125,23948.19921875,23970.099609375,0.0
2026-07-27 13:15:00+0530,23971.900390625,23979.150390625,23954.30078125,23954.55078125,0.0
2026-07-27 13:30:00+0530,23956.25,23960.849609375,23935.400390625,23956.25,0.0
2026-07-27 13:45:00+0530,23958.25,23972.400390625,23953.25,23971.349609375,0.0
2026-07-27 14:00:00+0530,23973.599609375,23998.30078125,23970.5,23995.900390625,0.0
2026-07-27 14:15:00+0530,23997.55078125,24009.69921875,23984.55078125,24006.69921875,0.0
2026-07-27 14:30:00+0530,24008.650390625,24011.099609375,23988.30078125,23996.25,0.0
2026-07-27 14:45:00+0530,23997.650390625,24003.5,23984.099609375,23989.150390625,0.0
2026-07-27 15:00:00+0530,23989.55078125,24001.75,23986.400390625,23987.150390625,0.0
2026-07-27 15:15:00+0530,23985.099609375,24008.099609375,23985.099609375,24003.650390625,0.0
2026-07-28 09:15:00+0530,23971.25,24039.849609375,23969.25,24006.80078125,0.0
2026-07-28 09:30:00+0530,24006.25,24025.19921875,23985.75,24017.94921875,0.0
2026-07-28 09:45:00+0530,24018.05078125,24019.900390625,23995.25,24011.349609375,0.0
2026-07-28 10:00:00+0530,24012.25,24013.55078125,23962.150390625,23986.25,0.0
2026-07-28 10:15:00+0530,23985.599609375,24006.099609375,23984.80078125,23985.849609375,0.0
2026-07-28 10:30:00+0530,23986.55078125,24023.349609375,23986.19921875,24019.75,0.0
2026-07-28 10:45:00+0530,24020.099609375,24041.0,24020.0,24036.19921875,0.0
2026-07-28 11:00:00+0530,24036.650390625,24039.55078125,24010.05078125,24014.599609375,0.0
2026-07-28 11:15:00+0530,24015.19921875,24029.69921875,24010.650390625,24014.0,0.0
2026-07-28 11:30:00+0530,24013.900390625,24025.05078125,23999.94921875,24021.05078125,0.0
2026-07-28 11:45:00+0530,24020.900390625,24036.80078125,24003.650390625,24011.349609375,0.0
2026-07-28 12:00:00+0530,24011.0,24028.599609375,24003.75,24026.5,0.0
2026-07-28 12:15:00+0530,24026.25,24028.900390625,24010.849609375,24023.349609375,0.0
2026-07-28 12:30:00+0530,24023.5,24027.25,24009.400390625,24015.55078125,0.0
2026-07-28 12:45:00+0530,24015.650390625,24022.0,24003.900390625,24003.900390625,0.0
2026-07-28 13:00:00+0530,24004.05078125,24008.75,23982.900390625,23983.099609375,0.0
2026-07-28 13:15:00+0530,23983.05078125,23993.69921875,23968.650390625,23985.599609375,0.0
2026-07-28 13:30:00+0530,23984.849609375,23993.099609375,23977.400390625,23983.349609375,0.0
2026-07-28 13:45:00+0530,23983.349609375,24011.75,23972.400390625,24002.0,0.0
2026-07-28 14:00:00+0530,24001.900390625,24005.900390625,23989.75,23993.69921875,0.0
2026-07-28 14:15:00+0530,23993.349609375,24001.25,23985.0,23988.5,0.0
2026-07-28 14:30:00+0530,23987.55078125,23998.5,23970.099609375,23996.19921875,0.0
2026-07-28 14:45:00+0530,23995.349609375,23995.44921875,23968.099609375,23980.94921875,0.0
2026-07-28 15:00:00+0530,23980.900390625,23985.150390625,23954.69921875,23969.400390625,0.0
2026-07-28 15:15:00+0530,23969.400390625,24013.349609375,23968.69921875,23983.94921875,0.0
2026-07-29 09:15:00+0530,24188.05078125,24196.19921875,24141.75,24178.5,0.0
2026-07-29 09:30:00+0530,24175.599609375,24217.650390625,24175.599609375,24212.19921875,0.0
2026-07-29 09:45:00+0530,24211.849609375,24221.599609375,24184.94921875,24187.650390625,0.0
2026-07-29 10:00:00+0530,24186.30078125,24223.75,24186.30078125,24221.30078125,0.0
2026-07-29 10:15:00+0530,24220.900390625,24235.349609375,24214.0,24225.30078125,0.0
2026-07-29 10:30:00+0530,24224.75,24238.349609375,24221.75,24233.80078125,0.0
2026-07-29 10:45:00+0530,24233.69921875,24234.05078125,24213.400390625,24220.80078125,0.0
2026-07-29 11:00:00+0530,24221.19921875,24243.849609375,24215.25,24233.69921875,0.0
2026-07-29 11:15:00+0530,24233.30078125,24241.349609375,24223.349609375,24232.55078125,0.0
2026-07-29 11:30:00+0530,24232.150390625,24237.099609375,24218.75,24232.25,0.0
2026-07-29 11:45:00+0530,24232.5,24240.349609375,24219.80078125,24225.650390625,0.0
2026-07-29 12:00:00+0530,24225.849609375,24247.44921875,24223.25,24238.44921875,0.0
2026-07-29 12:15:00+0530,24238.80078125,24240.400390625,24219.69921875,24221.5,0.0
2026-07-29 12:30:00+0530,24222.099609375,24234.94921875,24218.900390625,24220.80078125,0.0
2026-07-29 12:45:00+0530,24221.44921875,24231.44921875,24209.94921875,24228.75,0.0
2026-07-29 13:00:00+0530,24228.849609375,24261.349609375,24228.650390625,24257.55078125,0.0
2026-07-29 13:15:00+0530,24257.400390625,24259.900390625,24244.55078125,24245.80078125,0.0
2026-07-29 13:30:00+0530,24245.75,24256.849609375,24236.0,24238.400390625,0.0
2026-07-29 13:45:00+0530,24236.19921875,24259.94921875,24235.650390625,24250.5,0.0
2026-07-29 14:00:00+0530,24249.75,24271.69921875,24249.75,24263.80078125,0.0
2026-07-29 14:15:00+0530,24263.80078125,24278.05078125,24263.30078125,24272.650390625,0.0
2026-07-29 14:30:00+0530,24272.099609375,24279.0,24251.44921875,24259.599609375,0.0
2026-07-29 14:45:00+0530,24259.650390625,24283.0,24259.650390625,24272.5,0.0
2026-07-29 15:00:00+0530,24274.400390625,24278.55078125,24249.69921875,24252.0,0.0
2026-07-29 15:15:00+0530,24251.44921875,24251.900390625,24231.05078125,24242.0,0.0
2026-07-30 09:15:00+0530,24250.400390625,24280.25,24190.0,24276.94921875,0.0
2026-07-30 09:30:00+0530,24274.5,24287.25,24245.80078125,24256.25,0.0
2026-07-30 09:45:00+0530,24257.25,24285.55078125,24250.05078125,24275.849609375,0.0
2026-07-30 10:00:00+0530,24276.75,24281.30078125,24241.5,24243.5,0.0
2026-07-30 10:15:00+0530,24243.75,24261.150390625,24231.150390625,24232.099609375,0.0
2026-07-30 10:30:00+0530,24232.75,24261.349609375,24224.849609375,24259.150390625,0.0
2026-07-30 10:45:00+0530,24260.25,24270.650390625,24253.19921875,24256.900390625,0.0
2026-07-30 11:00:00+0530,24256.44921875,24270.55078125,24248.150390625,24265.05078125,0.0
2026-07-30 11:15:00+0530,24264.900390625,24282.5,24262.099609375,24274.599609375,0.0
2026-07-30 11:30:00+0530,24274.19921875,24279.44921875,24264.849609375,24265.5,0.0
2026-07-30 11:45:00+0530,24265.80078125,24266.69921875,24251.05078125,24262.599609375,0.0
2026-07-30 12:00:00+0530,24262.599609375,24266.400390625,24248.849609375,24254.099609375,0.0
2026-07-30 12:15:00+0530,24253.94921875,24267.44921875,24249.0,24264.05078125,0.0
2026-07-30 12:30:00+0530,24264.30078125,24331.05078125,24261.94921875,24308.349609375,0.0
2026-07-30 12:45:00+0530,24308.44921875,24309.55078125,24290.80078125,24295.69921875,0.0
2026-07-30 13:00:00+0530,24295.650390625,24297.55078125,24248.849609375,24264.0,0.0
2026-07-30 13:15:00+0530,24264.05078125,24285.55078125,24259.099609375,24269.400390625,0.0
2026-07-30 13:30:00+0530,24269.150390625,24300.25,24266.900390625,24289.44921875,0.0
2026-07-30 13:45:00+0530,24288.400390625,24299.44921875,24272.30078125,24283.849609375,0.0
2026-07-30 14:00:00+0530,24283.349609375,24287.75,24255.44921875,24255.69921875,0.0
2026-07-30 14:15:00+0530,24255.19921875,24260.25,24228.94921875,24235.0,0.0
2026-07-30 14:30:00+0530,24235.30078125,24269.599609375,24227.25,24258.69921875,0.0
2026-07-30 14:45:00+0530,24258.849609375,24283.44921875,24251.099609375,24272.849609375,0.0
2026-07-30 15:00:00+0530,24273.099609375,24329.55078125,24268.75,24318.25,0.0
2026-07-30 15:15:00+0530,24316.900390625,24342.94921875,24292.75,24296.599609375,0.0
2026-07-31 09:15:00+0530,24359.80078125,24377.55078125,24328.19921875,24345.75,0.0
2026-07-31 09:30:00+0530,24344.75,24352.900390625,24299.69921875,24349.30078125,0.0
2026-07-31 09:45:00+0530,24348.900390625,24362.94921875,24335.75,24357.55078125,0.0
2026-07-31 10:00:00+0530,24357.599609375,24359.650390625,24333.650390625,24346.05078125,0.0
2026-07-31 10:15:00+0530,24346.19921875,24355.44921875,24332.900390625,24352.099609375,0.0
2026-07-31 10:30:00+0530,24350.80078125,24361.05078125,24336.150390625,24353.55078125,0.0
2026-07-31 10:45:00+0530,24353.0,24362.349609375,24345.30078125,24354.19921875,0.0
2026-07-31 11:00:00+0530,24354.099609375,24357.900390625,24334.150390625,24357.75,0.0
2026-07-31 11:15:00+0530,24357.75,24374.94921875,24355.69921875,24365.69921875,0.0
2026-07-31 11:30:00+0530,24366.25,24370.0,24357.849609375,24364.69921875,0.0
2026-07-31 11:45:00+0530,24364.599609375,24369.099609375,24358.349609375,24364.44921875,0.0
2026-07-31 12:00:00+0530,24364.849609375,24382.5,24360.94921875,24382.099609375,0.0
2026-07-31 12:15:00+0530,24381.55078125,24392.900390625,24374.30078125,24386.30078125,0.0
2026-07-31 12:30:00+0530,24385.69921875,24404.44921875,24378.650390625,24401.75,0.0
2026-07-31 12:45:00+0530,24402.0,24424.55078125,24400.05078125,24413.75,0.0
2026-07-31 13:00:00+0530,24412.94921875,24427.849609375,24407.55078125,24414.80078125,0.0
2026-07-31 13:15:00+0530,24414.30078125,24429.400390625,24412.69921875,24417.849609375,0.0
2026-07-31 13:30:00+0530,24417.900390625,24419.80078125,24391.44921875,24395.19921875,0.0
2026-07-31 13:45:00+0530,24395.75,24413.099609375,24390.19921875,24412.19921875,0.0
2026-07-31 14:00:00+0530,24413.05078125,24413.75,24386.0,24402.650390625,0.0
2026-07-31 14:15:00+0530,24403.5,24407.05078125,24390.150390625,24394.30078125,0.0
2026-07-31 14:30:00+0530,24395.80078125,24401.900390625,24357.099609375,24361.849609375,0.0
2026-07-31 14:45:00+0530,24361.650390625,24375.05078125,24355.05078125,24360.55078125,0.0
2026-07-31 15:00:00+0530,24361.19921875,24399.150390625,24361.19921875,24390.19921875,0.0
2026-07-31 15:15:00+0530,24391.30078125,24392.400390625,24359.650390625,24366.69921875,0.0
2026-08-03 09:15:00+0530,24568.0,24568.0,24515.5,24550.19921875,0.0
2026-08-03 09:30:00+0530,24550.25,24560.44921875,24541.80078125,24558.05078125,0.0
2026-08-03 09:45:00+0530,24558.44921875,24571.599609375,24545.75,24564.69921875,0.0
2026-08-03 10:00:00+0530,24564.099609375,24581.69921875,24559.05078125,24579.19921875,0.0
2026-08-03 10:15:00+0530,24579.0,24592.44921875,24572.80078125,24580.80078125,0.0
2026-08-03 10:30:00+0530,24580.150390625,24585.69921875,24562.69921875,24583.650390625,0.0
2026-08-03 10:45:00+0530,24583.75,24595.44921875,24579.44921875,24586.44921875,0.0
2026-08-03 11:00:00+0530,24586.900390625,24602.400390625,24584.900390625,24589.44921875,0.0
2026-08-03 11:15:00+0530,24588.94921875,24600.94921875,24586.05078125,24591.75,0.0
2026-08-03 11:30:00+0530,24591.849609375,24600.30078125,24579.80078125,24592.30078125,0.0
2026-08-03 11:45:00+0530,24592.5,24605.5,24584.80078125,24592.0,0.0
2026-08-03 12:00:00+0530,24591.55078125,24602.599609375,24585.69921875,24601.30078125,0.0
2026-08-03 12:15:00+0530,24601.30078125,24609.44921875,24598.05078125,24604.05078125,0.0
2026-08-03 12:30:00+0530,24604.44921875,24606.55078125,24584.400390625,24593.0,0.0
2026-08-03 12:45:00+0530,24594.650390625,24602.150390625,24570.150390625,24584.650390625,0.0
2026-08-03 13:00:00+0530,24584.19921875,24585.94921875,24575.75,24577.69921875,0.0
2026-08-03 13:15:00+0530,24578.19921875,24592.05078125,24576.05078125,24589.69921875,0.0
2026-08-03 13:30:00+0530,24589.25,24606.05078125,24581.19921875,24596.099609375,0.0
2026-08-03 13:45:00+0530,24595.19921875,24601.150390625,24581.69921875,24586.80078125,0.0
2026-08-03 14:00:00+0530,24586.69921875,24595.05078125,24583.5,24593.5,0.0
2026-08-03 14:15:00+0530,24594.5,24595.05078125,24577.69921875,24589.849609375,0.0
2026-08-03 14:30:00+0530,24589.44921875,24602.0,24585.400390625,24597.55078125,0.0
2026-08-03 14:45:00+0530,24598.349609375,24602.75,24588.849609375,24595.0,0.0
2026-08-03 15:00:00+0530,24594.849609375,24596.55078125,24554.19921875,24573.55078125,0.0
2026-08-03 15:15:00+0530,24573.349609375,24774.30078125,24573.349609375,24774.30078125,0.0
2026-08-04 09:15:00+0530,24666.650390625,24666.650390625,24591.30078125,24597.599609375,0.0
2026-08-04 09:30:00+0530,24598.5,24629.55078125,24589.80078125,24623.599609375,0.0
2026-08-04 09:45:00+0530,24623.69921875,24647.650390625,24621.849609375,24631.55078125,0.0
2026-08-04 10:00:00+0530,24633.80078125,24634.75,24607.44921875,24615.5,0.0
2026-08-04 10:15:00+0530,24617.599609375,24620.75,24588.400390625,24592.80078125,0.0
2026-08-04 10:30:00+0530,24594.150390625,24594.94921875,24578.650390625,24582.0,0.0
2026-08-04 10:45:00+0530,24583.94921875,24588.900390625,24569.05078125,24575.400390625,0.0
2026-08-04 11:00:00+0530,24577.94921875,24593.69921875,24576.150390625,24590.900390625,0.0
2026-08-04 11:15:00+0530,24591.849609375,24598.80078125,24575.599609375,24577.05078125,0.0
2026-08-04 11:30:00+0530,24578.19921875,24579.55078125,24553.900390625,24555.44921875,0.0
2026-08-04 11:45:00+0530,24557.5,24557.5,24522.05078125,24524.150390625,0.0
2026-08-04 12:00:00+0530,24524.75,24529.099609375,24496.94921875,24511.30078125,0.0
2026-08-04 12:15:00+0530,24513.400390625,24524.349609375,24505.400390625,24515.69921875,0.0
2026-08-04 12:30:00+0530,24517.650390625,24519.650390625,24488.150390625,24493.349609375,0.0
2026-08-04 12:45:00+0530,24495.0,24509.80078125,24489.349609375,24491.75,0.0
2026-08-04 13:00:00+0530,24493.400390625,24500.849609375,24477.349609375,24479.599609375,0.0
2026-08-04 13:15:00+0530,24481.69921875,24493.44921875,24469.349609375,24471.19921875,0.0
2026-08-04 13:30:00+0530,24473.5,24474.0,24453.80078125,24453.80078125,0.0
2026-08-04 13:45:00+0530,24454.80078125,24468.44921875,24428.19921875,24448.900390625,0.0
2026-08-04 14:00:00+0530,24450.599609375,24463.30078125,24436.150390625,24462.349609375,0.0
2026-08-04 14:15:00+0530,24463.80078125,24494.30078125,24460.44921875,24470.5,0.0
2026-08-04 14:30:00+0530,24470.099609375,24490.30078125,24456.30078125,24456.650390625,0.0
2026-08-04 14:45:00+0530,24459.400390625,24481.44921875,24455.94921875,24465.849609375,0.0
2026-08-04 15:00:00+0530,24469.099609375,24474.30078125,24443.599609375,24462.94921875,0.0
2026-08-04 15:15:00+0530,24463.44921875,24614.900390625,24463.44921875,24614.900390625,0.0
2026-08-05 09:15:00+0530,24669.19921875,24669.19921875,24611.44921875,24621.44921875,0.0
2026-08-05 09:30:00+0530,24621.400390625,24635.94921875,24604.94921875,24627.94921875,0.0
2026-08-05 09:45:00+0530,24628.05078125,24631.69921875,24581.69921875,24594.05078125,0.0
2026-08-05 10:00:00+0530,24594.25,24623.19921875,24588.44921875,24620.900390625,0.0
2026-08-05 10:15:00+0530,24621.25,24621.75,24580.69921875,24582.400390625,0.0
2026-08-05 10:30:00+0530,24582.150390625,24605.05078125,24562.400390625,24594.400390625,0.0
2026-08-05 10:45:00+0530,24594.400390625,24644.75,24593.900390625,24643.05078125,0.0
2026-08-05 11:00:00+0530,24643.5,24662.599609375,24617.900390625,24631.400390625,0.0
2026-08-05 11:15:00+0530,24631.44921875,24637.650390625,24608.0,24611.25,0.0
2026-08-05 11:30:00+0530,24610.94921875,24612.25,24586.5,24594.400390625,0.0
2026-08-05 11:45:00+0530,24594.400390625,24595.75,24561.75,24570.94921875,0.0
2026-08-05 12:00:00+0530,24570.05078125,24579.05078125,24564.75,24573.599609375,0.0
2026-08-05 12:15:00+0530,24572.849609375,24580.349609375,24560.94921875,24566.900390625,0.0
2026-08-05 12:30:00+0530,24566.900390625,24568.30078125,24525.94921875,24532.05078125,0.0
2026-08-05 12:45:00+0530,24531.849609375,24535.099609375,24515.650390625,24516.099609375,0.0
2026-08-05 13:00:00+0530,24516.349609375,24540.099609375,24508.44921875,24535.05078125,0.0
2026-08-05 13:15:00+0530,24534.94921875,24559.30078125,24515.75,24528.69921875,0.0
2026-08-05 13:30:00+0530,24528.55078125,24535.099609375,24498.69921875,24503.150390625,0.0
2026-08-05 13:45:00+0530,24502.94921875,24532.5,24502.099609375,24514.55078125,0.0
2026-08-05 14:00:00+0530,24514.44921875,24534.30078125,24512.599609375,24513.650390625,0.0
2026-08-05 14:15:00+0530,24513.25,24516.80078125,24498.25,24504.5,0.0
2026-08-05 14:30:00+0530,24504.75,24520.349609375,24500.75,24505.69921875,0.0
2026-08-05 14:45:00+0530,24505.0,24530.80078125,24503.849609375,24524.19921875,0.0
2026-08-05 15:00:00+0530,24523.80078125,24575.75,24517.30078125,24572.25,0.0
2026-08-05 15:15:00+0530,24570.19921875,24624.650390625,24570.19921875,24624.650390625,0.0
2026-08-06 09:15:00+0530,24632.69921875,24646.900390625,24607.75,24635.25,0.0
2026-08-06 09:30:00+0530,24637.75,24649.30078125,24620.650390625,24645.150390625,0.0
2026-08-06 09:45:00+0530,24647.900390625,24664.94921875,24635.30078125,24636.349609375,0.0
2026-08-06 10:00:00+0530,24637.55078125,24638.900390625,24605.94921875,24630.849609375,0.0
2026-08-06 10:15:00+0530,24631.75,24639.69921875,24617.75,24635.69921875,0.0
2026-08-06 10:30:00+0530,24636.55078125,24643.349609375,24630.349609375,24636.650390625,0.0
2026-08-06 10:45:00+0530,24637.0,24640.599609375,24616.099609375,24630.69921875,0.0
2026-08-06 11:00:00+0530,24630.900390625,24655.599609375,24621.599609375,24652.44921875,0.0
2026-08-06 11:15:00+0530,24653.80078125,24674.80078125,24647.900390625,24672.55078125,0.0
2026-08-06 11:30:00+0530,24674.0,24676.80078125,24628.94921875,24633.650390625,0.0
2026-08-06 11:45:00+0530,24633.75,24664.349609375,24626.900390625,24659.900390625,0.0
2026-08-06 12:00:00+0530,24660.55078125,24661.80078125,24638.30078125,24643.150390625,0.0
2026-08-06 12:15:00+0530,24644.19921875,24660.75,24627.19921875,24637.05078125,0.0
2026-08-06 12:30:00+0530,24637.349609375,24651.099609375,24636.400390625,24646.25,0.0
2026-08-06 12:45:00+0530,24646.19921875,24648.44921875,24622.05078125,24629.05078125,0.0
2026-08-06 13:00:00+0530,24629.25,24650.94921875,24621.25,24622.19921875,0.0
2026-08-06 13:15:00+0530,24623.0,24655.900390625,24611.849609375,24628.0,0.0
2026-08-06 13:30:00+0530,24628.05078125,24659.650390625,24626.0,24633.05078125,0.0
2026-08-06 13:45:00+0530,24634.55078125,24649.75,24606.900390625,24647.25,0.0
2026-08-06 14:00:00+0530,24646.25,24658.5,24634.099609375,24651.099609375,0.0
2026-08-06 14:15:00+0530,24651.849609375,24662.80078125,24649.349609375,24654.900390625,0.0
2026-08-06 14:30:00+0530,24655.44921875,24659.44921875,24632.650390625,24638.349609375,0.0
2026-08-06 14:45:00+0530,24639.55078125,24647.55078125,24629.349609375,24633.0,0.0
2026-08-06 15:00:00+0530,24633.19921875,24642.05078125,24614.69921875,24628.5,0.0
2026-08-06 15:15:00+0530,24627.94921875,24636.0,24627.94921875,24636.0,0.0
2026-08-07 09:15:00+0530,24535.05078125,24620.0,24535.05078125,24601.599609375,0.0
2026-08-07 09:30:00+0530,24604.0,24618.650390625,24593.25,24618.0,0.0
2026-08-07 09:45:00+0530,24618.19921875,24629.80078125,24600.80078125,24626.5,0.0
2026-08-07 10:00:00+0530,24625.80078125,24627.05078125,24594.0,24599.69921875,0.0
2026-08-07 10:15:00+0530,24599.150390625,24601.650390625,24562.94921875,24566.900390625,0.0
2026-08-07 10:30:00+0530,24566.55078125,24576.599609375,24561.30078125,24569.349609375,0.0
2026-08-07 10:45:00+0530,24569.5,24586.5,24569.400390625,24570.349609375,0.0
2026-08-07 11:00:00+0530,24572.150390625,24575.25,24552.25,24567.599609375,0.0
2026-08-07 11:15:00+0530,24569.099609375,24591.599609375,24558.44921875,24584.80078125,0.0
2026-08-07 11:30:00+0530,24584.75,24589.5,24575.099609375,24579.349609375,0.0
2026-08-07 11:45:00+0530,24581.5,24581.900390625,24550.650390625,24560.94921875,0.0
2026-08-07 12:00:00+0530,24562.5,24563.44921875,24540.150390625,24540.69921875,0.0
2026-08-07 12:15:00+0530,24541.150390625,24558.400390625,24532.900390625,24549.5,0.0
2026-08-07 12:30:00+0530,24550.0,24562.44921875,24544.80078125,24557.05078125,0.0
2026-08-07 12:45:00+0530,24559.349609375,24570.05078125,24551.30078125,24554.599609375,0.0
2026-08-07 13:00:00+0530,24553.650390625,24567.25,24546.69921875,24547.0,0.0
2026-08-07 13:15:00+0530,24547.0,24573.5,24546.099609375,24565.94921875,0.0
2026-08-07 13:30:00+0530,24567.55078125,24568.44921875,24545.349609375,24548.5,0.0
2026-08-07 13:45:00+0530,24550.69921875,24590.5,24547.69921875,24563.94921875,0.0
2026-08-07 14:00:00+0530,24565.849609375,24579.650390625,24522.900390625,24526.849609375,0.0
2026-08-07 14:15:00+0530,24526.849609375,24547.099609375,24523.150390625,24534.19921875,0.0
2026-08-07 14:30:00+0530,24534.099609375,24549.599609375,24526.150390625,24538.25,0.0
2026-08-07 14:45:00+0530,24537.900390625,24561.44921875,24528.55078125,24541.80078125,0.0
2026-08-07 15:00:00+0530,24542.150390625,24565.099609375,24541.599609375,24558.94921875,0.0
2026-08-07 15:15:00+0530,24554.55078125,24570.650390625,24554.55078125,24570.650390625,0.0
2026-08-10 09:15:00+0530,24584.05078125,24620.55078125,24555.25,24555.900390625,0.0
2026-08-10 09:30:00+0530,24557.900390625,24560.900390625,24511.30078125,24521.150390625,0.0
2026-08-10 09:45:00+0530,24521.75,24542.80078125,24518.44921875,24534.25,0.0
2026-08-10 10:00:00+0530,24536.349609375,24551.400390625,24530.25,24544.75,0.0
2026-08-10 10:15:00+0530,24545.900390625,24595.400390625,24545.599609375,24594.80078125,0.0
2026-08-10 10:30:00+0530,24595.19921875,24605.349609375,24584.849609375,24603.650390625,0.0
2026-08-10 10:45:00+0530,24604.099609375,24614.400390625,24585.849609375,24588.19921875,0.0
2026-08-10 11:00:00+0530,24588.80078125,24602.69921875,24586.19921875,24602.349609375,0.0
2026-08-10 11:15:00+0530,24602.900390625,24610.44921875,24592.650390625,24603.900390625,0.0
2026-08-10 11:30:00+0530,24604.25,24604.94921875,24581.05078125,24583.150390625,0.0
2026-08-10 11:45:00+0530,24583.5,24599.400390625,24574.650390625,24588.19921875,0.0
2026-08-10 12:00:00+0530,24588.900390625,24609.900390625,24584.25,24606.80078125,0.0
2026-08-10 12:15:00+0530,24606.599609375,24618.900390625,24601.30078125,24610.599609375,0.0
2026-08-10 12:30:00+0530,24610.349609375,24616.900390625,24598.099609375,24598.25,0.0
2026-08-10 12:45:00+0530,24599.400390625,24603.75,24583.75,24587.75,0.0
2026-08-10 13:00:00+0530,24587.099609375,24596.0,24571.349609375,24573.55078125,0.0
2026-08-10 13:15:00+0530,24573.099609375,24595.349609375,24573.099609375,24589.80078125,0.0
2026-08-10 13:30:00+0530,24590.55078125,24608.5,24587.650390625,24606.349609375,0.0
2026-08-10 13:45:00+0530,24606.650390625,24610.30078125,24591.099609375,24591.849609375,0.0
2026-08-10 14:00:00+0530,24591.80078125,24605.349609375,24582.5,24587.55078125,0.0
2026-08-10 14:15:00+0530,24587.94921875,24594.400390625,24583.150390625,24586.75,0.0
2026-08-10 14:30:00+0530,24586.75,24591.0,24565.55078125,24572.5,0.0
2026-08-10 14:45:00+0530,24572.55078125,24572.55078125,24549.0,24567.849609375,0.0
2026-08-10 15:00:00+0530,24566.55078125,24575.30078125,24543.05078125,24560.05078125,0.0
2026-08-10 15:15:00+0530,24560.150390625,24583.80078125,24560.150390625,24583.80078125,0.0
2026-08-11 09:15:00+0530,24575.5,24575.5,24487.400390625,24487.400390625,0.0
2026-08-11 09:30:00+0530,24486.900390625,24497.599609375,24468.400390625,24479.25,0.0
2026-08-11 09:45:00+0530,24480.55078125,24487.55078125,24461.0,24486.849609375,0.0
2026-08-11 10:00:00+0530,24486.400390625,24491.849609375,24472.599609375,24473.0,0.0
2026-08-11 10:15:00+0530,24473.5,24484.80078125,24463.599609375,24479.0,0.0
2026-08-11 10:30:00+0530,24479.150390625,24485.0,24471.5,24474.75,0.0
2026-08-11 10:45:00+0530,24474.400390625,24481.0,24464.849609375,24469.0,0.0
2026-08-11 11:00:00+0530,24469.55078125,24471.25,24440.400390625,24451.25,0.0
2026-08-11 11:15:00+0530,24450.94921875,24455.69921875,24437.55078125,24442.599609375,0.0
2026-08-11 11:30:00+0530,24442.80078125,24452.30078125,24436.94921875,24448.599609375,0.0
2026-08-11 11:45:00+0530,24448.75,24456.44921875,24435.650390625,24444.05078125,0.0
2026-08-11 12:00:00+0530,24444.099609375,24450.75,24429.25,24444.650390625,0.0
2026-08-11 12:15:00+0530,24444.0,24449.0,24430.349609375,24439.650390625,0.0
2026-08-11 12:30:00+0530,24439.349609375,24452.400390625,24433.5,24451.19921875,0.0
2026-08-11 12:45:00+0530,24451.94921875,24461.75,24439.55078125,24440.5,0.0
2026-08-11 13:00:00+0530,24440.650390625,24466.650390625,24438.900390625,24453.150390625,0.0
2026-08-11 13:15:00+0530,24453.349609375,24474.900390625,24441.80078125,24455.05078125,0.0
2026-08-11 13:30:00+0530,24454.94921875,24471.44921875,24451.25,24460.55078125,0.0
2026-08-11 13:45:00+0530,24460.650390625,24469.099609375,24445.80078125,24450.150390625,0.0
2026-08-11 14:00:00+0530,24451.0,24466.150390625,24441.099609375,24462.55078125,0.0
2026-08-11 14:15:00+0530,24464.19921875,24470.0,24447.30078125,24449.150390625,0.0
2026-08-11 14:30:00+0530,24450.150390625,24455.650390625,24435.05078125,24448.05078125,0.0
2026-08-11 14:45:00+0530,24450.30078125,24469.19921875,24448.0,24464.19921875,0.0
2026-08-11 15:00:00+0530,24465.30078125,24476.44921875,24442.650390625,24450.0,0.0
2026-08-11 15:15:00+0530,24450.25,24471.69921875,24450.25,24471.69921875,0.0
2026-08-12 09:15:00+0530,24472.44921875,24472.44921875,24390.900390625,24457.25,0.0
2026-08-12 09:30:00+0530,24457.400390625,24458.55078125,24420.80078125,24428.150390625,0.0
2026-08-12 09:45:00+0530,24428.0,24428.849609375,24376.55078125,24377.94921875,0.0
2026-08-12 10:00:00+0530,24378.55078125,24379.5,24357.599609375,24365.30078125,0.0
2026-08-12 10:15:00+0530,24365.099609375,24383.349609375,24359.25,24371.900390625,0.0
2026-08-12 10:30:00+0530,24371.5,24400.94921875,24370.19921875,24375.650390625,0.0
2026-08-12 10:45:00+0530,24375.650390625,24376.150390625,24309.400390625,24318.30078125,0.0
2026-08-12 11:00:00+0530,24318.650390625,24322.69921875,24293.69921875,24302.400390625,0.0
2026-08-12 11:15:00+0530,24302.900390625,24318.80078125,24293.099609375,24296.94921875,0.0
2026-08-12 11:30:00+0530,24297.05078125,24304.69921875,24278.5,24293.69921875,0.0
2026-08-12 11:45:00+0530,24294.19921875,24298.05078125,24271.25,24279.55078125,0.0
2026-08-12 12:00:00+0530,24279.650390625,24282.25,24265.94921875,24267.099609375,0.0
2026-08-12 12:15:00+0530,24267.099609375,24282.80078125,24266.400390625,24281.30078125,0.0
2026-08-12 12:30:00+0530,24282.099609375,24303.19921875,24275.25,24283.099609375,0.0
2026-08-12 12:45:00+0530,24283.19921875,24289.75,24270.150390625,24275.900390625,0.0
2026-08-12 13:00:00+0530,24276.55078125,24288.400390625,24272.900390625,24287.94921875,0.0
2026-08-12 13:15:00+0530,24288.25,24300.69921875,24282.0,24291.55078125,0.0
2026-08-12 13:30:00+0530,24292.849609375,24301.44921875,24285.55078125,24289.30078125,0.0
2026-08-12 13:45:00+0530,24289.69921875,24292.400390625,24280.0,24286.44921875,0.0
2026-08-12 14:00:00+0530,24286.400390625,24288.900390625,24275.400390625,24278.400390625,0.0
2026-08-12 14:15:00+0530,24278.19921875,24300.69921875,24277.44921875,24297.5,0.0
2026-08-12 14:30:00+0530,24298.55078125,24334.69921875,24297.75,24325.94921875,0.0
2026-08-12 14:45:00+0530,24326.0,24384.900390625,24316.75,24370.05078125,0.0
2026-08-12 15:00:00+0530,24371.150390625,24375.55078125,24341.80078125,24369.30078125,0.0
2026-08-12 15:15:00+0530,24361.69921875,24435.94921875,24361.69921875,24435.94921875,0.0
2026-08-13 09:15:00+0530,24428.900390625,24428.900390625,24326.75,24339.150390625,0.0
2026-08-13 09:30:00+0530,24342.05078125,24350.94921875,24316.5,24346.349609375,0.0
2026-08-13 09:45:00+0530,24347.5,24356.650390625,24336.650390625,24351.55078125,0.0
2026-08-13 10:00:00+0530,24351.80078125,24354.55078125,24330.30078125,24343.55078125,0.0
2026-08-13 10:15:00+0530,24346.25,24346.25,24318.19921875,24319.150390625,0.0
2026-08-13 10:30:00+0530,24320.400390625,24332.80078125,24311.44921875,24330.80078125,0.0
2026-08-13 10:45:00+0530,24331.099609375,24348.650390625,24326.69921875,24338.25,0.0
2026-08-13 11:00:00+0530,24339.849609375,24340.0,24314.30078125,24319.05078125,0.0
2026-08-13 11:15:00+0530,24319.849609375,24339.599609375,24317.80078125,24338.80078125,0.0
2026-08-13 11:30:00+0530,24339.650390625,24363.349609375,24338.099609375,24350.05078125,0.0
2026-08-13 11:45:00+0530,24350.650390625,24386.80078125,24346.849609375,24386.44921875,0.0
2026-08-13 12:00:00+0530,24387.599609375,24414.900390625,24386.30078125,24395.650390625,0.0
2026-08-13 12:15:00+0530,24397.400390625,24403.55078125,24388.25,24393.349609375,0.0
2026-08-13 12:30:00+0530,24395.80078125,24401.25,24385.599609375,24391.69921875,0.0
2026-08-13 12:45:00+0530,24393.55078125,24393.55078125,24361.349609375,24369.150390625,0.0
2026-08-13 13:00:00+0530,24370.150390625,24371.849609375,24353.599609375,24362.25,0.0
2026-08-13 13:15:00+0530,24364.599609375,24372.80078125,24348.849609375,24356.75,0.0
2026-08-13 13:30:00+0530,24358.55078125,24388.0,24348.80078125,24383.80078125,0.0
2026-08-13 13:45:00+0530,24385.05078125,24396.55078125,24370.650390625,24394.150390625,0.0
2026-08-13 14:00:00+0530,24395.5,24395.75,24353.150390625,24356.05078125,0.0
2026-08-13 14:15:00+0530,24356.400390625,24377.5,24349.19921875,24371.650390625,0.0
2026-08-13 14:30:00+0530,24373.5,24375.5,24353.099609375,24359.849609375,0.0
2026-08-13 14:45:00+0530,24362.44921875,24362.44921875,24336.5,24344.44921875,0.0
2026-08-13 15:00:00+0530,24345.55078125,24364.5,24339.25,24352.69921875,0.0
2026-08-13 15:15:00+0530,24353.349609375,24395.849609375,24353.349609375,24395.849609375,0.0
2026-08-14 09:15:00+0530,24363.75,24363.75,24307.19921875,24309.099609375,0.0
2026-08-14 09:30:00+0530,24309.44921875,24345.19921875,24304.599609375,24332.05078125,0.0
2026-08-14 09:45:00+0530,24333.150390625,24346.80078125,24322.55078125,24343.55078125,0.0
2026-08-14 10:00:00+0530,24343.55078125,24359.19921875,24340.650390625,24345.44921875,0.0
2026-08-14 10:15:00+0530,24345.150390625,24347.0,24329.55078125,24331.25,0.0
2026-08-14 10:30:00+0530,24331.900390625,24332.25,24298.349609375,24324.69921875,0.0
2026-08-14 10:45:00+0530,24325.25,24338.69921875,24312.0,24312.19921875,0.0
2026-08-14 11:00:00+0530,24313.05078125,24322.349609375,24306.400390625,24315.0,0.0
2026-08-14 11:15:00+0530,24315.5,24332.25,24313.44921875,24315.80078125,0.0
2026-08-14 11:30:00+0530,24315.69921875,24330.69921875,24309.400390625,24327.69921875,0.0
2026-08-14 11:45:00+0530,24328.0,24336.94921875,24321.94921875,24326.900390625,0.0
2026-08-14 12:00:00+0530,24328.19921875,24345.55078125,24319.25,24341.44921875,0.0
2026-08-14 12:15:00+0530,24342.0,24354.650390625,24339.900390625,24347.30078125,0.0
2026-08-14 12:30:00+0530,24346.80078125,24347.94921875,24333.44921875,24335.849609375,0.0
2026-08-14 12:45:00+0530,24336.650390625,24353.30078125,24334.80078125,24349.55078125,0.0
2026-08-14 13:00:00+0530,24349.400390625,24352.150390625,24340.44921875,24346.849609375,0.0
2026-08-14 13:15:00+0530,24347.0,24348.80078125,24337.30078125,24340.55078125,0.0
2026-08-14 13:30:00+0530,24340.19921875,24358.30078125,24327.349609375,24357.349609375,0.0
2026-08-14 13:45:00+0530,24357.400390625,24397.80078125,24356.80078125,24395.0,0.0
2026-08-14 14:00:00+0530,24395.0,24405.19921875,24382.5,24383.55078125,0.0
2026-08-14 14:15:00+0530,24383.19921875,24389.19921875,24369.650390625,24371.599609375,0.0
2026-08-14 14:30:00+0530,24372.599609375,24375.0,24366.400390625,24369.44921875,0.0
2026-08-14 14:45:00+0530,24370.0,24384.400390625,24364.75,24374.599609375,0.0
2026-08-14 15:00:00+0530,24374.25,24382.25,24354.44921875,24354.44921875,0.0
2026-08-14 15:15:00+0530,24354.849609375,24366.0,24354.849609375,24366.0,0.0
