datetime,equity,exposure
2011-08-16 00:00:00+05:30,1000000.0,0
2011-08-17 00:00:00+05:30,1000000.0,0
2011-08-18 00:00:00+05:30,1000000.0,0
2011-08-19 00:00:00+05:30,1000000.0,0
2011-08-22 00:00:00+05:30,1000000.0,0
2011-08-23 00:00:00+05:30,1000000.0,0
2011-08-24 00:00:00+05:30,1000000.0,0
2011-08-25 00:00:00+05:30,1000000.0,0
2011-08-26 00:00:00+05:30,1000000.0,0
2011-08-29 00:00:00+05:30,1000000.0,0
2011-08-30 00:00:00+05:30,1000000.0,0
2011-09-02 00:00:00+05:30,1000000.0,0
2011-09-05 00:00:00+05:30,1000000.0,0
2011-09-06 00:00:00+05:30,1000000.0,0
2011-09-07 00:00:00+05:30,1000000.0,0
2011-09-08 00:00:00+05:30,1000000.0,0
2011-09-09 00:00:00+05:30,1000000.0,0
2011-09-12 00:00:00+05:30,1000000.0,0
2011-09-13 00:00:00+05:30,1000000.0,0
2011-09-14 00:00:00+05:30,1000000.0,0
2011-09-15 00:00:00+05:30,1000000.0,0
2011-09-16 00:00:00+05:30,1000000.0,0
2011-09-19 00:00:00+05:30,1000000.0,0
2011-09-20 00:00:00+05:30,1000000.0,0
2011-09-21 00:00:00+05:30,1000000.0,0
2011-09-22 00:00:00+05:30,1000000.0,0
2011-09-23 00:00:00+05:30,1000000.0,0
2011-09-26 00:00:00+05:30,1000000.0,0
2011-09-27 00:00:00+05:30,1000000.0,0
2011-09-28 00:00:00+05:30,1000000.0,0
2011-09-29 00:00:00+05:30,1000000.0,0
2011-09-30 00:00:00+05:30,1000000.0,0
2011-10-03 00:00:00+05:30,1000000.0,0
2011-10-04 00:00:00+05:30,1000000.0,0
2011-10-05 00:00:00+05:30,1000000.0,0
2011-10-07 00:00:00+05:30,1000000.0,0
2011-10-10 00:00:00+05:30,1000000.0,0
2011-10-11 00:00:00+05:30,1000000.0,0
2011-10-12 00:00:00+05:30,1000000.0,0
2011-10-13 00:00:00+05:30,1000000.0,0
2011-10-14 00:00:00+05:30,1000000.0,0
2011-10-17 00:00:00+05:30,1000000.0,0
2011-10-18 00:00:00+05:30,1000000.0,0
2011-10-19 00:00:00+05:30,1000000.0,0
2011-10-20 00:00:00+05:30,1000000.0,0
2011-10-21 00:00:00+05:30,1000000.0,0
2011-10-24 00:00:00+05:30,1000000.0,0
2011-10-25 00:00:00+05:30,1000000.0,0
2011-10-28 00:00:00+05:30,1000000.0,0
2011-10-31 00:00:00+05:30,1000000.0,0
2011-11-01 00:00:00+05:30,1000000.0,0
2011-11-02 00:00:00+05:30,1000000.0,0
2011-11-03 00:00:00+05:30,1000000.0,0
2011-11-04 00:00:00+05:30,1000000.0,0
2011-11-08 00:00:00+05:30,1000000.0,0
2011-11-09 00:00:00+05:30,1000000.0,0
2011-11-11 00:00:00+05:30,1000000.0,0
2011-11-14 00:00:00+05:30,1000000.0,0
2011-11-15 00:00:00+05:30,1000000.0,0
2011-11-16 00:00:00+05:30,1000000.0,0
2011-11-17 00:00:00+05:30,1000000.0,0
2011-11-18 00:00:00+05:30,1000000.0,0
2011-11-21 00:00:00+05:30,1000000.0,0
2011-11-22 00:00:00+05:30,1000000.0,0
2011-11-23 00:00:00+05:30,1000000.0,0
2011-11-24 00:00:00+05:30,997739.3036951142,-1
2011-11-25 00:00:00+05:30,997175.8173669892,-1
2011-11-28 00:00:00+05:30,986516.5400232392,-1
2011-11-29 00:00:00+05:30,992440.2900232392,-1
2011-11-30 00:00:00+05:30,994533.3173669892,-1
2011-12-01 00:00:00+05:30,984324.5619720058,0
2011-12-02 00:00:00+05:30,984324.5619720058,0
2011-12-05 00:00:00+05:30,984324.5619720058,0
2011-12-07 00:00:00+05:30,984324.5619720058,0
2011-12-08 00:00:00+05:30,984324.5619720058,0
2011-12-09 00:00:00+05:30,984324.5619720058,0
2011-12-12 00:00:00+05:30,984324.5619720058,0
2011-12-13 00:00:00+05:30,984324.5619720058,0
2011-12-14 00:00:00+05:30,984324.5619720058,0
2011-12-15 00:00:00+05:30,984324.5619720058,0
2011-12-16 00:00:00+05:30,984324.5619720058,0
2011-12-19 00:00:00+05:30,991219.4135677946,-1
2011-12-20 00:00:00+05:30,995496.4204037321,-1
2011-12-21 00:00:00+05:30,984131.5070456279,0
2011-12-22 00:00:00+05:30,984131.5070456279,0
2011-12-23 00:00:00+05:30,984131.5070456279,0
2011-12-26 00:00:00+05:30,984131.5070456279,0
2011-12-27 00:00:00+05:30,984131.5070456279,0
2011-12-28 00:00:00+05:30,984131.5070456279,0
2011-12-29 00:00:00+05:30,984131.5070456279,0
2011-12-30 00:00:00+05:30,984131.5070456279,0
2012-01-02 00:00:00+05:30,984131.5070456279,0
2012-01-03 00:00:00+05:30,984131.5070456279,0
2012-01-04 00:00:00+05:30,984131.5070456279,0
2012-01-05 00:00:00+05:30,984131.5070456279,0
2012-01-06 00:00:00+05:30,984131.5070456279,0
2012-01-09 00:00:00+05:30,984131.5070456279,0
2012-01-10 00:00:00+05:30,984131.5070456279,0
2012-01-11 00:00:00+05:30,984131.5070456279,0
2012-01-12 00:00:00+05:30,984131.5070456279,0
2012-01-13 00:00:00+05:30,984131.5070456279,0
2012-01-16 00:00:00+05:30,984131.5070456279,0
2012-01-17 00:00:00+05:30,984131.5070456279,0
2012-01-18 00:00:00+05:30,984131.5070456279,0
2012-01-19 00:00:00+05:30,984131.5070456279,0
2012-01-20 00:00:00+05:30,984131.5070456279,0
2012-01-23 00:00:00+05:30,984131.5070456279,0
2012-01-24 00:00:00+05:30,984131.5070456279,0
2012-01-25 00:00:00+05:30,983469.88189436,1
2012-01-27 00:00:00+05:30,981966.65923811,1
2012-01-30 00:00:00+05:30,972287.38189436,1
2012-01-31 00:00:00+05:30,985669.6524021724,1
2012-02-01 00:00:00+05:30,986707.38189436,1
2012-02-02 00:00:00+05:30,988210.6387302974,1
2012-02-03 00:00:00+05:30,993166.65923811,1
2012-02-06 00:00:00+05:30,997912.645566235,1
2012-02-07 00:00:00+05:30,999849.88189436,1
2012-02-08 00:00:00+05:30,999692.38189436,1
2012-02-09 00:00:00+05:30,1006254.88189436,1
2012-02-10 00:00:00+05:30,1003981.65923811,1
2012-02-13 00:00:00+05:30,1005064.88189436,1
2012-02-14 00:00:00+05:30,1007971.65923811,1
2012-02-15 00:00:00+05:30,1021063.4024021724,1
2012-02-16 00:00:00+05:30,1020755.40923811,1
2012-02-17 00:00:00+05:30,1026110.40923811,1
2012-02-21 00:00:00+05:30,1029452.90923811,1
2012-02-22 00:00:00+05:30,1014639.15923811,1
2012-02-23 00:00:00+05:30,1013456.13189436,1
2012-02-24 00:00:00+05:30,1006226.8887302974,1
2012-02-27 00:00:00+05:30,992127.1524021724,1
2012-02-28 00:00:00+05:30,994595.5440204272,0
2012-02-29 00:00:00+05:30,994595.5440204272,0
2012-03-01 00:00:00+05:30,994595.5440204272,0
2012-03-02 00:00:00+05:30,994595.5440204272,0
2012-03-05 00:00:00+05:30,994595.5440204272,0
2012-03-06 00:00:00+05:30,994595.5440204272,0
2012-03-07 00:00:00+05:30,994595.5440204272,0
2012-03-09 00:00:00+05:30,994595.5440204272,0
2012-03-12 00:00:00+05:30,994595.5440204272,0
2012-03-13 00:00:00+05:30,994595.5440204272,0
2012-03-14 00:00:00+05:30,994595.5440204272,0
2012-03-15 00:00:00+05:30,994595.5440204272,0
2012-03-16 00:00:00+05:30,994595.5440204272,0
2012-03-19 00:00:00+05:30,994595.5440204272,0
2012-03-20 00:00:00+05:30,994595.5440204272,0
2012-03-21 00:00:00+05:30,994595.5440204272,0
2012-03-22 00:00:00+05:30,994595.5440204272,0
2012-03-23 00:00:00+05:30,994595.5440204272,0
2012-03-26 00:00:00+05:30,994595.5440204272,0
2012-03-27 00:00:00+05:30,994595.5440204272,0
2012-03-28 00:00:00+05:30,994595.5440204272,0
2012-03-29 00:00:00+05:30,994595.5440204272,0
2012-03-30 00:00:00+05:30,994595.5440204272,0
2012-04-02 00:00:00+05:30,994595.5440204272,0
2012-04-03 00:00:00+05:30,994595.5440204272,0
2012-04-04 00:00:00+05:30,994595.5440204272,0
2012-04-09 00:00:00+05:30,994595.5440204272,0
2012-04-10 00:00:00+05:30,994595.5440204272,0
2012-04-11 00:00:00+05:30,994595.5440204272,0
2012-04-12 00:00:00+05:30,994595.5440204272,0
2012-04-13 00:00:00+05:30,994595.5440204272,0
2012-04-16 00:00:00+05:30,994595.5440204272,0
2012-04-17 00:00:00+05:30,994595.5440204272,0
2012-04-18 00:00:00+05:30,994595.5440204272,0
2012-04-19 00:00:00+05:30,994595.5440204272,0
2012-04-20 00:00:00+05:30,994595.5440204272,0
2012-04-23 00:00:00+05:30,994595.5440204272,0
2012-04-24 00:00:00+05:30,994595.5440204272,0
2012-04-25 00:00:00+05:30,994595.5440204272,0
2012-04-26 00:00:00+05:30,994595.5440204272,0
2012-04-27 00:00:00+05:30,994595.5440204272,0
2012-04-30 00:00:00+05:30,994595.5440204272,0
2012-05-02 00:00:00+05:30,994595.5440204272,0
2012-05-03 00:00:00+05:30,994595.5440204272,0
2012-05-04 00:00:00+05:30,994595.5440204272,0
2012-05-07 00:00:00+05:30,994595.5440204272,0
2012-05-08 00:00:00+05:30,994595.5440204272,0
2012-05-09 00:00:00+05:30,994595.5440204272,0
2012-05-10 00:00:00+05:30,994595.5440204272,0
2012-05-11 00:00:00+05:30,994595.5440204272,0
2012-05-14 00:00:00+05:30,994595.5440204272,0
2012-05-15 00:00:00+05:30,989756.5822147025,-1
2012-05-16 00:00:00+05:30,995197.33905064,-1
2012-05-17 00:00:00+05:30,995549.0822147025,-1
2012-05-18 00:00:00+05:30,990087.33905064,-1
2012-05-21 00:00:00+05:30,986526.08905064,-1
2012-05-22 00:00:00+05:30,991538.0958865775,-1
2012-05-23 00:00:00+05:30,993599.575378765,-1
2012-05-24 00:00:00+05:30,985630.102722515,-1
2012-05-25 00:00:00+05:30,984975.5958865775,-1
2012-05-28 00:00:00+05:30,978763.4822840617,0
2012-05-29 00:00:00+05:30,978763.4822840617,0
2012-05-30 00:00:00+05:30,978763.4822840617,0
2012-05-31 00:00:00+05:30,978763.4822840617,0
2012-06-01 00:00:00+05:30,978763.4822840617,0
2012-06-04 00:00:00+05:30,978763.4822840617,0
2012-06-05 00:00:00+05:30,978763.4822840617,0
2012-06-06 00:00:00+05:30,978763.4822840617,0
2012-06-07 00:00:00+05:30,978763.4822840617,0
2012-06-08 00:00:00+05:30,978763.4822840617,0
2012-06-11 00:00:00+05:30,978763.4822840617,0
2012-06-12 00:00:00+05:30,978763.4822840617,0
2012-06-13 00:00:00+05:30,978763.4822840617,0
2012-06-14 00:00:00+05:30,978763.4822840617,0
2012-06-15 00:00:00+05:30,978763.4822840617,0
2012-06-18 00:00:00+05:30,978763.4822840617,0
2012-06-19 00:00:00+05:30,978763.4822840617,0
2012-06-20 00:00:00+05:30,978763.4822840617,0
2012-06-21 00:00:00+05:30,978763.4822840617,0
2012-06-22 00:00:00+05:30,978763.4822840617,0
2012-06-25 00:00:00+05:30,978763.4822840617,0
2012-06-26 00:00:00+05:30,978763.4822840617,0
2012-06-27 00:00:00+05:30,978763.4822840617,0
2012-06-28 00:00:00+05:30,978763.4822840617,0
2012-06-29 00:00:00+05:30,978763.4822840617,0
2012-07-02 00:00:00+05:30,978763.4822840617,0
2012-07-03 00:00:00+05:30,978763.4822840617,0
2012-07-04 00:00:00+05:30,978763.4822840617,0
2012-07-05 00:00:00+05:30,978763.4822840617,0
2012-07-06 00:00:00+05:30,978763.4822840617,0
2012-07-09 00:00:00+05:30,978390.2349194273,1
2012-07-10 00:00:00+05:30,984112.7349194273,1
2012-07-11 00:00:00+05:30,982773.9849194273,1
2012-07-12 00:00:00+05:30,979378.9849194273,1
2012-07-13 00:00:00+05:30,978614.2485913023,1
2012-07-16 00:00:00+05:30,977695.4985913023,1
2012-07-17 00:00:00+05:30,977340.2349194273,1
2012-07-18 00:00:00+05:30,979056.9780834898,1
2012-07-19 00:00:00+05:30,979580.2349194273,1
2012-07-20 00:00:00+05:30,974664.4780834898,1
2012-07-23 00:00:00+05:30,967419.4780834898,1
2012-07-24 00:00:00+05:30,966290.985296204,0
2012-07-25 00:00:00+05:30,966290.985296204,0
2012-07-26 00:00:00+05:30,966290.985296204,0
2012-07-27 00:00:00+05:30,966290.985296204,0
2012-07-30 00:00:00+05:30,966290.985296204,0
2012-07-31 00:00:00+05:30,966290.985296204,0
2012-08-01 00:00:00+05:30,966290.985296204,0
2012-08-02 00:00:00+05:30,966290.985296204,0
2012-08-03 00:00:00+05:30,966290.985296204,0
2012-08-06 00:00:00+05:30,966290.985296204,0
2012-08-07 00:00:00+05:30,966290.985296204,0
2012-08-08 00:00:00+05:30,966290.985296204,0
2012-08-09 00:00:00+05:30,966290.985296204,0
2012-08-10 00:00:00+05:30,966290.985296204,0
2012-08-13 00:00:00+05:30,966290.985296204,0
2012-08-14 00:00:00+05:30,966290.985296204,0
2012-08-16 00:00:00+05:30,966290.985296204,0
2012-08-17 00:00:00+05:30,966290.985296204,0
2012-08-21 00:00:00+05:30,966290.985296204,0
2012-08-22 00:00:00+05:30,966290.985296204,0
2012-08-23 00:00:00+05:30,966290.985296204,0
2012-08-24 00:00:00+05:30,966290.985296204,0
2012-08-27 00:00:00+05:30,966290.985296204,0
2012-08-28 00:00:00+05:30,966290.985296204,0
2012-08-29 00:00:00+05:30,966290.985296204,0
2012-08-30 00:00:00+05:30,966290.985296204,0
2012-08-31 00:00:00+05:30,966290.985296204,0
2012-09-03 00:00:00+05:30,966290.985296204,0
2012-09-04 00:00:00+05:30,966290.985296204,0
2012-09-05 00:00:00+05:30,966290.985296204,0
2012-09-06 00:00:00+05:30,966290.985296204,0
2012-09-07 00:00:00+05:30,966290.985296204,0
2012-09-10 00:00:00+05:30,966290.985296204,0
2012-09-11 00:00:00+05:30,966290.985296204,0
2012-09-12 00:00:00+05:30,966290.985296204,0
2012-09-13 00:00:00+05:30,966290.985296204,0
2012-09-14 00:00:00+05:30,966290.985296204,0
2012-09-17 00:00:00+05:30,966290.985296204,0
2012-09-18 00:00:00+05:30,966290.985296204,0
2012-09-20 00:00:00+05:30,966290.985296204,0
2012-09-21 00:00:00+05:30,966290.985296204,0
2012-09-24 00:00:00+05:30,968398.457369599,1
2012-09-25 00:00:00+05:30,968302.207369599,1
2012-09-26 00:00:00+05:30,968529.707369599,1
2012-09-27 00:00:00+05:30,968256.7142055365,1
2012-09-28 00:00:00+05:30,969563.9505336615,1
2012-10-01 00:00:00+05:30,968291.7142055365,1
2012-10-03 00:00:00+05:30,968099.2142055365,1
2012-10-04 00:00:00+05:30,975837.7005336615,1
2012-10-05 00:00:00+05:30,966039.7253468673,0
2012-10-08 00:00:00+05:30,966039.7253468673,0
2012-10-09 00:00:00+05:30,966039.7253468673,0
2012-10-10 00:00:00+05:30,966039.7253468673,0
2012-10-11 00:00:00+05:30,966039.7253468673,0
2012-10-12 00:00:00+05:30,966039.7253468673,0
2012-10-15 00:00:00+05:30,966039.7253468673,0
2012-10-16 00:00:00+05:30,966039.7253468673,0
2012-10-17 00:00:00+05:30,966039.7253468673,0
2012-10-18 00:00:00+05:30,966039.7253468673,0
2012-10-19 00:00:00+05:30,966039.7253468673,0
2012-10-22 00:00:00+05:30,966039.7253468673,0
2012-10-23 00:00:00+05:30,966039.7253468673,0
2012-10-25 00:00:00+05:30,966039.7253468673,0
2012-10-29 00:00:00+05:30,966039.7253468673,0
2012-10-30 00:00:00+05:30,966039.7253468673,0
2012-10-31 00:00:00+05:30,966039.7253468673,0
2012-11-01 00:00:00+05:30,966039.7253468673,0
2012-11-02 00:00:00+05:30,966039.7253468673,0
2012-11-05 00:00:00+05:30,966039.7253468673,0
2012-11-06 00:00:00+05:30,966039.7253468673,0
2012-11-07 00:00:00+05:30,966039.7253468673,0
2012-11-08 00:00:00+05:30,966039.7253468673,0
2012-11-09 00:00:00+05:30,966039.7253468673,0
2012-11-12 00:00:00+05:30,966039.7253468673,0
2012-11-15 00:00:00+05:30,966039.7253468673,0
2012-11-16 00:00:00+05:30,966039.7253468673,0
2012-11-19 00:00:00+05:30,966039.7253468673,0
2012-11-20 00:00:00+05:30,966039.7253468673,0
2012-11-21 00:00:00+05:30,966039.7253468673,0
2012-11-22 00:00:00+05:30,966039.7253468673,0
2012-11-23 00:00:00+05:30,966039.7253468673,0
2012-11-26 00:00:00+05:30,966039.7253468673,0
2012-11-27 00:00:00+05:30,966039.7253468673,0
2012-11-29 00:00:00+05:30,966039.7253468673,0
2012-11-30 00:00:00+05:30,966039.7253468673,0
2012-12-03 00:00:00+05:30,966039.7253468673,0
2012-12-04 00:00:00+05:30,966039.7253468673,0
2012-12-05 00:00:00+05:30,966039.7253468673,0
2012-12-06 00:00:00+05:30,966039.7253468673,0
2012-12-07 00:00:00+05:30,962434.4253339877,1
2012-12-10 00:00:00+05:30,963062.6821699252,1
2012-12-11 00:00:00+05:30,961765.9048261752,1
2012-12-12 00:00:00+05:30,960264.4253339877,1
2012-12-13 00:00:00+05:30,959125.1821699252,1
2012-12-14 00:00:00+05:30,964569.4253339877,1
2012-12-17 00:00:00+05:30,964665.6753339877,1
2012-12-18 00:00:00+05:30,966405.1821699252,1
2012-12-19 00:00:00+05:30,967563.6684980502,1
2012-12-20 00:00:00+05:30,966732.4184980502,1
2012-12-21 00:00:00+05:30,960731.6616621127,1
2012-12-24 00:00:00+05:30,960824.4253339877,1
2012-12-26 00:00:00+05:30,966485.6753339877,1
2012-12-27 00:00:00+05:30,965794.4253339877,1
2012-12-28 00:00:00+05:30,965740.1821699252,1
2012-12-31 00:00:00+05:30,966303.6684980502,1
2013-01-01 00:00:00+05:30,972600.1821699252,1
2013-01-02 00:00:00+05:30,977244.6548261752,1
2013-01-03 00:00:00+05:30,976940.1821699252,1
2013-01-04 00:00:00+05:30,977262.1548261752,1
2013-01-07 00:00:00+05:30,974509.4253339877,1
2013-01-08 00:00:00+05:30,975097.4184980502,1
2013-01-09 00:00:00+05:30,974834.9184980502,1
2013-01-10 00:00:00+05:30,977783.6684980502,1
2013-01-11 00:00:00+05:30,971329.6548261752,1
2013-01-14 00:00:00+05:30,976261.1684980502,1
2013-01-15 00:00:00+05:30,979643.9321699252,1
2013-01-16 00:00:00+05:30,972052.4184980502,1
2013-01-17 00:00:00+05:30,972440.9048261752,1
2013-01-18 00:00:00+05:30,973504.9184980502,1
2013-01-21 00:00:00+05:30,972502.1548261752,1
2013-01-22 00:00:00+05:30,969807.1548261752,1
2013-01-23 00:00:00+05:30,971936.9253339877,1
2013-01-24 00:00:00+05:30,969353.9321699252,1
2013-01-25 00:00:00+05:30,973968.6684980502,1
2013-01-28 00:00:00+05:30,977052.1548261752,1
2013-01-29 00:00:00+05:30,975002.9116621127,1
2013-01-30 00:00:00+05:30,976567.4184980502,1
2013-01-31 00:00:00+05:30,974505.9048261752,1
2013-02-01 00:00:00+05:30,970923.6684980502,1
2013-02-04 00:00:00+05:30,968897.1548261752,1
2013-02-05 00:00:00+05:30,965768.6491541398,0
2013-02-06 00:00:00+05:30,965768.6491541398,0
2013-02-07 00:00:00+05:30,965768.6491541398,0
2013-02-08 00:00:00+05:30,965768.6491541398,0
2013-02-11 00:00:00+05:30,965768.6491541398,0
2013-02-12 00:00:00+05:30,965768.6491541398,0
2013-02-13 00:00:00+05:30,965768.6491541398,0
2013-02-14 00:00:00+05:30,965768.6491541398,0
2013-02-15 00:00:00+05:30,965768.6491541398,0
2013-02-18 00:00:00+05:30,965768.6491541398,0
2013-02-19 00:00:00+05:30,965768.6491541398,0
2013-02-20 00:00:00+05:30,965768.6491541398,0
2013-02-21 00:00:00+05:30,965768.6491541398,0
2013-02-22 00:00:00+05:30,965768.6491541398,0
2013-02-25 00:00:00+05:30,965768.6491541398,0
2013-02-26 00:00:00+05:30,965768.6491541398,0
2013-02-27 00:00:00+05:30,965768.6491541398,0
2013-02-28 00:00:00+05:30,965768.6491541398,0
2013-03-01 00:00:00+05:30,965309.7094179821,-1
2013-03-04 00:00:00+05:30,964065.4662539196,-1
2013-03-05 00:00:00+05:30,956489.7094179821,-1
2013-03-06 00:00:00+05:30,953871.1337955286,0
2013-03-07 00:00:00+05:30,953871.1337955286,0
2013-03-08 00:00:00+05:30,953871.1337955286,0
2013-03-11 00:00:00+05:30,953871.1337955286,0
2013-03-12 00:00:00+05:30,953871.1337955286,0
2013-03-13 00:00:00+05:30,953871.1337955286,0
2013-03-14 00:00:00+05:30,953871.1337955286,0
2013-03-15 00:00:00+05:30,953871.1337955286,0
2013-03-18 00:00:00+05:30,953871.1337955286,0
2013-03-19 00:00:00+05:30,953871.1337955286,0
2013-03-20 00:00:00+05:30,953871.1337955286,0
2013-03-21 00:00:00+05:30,955316.8044462011,-1
2013-03-22 00:00:00+05:30,956517.2976102636,-1
2013-03-25 00:00:00+05:30,959261.2771024511,-1
2013-03-26 00:00:00+05:30,957938.2839383886,-1
2013-03-28 00:00:00+05:30,950994.3044462011,-1
2013-04-01 00:00:00+05:30,948764.7976102636,-1
2013-04-02 00:00:00+05:30,945340.0271024511,-1
2013-04-03 00:00:00+05:30,951615.5544462011,-1
2013-04-04 00:00:00+05:30,959240.2907743261,-1
2013-04-05 00:00:00+05:30,960195.7839383886,-1
2013-04-08 00:00:00+05:30,963216.2771024511,-1
2013-04-09 00:00:00+05:30,966138.7771024511,-1
2013-04-10 00:00:00+05:30,959380.2907743261,-1
2013-04-11 00:00:00+05:30,953621.272253856,0
2013-04-12 00:00:00+05:30,953621.272253856,0
2013-04-15 00:00:00+05:30,953621.272253856,0
2013-04-16 00:00:00+05:30,953621.272253856,0
2013-04-17 00:00:00+05:30,953621.272253856,0
2013-04-18 00:00:00+05:30,953621.272253856,0
2013-04-22 00:00:00+05:30,953621.272253856,0
2013-04-23 00:00:00+05:30,953621.272253856,0
2013-04-25 00:00:00+05:30,953621.272253856,0
2013-04-26 00:00:00+05:30,948353.0358759152,1
2013-04-29 00:00:00+05:30,951013.0358759152,1
2013-04-30 00:00:00+05:30,949347.0153681027,1
2013-05-02 00:00:00+05:30,954541.0290399777,1
2013-05-03 00:00:00+05:30,943468.7585321652,1
2013-05-06 00:00:00+05:30,937450.3636619379,0
2013-05-07 00:00:00+05:30,937450.3636619379,0
2013-05-08 00:00:00+05:30,937450.3636619379,0
2013-05-09 00:00:00+05:30,937450.3636619379,0
2013-05-10 00:00:00+05:30,937450.3636619379,0
2013-05-13 00:00:00+05:30,937450.3636619379,0
2013-05-14 00:00:00+05:30,937450.3636619379,0
2013-05-15 00:00:00+05:30,937450.3636619379,0
2013-05-16 00:00:00+05:30,944895.8634096326,1
2013-05-17 00:00:00+05:30,947613.5929018201,1
2013-05-20 00:00:00+05:30,942867.6065736951,1
2013-05-21 00:00:00+05:30,938842.6065736951,1
2013-05-22 00:00:00+05:30,937169.230257508,0
2013-05-23 00:00:00+05:30,937169.230257508,0
2013-05-24 00:00:00+05:30,937169.230257508,0
2013-05-27 00:00:00+05:30,937169.230257508,0
2013-05-28 00:00:00+05:30,937169.230257508,0
2013-05-29 00:00:00+05:30,937169.230257508,0
2013-05-30 00:00:00+05:30,937169.230257508,0
2013-05-31 00:00:00+05:30,937169.230257508,0
2013-06-03 00:00:00+05:30,937169.230257508,0
2013-06-04 00:00:00+05:30,937169.230257508,0
2013-06-05 00:00:00+05:30,937169.230257508,0
2013-06-06 00:00:00+05:30,937169.230257508,0
2013-06-07 00:00:00+05:30,937169.230257508,0
2013-06-10 00:00:00+05:30,937169.230257508,0
2013-06-11 00:00:00+05:30,937169.230257508,0
2013-06-12 00:00:00+05:30,937169.230257508,0
2013-06-13 00:00:00+05:30,937169.230257508,0
2013-06-14 00:00:00+05:30,933607.933441209,-1
2013-06-17 00:00:00+05:30,931920.9266052715,-1
2013-06-18 00:00:00+05:30,937174.4129333965,-1
2013-06-19 00:00:00+05:30,936064.906097459,-1
2013-06-20 00:00:00+05:30,952768.656097459,-1
2013-06-21 00:00:00+05:30,954002.406097459,-1
2013-06-24 00:00:00+05:30,959667.1766052715,-1
2013-06-25 00:00:00+05:30,959570.9266052715,-1
2013-06-26 00:00:00+05:30,963578.4266052715,-1
2013-06-27 00:00:00+05:30,957656.419769334,-1
2013-06-28 00:00:00+05:30,944303.919769334,-1
2013-07-01 00:00:00+05:30,940886.156097459,-1
2013-07-02 00:00:00+05:30,944408.919769334,-1
2013-07-03 00:00:00+05:30,953384.6766052715,-1
2013-07-04 00:00:00+05:30,952565.6629333965,-1
2013-07-05 00:00:00+05:30,950707.1766052715,-1
2013-07-08 00:00:00+05:30,955992.1766052715,-1
2013-07-09 00:00:00+05:30,950421.9129333965,-1
2013-07-10 00:00:00+05:30,953151.9129333965,-1
2013-07-11 00:00:00+05:30,942972.1766052715,-1
2013-07-12 00:00:00+05:30,940609.6766052715,-1
2013-07-15 00:00:00+05:30,938248.919769334,-1
2013-07-16 00:00:00+05:30,957992.406097459,-1
2013-07-17 00:00:00+05:30,966901.683441209,-1
2013-07-18 00:00:00+05:30,959338.1629333965,-1
2013-07-19 00:00:00+05:30,966821.156097459,-1
2013-07-22 00:00:00+05:30,962864.4129333965,-1
2013-07-23 00:00:00+05:30,957518.1629333965,-1
2013-07-24 00:00:00+05:30,975702.406097459,-1
2013-07-25 00:00:00+05:30,979417.669769334,-1
2013-07-26 00:00:00+05:30,984623.919769334,-1
2013-07-29 00:00:00+05:30,989322.669769334,-1
2013-07-30 00:00:00+05:30,993573.4266052715,-1
2013-07-31 00:00:00+05:30,1000356.419769334,-1
2013-08-01 00:00:00+05:30,995904.4129333965,-1
2013-08-02 00:00:00+05:30,1000984.6766052715,-1
2013-08-05 00:00:00+05:30,997586.156097459,-1
2013-08-06 00:00:00+05:30,1011299.183441209,-1
2013-08-07 00:00:00+05:30,1009403.919769334,-1
2013-08-08 00:00:00+05:30,1007333.656097459,-1
2013-08-12 00:00:00+05:30,1011008.656097459,-1
2013-08-13 00:00:00+05:30,1001409.906097459,-1
2013-08-14 00:00:00+05:30,999983.656097459,-1
2013-08-16 00:00:00+05:30,1020127.933441209,-1
2013-08-19 00:00:00+05:30,1030832.669769334,-1
2013-08-20 00:00:00+05:30,1028244.4129333965,-1
2013-08-21 00:00:00+05:30,1026653.656097459,-1
2013-08-22 00:00:00+05:30,1026496.156097459,-1
2013-08-23 00:00:00+05:30,1019454.183441209,-1
2013-08-26 00:00:00+05:30,1022833.4266052715,-1
2013-08-27 00:00:00+05:30,1040440.169769334,-1
2013-08-28 00:00:00+05:30,1044277.933441209,-1
2013-08-29 00:00:00+05:30,1039246.683441209,-1
2013-08-30 00:00:00+05:30,1034185.6629333965,-1
2013-09-02 00:00:00+05:30,1031025.169769334,-1
2013-09-03 00:00:00+05:30,1047660.6629333965,-1
2013-09-04 00:00:00+05:30,1041306.419769334,-1
2013-09-05 00:00:00+05:30,1012023.656097459,-1
2013-09-06 00:00:00+05:30,1002258.656097459,-1
2013-09-10 00:00:00+05:30,997841.1509129275,0
2013-09-11 00:00:00+05:30,997841.1509129275,0
2013-09-12 00:00:00+05:30,997841.1509129275,0
2013-09-13 00:00:00+05:30,997841.1509129275,0
2013-09-16 00:00:00+05:30,997841.1509129275,0
2013-09-17 00:00:00+05:30,997841.1509129275,0
2013-09-18 00:00:00+05:30,997841.1509129275,0
2013-09-19 00:00:00+05:30,997841.1509129275,0
2013-09-20 00:00:00+05:30,997841.1509129275,0
2013-09-23 00:00:00+05:30,997841.1509129275,0
2013-09-24 00:00:00+05:30,997841.1509129275,0
2013-09-25 00:00:00+05:30,997841.1509129275,0
2013-09-26 00:00:00+05:30,997841.1509129275,0
2013-09-27 00:00:00+05:30,997841.1509129275,0
2013-09-30 00:00:00+05:30,997841.1509129275,0
2013-10-01 00:00:00+05:30,997841.1509129275,0
2013-10-03 00:00:00+05:30,997841.1509129275,0
2013-10-04 00:00:00+05:30,997841.1509129275,0
2013-10-07 00:00:00+05:30,997841.1509129275,0
2013-10-08 00:00:00+05:30,997841.1509129275,0
2013-10-09 00:00:00+05:30,997841.1509129275,0
2013-10-10 00:00:00+05:30,997841.1509129275,0
2013-10-11 00:00:00+05:30,997841.1509129275,0
2013-10-14 00:00:00+05:30,997841.1509129275,0
2013-10-15 00:00:00+05:30,997841.1509129275,0
2013-10-17 00:00:00+05:30,997841.1509129275,0
2013-10-18 00:00:00+05:30,997841.1509129275,0
2013-10-21 00:00:00+05:30,997841.1509129275,0
2013-10-22 00:00:00+05:30,997841.1509129275,0
2013-10-23 00:00:00+05:30,997841.1509129275,0
2013-10-24 00:00:00+05:30,997841.1509129275,0
2013-10-25 00:00:00+05:30,997841.1509129275,0
2013-10-28 00:00:00+05:30,997841.1509129275,0
2013-10-29 00:00:00+05:30,997841.1509129275,0
2013-10-30 00:00:00+05:30,997841.1509129275,0
2013-10-31 00:00:00+05:30,997841.1509129275,0
2013-11-01 00:00:00+05:30,997841.1509129275,0
2013-11-05 00:00:00+05:30,996270.0381197868,1
2013-11-06 00:00:00+05:30,989047.7676119743,1
2013-11-07 00:00:00+05:30,979492.1040579396,0
2013-11-08 00:00:00+05:30,979492.1040579396,0
2013-11-11 00:00:00+05:30,979492.1040579396,0
2013-11-12 00:00:00+05:30,979492.1040579396,0
2013-11-13 00:00:00+05:30,979492.1040579396,0
2013-11-14 00:00:00+05:30,979492.1040579396,0
2013-11-18 00:00:00+05:30,979492.1040579396,0
2013-11-19 00:00:00+05:30,979492.1040579396,0
2013-11-20 00:00:00+05:30,979492.1040579396,0
2013-11-21 00:00:00+05:30,979492.1040579396,0
2013-11-22 00:00:00+05:30,979492.1040579396,0
2013-11-25 00:00:00+05:30,979492.1040579396,0
2013-11-26 00:00:00+05:30,979492.1040579396,0
2013-11-27 00:00:00+05:30,979492.1040579396,0
2013-11-28 00:00:00+05:30,979492.1040579396,0
2013-11-29 00:00:00+05:30,979492.1040579396,0
2013-12-02 00:00:00+05:30,979492.1040579396,0
2013-12-03 00:00:00+05:30,979492.1040579396,0
2013-12-04 00:00:00+05:30,979492.1040579396,0
2013-12-05 00:00:00+05:30,979492.1040579396,0
2013-12-06 00:00:00+05:30,979492.1040579396,0
2013-12-09 00:00:00+05:30,979492.1040579396,0
2013-12-10 00:00:00+05:30,979492.1040579396,0
2013-12-11 00:00:00+05:30,979492.1040579396,0
2013-12-12 00:00:00+05:30,979492.1040579396,0
2013-12-13 00:00:00+05:30,979492.1040579396,0
2013-12-16 00:00:00+05:30,979492.1040579396,0
2013-12-17 00:00:00+05:30,979492.1040579396,0
2013-12-18 00:00:00+05:30,979492.1040579396,0
2013-12-19 00:00:00+05:30,979492.1040579396,0
2013-12-20 00:00:00+05:30,979492.1040579396,0
2013-12-23 00:00:00+05:30,979492.1040579396,0
2013-12-24 00:00:00+05:30,979492.1040579396,0
2013-12-26 00:00:00+05:30,979492.1040579396,0
2013-12-27 00:00:00+05:30,979492.1040579396,0
2013-12-30 00:00:00+05:30,979492.1040579396,0
2013-12-31 00:00:00+05:30,979492.1040579396,0
2014-01-01 00:00:00+05:30,979492.1040579396,0
2014-01-02 00:00:00+05:30,979492.1040579396,0
2014-01-03 00:00:00+05:30,979492.1040579396,0
2014-01-06 00:00:00+05:30,979492.1040579396,0
2014-01-07 00:00:00+05:30,979492.1040579396,0
2014-01-08 00:00:00+05:30,979492.1040579396,0
2014-01-09 00:00:00+05:30,979492.1040579396,0
2014-01-10 00:00:00+05:30,979492.1040579396,0
2014-01-13 00:00:00+05:30,979492.1040579396,0
2014-01-14 00:00:00+05:30,979492.1040579396,0
2014-01-15 00:00:00+05:30,979492.1040579396,0
2014-01-16 00:00:00+05:30,979492.1040579396,0
2014-01-17 00:00:00+05:30,979492.1040579396,0
2014-01-20 00:00:00+05:30,979492.1040579396,0
2014-01-21 00:00:00+05:30,979492.1040579396,0
2014-01-22 00:00:00+05:30,979492.1040579396,0
2014-01-23 00:00:00+05:30,979492.1040579396,0
2014-01-24 00:00:00+05:30,979492.1040579396,0
2014-01-27 00:00:00+05:30,979492.1040579396,0
2014-01-28 00:00:00+05:30,979492.1040579396,0
2014-01-29 00:00:00+05:30,979492.1040579396,0
2014-01-30 00:00:00+05:30,979492.1040579396,0
2014-01-31 00:00:00+05:30,977753.2643943294,-1
2014-02-03 00:00:00+05:30,982501.0280662044,-1
2014-02-04 00:00:00+05:30,979382.5075583919,-1
2014-02-05 00:00:00+05:30,977966.7507224544,-1
2014-02-06 00:00:00+05:30,978892.5075583919,-1
2014-02-07 00:00:00+05:30,976862.5075583919,-1
2014-02-10 00:00:00+05:30,978588.0007224544,-1
2014-02-11 00:00:00+05:30,977483.7575583919,-1
2014-02-12 00:00:00+05:30,973866.5212302669,-1
2014-02-13 00:00:00+05:30,981325.0075583919,-1
2014-02-14 00:00:00+05:30,978943.2643943294,-1
2014-02-17 00:00:00+05:30,974645.2712302669,-1
2014-02-18 00:00:00+05:30,964875.8818111531,0
2014-02-19 00:00:00+05:30,964875.8818111531,0
2014-02-20 00:00:00+05:30,964875.8818111531,0
2014-02-21 00:00:00+05:30,964875.8818111531,0
2014-02-24 00:00:00+05:30,964875.8818111531,0
2014-02-25 00:00:00+05:30,964875.8818111531,0
2014-02-26 00:00:00+05:30,964875.8818111531,0
2014-02-28 00:00:00+05:30,964875.8818111531,0
2014-03-03 00:00:00+05:30,964875.8818111531,0
2014-03-04 00:00:00+05:30,964875.8818111531,0
2014-03-05 00:00:00+05:30,964875.8818111531,0
2014-03-06 00:00:00+05:30,964875.8818111531,0
2014-03-07 00:00:00+05:30,964875.8818111531,0
2014-03-10 00:00:00+05:30,976056.2500457071,1
2014-03-11 00:00:00+05:30,973783.0273894571,1
2014-03-12 00:00:00+05:30,973116.2500457071,1
2014-03-13 00:00:00+05:30,977223.5205535196,1
2014-03-14 00:00:00+05:30,974227.5000457071,1
2014-03-18 00:00:00+05:30,976292.5000457071,1
2014-03-19 00:00:00+05:30,978802.0068816446,1
2014-03-20 00:00:00+05:30,972876.5137175821,1
2014-03-21 00:00:00+05:30,975505.0000457071,1
2014-03-24 00:00:00+05:30,986558.0273894571,1
2014-03-25 00:00:00+05:30,988022.7637175821,1
2014-03-26 00:00:00+05:30,990415.0000457071,1
2014-03-27 00:00:00+05:30,993446.0205535196,1
2014-03-28 00:00:00+05:30,998687.2705535196,1
2014-03-31 00:00:00+05:30,998244.5068816446,1
2014-04-01 00:00:00+05:30,992870.2637175821,1
2014-04-02 00:00:00+05:30,997308.2568816446,1
2014-04-03 00:00:00+05:30,992007.5000457071,1
2014-04-04 00:00:00+05:30,991582.2705535196,1
2014-04-07 00:00:00+05:30,989998.5205535196,1
2014-04-09 00:00:00+05:30,1005081.7773894571,1
2014-04-10 00:00:00+05:30,1005501.7773894571,1
2014-04-11 00:00:00+05:30,1001679.7705535196,1
2014-04-15 00:00:00+05:30,992569.2773894571,1
2014-04-16 00:00:00+05:30,991983.0273894571,1
2014-04-17 00:00:00+05:30,999826.5137175821,1
2014-04-21 00:00:00+05:30,1005820.2637175821,1
2014-04-22 00:00:00+05:30,1006821.2500457071,1
2014-04-23 00:00:00+05:30,1011546.2500457071,1
2014-04-25 00:00:00+05:30,1008480.2637175821,1
2014-04-28 00:00:00+05:30,1010127.0068816446,1
2014-04-29 00:00:00+05:30,1004142.0068816446,1
2014-04-30 00:00:00+05:30,1002227.5000457071,1
2014-05-02 00:00:00+05:30,1001742.7637175821,1
2014-05-05 00:00:00+05:30,1003095.5273894571,1
2014-05-06 00:00:00+05:30,1006084.5068816446,1
2014-05-07 00:00:00+05:30,1005109.7705535196,1
2014-05-08 00:00:00+05:30,1008581.7773894571,1
2014-05-09 00:00:00+05:30,1033540.2637175821,1
2014-05-12 00:00:00+05:30,1045249.5068816446,1
2014-05-13 00:00:00+05:30,1048067.0068816446,1
2014-05-14 00:00:00+05:30,1049521.250045707,1
2014-05-15 00:00:00+05:30,1050552.0068816445,1
2014-05-16 00:00:00+05:30,1072127.763717582,1
2014-05-19 00:00:00+05:30,1085048.027389457,1
2014-05-20 00:00:00+05:30,1081164.7705535195,1
2014-05-21 00:00:00+05:30,1075596.250045707,1
2014-05-22 00:00:00+05:30,1079217.0068816445,1
2014-05-23 00:00:00+05:30,1087265.263717582,1
2014-05-26 00:00:00+05:30,1083429.277389457,1
2014-05-27 00:00:00+05:30,1080212.763717582,1
2014-05-28 00:00:00+05:30,1083340.000045707,1
2014-05-29 00:00:00+05:30,1078333.2568816445,1
2014-05-30 00:00:00+05:30,1070041.777389457,1
2014-06-02 00:00:00+05:30,1087326.513717582,1
2014-06-03 00:00:00+05:30,1086285.263717582,1
2014-06-04 00:00:00+05:30,1088941.777389457,1
2014-06-05 00:00:00+05:30,1087148.027389457,1
2014-06-06 00:00:00+05:30,1096283.027389457,1
2014-06-09 00:00:00+05:30,1097131.777389457,1
2014-06-10 00:00:00+05:30,1092245.7568816445,1
2014-06-11 00:00:00+05:30,1093042.0068816445,1
2014-06-12 00:00:00+05:30,1093542.500045707,1
2014-06-13 00:00:00+05:30,1081014.277389457,1
2014-06-16 00:00:00+05:30,1078322.763717582,1
2014-06-17 00:00:00+05:30,1090334.7705535195,1
2014-06-18 00:00:00+05:30,1084986.777389457,1
2014-06-19 00:00:00+05:30,1079631.777389457,1
2014-06-20 00:00:00+05:30,1077190.527389457,1
2014-06-23 00:00:00+05:30,1079945.000045707,1
2014-06-24 00:00:00+05:30,1088105.263717582,1
2014-06-25 00:00:00+05:30,1085597.500045707,1
2014-06-26 00:00:00+05:30,1079022.763717582,1
2014-06-27 00:00:00+05:30,1077005.000045707,1
2014-06-30 00:00:00+05:30,1085739.277389457,1
2014-07-01 00:00:00+05:30,1088520.000045707,1
2014-07-02 00:00:00+05:30,1094435.000045707,1
2014-07-03 00:00:00+05:30,1093080.527389457,1
2014-07-04 00:00:00+05:30,1096738.027389457,1
2014-07-07 00:00:00+05:30,1090138.750045707,1
2014-07-08 00:00:00+05:30,1077185.263717582,1
2014-07-09 00:00:00+05:30,1074861.250045707,1
2014-07-10 00:00:00+05:30,1071032.2705535195,1
2014-07-11 00:00:00+05:30,1069896.4715493715,0
2014-07-14 00:00:00+05:30,1069896.4715493715,0
2014-07-15 00:00:00+05:30,1069896.4715493715,0
2014-07-16 00:00:00+05:30,1069896.4715493715,0
2014-07-17 00:00:00+05:30,1069896.4715493715,0
2014-07-18 00:00:00+05:30,1069896.4715493715,0
2014-07-21 00:00:00+05:30,1069896.4715493715,0
2014-07-22 00:00:00+05:30,1069896.4715493715,0
2014-07-23 00:00:00+05:30,1069896.4715493715,0
2014-07-24 00:00:00+05:30,1069896.4715493715,0
2014-07-25 00:00:00+05:30,1069896.4715493715,0
2014-07-28 00:00:00+05:30,1069896.4715493715,0
2014-07-30 00:00:00+05:30,1069896.4715493715,0
2014-07-31 00:00:00+05:30,1069896.4715493715,0
2014-08-01 00:00:00+05:30,1069896.4715493715,0
2014-08-04 00:00:00+05:30,1069896.4715493715,0
2014-08-05 00:00:00+05:30,1069896.4715493715,0
2014-08-06 00:00:00+05:30,1069896.4715493715,0
2014-08-07 00:00:00+05:30,1069896.4715493715,0
2014-08-08 00:00:00+05:30,1069896.4715493715,0
2014-08-11 00:00:00+05:30,1069896.4715493715,0
2014-08-12 00:00:00+05:30,1069896.4715493715,0
2014-08-13 00:00:00+05:30,1069896.4715493715,0
2014-08-14 00:00:00+05:30,1069896.4715493715,0
2014-08-18 00:00:00+05:30,1069896.4715493715,0
2014-08-19 00:00:00+05:30,1069896.4715493715,0
2014-08-20 00:00:00+05:30,1069896.4715493715,0
2014-08-21 00:00:00+05:30,1069896.4715493715,0
2014-08-22 00:00:00+05:30,1069896.4715493715,0
2014-08-25 00:00:00+05:30,1069896.4715493715,0
2014-08-26 00:00:00+05:30,1069896.4715493715,0
2014-08-27 00:00:00+05:30,1069896.4715493715,0
2014-08-28 00:00:00+05:30,1069896.4715493715,0
2014-09-01 00:00:00+05:30,1069896.4715493715,0
2014-09-02 00:00:00+05:30,1072537.058494115,1
2014-09-03 00:00:00+05:30,1071817.8153300525,1
2014-09-04 00:00:00+05:30,1069142.058494115,1
2014-09-05 00:00:00+05:30,1067355.3153300525,1
2014-09-08 00:00:00+05:30,1075202.32216599,1
2014-09-09 00:00:00+05:30,1073454.0653300525,1
2014-09-10 00:00:00+05:30,1073279.0653300525,1
2014-09-11 00:00:00+05:30,1075113.0790019275,1
2014-09-12 00:00:00+05:30,1076863.0790019275,1
2014-09-15 00:00:00+05:30,1073832.058494115,1
2014-09-16 00:00:00+05:30,1062511.3016581775,1
2014-09-17 00:00:00+05:30,1062318.8016581775,1
2014-09-18 00:00:00+05:30,1073457.5516581775,1
2014-09-19 00:00:00+05:30,1073293.0790019275,1
2014-09-22 00:00:00+05:30,1074777.058494115,1
2014-09-23 00:00:00+05:30,1064567.5516581775,1
2014-09-24 00:00:00+05:30,1055008.113903062,0
2014-09-25 00:00:00+05:30,1055008.113903062,0
2014-09-26 00:00:00+05:30,1055008.113903062,0
2014-09-29 00:00:00+05:30,1055008.113903062,0
2014-09-30 00:00:00+05:30,1055008.113903062,0
2014-10-01 00:00:00+05:30,1055008.113903062,0
2014-10-07 00:00:00+05:30,1055008.113903062,0
2014-10-08 00:00:00+05:30,1055008.113903062,0
2014-10-09 00:00:00+05:30,1055008.113903062,0
2014-10-10 00:00:00+05:30,1055008.113903062,0
2014-10-13 00:00:00+05:30,1055008.113903062,0
2014-10-14 00:00:00+05:30,1055008.113903062,0
2014-10-16 00:00:00+05:30,1055008.113903062,0
2014-10-17 00:00:00+05:30,1055008.113903062,0
2014-10-20 00:00:00+05:30,1055008.113903062,0
2014-10-21 00:00:00+05:30,1055008.113903062,0
2014-10-22 00:00:00+05:30,1055008.113903062,0
2014-10-27 00:00:00+05:30,1055008.113903062,0
2014-10-28 00:00:00+05:30,1055008.113903062,0
2014-10-29 00:00:00+05:30,1050048.1593556053,1
2014-10-30 00:00:00+05:30,1054458.1593556053,1
2014-10-31 00:00:00+05:30,1064433.1593556053,1
2014-11-03 00:00:00+05:30,1067549.8683399803,1
2014-11-05 00:00:00+05:30,1075209.6046681053,1
2014-11-07 00:00:00+05:30,1075003.1593556053,1
2014-11-10 00:00:00+05:30,1072040.3956837303,1
2014-11-11 00:00:00+05:30,1076513.3546681053,1
2014-11-12 00:00:00+05:30,1083403.1593556053,1
2014-11-13 00:00:00+05:30,1078711.3820118553,1
2014-11-14 00:00:00+05:30,1083044.4093556053,1
2014-11-17 00:00:00+05:30,1085270.3956837303,1
2014-11-18 00:00:00+05:30,1087445.6593556053,1
2014-11-19 00:00:00+05:30,1083354.1456837303,1
2014-11-20 00:00:00+05:30,1085433.1593556053,1
2014-11-21 00:00:00+05:30,1099826.9093556053,1
2014-11-24 00:00:00+05:30,1107724.6046681053,1
2014-11-25 00:00:00+05:30,1099153.1593556053,1
2014-11-26 00:00:00+05:30,1097014.6046681053,1
2014-11-27 00:00:00+05:30,1098643.8820118553,1
2014-11-28 00:00:00+05:30,1115816.6456837303,1
2014-12-01 00:00:00+05:30,1116241.9093556053,1
2014-12-02 00:00:00+05:30,1117311.1183399803,1
2014-12-03 00:00:00+05:30,1120461.1183399803,1
2014-12-04 00:00:00+05:30,1125256.1183399803,1
2014-12-05 00:00:00+05:30,1124342.6320118553,1
2014-12-08 00:00:00+05:30,1115708.1593556053,1
2014-12-09 00:00:00+05:30,1108029.1456837303,1
2014-12-10 00:00:00+05:30,1114059.6046681053,1
2014-12-11 00:00:00+05:30,1112031.3820118553,1
2014-12-12 00:00:00+05:30,1108347.6320118553,1
2014-12-15 00:00:00+05:30,1110899.1456837303,1
2014-12-16 00:00:00+05:30,1091925.6593556053,1
2014-12-17 00:00:00+05:30,1089218.386483498,0
2014-12-18 00:00:00+05:30,1089218.386483498,0
2014-12-19 00:00:00+05:30,1089218.386483498,0
2014-12-22 00:00:00+05:30,1089218.386483498,0
2014-12-23 00:00:00+05:30,1089218.386483498,0
2014-12-24 00:00:00+05:30,1089218.386483498,0
2014-12-26 00:00:00+05:30,1089218.386483498,0
2014-12-29 00:00:00+05:30,1089218.386483498,0
2014-12-30 00:00:00+05:30,1089218.386483498,0
2014-12-31 00:00:00+05:30,1089218.386483498,0
2015-01-01 00:00:00+05:30,1089218.386483498,0
2015-01-02 00:00:00+05:30,1089218.386483498,0
2015-01-05 00:00:00+05:30,1084176.3265870013,1
2015-01-06 00:00:00+05:30,1071405.0550132734,0
2015-01-07 00:00:00+05:30,1071405.0550132734,0
2015-01-08 00:00:00+05:30,1071405.0550132734,0
2015-01-09 00:00:00+05:30,1071405.0550132734,0
2015-01-12 00:00:00+05:30,1071405.0550132734,0
2015-01-13 00:00:00+05:30,1071405.0550132734,0
2015-01-14 00:00:00+05:30,1071405.0550132734,0
2015-01-15 00:00:00+05:30,1071405.0550132734,0
2015-01-16 00:00:00+05:30,1071405.0550132734,0
2015-01-19 00:00:00+05:30,1071405.0550132734,0
2015-01-20 00:00:00+05:30,1071405.0550132734,0
2015-01-21 00:00:00+05:30,1071405.0550132734,0
2015-01-22 00:00:00+05:30,1071848.631530824,1
2015-01-23 00:00:00+05:30,1077275.340515199,1
2015-01-27 00:00:00+05:30,1094164.617858949,1
2015-01-28 00:00:00+05:30,1091942.117858949,1
2015-01-29 00:00:00+05:30,1093231.854187074,1
2015-01-30 00:00:00+05:30,1071000.3957533108,0
2015-02-02 00:00:00+05:30,1071000.3957533108,0
2015-02-03 00:00:00+05:30,1071000.3957533108,0
2015-02-04 00:00:00+05:30,1071000.3957533108,0
2015-02-05 00:00:00+05:30,1071000.3957533108,0
2015-02-06 00:00:00+05:30,1071000.3957533108,0
2015-02-09 00:00:00+05:30,1071000.3957533108,0
2015-02-10 00:00:00+05:30,1071000.3957533108,0
2015-02-11 00:00:00+05:30,1071000.3957533108,0
2015-02-12 00:00:00+05:30,1071000.3957533108,0
2015-02-13 00:00:00+05:30,1071000.3957533108,0
2015-02-16 00:00:00+05:30,1071000.3957533108,0
2015-02-18 00:00:00+05:30,1071000.3957533108,0
2015-02-19 00:00:00+05:30,1071000.3957533108,0
2015-02-20 00:00:00+05:30,1071000.3957533108,0
2015-02-23 00:00:00+05:30,1071000.3957533108,0
2015-02-24 00:00:00+05:30,1071000.3957533108,0
2015-02-25 00:00:00+05:30,1071000.3957533108,0
2015-02-26 00:00:00+05:30,1071000.3957533108,0
2015-02-27 00:00:00+05:30,1071000.3957533108,0
2015-03-02 00:00:00+05:30,1071000.3957533108,0
2015-03-03 00:00:00+05:30,1071000.3957533108,0
2015-03-04 00:00:00+05:30,1071000.3957533108,0
2015-03-05 00:00:00+05:30,1071000.3957533108,0
2015-03-09 00:00:00+05:30,1071000.3957533108,0
2015-03-10 00:00:00+05:30,1071000.3957533108,0
2015-03-11 00:00:00+05:30,1071000.3957533108,0
2015-03-12 00:00:00+05:30,1071000.3957533108,0
2015-03-13 00:00:00+05:30,1071000.3957533108,0
2015-03-16 00:00:00+05:30,1071000.3957533108,0
2015-03-17 00:00:00+05:30,1071000.3957533108,0
2015-03-18 00:00:00+05:30,1071000.3957533108,0
2015-03-19 00:00:00+05:30,1071000.3957533108,0
2015-03-20 00:00:00+05:30,1071000.3957533108,0
2015-03-23 00:00:00+05:30,1071000.3957533108,0
2015-03-24 00:00:00+05:30,1071000.3957533108,0
2015-03-25 00:00:00+05:30,1071000.3957533108,0
2015-03-26 00:00:00+05:30,1071000.3957533108,0
2015-03-27 00:00:00+05:30,1071000.3957533108,0
2015-03-30 00:00:00+05:30,1071000.3957533108,0
2015-03-31 00:00:00+05:30,1071000.3957533108,0
2015-04-01 00:00:00+05:30,1071000.3957533108,0
2015-04-06 00:00:00+05:30,1071000.3957533108,0
2015-04-07 00:00:00+05:30,1071000.3957533108,0
2015-04-08 00:00:00+05:30,1071000.3957533108,0
2015-04-09 00:00:00+05:30,1071000.3957533108,0
2015-04-10 00:00:00+05:30,1071000.3957533108,0
2015-04-13 00:00:00+05:30,1071000.3957533108,0
2015-04-15 00:00:00+05:30,1071000.3957533108,0
2015-04-16 00:00:00+05:30,1071000.3957533108,0
2015-04-17 00:00:00+05:30,1071000.3957533108,0
2015-04-20 00:00:00+05:30,1071000.3957533108,0
2015-04-21 00:00:00+05:30,1071000.3957533108,0
2015-04-22 00:00:00+05:30,1071000.3957533108,0
2015-04-23 00:00:00+05:30,1071000.3957533108,0
2015-04-24 00:00:00+05:30,1071000.3957533108,0
2015-04-27 00:00:00+05:30,1071000.3957533108,0
2015-04-28 00:00:00+05:30,1071000.3957533108,0
2015-04-29 00:00:00+05:30,1071000.3957533108,0
2015-04-30 00:00:00+05:30,1071000.3957533108,0
2015-05-04 00:00:00+05:30,1071000.3957533108,0
2015-05-05 00:00:00+05:30,1071000.3957533108,0
2015-05-06 00:00:00+05:30,1071000.3957533108,0
2015-05-07 00:00:00+05:30,1071000.3957533108,0
2015-05-08 00:00:00+05:30,1071000.3957533108,0
2015-05-11 00:00:00+05:30,1071000.3957533108,0
2015-05-12 00:00:00+05:30,1071000.3957533108,0
2015-05-13 00:00:00+05:30,1071000.3957533108,0
2015-05-14 00:00:00+05:30,1071000.3957533108,0
2015-05-15 00:00:00+05:30,1071000.3957533108,0
2015-05-18 00:00:00+05:30,1071000.3957533108,0
2015-05-19 00:00:00+05:30,1071000.3957533108,0
2015-05-20 00:00:00+05:30,1071000.3957533108,0
2015-05-21 00:00:00+05:30,1071000.3957533108,0
2015-05-22 00:00:00+05:30,1071000.3957533108,0
2015-05-25 00:00:00+05:30,1071000.3957533108,0
2015-05-26 00:00:00+05:30,1071000.3957533108,0
2015-05-27 00:00:00+05:30,1071000.3957533108,0
2015-05-28 00:00:00+05:30,1071000.3957533108,0
2015-05-29 00:00:00+05:30,1071000.3957533108,0
2015-06-01 00:00:00+05:30,1071000.3957533108,0
2015-06-02 00:00:00+05:30,1071000.3957533108,0
2015-06-03 00:00:00+05:30,1071000.3957533108,0
2015-06-04 00:00:00+05:30,1071000.3957533108,0
2015-06-05 00:00:00+05:30,1071000.3957533108,0
2015-06-08 00:00:00+05:30,1071000.3957533108,0
2015-06-09 00:00:00+05:30,1071000.3957533108,0
2015-06-10 00:00:00+05:30,1071000.3957533108,0
2015-06-11 00:00:00+05:30,1071000.3957533108,0
2015-06-12 00:00:00+05:30,1071000.3957533108,0
2015-06-15 00:00:00+05:30,1071000.3957533108,0
2015-06-16 00:00:00+05:30,1071000.3957533108,0
2015-06-17 00:00:00+05:30,1071000.3957533108,0
2015-06-18 00:00:00+05:30,1071000.3957533108,0
2015-06-19 00:00:00+05:30,1071000.3957533108,0
2015-06-22 00:00:00+05:30,1071000.3957533108,0
2015-06-23 00:00:00+05:30,1071000.3957533108,0
2015-06-24 00:00:00+05:30,1071000.3957533108,0
2015-06-25 00:00:00+05:30,1071000.3957533108,0
2015-06-26 00:00:00+05:30,1071000.3957533108,0
2015-06-29 00:00:00+05:30,1071000.3957533108,0
2015-06-30 00:00:00+05:30,1071000.3957533108,0
2015-07-01 00:00:00+05:30,1071000.3957533108,0
2015-07-02 00:00:00+05:30,1071000.3957533108,0
2015-07-03 00:00:00+05:30,1071000.3957533108,0
2015-07-06 00:00:00+05:30,1071000.3957533108,0
2015-07-07 00:00:00+05:30,1071000.3957533108,0
2015-07-08 00:00:00+05:30,1071000.3957533108,0
2015-07-09 00:00:00+05:30,1071000.3957533108,0
2015-07-10 00:00:00+05:30,1071000.3957533108,0
2015-07-13 00:00:00+05:30,1071000.3957533108,0
2015-07-14 00:00:00+05:30,1071000.3957533108,0
2015-07-15 00:00:00+05:30,1071000.3957533108,0
2015-07-16 00:00:00+05:30,1071000.3957533108,0
2015-07-17 00:00:00+05:30,1071000.3957533108,0
2015-07-20 00:00:00+05:30,1071000.3957533108,0
2015-07-21 00:00:00+05:30,1071000.3957533108,0
2015-07-22 00:00:00+05:30,1071000.3957533108,0
2015-07-23 00:00:00+05:30,1071000.3957533108,0
2015-07-24 00:00:00+05:30,1071000.3957533108,0
2015-07-27 00:00:00+05:30,1071000.3957533108,0
2015-07-28 00:00:00+05:30,1071000.3957533108,0
2015-07-29 00:00:00+05:30,1071000.3957533108,0
2015-07-30 00:00:00+05:30,1071000.3957533108,0
2015-07-31 00:00:00+05:30,1071000.3957533108,0
2015-08-03 00:00:00+05:30,1071000.3957533108,0
2015-08-04 00:00:00+05:30,1071000.3957533108,0
2015-08-05 00:00:00+05:30,1071000.3957533108,0
2015-08-06 00:00:00+05:30,1071000.3957533108,0
2015-08-07 00:00:00+05:30,1071000.3957533108,0
2015-08-10 00:00:00+05:30,1071000.3957533108,0
2015-08-11 00:00:00+05:30,1071000.3957533108,0
2015-08-12 00:00:00+05:30,1071000.3957533108,0
2015-08-13 00:00:00+05:30,1071000.3957533108,0
2015-08-14 00:00:00+05:30,1071000.3957533108,0
2015-08-17 00:00:00+05:30,1071000.3957533108,0
2015-08-18 00:00:00+05:30,1071000.3957533108,0
2015-08-19 00:00:00+05:30,1071000.3957533108,0
2015-08-20 00:00:00+05:30,1071000.3957533108,0
2015-08-21 00:00:00+05:30,1071000.3957533108,0
2015-08-24 00:00:00+05:30,1071000.3957533108,0
2015-08-25 00:00:00+05:30,1071000.3957533108,0
2015-08-26 00:00:00+05:30,1071000.3957533108,0
2015-08-27 00:00:00+05:30,1071000.3957533108,0
2015-08-28 00:00:00+05:30,1071000.3957533108,0
2015-08-31 00:00:00+05:30,1071000.3957533108,0
2015-09-01 00:00:00+05:30,1071000.3957533108,0
2015-09-02 00:00:00+05:30,1086494.8320837284,-1
2015-09-03 00:00:00+05:30,1075900.325247791,-1
2015-09-04 00:00:00+05:30,1090820.852591541,-1
2015-09-07 00:00:00+05:30,1102685.852591541,-1
2015-09-08 00:00:00+05:30,1083056.0820837284,-1
2015-09-09 00:00:00+05:30,1070653.2353625915,0
2015-09-10 00:00:00+05:30,1070653.2353625915,0
2015-09-11 00:00:00+05:30,1070653.2353625915,0
2015-09-14 00:00:00+05:30,1070653.2353625915,0
2015-09-15 00:00:00+05:30,1070653.2353625915,0
2015-09-16 00:00:00+05:30,1070653.2353625915,0
2015-09-18 00:00:00+05:30,1070653.2353625915,0
2015-09-21 00:00:00+05:30,1070653.2353625915,0
2015-09-22 00:00:00+05:30,1070653.2353625915,0
2015-09-23 00:00:00+05:30,1070653.2353625915,0
2015-09-24 00:00:00+05:30,1070653.2353625915,0
2015-09-28 00:00:00+05:30,1070653.2353625915,0
2015-09-29 00:00:00+05:30,1070653.2353625915,0
2015-09-30 00:00:00+05:30,1070653.2353625915,0
2015-10-01 00:00:00+05:30,1070653.2353625915,0
2015-10-05 00:00:00+05:30,1070653.2353625915,0
2015-10-06 00:00:00+05:30,1070653.2353625915,0
2015-10-07 00:00:00+05:30,1070653.2353625915,0
2015-10-08 00:00:00+05:30,1070653.2353625915,0
2015-10-09 00:00:00+05:30,1070653.2353625915,0
2015-10-12 00:00:00+05:30,1070653.2353625915,0
2015-10-13 00:00:00+05:30,1070653.2353625915,0
2015-10-14 00:00:00+05:30,1070653.2353625915,0
2015-10-15 00:00:00+05:30,1070653.2353625915,0
2015-10-16 00:00:00+05:30,1070653.2353625915,0
2015-10-19 00:00:00+05:30,1070653.2353625915,0
2015-10-20 00:00:00+05:30,1070653.2353625915,0
2015-10-21 00:00:00+05:30,1070653.2353625915,0
2015-10-23 00:00:00+05:30,1070653.2353625915,0
2015-10-26 00:00:00+05:30,1070653.2353625915,0
2015-10-27 00:00:00+05:30,1070653.2353625915,0
2015-10-28 00:00:00+05:30,1070653.2353625915,0
2015-10-29 00:00:00+05:30,1070653.2353625915,0
2015-10-30 00:00:00+05:30,1070653.2353625915,0
2015-11-02 00:00:00+05:30,1070653.2353625915,0
2015-11-03 00:00:00+05:30,1070653.2353625915,0
2015-11-04 00:00:00+05:30,1070653.2353625915,0
2015-11-05 00:00:00+05:30,1070653.2353625915,0
2015-11-06 00:00:00+05:30,1070653.2353625915,0
2015-11-09 00:00:00+05:30,1070653.2353625915,0
2015-11-10 00:00:00+05:30,1070653.2353625915,0
2015-11-13 00:00:00+05:30,1070653.2353625915,0
2015-11-16 00:00:00+05:30,1070653.2353625915,0
2015-11-17 00:00:00+05:30,1070653.2353625915,0
2015-11-18 00:00:00+05:30,1070653.2353625915,0
2015-11-19 00:00:00+05:30,1070653.2353625915,0
2015-11-20 00:00:00+05:30,1070653.2353625915,0
2015-11-23 00:00:00+05:30,1070653.2353625915,0
2015-11-24 00:00:00+05:30,1070653.2353625915,0
2015-11-26 00:00:00+05:30,1070653.2353625915,0
2015-11-27 00:00:00+05:30,1070653.2353625915,0
2015-11-30 00:00:00+05:30,1070653.2353625915,0
2015-12-01 00:00:00+05:30,1070653.2353625915,0
2015-12-02 00:00:00+05:30,1070653.2353625915,0
2015-12-03 00:00:00+05:30,1070653.2353625915,0
2015-12-04 00:00:00+05:30,1070653.2353625915,0
2015-12-07 00:00:00+05:30,1070653.2353625915,0
2015-12-08 00:00:00+05:30,1070653.2353625915,0
2015-12-09 00:00:00+05:30,1070653.2353625915,0
2015-12-10 00:00:00+05:30,1070653.2353625915,0
2015-12-11 00:00:00+05:30,1070653.2353625915,0
2015-12-14 00:00:00+05:30,1065523.318321341,-1
2015-12-15 00:00:00+05:30,1063843.318321341,-1
2015-12-16 00:00:00+05:30,1057517.068321341,-1
2015-12-17 00:00:00+05:30,1054839.0785389997,0
2015-12-18 00:00:00+05:30,1054839.0785389997,0
2015-12-21 00:00:00+05:30,1054839.0785389997,0
2015-12-22 00:00:00+05:30,1054839.0785389997,0
2015-12-23 00:00:00+05:30,1054839.0785389997,0
2015-12-24 00:00:00+05:30,1054839.0785389997,0
2015-12-28 00:00:00+05:30,1054839.0785389997,0
2015-12-29 00:00:00+05:30,1054839.0785389997,0
2015-12-30 00:00:00+05:30,1054839.0785389997,0
2015-12-31 00:00:00+05:30,1054839.0785389997,0
2016-01-01 00:00:00+05:30,1054839.0785389997,0
2016-01-04 00:00:00+05:30,1054839.0785389997,0
2016-01-05 00:00:00+05:30,1054839.0785389997,0
2016-01-06 00:00:00+05:30,1054839.0785389997,0
2016-01-07 00:00:00+05:30,1054839.0785389997,0
2016-01-08 00:00:00+05:30,1054839.0785389997,0
2016-01-11 00:00:00+05:30,1054839.0785389997,0
2016-01-12 00:00:00+05:30,1066646.1105139006,-1
2016-01-13 00:00:00+05:30,1061849.3673498381,-1
2016-01-14 00:00:00+05:30,1071021.1105139006,-1
2016-01-15 00:00:00+05:30,1085143.6105139006,-1
2016-01-18 00:00:00+05:30,1091636.1105139006,-1
2016-01-19 00:00:00+05:30,1082926.3400060881,-1
2016-01-20 00:00:00+05:30,1094621.6036779631,-1
2016-01-21 00:00:00+05:30,1088822.0968420256,-1
2016-01-22 00:00:00+05:30,1074949.8605139006,-1
2016-01-25 00:00:00+05:30,1072723.8400060881,-1
2016-01-27 00:00:00+05:30,1073653.1173498381,-1
2016-01-28 00:00:00+05:30,1079013.3468420256,-1
2016-01-29 00:00:00+05:30,1074080.0900060881,-1
2016-02-01 00:00:00+05:30,1081358.3468420256,-1
2016-02-02 00:00:00+05:30,1089984.1036779631,-1
2016-02-03 00:00:00+05:30,1098172.3605139006,-1
2016-02-04 00:00:00+05:30,1096943.8400060881,-1
2016-02-05 00:00:00+05:30,1086692.3605139006,-1
2016-02-08 00:00:00+05:30,1090726.1105139006,-1
2016-02-09 00:00:00+05:30,1096735.6173498381,-1
2016-02-10 00:00:00+05:30,1106768.3468420256,-1
2016-02-11 00:00:00+05:30,1126364.8605139006,-1
2016-02-12 00:00:00+05:30,1128361.6036779631,-1
2016-02-15 00:00:00+05:30,1111789.1036779631,-1
2016-02-16 00:00:00+05:30,1121538.3468420256,-1
2016-02-17 00:00:00+05:30,1123169.3673498381,-1
2016-02-18 00:00:00+05:30,1116928.8400060881,-1
2016-02-19 00:00:00+05:30,1115317.0968420256,-1
2016-02-22 00:00:00+05:30,1113896.1105139006,-1
2016-02-23 00:00:00+05:30,1127071.8673498381,-1
2016-02-24 00:00:00+05:30,1134572.3605139006,-1
2016-02-25 00:00:00+05:30,1142914.5968420256,-1
2016-02-26 00:00:00+05:30,1134663.3468420256,-1
2016-02-29 00:00:00+05:30,1129240.0900060881,-1
2016-03-01 00:00:00+05:30,1112912.5900060881,-1
2016-03-02 00:00:00+05:30,1089128.3468420256,-1
2016-03-03 00:00:00+05:30,1086934.1367732817,0
2016-03-04 00:00:00+05:30,1086934.1367732817,0
2016-03-08 00:00:00+05:30,1086934.1367732817,0
2016-03-09 00:00:00+05:30,1086934.1367732817,0
2016-03-10 00:00:00+05:30,1086934.1367732817,0
2016-03-11 00:00:00+05:30,1086934.1367732817,0
2016-03-14 00:00:00+05:30,1086934.1367732817,0
2016-03-15 00:00:00+05:30,1086934.1367732817,0
2016-03-16 00:00:00+05:30,1086934.1367732817,0
2016-03-17 00:00:00+05:30,1086934.1367732817,0
2016-03-18 00:00:00+05:30,1086934.1367732817,0
2016-03-21 00:00:00+05:30,1086934.1367732817,0
2016-03-22 00:00:00+05:30,1086934.1367732817,0
2016-03-23 00:00:00+05:30,1086934.1367732817,0
2016-03-28 00:00:00+05:30,1086934.1367732817,0
2016-03-29 00:00:00+05:30,1086934.1367732817,0
2016-03-30 00:00:00+05:30,1086934.1367732817,0
2016-03-31 00:00:00+05:30,1086999.6165990445,1
2016-04-01 00:00:00+05:30,1088163.3665990445,1
2016-04-04 00:00:00+05:30,1088712.8392552945,1
2016-04-05 00:00:00+05:30,1071366.8529271695,1
2016-04-06 00:00:00+05:30,1067086.174919223,0
2016-04-07 00:00:00+05:30,1067086.174919223,0
2016-04-08 00:00:00+05:30,1067086.174919223,0
2016-04-11 00:00:00+05:30,1067086.174919223,0
2016-04-12 00:00:00+05:30,1067086.174919223,0
2016-04-13 00:00:00+05:30,1067086.174919223,0
2016-04-18 00:00:00+05:30,1067086.174919223,0
2016-04-20 00:00:00+05:30,1067086.174919223,0
2016-04-21 00:00:00+05:30,1067086.174919223,0
2016-04-22 00:00:00+05:30,1069074.9701212263,1
2016-04-25 00:00:00+05:30,1068208.7201212263,1
2016-04-26 00:00:00+05:30,1079545.2337931013,1
2016-04-27 00:00:00+05:30,1075009.1791056013,1
2016-04-28 00:00:00+05:30,1069547.4701212263,1
2016-04-29 00:00:00+05:30,1066740.0329036305,0
2016-05-02 00:00:00+05:30,1066740.0329036305,0
2016-05-03 00:00:00+05:30,1066740.0329036305,0
2016-05-04 00:00:00+05:30,1066740.0329036305,0
2016-05-05 00:00:00+05:30,1066740.0329036305,0
2016-05-06 00:00:00+05:30,1066740.0329036305,0
2016-05-09 00:00:00+05:30,1066740.0329036305,0
2016-05-10 00:00:00+05:30,1066740.0329036305,0
2016-05-11 00:00:00+05:30,1066740.0329036305,0
2016-05-12 00:00:00+05:30,1066740.0329036305,0
2016-05-13 00:00:00+05:30,1066740.0329036305,0
2016-05-16 00:00:00+05:30,1066740.0329036305,0
2016-05-17 00:00:00+05:30,1066740.0329036305,0
2016-05-18 00:00:00+05:30,1066740.0329036305,0
2016-05-19 00:00:00+05:30,1066740.0329036305,0
2016-05-20 00:00:00+05:30,1066740.0329036305,0
2016-05-23 00:00:00+05:30,1066740.0329036305,0
2016-05-24 00:00:00+05:30,1066740.0329036305,0
2016-05-25 00:00:00+05:30,1066740.0329036305,0
2016-05-26 00:00:00+05:30,1066740.0329036305,0
2016-05-27 00:00:00+05:30,1066740.0329036305,0
2016-05-30 00:00:00+05:30,1066740.0329036305,0
2016-05-31 00:00:00+05:30,1066740.0329036305,0
2016-06-01 00:00:00+05:30,1066740.0329036305,0
2016-06-02 00:00:00+05:30,1066740.0329036305,0
2016-06-03 00:00:00+05:30,1066740.0329036305,0
2016-06-06 00:00:00+05:30,1065168.9683480496,1
2016-06-07 00:00:00+05:30,1074855.2183480496,1
2016-06-08 00:00:00+05:30,1074807.9820199246,1
2016-06-09 00:00:00+05:30,1072739.4273324246,1
2016-06-10 00:00:00+05:30,1070670.9410042996,1
2016-06-13 00:00:00+05:30,1062458.1773324246,1
2016-06-14 00:00:00+05:30,1065203.9683480496,1
2016-06-15 00:00:00+05:30,1073796.4683480496,1
2016-06-16 00:00:00+05:30,1065165.4820199246,1
2016-06-17 00:00:00+05:30,1066031.7320199246,1
2016-06-20 00:00:00+05:30,1066820.9410042996,1
2016-06-21 00:00:00+05:30,1063338.4410042996,1
2016-06-22 00:00:00+05:30,1063581.7320199246,1
2016-06-23 00:00:00+05:30,1072905.6773324246,1
2016-06-24 00:00:00+05:30,1050338.7909993164,0
2016-06-27 00:00:00+05:30,1050338.7909993164,0
2016-06-28 00:00:00+05:30,1050338.7909993164,0
2016-06-29 00:00:00+05:30,1050338.7909993164,0
2016-06-30 00:00:00+05:30,1050338.7909993164,0
2016-07-01 00:00:00+05:30,1050338.7909993164,0
2016-07-04 00:00:00+05:30,1050338.7909993164,0
2016-07-05 00:00:00+05:30,1050338.7909993164,0
2016-07-07 00:00:00+05:30,1050338.7909993164,0
2016-07-08 00:00:00+05:30,1050338.7909993164,0
2016-07-11 00:00:00+05:30,1050338.7909993164,0
2016-07-12 00:00:00+05:30,1050338.7909993164,0
2016-07-13 00:00:00+05:30,1050338.7909993164,0
2016-07-14 00:00:00+05:30,1050338.7909993164,0
2016-07-15 00:00:00+05:30,1050338.7909993164,0
2016-07-18 00:00:00+05:30,1047499.777744927,1
2016-07-19 00:00:00+05:30,1046861.027744927,1
2016-07-20 00:00:00+05:30,1049067.736729302,1
2016-07-21 00:00:00+05:30,1038781.291416802,1
2016-07-22 00:00:00+05:30,1034496.9591668857,0
2016-07-25 00:00:00+05:30,1034496.9591668857,0
2016-07-26 00:00:00+05:30,1034496.9591668857,0
2016-07-27 00:00:00+05:30,1034496.9591668857,0
2016-07-28 00:00:00+05:30,1034496.9591668857,0
2016-07-29 00:00:00+05:30,1034496.9591668857,0
2016-08-01 00:00:00+05:30,1034496.9591668857,0
2016-08-02 00:00:00+05:30,1034496.9591668857,0
2016-08-03 00:00:00+05:30,1034496.9591668857,0
2016-08-04 00:00:00+05:30,1034496.9591668857,0
2016-08-05 00:00:00+05:30,1034496.9591668857,0
2016-08-08 00:00:00+05:30,1034496.9591668857,0
2016-08-09 00:00:00+05:30,1034496.9591668857,0
2016-08-10 00:00:00+05:30,1034496.9591668857,0
2016-08-11 00:00:00+05:30,1034496.9591668857,0
2016-08-12 00:00:00+05:30,1034496.9591668857,0
2016-08-16 00:00:00+05:30,1034496.9591668857,0
2016-08-17 00:00:00+05:30,1034496.9591668857,0
2016-08-18 00:00:00+05:30,1034496.9591668857,0
2016-08-19 00:00:00+05:30,1034496.9591668857,0
2016-08-22 00:00:00+05:30,1034496.9591668857,0
2016-08-23 00:00:00+05:30,1034496.9591668857,0
2016-08-24 00:00:00+05:30,1034496.9591668857,0
2016-08-25 00:00:00+05:30,1034496.9591668857,0
2016-08-26 00:00:00+05:30,1034496.9591668857,0
2016-08-29 00:00:00+05:30,1034496.9591668857,0
2016-08-30 00:00:00+05:30,1034496.9591668857,0
2016-08-31 00:00:00+05:30,1034496.9591668857,0
2016-09-01 00:00:00+05:30,1034496.9591668857,0
2016-09-02 00:00:00+05:30,1034496.9591668857,0
2016-09-06 00:00:00+05:30,1034496.9591668857,0
2016-09-07 00:00:00+05:30,1030802.5601354204,1
2016-09-08 00:00:00+05:30,1031164.7964635454,1
2016-09-09 00:00:00+05:30,1025146.5738072954,1
2016-09-12 00:00:00+05:30,1019099.9775175056,0
2016-09-14 00:00:00+05:30,1019099.9775175056,0
2016-09-15 00:00:00+05:30,1019099.9775175056,0
2016-09-16 00:00:00+05:30,1019099.9775175056,0
2016-09-19 00:00:00+05:30,1019099.9775175056,0
2016-09-20 00:00:00+05:30,1019099.9775175056,0
2016-09-21 00:00:00+05:30,1019099.9775175056,0
2016-09-22 00:00:00+05:30,1019099.9775175056,0
2016-09-23 00:00:00+05:30,1019099.9775175056,0
2016-09-26 00:00:00+05:30,1019099.9775175056,0
2016-09-27 00:00:00+05:30,1019099.9775175056,0
2016-09-28 00:00:00+05:30,1019099.9775175056,0
2016-09-29 00:00:00+05:30,1019099.9775175056,0
2016-09-30 00:00:00+05:30,1019099.9775175056,0
2016-10-03 00:00:00+05:30,1019099.9775175056,0
2016-10-04 00:00:00+05:30,1019099.9775175056,0
2016-10-05 00:00:00+05:30,1019099.9775175056,0
2016-10-06 00:00:00+05:30,1019099.9775175056,0
2016-10-07 00:00:00+05:30,1019099.9775175056,0
2016-10-10 00:00:00+05:30,1019099.9775175056,0
2016-10-13 00:00:00+05:30,1019099.9775175056,0
2016-10-14 00:00:00+05:30,1019099.9775175056,0
2016-10-17 00:00:00+05:30,1019099.9775175056,0
2016-10-18 00:00:00+05:30,1019099.9775175056,0
2016-10-19 00:00:00+05:30,1019099.9775175056,0
2016-10-20 00:00:00+05:30,1019099.9775175056,0
2016-10-21 00:00:00+05:30,1019099.9775175056,0
2016-10-24 00:00:00+05:30,1019099.9775175056,0
2016-10-25 00:00:00+05:30,1019099.9775175056,0
2016-10-26 00:00:00+05:30,1019099.9775175056,0
2016-10-27 00:00:00+05:30,1019099.9775175056,0
2016-10-28 00:00:00+05:30,1019099.9775175056,0
2016-11-01 00:00:00+05:30,1019099.9775175056,0
2016-11-02 00:00:00+05:30,1019099.9775175056,0
2016-11-03 00:00:00+05:30,1019099.9775175056,0
2016-11-04 00:00:00+05:30,1019099.9775175056,0
2016-11-07 00:00:00+05:30,1019099.9775175056,0
2016-11-08 00:00:00+05:30,1019099.9775175056,0
2016-11-09 00:00:00+05:30,1019099.9775175056,0
2016-11-10 00:00:00+05:30,1019099.9775175056,0
2016-11-11 00:00:00+05:30,1019099.9775175056,0
2016-11-15 00:00:00+05:30,1019099.9775175056,0
2016-11-16 00:00:00+05:30,1019099.9775175056,0
2016-11-17 00:00:00+05:30,1019099.9775175056,0
2016-11-18 00:00:00+05:30,1019099.9775175056,0
2016-11-21 00:00:00+05:30,1019099.9775175056,0
2016-11-22 00:00:00+05:30,1019099.9775175056,0
2016-11-23 00:00:00+05:30,1019099.9775175056,0
2016-11-24 00:00:00+05:30,1019099.9775175056,0
2016-11-25 00:00:00+05:30,1019099.9775175056,0
2016-11-28 00:00:00+05:30,1019099.9775175056,0
2016-11-29 00:00:00+05:30,1019099.9775175056,0
2016-11-30 00:00:00+05:30,1019099.9775175056,0
2016-12-01 00:00:00+05:30,1019099.9775175056,0
2016-12-02 00:00:00+05:30,1019099.9775175056,0
2016-12-05 00:00:00+05:30,1019099.9775175056,0
2016-12-06 00:00:00+05:30,1019099.9775175056,0
2016-12-07 00:00:00+05:30,1019099.9775175056,0
2016-12-08 00:00:00+05:30,1019099.9775175056,0
2016-12-09 00:00:00+05:30,1019099.9775175056,0
2016-12-12 00:00:00+05:30,1019099.9775175056,0
2016-12-13 00:00:00+05:30,1019099.9775175056,0
2016-12-14 00:00:00+05:30,1019099.9775175056,0
2016-12-15 00:00:00+05:30,1019099.9775175056,0
2016-12-16 00:00:00+05:30,1019099.9775175056,0
2016-12-19 00:00:00+05:30,1019099.9775175056,0
2016-12-20 00:00:00+05:30,1019099.9775175056,0
2016-12-21 00:00:00+05:30,1019099.9775175056,0
2016-12-22 00:00:00+05:30,1019099.9775175056,0
2016-12-23 00:00:00+05:30,1017565.5461541069,-1
2016-12-26 00:00:00+05:30,1025561.2688103569,-1
2016-12-27 00:00:00+05:30,1017721.2688103569,-1
2016-12-28 00:00:00+05:30,1017821.0734978569,-1
2016-12-29 00:00:00+05:30,1012345.2824822319,-1
2016-12-30 00:00:00+05:30,1007303.5734978569,-1
2017-01-02 00:00:00+05:30,1014569.5598259819,-1
2017-01-03 00:00:00+05:30,1012259.5598259819,-1
2017-01-04 00:00:00+05:30,1017320.5461541069,-1
2017-01-05 00:00:00+05:30,1009447.3234978569,-1
2017-01-06 00:00:00+05:30,1004265.5461541069,-1
2017-01-09 00:00:00+05:30,1000925.437774636,0
2017-01-10 00:00:00+05:30,1000925.437774636,0
2017-01-11 00:00:00+05:30,1000925.437774636,0
2017-01-12 00:00:00+05:30,1000925.437774636,0
2017-01-13 00:00:00+05:30,1000925.437774636,0
2017-01-16 00:00:00+05:30,1000925.437774636,0
2017-01-17 00:00:00+05:30,1000925.437774636,0
2017-01-18 00:00:00+05:30,1000925.437774636,0
2017-01-19 00:00:00+05:30,1000925.437774636,0
2017-01-20 00:00:00+05:30,1000925.437774636,0
2017-01-23 00:00:00+05:30,1000925.437774636,0
2017-01-24 00:00:00+05:30,1000925.437774636,0
2017-01-25 00:00:00+05:30,1000925.437774636,0
2017-01-27 00:00:00+05:30,1004898.429216539,1
2017-01-30 00:00:00+05:30,1000591.651872789,1
2017-01-31 00:00:00+05:30,998138.165544664,1
2017-02-01 00:00:00+05:30,1015828.888200914,1
2017-02-02 00:00:00+05:30,1017568.429216539,1
2017-02-03 00:00:00+05:30,1021995.929216539,1
2017-02-06 00:00:00+05:30,1028113.888200914,1
2017-02-07 00:00:00+05:30,1026561.651872789,1
2017-02-08 00:00:00+05:30,1023696.915544664,1
2017-02-09 00:00:00+05:30,1020398.165544664,1
2017-02-10 00:00:00+05:30,1022594.415544664,1
2017-02-13 00:00:00+05:30,1023920.929216539,1
2017-02-14 00:00:00+05:30,1024141.388200914,1
2017-02-15 00:00:00+05:30,1020837.374529039,1
2017-02-16 00:00:00+05:30,1023637.374529039,1
2017-02-17 00:00:00+05:30,1034405.138200914,1
2017-02-20 00:00:00+05:30,1038806.388200914,1
2017-02-21 00:00:00+05:30,1045241.124529039,1
2017-02-22 00:00:00+05:30,1045503.624529039,1
2017-02-23 00:00:00+05:30,1045790.665544664,1
2017-02-27 00:00:00+05:30,1036564.679216539,1
2017-02-28 00:00:00+05:30,1036361.651872789,1
2017-03-01 00:00:00+05:30,1042539.151872789,1
2017-03-02 00:00:00+05:30,1034709.679216539,1
2017-03-03 00:00:00+05:30,1032453.888200914,1
2017-03-06 00:00:00+05:30,1038335.665544664,1
2017-03-07 00:00:00+05:30,1037070.401872789,1
2017-03-08 00:00:00+05:30,1038787.179216539,1
2017-03-09 00:00:00+05:30,1040355.138200914,1
2017-03-10 00:00:00+05:30,1040572.179216539,1
2017-03-14 00:00:00+05:30,1053702.374529039,1
2017-03-15 00:00:00+05:30,1055634.415544664,1
2017-03-16 00:00:00+05:30,1058854.415544664,1
2017-03-17 00:00:00+05:30,1056234.679216539,1
2017-03-20 00:00:00+05:30,1053966.651872789,1
2017-03-21 00:00:00+05:30,1050772.901872789,1
2017-03-22 00:00:00+05:30,1042455.138200914,1
2017-03-23 00:00:00+05:30,1046450.401872789,1
2017-03-24 00:00:00+05:30,1054397.179216539,1
2017-03-27 00:00:00+05:30,1052099.415544664,1
2017-03-28 00:00:00+05:30,1057996.915544664,1
2017-03-29 00:00:00+05:30,1063798.165544664,1
2017-03-30 00:00:00+05:30,1071832.374529039,1
2017-03-31 00:00:00+05:30,1065653.165544664,1
2017-04-03 00:00:00+05:30,1069279.151872789,1
2017-04-05 00:00:00+05:30,1072952.374529039,1
2017-04-06 00:00:00+05:30,1071911.124529039,1
2017-04-07 00:00:00+05:30,1065198.165544664,1
2017-04-10 00:00:00+05:30,1068313.165544664,1
2017-04-11 00:00:00+05:30,1075873.165544664,1
2017-04-12 00:00:00+05:30,1073445.929216539,1
2017-04-13 00:00:00+05:30,1074138.888200914,1
2017-04-17 00:00:00+05:30,1072773.888200914,1
2017-04-18 00:00:00+05:30,1073622.638200914,1
2017-04-19 00:00:00+05:30,1069580.138200914,1
2017-04-20 00:00:00+05:30,1067306.915544664,1
2017-04-21 00:00:00+05:30,1069408.624529039,1
2017-04-24 00:00:00+05:30,1080116.915544664,1
2017-04-25 00:00:00+05:30,1087022.374529039,1
2017-04-26 00:00:00+05:30,1093607.638200914,1
2017-04-27 00:00:00+05:30,1096528.429216539,1
2017-04-28 00:00:00+05:30,1097646.651872789,1
2017-05-02 00:00:00+05:30,1097055.138200914,1
2017-05-03 00:00:00+05:30,1095863.429216539,1
2017-05-04 00:00:00+05:30,1110311.388200914,1
2017-05-05 00:00:00+05:30,1106281.124529039,1
2017-05-08 00:00:00+05:30,1111965.138200914,1
2017-05-09 00:00:00+05:30,1109863.429216539,1
2017-05-10 00:00:00+05:30,1114170.138200914,1
2017-05-11 00:00:00+05:30,1113753.624529039,1
2017-05-12 00:00:00+05:30,1108617.374529039,1
2017-05-15 00:00:00+05:30,1113860.401872789,1
2017-05-16 00:00:00+05:30,1117608.888200914,1
2017-05-17 00:00:00+05:30,1117866.124529039,1
2017-05-18 00:00:00+05:30,1109558.888200914,1
2017-05-19 00:00:00+05:30,1112050.929216539,1
2017-05-22 00:00:00+05:30,1107957.638200914,1
2017-05-23 00:00:00+05:30,1105505.929216539,1
2017-05-24 00:00:00+05:30,1103878.429216539,1
2017-05-25 00:00:00+05:30,1126785.929216539,1
2017-05-26 00:00:00+05:30,1132784.874529039,1
2017-05-29 00:00:00+05:30,1126504.151872789,1
2017-05-30 00:00:00+05:30,1130861.651872789,1
2017-05-31 00:00:00+05:30,1134975.929216539,1
2017-06-01 00:00:00+05:30,1130963.165544664,1
2017-06-02 00:00:00+05:30,1133264.415544664,1
2017-06-05 00:00:00+05:30,1136195.665544664,1
2017-06-06 00:00:00+05:30,1134678.429216539,1
2017-06-07 00:00:00+05:30,1139975.665544664,1
2017-06-08 00:00:00+05:30,1138871.388200914,1
2017-06-09 00:00:00+05:30,1144289.415544664,1
2017-06-12 00:00:00+05:30,1136573.624529039,1
2017-06-13 00:00:00+05:30,1136832.638200914,1
2017-06-14 00:00:00+05:30,1137562.374529039,1
2017-06-15 00:00:00+05:30,1133819.151872789,1
2017-06-16 00:00:00+05:30,1137704.151872789,1
2017-06-19 00:00:00+05:30,1146083.165544664,1
2017-06-20 00:00:00+05:30,1144536.124529039,1
2017-06-21 00:00:00+05:30,1144914.151872789,1
2017-06-22 00:00:00+05:30,1145871.388200914,1
2017-06-23 00:00:00+05:30,1139104.151872789,1
2017-06-27 00:00:00+05:30,1127676.651872789,1
2017-06-28 00:00:00+05:30,1128362.638200914,1
2017-06-29 00:00:00+05:30,1128063.429216539,1
2017-06-30 00:00:00+05:30,1127499.874529039,1
2017-07-03 00:00:00+05:30,1129655.929216539,1
2017-07-04 00:00:00+05:30,1127604.874529039,1
2017-07-05 00:00:00+05:30,1128167.23468244,0
2017-07-06 00:00:00+05:30,1128167.23468244,0
2017-07-07 00:00:00+05:30,1128167.23468244,0
2017-07-10 00:00:00+05:30,1128167.23468244,0
2017-07-11 00:00:00+05:30,1128167.23468244,0
2017-07-12 00:00:00+05:30,1128167.23468244,0
2017-07-13 00:00:00+05:30,1128167.23468244,0
2017-07-14 00:00:00+05:30,1128167.23468244,0
2017-07-17 00:00:00+05:30,1128167.23468244,0
2017-07-18 00:00:00+05:30,1130135.6277831309,1
2017-07-19 00:00:00+05:30,1134706.6141112559,1
2017-07-20 00:00:00+05:30,1136831.0867675059,1
2017-07-21 00:00:00+05:30,1138360.6277831309,1
2017-07-24 00:00:00+05:30,1144093.5867675059,1
2017-07-25 00:00:00+05:30,1147588.3230956309,1
2017-07-26 00:00:00+05:30,1152838.3230956309,1
2017-07-27 00:00:00+05:30,1161647.8641112559,1
2017-07-28 00:00:00+05:30,1157759.3777831309,1
2017-07-31 00:00:00+05:30,1167991.6141112559,1
2017-08-01 00:00:00+05:30,1168661.8777831309,1
2017-08-02 00:00:00+05:30,1166295.8230956309,1
2017-08-03 00:00:00+05:30,1152990.6277831309,1
2017-08-04 00:00:00+05:30,1158324.5730956309,1
2017-08-07 00:00:00+05:30,1161086.0867675059,1
2017-08-08 00:00:00+05:30,1150346.3504393809,1
2017-08-09 00:00:00+05:30,1142474.8367675059,1
2017-08-10 00:00:00+05:30,1127689.6473311973,0
2017-08-11 00:00:00+05:30,1127689.6473311973,0
2017-08-14 00:00:00+05:30,1127689.6473311973,0
2017-08-16 00:00:00+05:30,1127689.6473311973,0
2017-08-17 00:00:00+05:30,1127689.6473311973,0
2017-08-18 00:00:00+05:30,1127689.6473311973,0
2017-08-21 00:00:00+05:30,1127689.6473311973,0
2017-08-22 00:00:00+05:30,1127689.6473311973,0
2017-08-23 00:00:00+05:30,1127689.6473311973,0
2017-08-24 00:00:00+05:30,1127689.6473311973,0
2017-08-28 00:00:00+05:30,1127689.6473311973,0
2017-08-29 00:00:00+05:30,1127689.6473311973,0
2017-08-30 00:00:00+05:30,1127689.6473311973,0
2017-08-31 00:00:00+05:30,1127689.6473311973,0
2017-09-01 00:00:00+05:30,1127689.6473311973,0
2017-09-04 00:00:00+05:30,1127689.6473311973,0
2017-09-05 00:00:00+05:30,1127689.6473311973,0
2017-09-06 00:00:00+05:30,1127689.6473311973,0
2017-09-07 00:00:00+05:30,1127689.6473311973,0
2017-09-08 00:00:00+05:30,1127689.6473311973,0
2017-09-11 00:00:00+05:30,1127689.6473311973,0
2017-09-12 00:00:00+05:30,1127689.6473311973,0
2017-09-13 00:00:00+05:30,1127689.6473311973,0
2017-09-14 00:00:00+05:30,1127689.6473311973,0
2017-09-15 00:00:00+05:30,1127689.6473311973,0
2017-09-18 00:00:00+05:30,1127689.6473311973,0
2017-09-19 00:00:00+05:30,1127689.6473311973,0
2017-09-20 00:00:00+05:30,1127689.6473311973,0
2017-09-21 00:00:00+05:30,1127689.6473311973,0
2017-09-22 00:00:00+05:30,1127689.6473311973,0
2017-09-25 00:00:00+05:30,1127689.6473311973,0
2017-09-26 00:00:00+05:30,1127689.6473311973,0
2017-09-27 00:00:00+05:30,1127689.6473311973,0
2017-09-28 00:00:00+05:30,1127689.6473311973,0
2017-09-29 00:00:00+05:30,1127689.6473311973,0
2017-10-03 00:00:00+05:30,1127689.6473311973,0
2017-10-04 00:00:00+05:30,1127689.6473311973,0
2017-10-05 00:00:00+05:30,1127689.6473311973,0
2017-10-06 00:00:00+05:30,1127689.6473311973,0
2017-10-09 00:00:00+05:30,1127689.6473311973,0
2017-10-10 00:00:00+05:30,1127689.6473311973,0
2017-10-11 00:00:00+05:30,1127689.6473311973,0
2017-10-12 00:00:00+05:30,1127689.6473311973,0
2017-10-13 00:00:00+05:30,1127689.6473311973,0
2017-10-16 00:00:00+05:30,1127689.6473311973,0
2017-10-17 00:00:00+05:30,1127689.6473311973,0
2017-10-18 00:00:00+05:30,1127689.6473311973,0
2017-10-19 00:00:00+05:30,1127689.6473311973,0
2017-10-23 00:00:00+05:30,1127689.6473311973,0
2017-10-24 00:00:00+05:30,1127689.6473311973,0
2017-10-25 00:00:00+05:30,1127689.6473311973,0
2017-10-26 00:00:00+05:30,1127689.6473311973,0
2017-10-27 00:00:00+05:30,1127689.6473311973,0
2017-10-30 00:00:00+05:30,1127689.6473311973,0
2017-10-31 00:00:00+05:30,1127689.6473311973,0
2017-11-01 00:00:00+05:30,1127689.6473311973,0
2017-11-02 00:00:00+05:30,1127689.6473311973,0
2017-11-03 00:00:00+05:30,1127689.6473311973,0
2017-11-06 00:00:00+05:30,1127480.3498527887,1
2017-11-07 00:00:00+05:30,1118018.1135246637,1
2017-11-08 00:00:00+05:30,1113942.3225090387,1
2017-11-09 00:00:00+05:30,1117687.3225090387,1
2017-11-10 00:00:00+05:30,1124953.3088371637,1
2017-11-13 00:00:00+05:30,1120030.6135246637,1
2017-11-14 00:00:00+05:30,1117451.0725090387,1
2017-11-15 00:00:00+05:30,1115151.5998527887,1
2017-11-16 00:00:00+05:30,1123121.0725090387,1
2017-11-17 00:00:00+05:30,1132984.0998527887,1
2017-11-20 00:00:00+05:30,1134391.0725090387,1
2017-11-21 00:00:00+05:30,1134002.5861809137,1
2017-11-22 00:00:00+05:30,1134322.8498527887,1
2017-11-23 00:00:00+05:30,1133258.8361809137,1
2017-11-24 00:00:00+05:30,1134777.8498527887,1
2017-11-27 00:00:00+05:30,1138708.3088371637,1
2017-11-28 00:00:00+05:30,1137114.0998527887,1
2017-11-29 00:00:00+05:30,1135339.5588371637,1
2017-11-30 00:00:00+05:30,1127183.1224666103,0
2017-12-01 00:00:00+05:30,1127183.1224666103,0
2017-12-04 00:00:00+05:30,1127183.1224666103,0
2017-12-05 00:00:00+05:30,1127183.1224666103,0
2017-12-06 00:00:00+05:30,1127183.1224666103,0
2017-12-07 00:00:00+05:30,1127183.1224666103,0
2017-12-08 00:00:00+05:30,1127183.1224666103,0
2017-12-11 00:00:00+05:30,1127183.1224666103,0
2017-12-12 00:00:00+05:30,1127183.1224666103,0
2017-12-13 00:00:00+05:30,1127183.1224666103,0
2017-12-14 00:00:00+05:30,1127183.1224666103,0
2017-12-15 00:00:00+05:30,1127183.1224666103,0
2017-12-18 00:00:00+05:30,1127183.1224666103,0
2017-12-19 00:00:00+05:30,1127183.1224666103,0
2017-12-20 00:00:00+05:30,1127183.1224666103,0
2017-12-21 00:00:00+05:30,1127183.1224666103,0
2017-12-22 00:00:00+05:30,1127183.1224666103,0
2017-12-26 00:00:00+05:30,1127183.1224666103,0
2017-12-27 00:00:00+05:30,1127183.1224666103,0
2017-12-28 00:00:00+05:30,1127183.1224666103,0
2017-12-29 00:00:00+05:30,1127183.1224666103,0
2018-01-01 00:00:00+05:30,1127183.1224666103,0
2018-01-02 00:00:00+05:30,1127183.1224666103,0
2018-01-03 00:00:00+05:30,1127183.1224666103,0
2018-01-04 00:00:00+05:30,1127183.1224666103,0
2018-01-05 00:00:00+05:30,1127183.1224666103,0
2018-01-08 00:00:00+05:30,1127183.1224666103,0
2018-01-09 00:00:00+05:30,1127183.1224666103,0
2018-01-10 00:00:00+05:30,1127183.1224666103,0
2018-01-11 00:00:00+05:30,1127183.1224666103,0
2018-01-12 00:00:00+05:30,1127183.1224666103,0
2018-01-15 00:00:00+05:30,1127183.1224666103,0
2018-01-16 00:00:00+05:30,1121494.0943352059,1
2018-01-17 00:00:00+05:30,1132491.0669914559,1
2018-01-18 00:00:00+05:30,1141181.5943352059,1
2018-01-19 00:00:00+05:30,1154205.0806633309,1
2018-01-22 00:00:00+05:30,1158814.5533195809,1
2018-01-23 00:00:00+05:30,1171043.5669914559,1
2018-01-24 00:00:00+05:30,1171321.8580070809,1
2018-01-25 00:00:00+05:30,1172970.3443352059,1
2018-01-29 00:00:00+05:30,1174818.3033195809,1
2018-01-30 00:00:00+05:30,1166789.3580070809,1
2018-01-31 00:00:00+05:30,1170653.3033195809,1
2018-02-01 00:00:00+05:30,1165097.0533195809,1
2018-02-02 00:00:00+05:30,1138162.8443352059,1
2018-02-05 00:00:00+05:30,1120805.6698490502,0
2018-02-06 00:00:00+05:30,1120805.6698490502,0
2018-02-07 00:00:00+05:30,1120805.6698490502,0
2018-02-08 00:00:00+05:30,1120805.6698490502,0
2018-02-09 00:00:00+05:30,1120805.6698490502,0
2018-02-12 00:00:00+05:30,1120805.6698490502,0
2018-02-14 00:00:00+05:30,1120805.6698490502,0
2018-02-15 00:00:00+05:30,1120805.6698490502,0
2018-02-16 00:00:00+05:30,1120805.6698490502,0
2018-02-19 00:00:00+05:30,1120805.6698490502,0
2018-02-20 00:00:00+05:30,1120805.6698490502,0
2018-02-21 00:00:00+05:30,1120805.6698490502,0
2018-02-22 00:00:00+05:30,1120805.6698490502,0
2018-02-23 00:00:00+05:30,1120805.6698490502,0
2018-02-26 00:00:00+05:30,1120805.6698490502,0
2018-02-27 00:00:00+05:30,1120805.6698490502,0
2018-02-28 00:00:00+05:30,1120805.6698490502,0
2018-03-01 00:00:00+05:30,1120805.6698490502,0
2018-03-05 00:00:00+05:30,1120805.6698490502,0
2018-03-06 00:00:00+05:30,1120805.6698490502,0
2018-03-07 00:00:00+05:30,1127371.7176195632,-1
2018-03-08 00:00:00+05:30,1115347.4402758132,-1
2018-03-09 00:00:00+05:30,1121689.4812914382,-1
2018-03-12 00:00:00+05:30,1108818.2312914382,-1
2018-03-13 00:00:00+05:30,1106212.4402758132,-1
2018-03-14 00:00:00+05:30,1102257.4402758132,-1
2018-03-15 00:00:00+05:30,1104350.4676195632,-1
2018-03-16 00:00:00+05:30,1114930.9266039382,-1
2018-03-19 00:00:00+05:30,1123486.7176195632,-1
2018-03-20 00:00:00+05:30,1126178.2312914382,-1
2018-03-21 00:00:00+05:30,1123119.2176195632,-1
2018-03-22 00:00:00+05:30,1127112.7039476882,-1
2018-03-23 00:00:00+05:30,1143601.1902758132,-1
2018-03-26 00:00:00+05:30,1123512.9676195632,-1
2018-03-27 00:00:00+05:30,1120321.4958771504,0
2018-03-28 00:00:00+05:30,1120321.4958771504,0
2018-04-02 00:00:00+05:30,1120321.4958771504,0
2018-04-03 00:00:00+05:30,1120321.4958771504,0
2018-04-04 00:00:00+05:30,1120321.4958771504,0
2018-04-05 00:00:00+05:30,1120321.4958771504,0
2018-04-06 00:00:00+05:30,1120321.4958771504,0
2018-04-09 00:00:00+05:30,1120321.4958771504,0
2018-04-10 00:00:00+05:30,1120321.4958771504,0
2018-04-11 00:00:00+05:30,1120321.4958771504,0
2018-04-12 00:00:00+05:30,1120321.4958771504,0
2018-04-13 00:00:00+05:30,1120321.4958771504,0
2018-04-16 00:00:00+05:30,1120321.4958771504,0
2018-04-17 00:00:00+05:30,1120321.4958771504,0
2018-04-18 00:00:00+05:30,1120321.4958771504,0
2018-04-19 00:00:00+05:30,1120321.4958771504,0
2018-04-20 00:00:00+05:30,1120321.4958771504,0
2018-04-23 00:00:00+05:30,1120321.4958771504,0
2018-04-24 00:00:00+05:30,1120321.4958771504,0
2018-04-25 00:00:00+05:30,1120321.4958771504,0
2018-04-26 00:00:00+05:30,1120321.4958771504,0
2018-04-27 00:00:00+05:30,1120321.4958771504,0
2018-04-30 00:00:00+05:30,1120321.4958771504,0
2018-05-02 00:00:00+05:30,1120321.4958771504,0
2018-05-03 00:00:00+05:30,1120321.4958771504,0
2018-05-04 00:00:00+05:30,1120321.4958771504,0
2018-05-07 00:00:00+05:30,1120321.4958771504,0
2018-05-08 00:00:00+05:30,1120321.4958771504,0
2018-05-09 00:00:00+05:30,1120321.4958771504,0
2018-05-10 00:00:00+05:30,1120321.4958771504,0
2018-05-11 00:00:00+05:30,1120321.4958771504,0
2018-05-14 00:00:00+05:30,1120321.4958771504,0
2018-05-15 00:00:00+05:30,1120321.4958771504,0
2018-05-16 00:00:00+05:30,1120321.4958771504,0
2018-05-17 00:00:00+05:30,1120321.4958771504,0
2018-05-18 00:00:00+05:30,1120321.4958771504,0
2018-05-21 00:00:00+05:30,1120321.4958771504,0
2018-05-22 00:00:00+05:30,1120321.4958771504,0
2018-05-23 00:00:00+05:30,1120321.4958771504,0
2018-05-24 00:00:00+05:30,1120321.4958771504,0
2018-05-25 00:00:00+05:30,1120321.4958771504,0
2018-05-28 00:00:00+05:30,1120321.4958771504,0
2018-05-29 00:00:00+05:30,1120321.4958771504,0
2018-05-30 00:00:00+05:30,1120321.4958771504,0
2018-05-31 00:00:00+05:30,1120321.4958771504,0
2018-06-01 00:00:00+05:30,1120321.4958771504,0
2018-06-04 00:00:00+05:30,1120321.4958771504,0
2018-06-05 00:00:00+05:30,1120321.4958771504,0
2018-06-06 00:00:00+05:30,1120321.4958771504,0
2018-06-07 00:00:00+05:30,1120321.4958771504,0
2018-06-08 00:00:00+05:30,1120321.4958771504,0
2018-06-11 00:00:00+05:30,1120321.4958771504,0
2018-06-12 00:00:00+05:30,1120321.4958771504,0
2018-06-13 00:00:00+05:30,1120321.4958771504,0
2018-06-14 00:00:00+05:30,1120321.4958771504,0
2018-06-15 00:00:00+05:30,1120321.4958771504,0
2018-06-18 00:00:00+05:30,1120321.4958771504,0
2018-06-19 00:00:00+05:30,1120321.4958771504,0
2018-06-20 00:00:00+05:30,1120321.4958771504,0
2018-06-21 00:00:00+05:30,1120321.4958771504,0
2018-06-22 00:00:00+05:30,1120321.4958771504,0
2018-06-25 00:00:00+05:30,1120321.4958771504,0
2018-06-26 00:00:00+05:30,1120321.4958771504,0
2018-06-27 00:00:00+05:30,1120321.4958771504,0
2018-06-28 00:00:00+05:30,1120321.4958771504,0
2018-06-29 00:00:00+05:30,1120321.4958771504,0
2018-07-02 00:00:00+05:30,1120321.4958771504,0
2018-07-03 00:00:00+05:30,1120321.4958771504,0
2018-07-04 00:00:00+05:30,1120321.4958771504,0
2018-07-05 00:00:00+05:30,1120321.4958771504,0
2018-07-06 00:00:00+05:30,1120321.4958771504,0
2018-07-09 00:00:00+05:30,1120321.4958771504,0
2018-07-10 00:00:00+05:30,1120321.4958771504,0
2018-07-11 00:00:00+05:30,1120321.4958771504,0
2018-07-12 00:00:00+05:30,1120321.4958771504,0
2018-07-13 00:00:00+05:30,1120321.4958771504,0
2018-07-16 00:00:00+05:30,1120321.4958771504,0
2018-07-17 00:00:00+05:30,1120321.4958771504,0
2018-07-18 00:00:00+05:30,1120321.4958771504,0
2018-07-19 00:00:00+05:30,1120321.4958771504,0
2018-07-20 00:00:00+05:30,1120321.4958771504,0
2018-07-23 00:00:00+05:30,1120321.4958771504,0
2018-07-24 00:00:00+05:30,1120321.4958771504,0
2018-07-25 00:00:00+05:30,1120321.4958771504,0
2018-07-26 00:00:00+05:30,1120321.4958771504,0
2018-07-27 00:00:00+05:30,1120321.4958771504,0
2018-07-30 00:00:00+05:30,1120321.4958771504,0
2018-07-31 00:00:00+05:30,1118857.4843982395,1
2018-08-01 00:00:00+05:30,1112993.2070544895,1
2018-08-02 00:00:00+05:30,1104570.4433826145,1
2018-08-03 00:00:00+05:30,1116454.7207263645,1
2018-08-06 00:00:00+05:30,1123559.7207263645,1
2018-08-07 00:00:00+05:30,1122768.7343982395,1
2018-08-08 00:00:00+05:30,1129297.9433826145,1
2018-08-09 00:00:00+05:30,1138312.2207263645,1
2018-08-10 00:00:00+05:30,1131460.9707263645,1
2018-08-13 00:00:00+05:30,1119774.9433499868,0
2018-08-14 00:00:00+05:30,1119774.9433499868,0
2018-08-16 00:00:00+05:30,1119774.9433499868,0
2018-08-17 00:00:00+05:30,1119774.9433499868,0
2018-08-20 00:00:00+05:30,1119774.9433499868,0
2018-08-21 00:00:00+05:30,1119774.9433499868,0
2018-08-23 00:00:00+05:30,1119774.9433499868,0
2018-08-24 00:00:00+05:30,1119774.9433499868,0
2018-08-27 00:00:00+05:30,1119774.9433499868,0
2018-08-28 00:00:00+05:30,1119774.9433499868,0
2018-08-29 00:00:00+05:30,1119774.9433499868,0
2018-08-30 00:00:00+05:30,1119774.9433499868,0
2018-08-31 00:00:00+05:30,1119774.9433499868,0
2018-09-03 00:00:00+05:30,1119774.9433499868,0
2018-09-04 00:00:00+05:30,1119774.9433499868,0
2018-09-05 00:00:00+05:30,1119774.9433499868,0
2018-09-06 00:00:00+05:30,1119774.9433499868,0
2018-09-07 00:00:00+05:30,1119774.9433499868,0
2018-09-10 00:00:00+05:30,1119774.9433499868,0
2018-09-11 00:00:00+05:30,1119774.9433499868,0
2018-09-12 00:00:00+05:30,1119774.9433499868,0
2018-09-14 00:00:00+05:30,1119774.9433499868,0
2018-09-17 00:00:00+05:30,1119774.9433499868,0
2018-09-18 00:00:00+05:30,1119774.9433499868,0
2018-09-19 00:00:00+05:30,1119774.9433499868,0
2018-09-21 00:00:00+05:30,1145012.0432817123,-1
2018-09-24 00:00:00+05:30,1166941.3206254623,-1
2018-09-25 00:00:00+05:30,1154341.3206254623,-1
2018-09-26 00:00:00+05:30,1152733.0296098373,-1
2018-09-27 00:00:00+05:30,1164428.2932817123,-1
2018-09-28 00:00:00+05:30,1161708.8206254623,-1
2018-10-01 00:00:00+05:30,1153058.5569535873,-1
2018-10-03 00:00:00+05:30,1163457.0432817123,-1
2018-10-04 00:00:00+05:30,1172228.0296098373,-1
2018-10-05 00:00:00+05:30,1185382.8342973373,-1
2018-10-08 00:00:00+05:30,1179261.3206254623,-1
2018-10-09 00:00:00+05:30,1182435.7932817123,-1
2018-10-10 00:00:00+05:30,1154644.0842973373,-1
2018-10-11 00:00:00+05:30,1173465.3342973373,-1
2018-10-12 00:00:00+05:30,1152048.8206254623,-1
2018-10-15 00:00:00+05:30,1152321.7796098373,-1
2018-10-16 00:00:00+05:30,1145265.7932817123,-1
2018-10-17 00:00:00+05:30,1159302.5706254623,-1
2018-10-19 00:00:00+05:30,1162900.5296098373,-1
2018-10-22 00:00:00+05:30,1163152.5706254623,-1
2018-10-23 00:00:00+05:30,1166867.8342973373,-1
2018-10-24 00:00:00+05:30,1163656.5842973373,-1
2018-10-25 00:00:00+05:30,1172292.8342973373,-1
2018-10-26 00:00:00+05:30,1186166.7796098373,-1
2018-10-29 00:00:00+05:30,1167314.0842973373,-1
2018-10-30 00:00:00+05:30,1172632.3069535873,-1
2018-10-31 00:00:00+05:30,1160539.8069535873,-1
2018-11-01 00:00:00+05:30,1154575.7932817123,-1
2018-11-02 00:00:00+05:30,1141345.7932817123,-1
2018-11-05 00:00:00+05:30,1140276.5842973373,-1
2018-11-06 00:00:00+05:30,1139458.1613495776,0
2018-11-07 00:00:00+05:30,1139458.1613495776,0
2018-11-09 00:00:00+05:30,1139458.1613495776,0
2018-11-12 00:00:00+05:30,1139458.1613495776,0
2018-11-13 00:00:00+05:30,1139458.1613495776,0
2018-11-14 00:00:00+05:30,1139458.1613495776,0
2018-11-15 00:00:00+05:30,1139458.1613495776,0
2018-11-16 00:00:00+05:30,1139458.1613495776,0
2018-11-19 00:00:00+05:30,1139458.1613495776,0
2018-11-20 00:00:00+05:30,1139458.1613495776,0
2018-11-21 00:00:00+05:30,1139458.1613495776,0
2018-11-22 00:00:00+05:30,1139458.1613495776,0
2018-11-26 00:00:00+05:30,1139458.1613495776,0
2018-11-27 00:00:00+05:30,1139458.1613495776,0
2018-11-28 00:00:00+05:30,1139458.1613495776,0
2018-11-29 00:00:00+05:30,1139458.1613495776,0
2018-11-30 00:00:00+05:30,1139458.1613495776,0
2018-12-03 00:00:00+05:30,1139458.1613495776,0
2018-12-04 00:00:00+05:30,1139458.1613495776,0
2018-12-05 00:00:00+05:30,1139458.1613495776,0
2018-12-06 00:00:00+05:30,1139458.1613495776,0
2018-12-07 00:00:00+05:30,1139458.1613495776,0
2018-12-10 00:00:00+05:30,1139458.1613495776,0
2018-12-11 00:00:00+05:30,1139458.1613495776,0
2018-12-12 00:00:00+05:30,1139458.1613495776,0
2018-12-13 00:00:00+05:30,1139458.1613495776,0
2018-12-14 00:00:00+05:30,1139458.1613495776,0
2018-12-17 00:00:00+05:30,1139458.1613495776,0
2018-12-18 00:00:00+05:30,1139458.1613495776,0
2018-12-19 00:00:00+05:30,1139458.1613495776,0
2018-12-20 00:00:00+05:30,1139458.1613495776,0
2018-12-21 00:00:00+05:30,1139458.1613495776,0
2018-12-24 00:00:00+05:30,1139458.1613495776,0
2018-12-26 00:00:00+05:30,1139458.1613495776,0
2018-12-27 00:00:00+05:30,1139458.1613495776,0
2018-12-28 00:00:00+05:30,1139458.1613495776,0
2018-12-31 00:00:00+05:30,1139458.1613495776,0
2019-01-01 00:00:00+05:30,1139458.1613495776,0
2019-01-02 00:00:00+05:30,1139458.1613495776,0
2019-01-03 00:00:00+05:30,1139458.1613495776,0
2019-01-04 00:00:00+05:30,1139458.1613495776,0
2019-01-07 00:00:00+05:30,1139458.1613495776,0
2019-01-08 00:00:00+05:30,1139458.1613495776,0
2019-01-09 00:00:00+05:30,1139458.1613495776,0
2019-01-10 00:00:00+05:30,1139458.1613495776,0
2019-01-11 00:00:00+05:30,1139458.1613495776,0
2019-01-14 00:00:00+05:30,1139458.1613495776,0
2019-01-15 00:00:00+05:30,1139458.1613495776,0
2019-01-16 00:00:00+05:30,1139458.1613495776,0
2019-01-17 00:00:00+05:30,1139458.1613495776,0
2019-01-18 00:00:00+05:30,1139458.1613495776,0
2019-01-21 00:00:00+05:30,1139458.1613495776,0
2019-01-22 00:00:00+05:30,1139458.1613495776,0
2019-01-23 00:00:00+05:30,1139458.1613495776,0
2019-01-24 00:00:00+05:30,1139458.1613495776,0
2019-01-25 00:00:00+05:30,1139458.1613495776,0
2019-01-28 00:00:00+05:30,1139458.1613495776,0
2019-01-29 00:00:00+05:30,1139458.1613495776,0
2019-01-30 00:00:00+05:30,1139458.1613495776,0
2019-01-31 00:00:00+05:30,1139458.1613495776,0
2019-02-01 00:00:00+05:30,1139458.1613495776,0
2019-02-04 00:00:00+05:30,1139458.1613495776,0
2019-02-05 00:00:00+05:30,1139458.1613495776,0
2019-02-06 00:00:00+05:30,1139458.1613495776,0
2019-02-07 00:00:00+05:30,1139458.1613495776,0
2019-02-08 00:00:00+05:30,1139458.1613495776,0
2019-02-11 00:00:00+05:30,1139458.1613495776,0
2019-02-12 00:00:00+05:30,1139458.1613495776,0
2019-02-14 00:00:00+05:30,1139458.1613495776,0
2019-02-15 00:00:00+05:30,1139458.1613495776,0
2019-02-18 00:00:00+05:30,1139458.1613495776,0
2019-02-19 00:00:00+05:30,1139458.1613495776,0
2019-02-20 00:00:00+05:30,1139458.1613495776,0
2019-02-21 00:00:00+05:30,1139458.1613495776,0
2019-02-22 00:00:00+05:30,1139458.1613495776,0
2019-02-25 00:00:00+05:30,1139458.1613495776,0
2019-02-26 00:00:00+05:30,1139458.1613495776,0
2019-02-27 00:00:00+05:30,1139458.1613495776,0
2019-02-28 00:00:00+05:30,1139458.1613495776,0
2019-03-01 00:00:00+05:30,1139458.1613495776,0
2019-03-05 00:00:00+05:30,1139458.1613495776,0
2019-03-06 00:00:00+05:30,1139458.1613495776,0
2019-03-07 00:00:00+05:30,1139458.1613495776,0
2019-03-08 00:00:00+05:30,1139458.1613495776,0
2019-03-11 00:00:00+05:30,1139458.1613495776,0
2019-03-12 00:00:00+05:30,1139458.1613495776,0
2019-03-13 00:00:00+05:30,1139458.1613495776,0
2019-03-14 00:00:00+05:30,1135435.2605795143,1
2019-03-15 00:00:00+05:30,1151477.4969076393,1
2019-03-18 00:00:00+05:30,1158990.2605795143,1
2019-03-19 00:00:00+05:30,1165001.5105795143,1
2019-03-20 00:00:00+05:30,1167253.7469076393,1
2019-03-22 00:00:00+05:30,1158514.2742513893,1
2019-03-25 00:00:00+05:30,1147968.7469076393,1
2019-03-26 00:00:00+05:30,1169002.0379232643,1
2019-03-27 00:00:00+05:30,1173819.8015951393,1
2019-03-28 00:00:00+05:30,1187846.0515951393,1
2019-04-01 00:00:00+05:30,1184554.2742513893,1
2019-04-02 00:00:00+05:30,1185525.5242513893,1
2019-04-03 00:00:00+05:30,1176392.3015951393,1
2019-04-04 00:00:00+05:30,1169798.2879232643,1
2019-04-05 00:00:00+05:30,1176089.5379232643,1
2019-04-08 00:00:00+05:30,1167712.3015951393,1
2019-04-09 00:00:00+05:30,1177111.5105795143,1
2019-04-10 00:00:00+05:30,1166249.2742513893,1
2019-04-11 00:00:00+05:30,1165640.2605795143,1
2019-04-12 00:00:00+05:30,1170976.0515951393,1
2019-04-15 00:00:00+05:30,1176775.5242513893,1
2019-04-16 00:00:00+05:30,1191724.0105795143,1
2019-04-18 00:00:00+05:30,1180945.7879232643,1
2019-04-22 00:00:00+05:30,1162204.9969076393,1
2019-04-23 00:00:00+05:30,1154916.2469076393,1
2019-04-24 00:00:00+05:30,1168254.8015951393,1
2019-04-25 00:00:00+05:30,1157774.0105795143,1
2019-04-26 00:00:00+05:30,1173599.2742513893,1
2019-04-30 00:00:00+05:30,1164894.8015951393,1
2019-05-02 00:00:00+05:30,1162927.7605795143,1
2019-05-03 00:00:00+05:30,1171522.0379232643,1
2019-05-06 00:00:00+05:30,1159772.4969076393,1
2019-05-07 00:00:00+05:30,1148213.7469076393,1
2019-05-08 00:00:00+05:30,1146765.777445443,0
2019-05-09 00:00:00+05:30,1146765.777445443,0
2019-05-10 00:00:00+05:30,1146765.777445443,0
2019-05-13 00:00:00+05:30,1146765.777445443,0
2019-05-14 00:00:00+05:30,1146765.777445443,0
2019-05-15 00:00:00+05:30,1146765.777445443,0
2019-05-16 00:00:00+05:30,1146765.777445443,0
2019-05-17 00:00:00+05:30,1146765.777445443,0
2019-05-20 00:00:00+05:30,1146765.777445443,0
2019-05-21 00:00:00+05:30,1146765.777445443,0
2019-05-22 00:00:00+05:30,1146765.777445443,0
2019-05-23 00:00:00+05:30,1146765.777445443,0
2019-05-24 00:00:00+05:30,1146765.777445443,0
2019-05-27 00:00:00+05:30,1146765.777445443,0
2019-05-28 00:00:00+05:30,1146765.777445443,0
2019-05-29 00:00:00+05:30,1146765.777445443,0
2019-05-30 00:00:00+05:30,1146765.777445443,0
2019-05-31 00:00:00+05:30,1146765.777445443,0
2019-06-03 00:00:00+05:30,1146765.777445443,0
2019-06-04 00:00:00+05:30,1146765.777445443,0
2019-06-06 00:00:00+05:30,1146765.777445443,0
2019-06-07 00:00:00+05:30,1146765.777445443,0
2019-06-10 00:00:00+05:30,1146765.777445443,0
2019-06-11 00:00:00+05:30,1146765.777445443,0
2019-06-12 00:00:00+05:30,1146765.777445443,0
2019-06-13 00:00:00+05:30,1146765.777445443,0
2019-06-14 00:00:00+05:30,1146765.777445443,0
2019-06-17 00:00:00+05:30,1146765.777445443,0
2019-06-18 00:00:00+05:30,1146765.777445443,0
2019-06-19 00:00:00+05:30,1146765.777445443,0
2019-06-20 00:00:00+05:30,1146765.777445443,0
2019-06-21 00:00:00+05:30,1146765.777445443,0
2019-06-24 00:00:00+05:30,1146765.777445443,0
2019-06-25 00:00:00+05:30,1146765.777445443,0
2019-06-26 00:00:00+05:30,1146765.777445443,0
2019-06-27 00:00:00+05:30,1146765.777445443,0
2019-06-28 00:00:00+05:30,1146765.777445443,0
2019-07-01 00:00:00+05:30,1146765.777445443,0
2019-07-02 00:00:00+05:30,1146765.777445443,0
2019-07-03 00:00:00+05:30,1146765.777445443,0
2019-07-04 00:00:00+05:30,1146765.777445443,0
2019-07-05 00:00:00+05:30,1146765.777445443,0
2019-07-08 00:00:00+05:30,1146765.777445443,0
2019-07-09 00:00:00+05:30,1146765.777445443,0
2019-07-10 00:00:00+05:30,1146765.777445443,0
2019-07-11 00:00:00+05:30,1146765.777445443,0
2019-07-12 00:00:00+05:30,1146765.777445443,0
2019-07-15 00:00:00+05:30,1146765.777445443,0
2019-07-16 00:00:00+05:30,1146765.777445443,0
2019-07-17 00:00:00+05:30,1146765.777445443,0
2019-07-18 00:00:00+05:30,1146765.777445443,0
2019-07-19 00:00:00+05:30,1146765.777445443,0
2019-07-22 00:00:00+05:30,1146765.777445443,0
2019-07-23 00:00:00+05:30,1146765.777445443,0
2019-07-24 00:00:00+05:30,1150924.1281799916,-1
2019-07-25 00:00:00+05:30,1147746.1008362416,-1
2019-07-26 00:00:00+05:30,1137867.3508362416,-1
2019-07-29 00:00:00+05:30,1138896.3645081166,-1
2019-07-30 00:00:00+05:30,1156546.8918518666,-1
2019-07-31 00:00:00+05:30,1153592.8781799916,-1
2019-08-01 00:00:00+05:30,1171399.1281799916,-1
2019-08-02 00:00:00+05:30,1177079.6555237416,-1
2019-08-05 00:00:00+05:30,1196571.1008362416,-1
2019-08-06 00:00:00+05:30,1183479.3918518666,-1
2019-08-07 00:00:00+05:30,1194681.1008362416,-1
2019-08-08 00:00:00+05:30,1180387.1555237416,-1
2019-08-09 00:00:00+05:30,1169136.3645081166,-1
2019-08-13 00:00:00+05:30,1193734.3918518666,-1
2019-08-14 00:00:00+05:30,1183580.9055237416,-1
2019-08-16 00:00:00+05:30,1176657.8781799916,-1
2019-08-19 00:00:00+05:30,1177739.3918518666,-1
2019-08-20 00:00:00+05:30,1184867.1555237416,-1
2019-08-21 00:00:00+05:30,1194086.1008362416,-1
2019-08-22 00:00:00+05:30,1218055.9055237416,-1
2019-08-23 00:00:00+05:30,1220700.1145081166,-1
2019-08-26 00:00:00+05:30,1185955.6418518666,-1
2019-08-27 00:00:00+05:30,1179837.6145081166,-1
2019-08-28 00:00:00+05:30,1191102.3508362416,-1
2019-08-29 00:00:00+05:30,1208570.9055237416,-1
2019-08-30 00:00:00+05:30,1204278.1418518666,-1
2019-09-03 00:00:00+05:30,1225407.6145081166,-1
2019-09-04 00:00:00+05:30,1214918.1418518666,-1
2019-09-05 00:00:00+05:30,1222063.4055237416,-1
2019-09-06 00:00:00+05:30,1210576.3645081166,-1
2019-09-09 00:00:00+05:30,1201590.1145081166,-1
2019-09-11 00:00:00+05:30,1192085.9055237416,-1
2019-09-12 00:00:00+05:30,1190605.3781799916,-1
2019-09-13 00:00:00+05:30,1180796.6281799916,-1
2019-09-16 00:00:00+05:30,1189327.8781799916,-1
2019-09-17 00:00:00+05:30,1214641.6281799916,-1
2019-09-18 00:00:00+05:30,1213210.1145081166,-1
2019-09-19 00:00:00+05:30,1227735.1145081166,-1
2019-09-20 00:00:00+05:30,1146196.27684469,0
2019-09-23 00:00:00+05:30,1146196.27684469,0
2019-09-24 00:00:00+05:30,1146196.27684469,0
2019-09-25 00:00:00+05:30,1146196.27684469,0
2019-09-26 00:00:00+05:30,1146196.27684469,0
2019-09-27 00:00:00+05:30,1146196.27684469,0
2019-09-30 00:00:00+05:30,1146196.27684469,0
2019-10-01 00:00:00+05:30,1146196.27684469,0
2019-10-03 00:00:00+05:30,1146196.27684469,0
2019-10-04 00:00:00+05:30,1146196.27684469,0
2019-10-07 00:00:00+05:30,1146196.27684469,0
2019-10-09 00:00:00+05:30,1146196.27684469,0
2019-10-10 00:00:00+05:30,1146196.27684469,0
2019-10-11 00:00:00+05:30,1146196.27684469,0
2019-10-14 00:00:00+05:30,1146196.27684469,0
2019-10-15 00:00:00+05:30,1146196.27684469,0
2019-10-16 00:00:00+05:30,1146196.27684469,0
2019-10-17 00:00:00+05:30,1146196.27684469,0
2019-10-18 00:00:00+05:30,1146196.27684469,0
2019-10-22 00:00:00+05:30,1146196.27684469,0
2019-10-23 00:00:00+05:30,1146196.27684469,0
2019-10-24 00:00:00+05:30,1146196.27684469,0
2019-10-25 00:00:00+05:30,1146196.27684469,0
2019-10-29 00:00:00+05:30,1146196.27684469,0
2019-10-30 00:00:00+05:30,1146196.27684469,0
2019-10-31 00:00:00+05:30,1146196.27684469,0
2019-11-01 00:00:00+05:30,1146196.27684469,0
2019-11-04 00:00:00+05:30,1146196.27684469,0
2019-11-05 00:00:00+05:30,1146196.27684469,0
2019-11-06 00:00:00+05:30,1146196.27684469,0
2019-11-07 00:00:00+05:30,1146196.27684469,0
2019-11-08 00:00:00+05:30,1146196.27684469,0
2019-11-11 00:00:00+05:30,1146196.27684469,0
2019-11-13 00:00:00+05:30,1146196.27684469,0
2019-11-14 00:00:00+05:30,1146196.27684469,0
2019-11-15 00:00:00+05:30,1146196.27684469,0
2019-11-18 00:00:00+05:30,1146196.27684469,0
2019-11-19 00:00:00+05:30,1146196.27684469,0
2019-11-20 00:00:00+05:30,1148005.8023071978,1
2019-11-21 00:00:00+05:30,1147869.2886353228,1
2019-11-22 00:00:00+05:30,1139527.0523071978,1
2019-11-25 00:00:00+05:30,1155077.5796509478,1
2019-11-26 00:00:00+05:30,1160763.3023071978,1
2019-11-27 00:00:00+05:30,1166279.2886353228,1
2019-11-28 00:00:00+05:30,1174924.2886353228,1
2019-11-29 00:00:00+05:30,1168734.5523071978,1
2019-12-02 00:00:00+05:30,1166121.7886353228,1
2019-12-03 00:00:00+05:30,1157088.3023071978,1
2019-12-04 00:00:00+05:30,1169896.5933228228,1
2019-12-05 00:00:00+05:30,1160574.2886353228,1
2019-12-06 00:00:00+05:30,1145586.9369781746,0
2019-12-09 00:00:00+05:30,1145586.9369781746,0
2019-12-10 00:00:00+05:30,1145586.9369781746,0
2019-12-11 00:00:00+05:30,1145586.9369781746,0
2019-12-12 00:00:00+05:30,1145586.9369781746,0
2019-12-13 00:00:00+05:30,1145586.9369781746,0
2019-12-16 00:00:00+05:30,1145586.9369781746,0
2019-12-17 00:00:00+05:30,1145586.9369781746,0
2019-12-18 00:00:00+05:30,1145586.9369781746,0
2019-12-19 00:00:00+05:30,1143826.8244689833,1
2019-12-20 00:00:00+05:30,1148849.3244689833,1
2019-12-23 00:00:00+05:30,1147256.8244689833,1
2019-12-24 00:00:00+05:30,1145202.3518127333,1
2019-12-26 00:00:00+05:30,1135295.5744689833,1
2019-12-27 00:00:00+05:30,1149808.3381408583,1
2019-12-30 00:00:00+05:30,1147797.6154846083,1
2019-12-31 00:00:00+05:30,1141033.8654846083,1
2020-01-01 00:00:00+05:30,1138977.6154846083,1
2020-01-02 00:00:00+05:30,1150910.8381408583,1
2020-01-03 00:00:00+05:30,1137799.8518127333,1
2020-01-06 00:00:00+05:30,1120279.7825388701,0
2020-01-07 00:00:00+05:30,1120279.7825388701,0
2020-01-08 00:00:00+05:30,1120279.7825388701,0
2020-01-09 00:00:00+05:30,1120279.7825388701,0
2020-01-10 00:00:00+05:30,1120279.7825388701,0
2020-01-13 00:00:00+05:30,1120279.7825388701,0
2020-01-14 00:00:00+05:30,1120279.7825388701,0
2020-01-15 00:00:00+05:30,1120279.7825388701,0
2020-01-16 00:00:00+05:30,1120279.7825388701,0
2020-01-17 00:00:00+05:30,1120279.7825388701,0
2020-01-20 00:00:00+05:30,1120279.7825388701,0
2020-01-21 00:00:00+05:30,1120279.7825388701,0
2020-01-22 00:00:00+05:30,1120279.7825388701,0
2020-01-23 00:00:00+05:30,1120279.7825388701,0
2020-01-24 00:00:00+05:30,1120279.7825388701,0
2020-01-27 00:00:00+05:30,1120279.7825388701,0
2020-01-28 00:00:00+05:30,1120279.7825388701,0
2020-01-29 00:00:00+05:30,1120279.7825388701,0
2020-01-30 00:00:00+05:30,1120279.7825388701,0
2020-01-31 00:00:00+05:30,1120279.7825388701,0
2020-02-03 00:00:00+05:30,1120279.7825388701,0
2020-02-04 00:00:00+05:30,1103958.2383257488,-1
2020-02-05 00:00:00+05:30,1092924.4883257488,-1
2020-02-06 00:00:00+05:30,1090082.1741447411,0
2020-02-07 00:00:00+05:30,1090082.1741447411,0
2020-02-10 00:00:00+05:30,1090082.1741447411,0
2020-02-11 00:00:00+05:30,1090082.1741447411,0
2020-02-12 00:00:00+05:30,1090082.1741447411,0
2020-02-13 00:00:00+05:30,1090082.1741447411,0
2020-02-14 00:00:00+05:30,1090082.1741447411,0
2020-02-17 00:00:00+05:30,1090082.1741447411,0
2020-02-18 00:00:00+05:30,1090082.1741447411,0
2020-02-19 00:00:00+05:30,1090082.1741447411,0
2020-02-20 00:00:00+05:30,1090082.1741447411,0
2020-02-24 00:00:00+05:30,1090082.1741447411,0
2020-02-25 00:00:00+05:30,1090082.1741447411,0
2020-02-26 00:00:00+05:30,1090082.1741447411,0
2020-02-27 00:00:00+05:30,1090082.1741447411,0
2020-02-28 00:00:00+05:30,1090082.1741447411,0
2020-03-02 00:00:00+05:30,1118709.3795927558,-1
2020-03-03 00:00:00+05:30,1107906.6159208808,-1
2020-03-04 00:00:00+05:30,1126223.9206083808,-1
2020-03-05 00:00:00+05:30,1120566.1569365058,-1
2020-03-06 00:00:00+05:30,1156052.6706083808,-1
2020-03-09 00:00:00+05:30,1202912.4069365058,-1
2020-03-11 00:00:00+05:30,1202030.3659208808,-1
2020-03-12 00:00:00+05:30,1290113.1295927558,-1
2020-03-13 00:00:00+05:30,1248277.6706083808,-1
2020-03-16 00:00:00+05:30,1320563.1295927558,-1
2020-03-17 00:00:00+05:30,1353673.1295927558,-1
2020-03-18 00:00:00+05:30,1408796.4206083808,-1
2020-03-19 00:00:00+05:30,1426180.8932646308,-1
2020-03-20 00:00:00+05:30,1417987.4069365058,-1
2020-03-23 00:00:00+05:30,1536985.6295927558,-1
2020-03-24 00:00:00+05:30,1530347.8659208808,-1
2020-03-25 00:00:00+05:30,1482266.6159208808,-1
2020-03-26 00:00:00+05:30,1442616.8795927558,-1
2020-03-27 00:00:00+05:30,1430188.3932646308,-1
2020-03-30 00:00:00+05:30,1471719.3795927558,-1
2020-03-31 00:00:00+05:30,1459063.3932646308,-1
2020-04-01 00:00:00+05:30,1491811.1569365058,-1
2020-04-03 00:00:00+05:30,1525377.8659208808,-1
2020-04-07 00:00:00+05:30,1461915.8932646308,-1
2020-04-08 00:00:00+05:30,1465977.6706083808,-1
2020-04-09 00:00:00+05:30,1432127.4069365058,-1
2020-04-13 00:00:00+05:30,1447023.3932646308,-1
2020-04-15 00:00:00+05:30,1462106.6159208808,-1
2020-04-16 00:00:00+05:30,1450103.3932646308,-1
2020-04-17 00:00:00+05:30,1405252.6706083808,-1
2020-04-20 00:00:00+05:30,1410810.6295927558,-1
2020-04-21 00:00:00+05:30,1449776.1569365058,-1
2020-04-22 00:00:00+05:30,1439538.6569365058,-1
2020-04-23 00:00:00+05:30,1419725.1706083808,-1
2020-04-24 00:00:00+05:30,1443570.6295927558,-1
2020-04-27 00:00:00+05:30,1426263.1295927558,-1
2020-04-28 00:00:00+05:30,1405614.9069365058,-1
2020-04-29 00:00:00+05:30,1390946.4206083808,-1
2020-04-30 00:00:00+05:30,1375395.8932646308,-1
2020-05-04 00:00:00+05:30,1438072.1432646308,-1
2020-05-05 00:00:00+05:30,1454592.1432646308,-1
2020-05-06 00:00:00+05:30,1439794.1159208808,-1
2020-05-07 00:00:00+05:30,1446890.3659208808,-1
2020-05-08 00:00:00+05:30,1451751.8795927558,-1
2020-05-11 00:00:00+05:30,1465835.8932646308,-1
2020-05-12 00:00:00+05:30,1468903.6569365058,-1
2020-05-13 00:00:00+05:30,1441880.1706083808,-1
2020-05-14 00:00:00+05:30,1461705.8932646308,-1
2020-05-15 00:00:00+05:30,1469915.1706083808,-1
2020-05-18 00:00:00+05:30,1514041.4206083808,-1
2020-05-19 00:00:00+05:30,1517084.6432646308,-1
2020-05-20 00:00:00+05:30,1504696.4206083808,-1
2020-05-21 00:00:00+05:30,1508374.9069365058,-1
2020-05-22 00:00:00+05:30,1524341.8795927558,-1
2020-05-26 00:00:00+05:30,1518691.1569365058,-1
2020-05-27 00:00:00+05:30,1474234.1159208808,-1
2020-05-28 00:00:00+05:30,1458160.3659208808,-1
2020-05-29 00:00:00+05:30,1453699.6432646308,-1
2020-06-01 00:00:00+05:30,1430506.8795927558,-1
2020-06-02 00:00:00+05:30,1424653.4529993765,0
2020-06-03 00:00:00+05:30,1424653.4529993765,0
2020-06-04 00:00:00+05:30,1424653.4529993765,0
2020-06-05 00:00:00+05:30,1424653.4529993765,0
2020-06-08 00:00:00+05:30,1424653.4529993765,0
2020-06-09 00:00:00+05:30,1424653.4529993765,0
2020-06-10 00:00:00+05:30,1424653.4529993765,0
2020-06-11 00:00:00+05:30,1424653.4529993765,0
2020-06-12 00:00:00+05:30,1424653.4529993765,0
2020-06-15 00:00:00+05:30,1424653.4529993765,0
2020-06-16 00:00:00+05:30,1424653.4529993765,0
2020-06-17 00:00:00+05:30,1424653.4529993765,0
2020-06-18 00:00:00+05:30,1424653.4529993765,0
2020-06-19 00:00:00+05:30,1424653.4529993765,0
2020-06-22 00:00:00+05:30,1424653.4529993765,0
2020-06-23 00:00:00+05:30,1424653.4529993765,0
2020-06-24 00:00:00+05:30,1424653.4529993765,0
2020-06-25 00:00:00+05:30,1424653.4529993765,0
2020-06-26 00:00:00+05:30,1424653.4529993765,0
2020-06-29 00:00:00+05:30,1424653.4529993765,0
2020-06-30 00:00:00+05:30,1424653.4529993765,0
2020-07-01 00:00:00+05:30,1424653.4529993765,0
2020-07-02 00:00:00+05:30,1424653.4529993765,0
2020-07-03 00:00:00+05:30,1424653.4529993765,0
2020-07-06 00:00:00+05:30,1424653.4529993765,0
2020-07-07 00:00:00+05:30,1424653.4529993765,0
2020-07-08 00:00:00+05:30,1424653.4529993765,0
2020-07-09 00:00:00+05:30,1424653.4529993765,0
2020-07-10 00:00:00+05:30,1424653.4529993765,0
2020-07-13 00:00:00+05:30,1424653.4529993765,0
2020-07-14 00:00:00+05:30,1424653.4529993765,0
2020-07-15 00:00:00+05:30,1424653.4529993765,0
2020-07-16 00:00:00+05:30,1424653.4529993765,0
2020-07-17 00:00:00+05:30,1424653.4529993765,0
2020-07-20 00:00:00+05:30,1424653.4529993765,0
2020-07-21 00:00:00+05:30,1424653.4529993765,0
2020-07-22 00:00:00+05:30,1424653.4529993765,0
2020-07-23 00:00:00+05:30,1424653.4529993765,0
2020-07-24 00:00:00+05:30,1424653.4529993765,0
2020-07-27 00:00:00+05:30,1424653.4529993765,0
2020-07-28 00:00:00+05:30,1424653.4529993765,0
2020-07-29 00:00:00+05:30,1424653.4529993765,0
2020-07-30 00:00:00+05:30,1424653.4529993765,0
2020-07-31 00:00:00+05:30,1424653.4529993765,0
2020-08-03 00:00:00+05:30,1424653.4529993765,0
2020-08-04 00:00:00+05:30,1424653.4529993765,0
2020-08-05 00:00:00+05:30,1424653.4529993765,0
2020-08-06 00:00:00+05:30,1424653.4529993765,0
2020-08-07 00:00:00+05:30,1424653.4529993765,0
2020-08-10 00:00:00+05:30,1424653.4529993765,0
2020-08-11 00:00:00+05:30,1424653.4529993765,0
2020-08-12 00:00:00+05:30,1424653.4529993765,0
2020-08-13 00:00:00+05:30,1424653.4529993765,0
2020-08-14 00:00:00+05:30,1424653.4529993765,0
2020-08-17 00:00:00+05:30,1424653.4529993765,0
2020-08-18 00:00:00+05:30,1424653.4529993765,0
2020-08-19 00:00:00+05:30,1424653.4529993765,0
2020-08-20 00:00:00+05:30,1424653.4529993765,0
2020-08-21 00:00:00+05:30,1424653.4529993765,0
2020-08-24 00:00:00+05:30,1424653.4529993765,0
2020-08-25 00:00:00+05:30,1424653.4529993765,0
2020-08-26 00:00:00+05:30,1424653.4529993765,0
2020-08-27 00:00:00+05:30,1424653.4529993765,0
2020-08-28 00:00:00+05:30,1424653.4529993765,0
2020-08-31 00:00:00+05:30,1424653.4529993765,0
2020-09-01 00:00:00+05:30,1424653.4529993765,0
2020-09-02 00:00:00+05:30,1424653.4529993765,0
2020-09-03 00:00:00+05:30,1424653.4529993765,0
2020-09-04 00:00:00+05:30,1424653.4529993765,0
2020-09-07 00:00:00+05:30,1424653.4529993765,0
2020-09-08 00:00:00+05:30,1424653.4529993765,0
2020-09-09 00:00:00+05:30,1424653.4529993765,0
2020-09-10 00:00:00+05:30,1424653.4529993765,0
2020-09-11 00:00:00+05:30,1424653.4529993765,0
2020-09-14 00:00:00+05:30,1424653.4529993765,0
2020-09-15 00:00:00+05:30,1424653.4529993765,0
2020-09-16 00:00:00+05:30,1424653.4529993765,0
2020-09-17 00:00:00+05:30,1424653.4529993765,0
2020-09-18 00:00:00+05:30,1424653.4529993765,0
2020-09-21 00:00:00+05:30,1424653.4529993765,0
2020-09-22 00:00:00+05:30,1424653.4529993765,0
2020-09-23 00:00:00+05:30,1424653.4529993765,0
2020-09-24 00:00:00+05:30,1424653.4529993765,0
2020-09-25 00:00:00+05:30,1424653.4529993765,0
2020-09-28 00:00:00+05:30,1424653.4529993765,0
2020-09-29 00:00:00+05:30,1424653.4529993765,0
2020-09-30 00:00:00+05:30,1424653.4529993765,0
2020-10-01 00:00:00+05:30,1424653.4529993765,0
2020-10-05 00:00:00+05:30,1424653.4529993765,0
2020-10-06 00:00:00+05:30,1424653.4529993765,0
2020-10-07 00:00:00+05:30,1424653.4529993765,0
2020-10-08 00:00:00+05:30,1424653.4529993765,0
2020-10-09 00:00:00+05:30,1424653.4529993765,0
2020-10-12 00:00:00+05:30,1424653.4529993765,0
2020-10-13 00:00:00+05:30,1424653.4529993765,0
2020-10-14 00:00:00+05:30,1424653.4529993765,0
2020-10-15 00:00:00+05:30,1424653.4529993765,0
2020-10-16 00:00:00+05:30,1424653.4529993765,0
2020-10-19 00:00:00+05:30,1424653.4529993765,0
2020-10-20 00:00:00+05:30,1431189.4986320825,1
2020-10-21 00:00:00+05:30,1442503.2486320825,1
2020-10-22 00:00:00+05:30,1437221.7349602075,1
2020-10-23 00:00:00+05:30,1437016.9986320825,1
2020-10-26 00:00:00+05:30,1422917.1939445825,1
2020-10-27 00:00:00+05:30,1447208.9712883325,1
2020-10-28 00:00:00+05:30,1424173.005772519,0
2020-10-29 00:00:00+05:30,1424173.005772519,0
2020-10-30 00:00:00+05:30,1424173.005772519,0
2020-11-02 00:00:00+05:30,1424173.005772519,0
2020-11-03 00:00:00+05:30,1444011.177002955,1
2020-11-04 00:00:00+05:30,1447119.13598733,1
2020-11-05 00:00:00+05:30,1466071.63598733,1
2020-11-06 00:00:00+05:30,1483076.372315455,1
2020-11-09 00:00:00+05:30,1508806.63598733,1
2020-11-10 00:00:00+05:30,1546323.149659205,1
2020-11-11 00:00:00+05:30,1554688.149659205,1
2020-11-12 00:00:00+05:30,1534871.177002955,1
2020-11-13 00:00:00+05:30,1541412.622315455,1
2020-11-17 00:00:00+05:30,1566458.677002955,1
2020-11-18 00:00:00+05:30,1586357.88598733,1
2020-11-19 00:00:00+05:30,1556719.927002955,1
2020-11-20 00:00:00+05:30,1568373.149659205,1
2020-11-23 00:00:00+05:30,1560960.122315455,1
2020-11-24 00:00:00+05:30,1585916.899659205,1
2020-11-25 00:00:00+05:30,1566987.16333108,1
2020-11-26 00:00:00+05:30,1579354.399659205,1
2020-11-27 00:00:00+05:30,1581429.927002955,1
2020-12-01 00:00:00+05:30,1588737.88598733,1
2020-12-02 00:00:00+05:30,1576323.41333108,1
2020-12-03 00:00:00+05:30,1575819.399659205,1
2020-12-04 00:00:00+05:30,1596947.16333108,1
2020-12-07 00:00:00+05:30,1602517.427002955,1
2020-12-08 00:00:00+05:30,1604279.66333108,1
2020-12-09 00:00:00+05:30,1619942.16333108,1
2020-12-10 00:00:00+05:30,1612975.38598733,1
2020-12-11 00:00:00+05:30,1616282.88598733,1
2020-12-14 00:00:00+05:30,1621219.66333108,1
2020-12-15 00:00:00+05:30,1619299.927002955,1
2020-12-16 00:00:00+05:30,1619557.16333108,1
2020-12-17 00:00:00+05:30,1624759.927002955,1
2020-12-18 00:00:00+05:30,1620125.91333108,1
2020-12-21 00:00:00+05:30,1576088.872315455,1
2020-12-22 00:00:00+05:30,1582021.372315455,1
2020-12-23 00:00:00+05:30,1591028.677002955,1
2020-12-24 00:00:00+05:30,1609190.122315455,1
2020-12-28 00:00:00+05:30,1625946.372315455,1
2020-12-29 00:00:00+05:30,1641400.649659205,1
2020-12-30 00:00:00+05:30,1640719.927002955,1
2020-12-31 00:00:00+05:30,1639354.927002955,1
2021-01-01 00:00:00+05:30,1638017.88598733,1
2021-01-04 00:00:00+05:30,1637548.872315455,1
2021-01-05 00:00:00+05:30,1655391.899659205,1
2021-01-06 00:00:00+05:30,1658039.66333108,1
2021-01-07 00:00:00+05:30,1663573.149659205,1
2021-01-08 00:00:00+05:30,1668060.122315455,1
2021-01-11 00:00:00+05:30,1665074.66333108,1
2021-01-12 00:00:00+05:30,1676978.149659205,1
2021-01-13 00:00:00+05:30,1685225.91333108,1
2021-01-14 00:00:00+05:30,1683304.399659205,1
2021-01-15 00:00:00+05:30,1673751.177002955,1
2021-01-18 00:00:00+05:30,1658524.399659205,1
2021-01-19 00:00:00+05:30,1679982.88598733,1
2021-01-20 00:00:00+05:30,1684142.622315455,1
2021-01-21 00:00:00+05:30,1671654.66333108,1
2021-01-22 00:00:00+05:30,1635966.899659205,1
2021-01-25 00:00:00+05:30,1637057.16333108,1
2021-01-27 00:00:00+05:30,1605072.427002955,1
2021-01-28 00:00:00+05:30,1588028.059231329,0
2021-01-29 00:00:00+05:30,1588028.059231329,0
2021-02-01 00:00:00+05:30,1588028.059231329,0
2021-02-02 00:00:00+05:30,1588028.059231329,0
2021-02-03 00:00:00+05:30,1588028.059231329,0
2021-02-04 00:00:00+05:30,1588028.059231329,0
2021-02-05 00:00:00+05:30,1588028.059231329,0
2021-02-08 00:00:00+05:30,1588028.059231329,0
2021-02-09 00:00:00+05:30,1588028.059231329,0
2021-02-10 00:00:00+05:30,1588028.059231329,0
2021-02-11 00:00:00+05:30,1588028.059231329,0
2021-02-12 00:00:00+05:30,1588028.059231329,0
2021-02-15 00:00:00+05:30,1588028.059231329,0
2021-02-16 00:00:00+05:30,1588028.059231329,0
2021-02-17 00:00:00+05:30,1588028.059231329,0
2021-02-18 00:00:00+05:30,1588028.059231329,0
2021-02-19 00:00:00+05:30,1588028.059231329,0
2021-02-22 00:00:00+05:30,1588028.059231329,0
2021-02-23 00:00:00+05:30,1588028.059231329,0
2021-02-24 00:00:00+05:30,1588028.059231329,0
2021-02-25 00:00:00+05:30,1588028.059231329,0
2021-02-26 00:00:00+05:30,1588028.059231329,0
2021-03-01 00:00:00+05:30,1588028.059231329,0
2021-03-02 00:00:00+05:30,1588028.059231329,0
2021-03-03 00:00:00+05:30,1588028.059231329,0
2021-03-04 00:00:00+05:30,1588028.059231329,0
2021-03-05 00:00:00+05:30,1588028.059231329,0
2021-03-08 00:00:00+05:30,1588028.059231329,0
2021-03-09 00:00:00+05:30,1588028.059231329,0
2021-03-10 00:00:00+05:30,1588028.059231329,0
2021-03-12 00:00:00+05:30,1588028.059231329,0
2021-03-15 00:00:00+05:30,1588028.059231329,0
2021-03-16 00:00:00+05:30,1588028.059231329,0
2021-03-17 00:00:00+05:30,1588028.059231329,0
2021-03-18 00:00:00+05:30,1588028.059231329,0
2021-03-19 00:00:00+05:30,1588028.059231329,0
2021-03-22 00:00:00+05:30,1588028.059231329,0
2021-03-23 00:00:00+05:30,1588028.059231329,0
2021-03-24 00:00:00+05:30,1588028.059231329,0
2021-03-25 00:00:00+05:30,1588028.059231329,0
2021-03-26 00:00:00+05:30,1588028.059231329,0
2021-03-30 00:00:00+05:30,1588028.059231329,0
2021-03-31 00:00:00+05:30,1588028.059231329,0
2021-04-01 00:00:00+05:30,1588028.059231329,0
2021-04-05 00:00:00+05:30,1588028.059231329,0
2021-04-06 00:00:00+05:30,1588028.059231329,0
2021-04-07 00:00:00+05:30,1588028.059231329,0
2021-04-08 00:00:00+05:30,1588028.059231329,0
2021-04-09 00:00:00+05:30,1588028.059231329,0
2021-04-12 00:00:00+05:30,1588028.059231329,0
2021-04-13 00:00:00+05:30,1588028.059231329,0
2021-04-15 00:00:00+05:30,1588028.059231329,0
2021-04-16 00:00:00+05:30,1588028.059231329,0
2021-04-19 00:00:00+05:30,1588028.059231329,0
2021-04-20 00:00:00+05:30,1588028.059231329,0
2021-04-22 00:00:00+05:30,1588028.059231329,0
2021-04-23 00:00:00+05:30,1588028.059231329,0
2021-04-26 00:00:00+05:30,1588028.059231329,0
2021-04-27 00:00:00+05:30,1588028.059231329,0
2021-04-28 00:00:00+05:30,1588028.059231329,0
2021-04-29 00:00:00+05:30,1588028.059231329,0
2021-04-30 00:00:00+05:30,1588028.059231329,0
2021-05-03 00:00:00+05:30,1588028.059231329,0
2021-05-04 00:00:00+05:30,1588028.059231329,0
2021-05-05 00:00:00+05:30,1588028.059231329,0
2021-05-06 00:00:00+05:30,1588028.059231329,0
2021-05-07 00:00:00+05:30,1588028.059231329,0
2021-05-10 00:00:00+05:30,1588028.059231329,0
2021-05-11 00:00:00+05:30,1588028.059231329,0
2021-05-12 00:00:00+05:30,1588028.059231329,0
2021-05-14 00:00:00+05:30,1588028.059231329,0
2021-05-17 00:00:00+05:30,1588028.059231329,0
2021-05-18 00:00:00+05:30,1588028.059231329,0
2021-05-19 00:00:00+05:30,1588028.059231329,0
2021-05-20 00:00:00+05:30,1588028.059231329,0
2021-05-21 00:00:00+05:30,1588028.059231329,0
2021-05-24 00:00:00+05:30,1588028.059231329,0
2021-05-25 00:00:00+05:30,1588028.059231329,0
2021-05-26 00:00:00+05:30,1588028.059231329,0
2021-05-27 00:00:00+05:30,1588028.059231329,0
2021-05-28 00:00:00+05:30,1588028.059231329,0
2021-05-31 00:00:00+05:30,1588028.059231329,0
2021-06-01 00:00:00+05:30,1588028.059231329,0
2021-06-02 00:00:00+05:30,1588028.059231329,0
2021-06-03 00:00:00+05:30,1588028.059231329,0
2021-06-04 00:00:00+05:30,1588028.059231329,0
2021-06-07 00:00:00+05:30,1588028.059231329,0
2021-06-08 00:00:00+05:30,1588028.059231329,0
2021-06-09 00:00:00+05:30,1588028.059231329,0
2021-06-10 00:00:00+05:30,1588028.059231329,0
2021-06-11 00:00:00+05:30,1588028.059231329,0
2021-06-14 00:00:00+05:30,1588028.059231329,0
2021-06-15 00:00:00+05:30,1588028.059231329,0
2021-06-16 00:00:00+05:30,1588028.059231329,0
2021-06-17 00:00:00+05:30,1588028.059231329,0
2021-06-18 00:00:00+05:30,1588028.059231329,0
2021-06-21 00:00:00+05:30,1588028.059231329,0
2021-06-22 00:00:00+05:30,1588028.059231329,0
2021-06-23 00:00:00+05:30,1588028.059231329,0
2021-06-24 00:00:00+05:30,1588028.059231329,0
2021-06-25 00:00:00+05:30,1588028.059231329,0
2021-06-28 00:00:00+05:30,1588028.059231329,0
2021-06-29 00:00:00+05:30,1588028.059231329,0
2021-06-30 00:00:00+05:30,1588028.059231329,0
2021-07-01 00:00:00+05:30,1588028.059231329,0
2021-07-02 00:00:00+05:30,1588028.059231329,0
2021-07-05 00:00:00+05:30,1588028.059231329,0
2021-07-06 00:00:00+05:30,1588028.059231329,0
2021-07-07 00:00:00+05:30,1588028.059231329,0
2021-07-08 00:00:00+05:30,1588028.059231329,0
2021-07-09 00:00:00+05:30,1588028.059231329,0
2021-07-12 00:00:00+05:30,1588028.059231329,0
2021-07-13 00:00:00+05:30,1588028.059231329,0
2021-07-14 00:00:00+05:30,1588028.059231329,0
2021-07-15 00:00:00+05:30,1588028.059231329,0
2021-07-16 00:00:00+05:30,1588028.059231329,0
2021-07-19 00:00:00+05:30,1588028.059231329,0
2021-07-20 00:00:00+05:30,1588028.059231329,0
2021-07-22 00:00:00+05:30,1588028.059231329,0
2021-07-23 00:00:00+05:30,1588028.059231329,0
2021-07-26 00:00:00+05:30,1588028.059231329,0
2021-07-27 00:00:00+05:30,1588028.059231329,0
2021-07-28 00:00:00+05:30,1588028.059231329,0
2021-07-29 00:00:00+05:30,1588028.059231329,0
2021-07-30 00:00:00+05:30,1588028.059231329,0
2021-08-02 00:00:00+05:30,1588028.059231329,0
2021-08-03 00:00:00+05:30,1588028.059231329,0
2021-08-04 00:00:00+05:30,1588028.059231329,0
2021-08-05 00:00:00+05:30,1588028.059231329,0
2021-08-06 00:00:00+05:30,1588028.059231329,0
2021-08-09 00:00:00+05:30,1588028.059231329,0
2021-08-10 00:00:00+05:30,1588028.059231329,0
2021-08-11 00:00:00+05:30,1588028.059231329,0
2021-08-12 00:00:00+05:30,1588028.059231329,0
2021-08-13 00:00:00+05:30,1588028.059231329,0
2021-08-16 00:00:00+05:30,1588028.059231329,0
2021-08-17 00:00:00+05:30,1588028.059231329,0
2021-08-18 00:00:00+05:30,1588028.059231329,0
2021-08-20 00:00:00+05:30,1588028.059231329,0
2021-08-23 00:00:00+05:30,1588028.059231329,0
2021-08-24 00:00:00+05:30,1588028.059231329,0
2021-08-25 00:00:00+05:30,1588028.059231329,0
2021-08-26 00:00:00+05:30,1588028.059231329,0
2021-08-27 00:00:00+05:30,1588028.059231329,0
2021-08-30 00:00:00+05:30,1588028.059231329,0
2021-08-31 00:00:00+05:30,1588028.059231329,0
2021-09-01 00:00:00+05:30,1588028.059231329,0
2021-09-02 00:00:00+05:30,1588028.059231329,0
2021-09-03 00:00:00+05:30,1588028.059231329,0
2021-09-06 00:00:00+05:30,1588028.059231329,0
2021-09-07 00:00:00+05:30,1588028.059231329,0
2021-09-08 00:00:00+05:30,1588028.059231329,0
2021-09-09 00:00:00+05:30,1588028.059231329,0
2021-09-13 00:00:00+05:30,1588028.059231329,0
2021-09-14 00:00:00+05:30,1588028.059231329,0
2021-09-15 00:00:00+05:30,1588028.059231329,0
2021-09-16 00:00:00+05:30,1588028.059231329,0
2021-09-17 00:00:00+05:30,1588028.059231329,0
2021-09-20 00:00:00+05:30,1579135.3695142826,1
2021-09-21 00:00:00+05:30,1582290.7015455326,1
2021-09-22 00:00:00+05:30,1572098.5921705326,1
2021-09-23 00:00:00+05:30,1601045.3695142826,1
2021-09-24 00:00:00+05:30,1603096.4242017826,1
2021-09-27 00:00:00+05:30,1615029.6468580326,1
2021-09-28 00:00:00+05:30,1587309.2127241015,0
2021-09-29 00:00:00+05:30,1587309.2127241015,0
2021-09-30 00:00:00+05:30,1587309.2127241015,0
2021-10-01 00:00:00+05:30,1587309.2127241015,0
2021-10-04 00:00:00+05:30,1587309.2127241015,0
2021-10-05 00:00:00+05:30,1587309.2127241015,0
2021-10-06 00:00:00+05:30,1587309.2127241015,0
2021-10-07 00:00:00+05:30,1587309.2127241015,0
2021-10-08 00:00:00+05:30,1587309.2127241015,0
2021-10-11 00:00:00+05:30,1587309.2127241015,0
2021-10-12 00:00:00+05:30,1587309.2127241015,0
2021-10-13 00:00:00+05:30,1587309.2127241015,0
2021-10-14 00:00:00+05:30,1609859.5412467434,1
2021-10-18 00:00:00+05:30,1621896.1232779934,1
2021-10-19 00:00:00+05:30,1616845.5959342434,1
2021-10-20 00:00:00+05:30,1616065.0685904934,1
2021-10-21 00:00:00+05:30,1633985.0685904934,1
2021-10-22 00:00:00+05:30,1644255.7912467434,1
2021-10-25 00:00:00+05:30,1674662.0412467434,1
2021-10-26 00:00:00+05:30,1676268.6232779934,1
2021-10-27 00:00:00+05:30,1663530.4006217434,1
2021-10-28 00:00:00+05:30,1615741.3185904934,1
2021-10-29 00:00:00+05:30,1586567.0766333218,0
2021-11-01 00:00:00+05:30,1586567.0766333218,0
2021-11-02 00:00:00+05:30,1586567.0766333218,0
2021-11-03 00:00:00+05:30,1586567.0766333218,0
2021-11-04 00:00:00+05:30,1586567.0766333218,0
2021-11-08 00:00:00+05:30,1586567.0766333218,0
2021-11-09 00:00:00+05:30,1586567.0766333218,0
2021-11-10 00:00:00+05:30,1586567.0766333218,0
2021-11-11 00:00:00+05:30,1586567.0766333218,0
2021-11-12 00:00:00+05:30,1586567.0766333218,0
2021-11-15 00:00:00+05:30,1586567.0766333218,0
2021-11-16 00:00:00+05:30,1586567.0766333218,0
2021-11-17 00:00:00+05:30,1586567.0766333218,0
2021-11-18 00:00:00+05:30,1586567.0766333218,0
2021-11-22 00:00:00+05:30,1586567.0766333218,0
2021-11-23 00:00:00+05:30,1586567.0766333218,0
2021-11-24 00:00:00+05:30,1586567.0766333218,0
2021-11-25 00:00:00+05:30,1586567.0766333218,0
2021-11-26 00:00:00+05:30,1586567.0766333218,0
2021-11-29 00:00:00+05:30,1586567.0766333218,0
2021-11-30 00:00:00+05:30,1586567.0766333218,0
2021-12-01 00:00:00+05:30,1586567.0766333218,0
2021-12-02 00:00:00+05:30,1586567.0766333218,0
2021-12-03 00:00:00+05:30,1586567.0766333218,0
2021-12-06 00:00:00+05:30,1586567.0766333218,0
2021-12-07 00:00:00+05:30,1586567.0766333218,0
2021-12-08 00:00:00+05:30,1586567.0766333218,0
2021-12-09 00:00:00+05:30,1586567.0766333218,0
2021-12-10 00:00:00+05:30,1586567.0766333218,0
2021-12-13 00:00:00+05:30,1586567.0766333218,0
2021-12-14 00:00:00+05:30,1586567.0766333218,0
2021-12-15 00:00:00+05:30,1586567.0766333218,0
2021-12-16 00:00:00+05:30,1586567.0766333218,0
2021-12-17 00:00:00+05:30,1586567.0766333218,0
2021-12-20 00:00:00+05:30,1586567.0766333218,0
2021-12-21 00:00:00+05:30,1594910.5970719436,-1
2021-12-22 00:00:00+05:30,1580152.9017594436,-1
2021-12-23 00:00:00+05:30,1574495.2064469436,-1
2021-12-24 00:00:00+05:30,1586188.6244156936,-1
2021-12-27 00:00:00+05:30,1579158.9564469436,-1
2021-12-28 00:00:00+05:30,1574752.3744156936,-1
2021-12-29 00:00:00+05:30,1579596.4564469436,-1
2021-12-30 00:00:00+05:30,1578959.3470719436,-1
2021-12-31 00:00:00+05:30,1564325.9291031936,-1
2022-01-03 00:00:00+05:30,1538612.733317537,0
2022-01-04 00:00:00+05:30,1538612.733317537,0
2022-01-05 00:00:00+05:30,1538612.733317537,0
2022-01-06 00:00:00+05:30,1538612.733317537,0
2022-01-07 00:00:00+05:30,1538612.733317537,0
2022-01-10 00:00:00+05:30,1538612.733317537,0
2022-01-11 00:00:00+05:30,1538612.733317537,0
2022-01-12 00:00:00+05:30,1538612.733317537,0
2022-01-13 00:00:00+05:30,1538612.733317537,0
2022-01-14 00:00:00+05:30,1538612.733317537,0
2022-01-17 00:00:00+05:30,1538612.733317537,0
2022-01-18 00:00:00+05:30,1538612.733317537,0
2022-01-19 00:00:00+05:30,1538612.733317537,0
2022-01-20 00:00:00+05:30,1538612.733317537,0
2022-01-21 00:00:00+05:30,1538612.733317537,0
2022-01-24 00:00:00+05:30,1538612.733317537,0
2022-01-25 00:00:00+05:30,1538612.733317537,0
2022-01-27 00:00:00+05:30,1538612.733317537,0
2022-01-28 00:00:00+05:30,1538612.733317537,0
2022-01-31 00:00:00+05:30,1538612.733317537,0
2022-02-01 00:00:00+05:30,1538612.733317537,0
2022-02-02 00:00:00+05:30,1538612.733317537,0
2022-02-03 00:00:00+05:30,1538612.733317537,0
2022-02-04 00:00:00+05:30,1538612.733317537,0
2022-02-07 00:00:00+05:30,1538612.733317537,0
2022-02-08 00:00:00+05:30,1538612.733317537,0
2022-02-09 00:00:00+05:30,1538612.733317537,0
2022-02-10 00:00:00+05:30,1538612.733317537,0
2022-02-11 00:00:00+05:30,1538612.733317537,0
2022-02-14 00:00:00+05:30,1538612.733317537,0
2022-02-15 00:00:00+05:30,1538612.733317537,0
2022-02-16 00:00:00+05:30,1538612.733317537,0
2022-02-17 00:00:00+05:30,1538612.733317537,0
2022-02-18 00:00:00+05:30,1538612.733317537,0
2022-02-21 00:00:00+05:30,1538612.733317537,0
2022-02-22 00:00:00+05:30,1538612.733317537,0
2022-02-23 00:00:00+05:30,1538612.733317537,0
2022-02-24 00:00:00+05:30,1538612.733317537,0
2022-02-25 00:00:00+05:30,1538612.733317537,0
2022-02-28 00:00:00+05:30,1538612.733317537,0
2022-03-02 00:00:00+05:30,1538612.733317537,0
2022-03-03 00:00:00+05:30,1538612.733317537,0
2022-03-04 00:00:00+05:30,1538612.733317537,0
2022-03-07 00:00:00+05:30,1538612.733317537,0
2022-03-08 00:00:00+05:30,1538612.733317537,0
2022-03-09 00:00:00+05:30,1538612.733317537,0
2022-03-10 00:00:00+05:30,1538612.733317537,0
2022-03-11 00:00:00+05:30,1538612.733317537,0
2022-03-14 00:00:00+05:30,1538612.733317537,0
2022-03-15 00:00:00+05:30,1538612.733317537,0
2022-03-16 00:00:00+05:30,1538612.733317537,0
2022-03-17 00:00:00+05:30,1538612.733317537,0
2022-03-21 00:00:00+05:30,1538612.733317537,0
2022-03-22 00:00:00+05:30,1538612.733317537,0
2022-03-23 00:00:00+05:30,1538612.733317537,0
2022-03-24 00:00:00+05:30,1538612.733317537,0
2022-03-25 00:00:00+05:30,1538612.733317537,0
2022-03-28 00:00:00+05:30,1538612.733317537,0
2022-03-29 00:00:00+05:30,1538612.733317537,0
2022-03-30 00:00:00+05:30,1538612.733317537,0
2022-03-31 00:00:00+05:30,1538612.733317537,0
2022-04-01 00:00:00+05:30,1538612.733317537,0
2022-04-04 00:00:00+05:30,1538612.733317537,0
2022-04-05 00:00:00+05:30,1538612.733317537,0
2022-04-06 00:00:00+05:30,1538612.733317537,0
2022-04-07 00:00:00+05:30,1538612.733317537,0
2022-04-08 00:00:00+05:30,1538612.733317537,0
2022-04-11 00:00:00+05:30,1538612.733317537,0
2022-04-12 00:00:00+05:30,1538612.733317537,0
2022-04-13 00:00:00+05:30,1538612.733317537,0
2022-04-18 00:00:00+05:30,1538612.733317537,0
2022-04-19 00:00:00+05:30,1538612.733317537,0
2022-04-20 00:00:00+05:30,1538612.733317537,0
2022-04-21 00:00:00+05:30,1538612.733317537,0
2022-04-22 00:00:00+05:30,1538612.733317537,0
2022-04-25 00:00:00+05:30,1538612.733317537,0
2022-04-26 00:00:00+05:30,1538612.733317537,0
2022-04-27 00:00:00+05:30,1538612.733317537,0
2022-04-28 00:00:00+05:30,1538612.733317537,0
2022-04-29 00:00:00+05:30,1538612.733317537,0
2022-05-02 00:00:00+05:30,1538612.733317537,0
2022-05-04 00:00:00+05:30,1538612.733317537,0
2022-05-05 00:00:00+05:30,1538612.733317537,0
2022-05-06 00:00:00+05:30,1538612.733317537,0
2022-05-09 00:00:00+05:30,1538612.733317537,0
2022-05-10 00:00:00+05:30,1538612.733317537,0
2022-05-11 00:00:00+05:30,1538612.733317537,0
2022-05-12 00:00:00+05:30,1538612.733317537,0
2022-05-13 00:00:00+05:30,1538612.733317537,0
2022-05-16 00:00:00+05:30,1538612.733317537,0
2022-05-17 00:00:00+05:30,1538612.733317537,0
2022-05-18 00:00:00+05:30,1538612.733317537,0
2022-05-19 00:00:00+05:30,1538612.733317537,0
2022-05-20 00:00:00+05:30,1538612.733317537,0
2022-05-23 00:00:00+05:30,1538612.733317537,0
2022-05-24 00:00:00+05:30,1538612.733317537,0
2022-05-25 00:00:00+05:30,1538612.733317537,0
2022-05-26 00:00:00+05:30,1538612.733317537,0
2022-05-27 00:00:00+05:30,1538612.733317537,0
2022-05-30 00:00:00+05:30,1538612.733317537,0
2022-05-31 00:00:00+05:30,1538612.733317537,0
2022-06-01 00:00:00+05:30,1538612.733317537,0
2022-06-02 00:00:00+05:30,1538612.733317537,0
2022-06-03 00:00:00+05:30,1538612.733317537,0
2022-06-06 00:00:00+05:30,1538612.733317537,0
2022-06-07 00:00:00+05:30,1538612.733317537,0
2022-06-08 00:00:00+05:30,1538612.733317537,0
2022-06-09 00:00:00+05:30,1538612.733317537,0
2022-06-10 00:00:00+05:30,1538612.733317537,0
2022-06-13 00:00:00+05:30,1538612.733317537,0
2022-06-14 00:00:00+05:30,1538612.733317537,0
2022-06-15 00:00:00+05:30,1538612.733317537,0
2022-06-16 00:00:00+05:30,1538612.733317537,0
2022-06-17 00:00:00+05:30,1538612.733317537,0
2022-06-20 00:00:00+05:30,1538612.733317537,0
2022-06-21 00:00:00+05:30,1538612.733317537,0
2022-06-22 00:00:00+05:30,1538612.733317537,0
2022-06-23 00:00:00+05:30,1538612.733317537,0
2022-06-24 00:00:00+05:30,1538612.733317537,0
2022-06-27 00:00:00+05:30,1538612.733317537,0
2022-06-28 00:00:00+05:30,1538612.733317537,0
2022-06-29 00:00:00+05:30,1538612.733317537,0
2022-06-30 00:00:00+05:30,1538612.733317537,0
2022-07-01 00:00:00+05:30,1538612.733317537,0
2022-07-04 00:00:00+05:30,1538612.733317537,0
2022-07-05 00:00:00+05:30,1538612.733317537,0
2022-07-06 00:00:00+05:30,1538612.733317537,0
2022-07-07 00:00:00+05:30,1538612.733317537,0
2022-07-08 00:00:00+05:30,1538612.733317537,0
2022-07-11 00:00:00+05:30,1538612.733317537,0
2022-07-12 00:00:00+05:30,1538612.733317537,0
2022-07-13 00:00:00+05:30,1538612.733317537,0
2022-07-14 00:00:00+05:30,1538612.733317537,0
2022-07-15 00:00:00+05:30,1538612.733317537,0
2022-07-18 00:00:00+05:30,1538612.733317537,0
2022-07-19 00:00:00+05:30,1538612.733317537,0
2022-07-20 00:00:00+05:30,1538612.733317537,0
2022-07-21 00:00:00+05:30,1538612.733317537,0
2022-07-22 00:00:00+05:30,1552780.1935680143,1
2022-07-25 00:00:00+05:30,1552340.9162242643,1
2022-07-26 00:00:00+05:30,1541214.4709117643,1
2022-07-27 00:00:00+05:30,1554348.2209117643,1
2022-07-28 00:00:00+05:30,1575152.1662242643,1
2022-07-29 00:00:00+05:30,1579115.9162242643,1
2022-08-01 00:00:00+05:30,1593528.9435680143,1
2022-08-02 00:00:00+05:30,1597756.9709117643,1
2022-08-03 00:00:00+05:30,1596540.7209117643,1
2022-08-04 00:00:00+05:30,1588361.2482555143,1
2022-08-05 00:00:00+05:30,1594138.0255992643,1
2022-08-08 00:00:00+05:30,1605225.9162242643,1
2022-08-10 00:00:00+05:30,1606991.7755992643,1
2022-08-11 00:00:00+05:30,1627711.7755992643,1
2022-08-12 00:00:00+05:30,1633397.4982555143,1
2022-08-16 00:00:00+05:30,1640304.6662242643,1
2022-08-17 00:00:00+05:30,1648076.4435680143,1
2022-08-18 00:00:00+05:30,1654882.1662242643,1
2022-08-19 00:00:00+05:30,1631425.1935680143,1
2022-08-22 00:00:00+05:30,1607338.2209117643,1
2022-08-23 00:00:00+05:30,1621334.6662242643,1
2022-08-24 00:00:00+05:30,1633264.4709117643,1
2022-08-25 00:00:00+05:30,1630193.2209117643,1
2022-08-26 00:00:00+05:30,1631467.1662242643,1
2022-08-29 00:00:00+05:30,1606601.4435680143,1
2022-08-30 00:00:00+05:30,1650703.2209117643,1
2022-09-01 00:00:00+05:30,1642460.7209117643,1
2022-09-02 00:00:00+05:30,1646651.9709117643,1
2022-09-05 00:00:00+05:30,1660118.2209117643,1
2022-09-06 00:00:00+05:30,1655244.4709117643,1
2022-09-07 00:00:00+05:30,1647873.4162242643,1
2022-09-08 00:00:00+05:30,1674230.1935680143,1
2022-09-09 00:00:00+05:30,1681466.4435680143,1
2022-09-12 00:00:00+05:30,1687006.9709117643,1
2022-09-13 00:00:00+05:30,1697475.5255992643,1
2022-09-14 00:00:00+05:30,1716105.9162242643,1
2022-09-15 00:00:00+05:30,1709238.9435680143,1
2022-09-16 00:00:00+05:30,1694104.9982555143,1
2022-09-19 00:00:00+05:30,1698570.9162242643,1
2022-09-20 00:00:00+05:30,1718307.4982555143,1
2022-09-21 00:00:00+05:30,1709037.6935680143,1
2022-09-22 00:00:00+05:30,1688988.0255992643,1
2022-09-23 00:00:00+05:30,1651035.7209117643,1
2022-09-26 00:00:00+05:30,1632224.065750178,0
2022-09-27 00:00:00+05:30,1632224.065750178,0
2022-09-28 00:00:00+05:30,1632224.065750178,0
2022-09-29 00:00:00+05:30,1632224.065750178,0
2022-09-30 00:00:00+05:30,1632224.065750178,0
2022-10-03 00:00:00+05:30,1632224.065750178,0
2022-10-04 00:00:00+05:30,1632224.065750178,0
2022-10-06 00:00:00+05:30,1632224.065750178,0
2022-10-07 00:00:00+05:30,1632224.065750178,0
2022-10-10 00:00:00+05:30,1632224.065750178,0
2022-10-11 00:00:00+05:30,1632224.065750178,0
2022-10-12 00:00:00+05:30,1632224.065750178,0
2022-10-13 00:00:00+05:30,1632224.065750178,0
2022-10-14 00:00:00+05:30,1632224.065750178,0
2022-10-17 00:00:00+05:30,1632224.065750178,0
2022-10-18 00:00:00+05:30,1632224.065750178,0
2022-10-19 00:00:00+05:30,1632224.065750178,0
2022-10-20 00:00:00+05:30,1632224.065750178,0
2022-10-21 00:00:00+05:30,1632224.065750178,0
2022-10-24 00:00:00+05:30,1632224.065750178,0
2022-10-25 00:00:00+05:30,1632224.065750178,0
2022-10-27 00:00:00+05:30,1632224.065750178,0
2022-10-28 00:00:00+05:30,1632224.065750178,0
2022-10-31 00:00:00+05:30,1632224.065750178,0
2022-11-01 00:00:00+05:30,1632224.065750178,0
2022-11-02 00:00:00+05:30,1632224.065750178,0
2022-11-03 00:00:00+05:30,1632224.065750178,0
2022-11-04 00:00:00+05:30,1632224.065750178,0
2022-11-07 00:00:00+05:30,1632224.065750178,0
2022-11-09 00:00:00+05:30,1632224.065750178,0
2022-11-10 00:00:00+05:30,1632224.065750178,0
2022-11-11 00:00:00+05:30,1632224.065750178,0
2022-11-14 00:00:00+05:30,1632224.065750178,0
2022-11-15 00:00:00+05:30,1632224.065750178,0
2022-11-16 00:00:00+05:30,1632224.065750178,0
2022-11-17 00:00:00+05:30,1632224.065750178,0
2022-11-18 00:00:00+05:30,1632224.065750178,0
2022-11-21 00:00:00+05:30,1632224.065750178,0
2022-11-22 00:00:00+05:30,1632224.065750178,0
2022-11-23 00:00:00+05:30,1632224.065750178,0
2022-11-24 00:00:00+05:30,1640059.8915642737,1
2022-11-25 00:00:00+05:30,1636859.1689080237,1
2022-11-28 00:00:00+05:30,1638136.6689080237,1
2022-11-29 00:00:00+05:30,1639291.6689080237,1
2022-11-30 00:00:00+05:30,1645505.9462517737,1
2022-12-01 00:00:00+05:30,1646543.6415642737,1
2022-12-02 00:00:00+05:30,1641052.1962517737,1
2022-12-05 00:00:00+05:30,1649074.1689080237,1
2022-12-06 00:00:00+05:30,1642270.2235955237,1
2022-12-07 00:00:00+05:30,1640875.4189080237,1
2022-12-08 00:00:00+05:30,1658310.7509392737,1
2022-12-09 00:00:00+05:30,1659591.6689080237,1
2022-12-12 00:00:00+05:30,1662227.1962517737,1
2022-12-13 00:00:00+05:30,1670550.2235955237,1
2022-12-14 00:00:00+05:30,1674139.5009392737,1
2022-12-15 00:00:00+05:30,1654857.9189080237,1
2022-12-16 00:00:00+05:30,1645103.4462517737,1
2022-12-19 00:00:00+05:30,1651902.1962517737,1
2022-12-20 00:00:00+05:30,1650003.4462517737,1
2022-12-21 00:00:00+05:30,1631407.3119924802,0
2022-12-22 00:00:00+05:30,1631407.3119924802,0
2022-12-23 00:00:00+05:30,1631407.3119924802,0
2022-12-26 00:00:00+05:30,1631407.3119924802,0
2022-12-27 00:00:00+05:30,1631407.3119924802,0
2022-12-28 00:00:00+05:30,1631407.3119924802,0
2022-12-29 00:00:00+05:30,1631407.3119924802,0
2022-12-30 00:00:00+05:30,1631407.3119924802,0
2023-01-02 00:00:00+05:30,1631407.3119924802,0
2023-01-03 00:00:00+05:30,1631407.3119924802,0
2023-01-04 00:00:00+05:30,1631407.3119924802,0
2023-01-05 00:00:00+05:30,1631407.3119924802,0
2023-01-06 00:00:00+05:30,1631407.3119924802,0
2023-01-09 00:00:00+05:30,1631407.3119924802,0
2023-01-10 00:00:00+05:30,1631407.3119924802,0
2023-01-11 00:00:00+05:30,1631407.3119924802,0
2023-01-12 00:00:00+05:30,1631407.3119924802,0
2023-01-13 00:00:00+05:30,1631407.3119924802,0
2023-01-16 00:00:00+05:30,1631407.3119924802,0
2023-01-17 00:00:00+05:30,1631407.3119924802,0
2023-01-18 00:00:00+05:30,1631407.3119924802,0
2023-01-19 00:00:00+05:30,1631407.3119924802,0
2023-01-20 00:00:00+05:30,1631407.3119924802,0
2023-01-23 00:00:00+05:30,1631407.3119924802,0
2023-01-24 00:00:00+05:30,1631407.3119924802,0
2023-01-25 00:00:00+05:30,1631407.3119924802,0
2023-01-27 00:00:00+05:30,1631407.3119924802,0
2023-01-30 00:00:00+05:30,1631407.3119924802,0
2023-01-31 00:00:00+05:30,1631407.3119924802,0
2023-02-01 00:00:00+05:30,1631407.3119924802,0
2023-02-02 00:00:00+05:30,1631407.3119924802,0
2023-02-03 00:00:00+05:30,1631407.3119924802,0
2023-02-06 00:00:00+05:30,1631407.3119924802,0
2023-02-07 00:00:00+05:30,1631407.3119924802,0
2023-02-08 00:00:00+05:30,1631407.3119924802,0
2023-02-09 00:00:00+05:30,1631407.3119924802,0
2023-02-10 00:00:00+05:30,1631407.3119924802,0
2023-02-13 00:00:00+05:30,1631407.3119924802,0
2023-02-14 00:00:00+05:30,1631407.3119924802,0
2023-02-15 00:00:00+05:30,1631407.3119924802,0
2023-02-16 00:00:00+05:30,1631407.3119924802,0
2023-02-17 00:00:00+05:30,1631407.3119924802,0
2023-02-20 00:00:00+05:30,1631407.3119924802,0
2023-02-21 00:00:00+05:30,1631407.3119924802,0
2023-02-22 00:00:00+05:30,1631407.3119924802,0
2023-02-23 00:00:00+05:30,1631407.3119924802,0
2023-02-24 00:00:00+05:30,1631407.3119924802,0
2023-02-27 00:00:00+05:30,1631407.3119924802,0
2023-02-28 00:00:00+05:30,1631407.3119924802,0
2023-03-01 00:00:00+05:30,1631407.3119924802,0
2023-03-02 00:00:00+05:30,1631407.3119924802,0
2023-03-03 00:00:00+05:30,1631407.3119924802,0
2023-03-06 00:00:00+05:30,1631407.3119924802,0
2023-03-08 00:00:00+05:30,1631407.3119924802,0
2023-03-09 00:00:00+05:30,1631407.3119924802,0
2023-03-10 00:00:00+05:30,1631407.3119924802,0
2023-03-13 00:00:00+05:30,1631407.3119924802,0
2023-03-14 00:00:00+05:30,1631407.3119924802,0
2023-03-15 00:00:00+05:30,1631407.3119924802,0
2023-03-16 00:00:00+05:30,1631407.3119924802,0
2023-03-17 00:00:00+05:30,1631407.3119924802,0
2023-03-20 00:00:00+05:30,1631407.3119924802,0
2023-03-21 00:00:00+05:30,1631407.3119924802,0
2023-03-22 00:00:00+05:30,1631407.3119924802,0
2023-03-23 00:00:00+05:30,1631407.3119924802,0
2023-03-24 00:00:00+05:30,1631407.3119924802,0
2023-03-27 00:00:00+05:30,1631407.3119924802,0
2023-03-28 00:00:00+05:30,1631407.3119924802,0
2023-03-29 00:00:00+05:30,1631407.3119924802,0
2023-03-31 00:00:00+05:30,1631407.3119924802,0
2023-04-03 00:00:00+05:30,1631407.3119924802,0
2023-04-05 00:00:00+05:30,1631407.3119924802,0
2023-04-06 00:00:00+05:30,1631407.3119924802,0
2023-04-10 00:00:00+05:30,1631407.3119924802,0
2023-04-11 00:00:00+05:30,1631407.3119924802,0
2023-04-12 00:00:00+05:30,1631407.3119924802,0
2023-04-13 00:00:00+05:30,1631407.3119924802,0
2023-04-17 00:00:00+05:30,1631407.3119924802,0
2023-04-18 00:00:00+05:30,1631407.3119924802,0
2023-04-19 00:00:00+05:30,1631407.3119924802,0
2023-04-20 00:00:00+05:30,1631407.3119924802,0
2023-04-21 00:00:00+05:30,1631407.3119924802,0
2023-04-24 00:00:00+05:30,1631407.3119924802,0
2023-04-25 00:00:00+05:30,1629089.0320010097,1
2023-04-26 00:00:00+05:30,1634387.9773135097,1
2023-04-27 00:00:00+05:30,1640371.3366885097,1
2023-04-28 00:00:00+05:30,1648527.9773135097,1
2023-05-02 00:00:00+05:30,1652665.0866885097,1
2023-05-03 00:00:00+05:30,1651286.0046572597,1
2023-05-04 00:00:00+05:30,1664332.2546572597,1
2023-05-05 00:00:00+05:30,1630592.475905763,0
2023-05-08 00:00:00+05:30,1630592.475905763,0
2023-05-09 00:00:00+05:30,1630592.475905763,0
2023-05-10 00:00:00+05:30,1630592.475905763,0
2023-05-11 00:00:00+05:30,1630592.475905763,0
2023-05-12 00:00:00+05:30,1630592.475905763,0
2023-05-15 00:00:00+05:30,1638908.4088590983,1
2023-05-16 00:00:00+05:30,1633014.3268278483,1
2023-05-17 00:00:00+05:30,1625839.3268278483,1
2023-05-18 00:00:00+05:30,1627715.3815153483,1
2023-05-19 00:00:00+05:30,1635313.7994840983,1
2023-05-22 00:00:00+05:30,1632363.4088590983,1
2023-05-23 00:00:00+05:30,1634790.5768278483,1
2023-05-24 00:00:00+05:30,1625109.6588590983,1
2023-05-25 00:00:00+05:30,1625233.7994840983,1
2023-05-26 00:00:00+05:30,1637014.8541715983,1
2023-05-29 00:00:00+05:30,1647301.2994840983,1
2023-05-30 00:00:00+05:30,1651657.1588590983,1
2023-05-31 00:00:00+05:30,1629758.0688106029,0
2023-06-01 00:00:00+05:30,1629758.0688106029,0
2023-06-02 00:00:00+05:30,1629758.0688106029,0
2023-06-05 00:00:00+05:30,1629758.0688106029,0
2023-06-06 00:00:00+05:30,1629758.0688106029,0
2023-06-07 00:00:00+05:30,1629758.0688106029,0
2023-06-08 00:00:00+05:30,1629758.0688106029,0
2023-06-09 00:00:00+05:30,1629758.0688106029,0
2023-06-12 00:00:00+05:30,1629758.0688106029,0
2023-06-13 00:00:00+05:30,1629758.0688106029,0
2023-06-14 00:00:00+05:30,1629758.0688106029,0
2023-06-15 00:00:00+05:30,1629758.0688106029,0
2023-06-16 00:00:00+05:30,1629758.0688106029,0
2023-06-19 00:00:00+05:30,1629758.0688106029,0
2023-06-20 00:00:00+05:30,1629758.0688106029,0
2023-06-21 00:00:00+05:30,1629758.0688106029,0
2023-06-22 00:00:00+05:30,1629758.0688106029,0
2023-06-23 00:00:00+05:30,1629758.0688106029,0
2023-06-26 00:00:00+05:30,1629758.0688106029,0
2023-06-27 00:00:00+05:30,1629758.0688106029,0
2023-06-28 00:00:00+05:30,1629758.0688106029,0
2023-06-30 00:00:00+05:30,1629758.0688106029,0
2023-07-03 00:00:00+05:30,1629758.0688106029,0
2023-07-04 00:00:00+05:30,1629758.0688106029,0
2023-07-05 00:00:00+05:30,1629758.0688106029,0
2023-07-06 00:00:00+05:30,1629758.0688106029,0
2023-07-07 00:00:00+05:30,1629758.0688106029,0
2023-07-10 00:00:00+05:30,1629758.0688106029,0
2023-07-11 00:00:00+05:30,1629758.0688106029,0
2023-07-12 00:00:00+05:30,1629758.0688106029,0
2023-07-13 00:00:00+05:30,1629758.0688106029,0
2023-07-14 00:00:00+05:30,1629758.0688106029,0
2023-07-17 00:00:00+05:30,1629758.0688106029,0
2023-07-18 00:00:00+05:30,1629758.0688106029,0
2023-07-19 00:00:00+05:30,1629758.0688106029,0
2023-07-20 00:00:00+05:30,1629758.0688106029,0
2023-07-21 00:00:00+05:30,1629658.0830534464,1
2023-07-24 00:00:00+05:30,1624332.8877409464,1
2023-07-25 00:00:00+05:30,1621601.1103971964,1
2023-07-26 00:00:00+05:30,1629208.4150846964,1
2023-07-27 00:00:00+05:30,1615801.6377409464,1
2023-07-28 00:00:00+05:30,1599996.8238869163,0
2023-07-31 00:00:00+05:30,1599996.8238869163,0
2023-08-01 00:00:00+05:30,1599996.8238869163,0
2023-08-02 00:00:00+05:30,1599996.8238869163,0
2023-08-03 00:00:00+05:30,1599996.8238869163,0
2023-08-04 00:00:00+05:30,1599996.8238869163,0
2023-08-07 00:00:00+05:30,1599996.8238869163,0
2023-08-08 00:00:00+05:30,1599996.8238869163,0
2023-08-09 00:00:00+05:30,1599996.8238869163,0
2023-08-10 00:00:00+05:30,1599996.8238869163,0
2023-08-11 00:00:00+05:30,1599996.8238869163,0
2023-08-14 00:00:00+05:30,1599996.8238869163,0
2023-08-16 00:00:00+05:30,1599996.8238869163,0
2023-08-17 00:00:00+05:30,1599996.8238869163,0
2023-08-18 00:00:00+05:30,1599996.8238869163,0
2023-08-21 00:00:00+05:30,1599996.8238869163,0
2023-08-22 00:00:00+05:30,1599996.8238869163,0
2023-08-23 00:00:00+05:30,1599996.8238869163,0
2023-08-24 00:00:00+05:30,1599996.8238869163,0
2023-08-25 00:00:00+05:30,1599996.8238869163,0
2023-08-28 00:00:00+05:30,1599996.8238869163,0
2023-08-29 00:00:00+05:30,1599996.8238869163,0
2023-08-30 00:00:00+05:30,1599996.8238869163,0
2023-08-31 00:00:00+05:30,1599996.8238869163,0
2023-09-01 00:00:00+05:30,1599996.8238869163,0
2023-09-04 00:00:00+05:30,1599996.8238869163,0
2023-09-05 00:00:00+05:30,1599996.8238869163,0
2023-09-06 00:00:00+05:30,1599996.8238869163,0
2023-09-07 00:00:00+05:30,1599996.8238869163,0
2023-09-08 00:00:00+05:30,1599996.8238869163,0
2023-09-11 00:00:00+05:30,1599996.8238869163,0
2023-09-12 00:00:00+05:30,1599996.8238869163,0
2023-09-13 00:00:00+05:30,1599996.8238869163,0
2023-09-14 00:00:00+05:30,1599996.8238869163,0
2023-09-15 00:00:00+05:30,1599996.8238869163,0
2023-09-18 00:00:00+05:30,1599996.8238869163,0
2023-09-20 00:00:00+05:30,1599996.8238869163,0
2023-09-21 00:00:00+05:30,1599996.8238869163,0
2023-09-22 00:00:00+05:30,1599996.8238869163,0
2023-09-25 00:00:00+05:30,1599996.8238869163,0
2023-09-26 00:00:00+05:30,1599996.8238869163,0
2023-09-27 00:00:00+05:30,1599996.8238869163,0
2023-09-28 00:00:00+05:30,1599996.8238869163,0
2023-09-29 00:00:00+05:30,1599996.8238869163,0
2023-10-03 00:00:00+05:30,1599996.8238869163,0
2023-10-04 00:00:00+05:30,1599996.8238869163,0
2023-10-05 00:00:00+05:30,1599996.8238869163,0
2023-10-06 00:00:00+05:30,1599996.8238869163,0
2023-10-09 00:00:00+05:30,1599996.8238869163,0
2023-10-10 00:00:00+05:30,1599996.8238869163,0
2023-10-11 00:00:00+05:30,1599996.8238869163,0
2023-10-12 00:00:00+05:30,1599996.8238869163,0
2023-10-13 00:00:00+05:30,1599996.8238869163,0
2023-10-16 00:00:00+05:30,1599996.8238869163,0
2023-10-17 00:00:00+05:30,1599996.8238869163,0
2023-10-18 00:00:00+05:30,1599996.8238869163,0
2023-10-19 00:00:00+05:30,1599996.8238869163,0
2023-10-20 00:00:00+05:30,1599996.8238869163,0
2023-10-23 00:00:00+05:30,1599996.8238869163,0
2023-10-25 00:00:00+05:30,1615928.9974852356,-1
2023-10-26 00:00:00+05:30,1635243.8021727356,-1
2023-10-27 00:00:00+05:30,1617678.9974852356,-1
2023-10-30 00:00:00+05:30,1608678.8021727356,-1
2023-10-31 00:00:00+05:30,1599171.9170911396,0
2023-11-01 00:00:00+05:30,1599171.9170911396,0
2023-11-02 00:00:00+05:30,1599171.9170911396,0
2023-11-03 00:00:00+05:30,1599171.9170911396,0
2023-11-06 00:00:00+05:30,1599171.9170911396,0
2023-11-07 00:00:00+05:30,1599171.9170911396,0
2023-11-08 00:00:00+05:30,1599171.9170911396,0
2023-11-09 00:00:00+05:30,1599171.9170911396,0
2023-11-10 00:00:00+05:30,1599171.9170911396,0
2023-11-13 00:00:00+05:30,1599171.9170911396,0
2023-11-15 00:00:00+05:30,1599171.9170911396,0
2023-11-16 00:00:00+05:30,1599171.9170911396,0
2023-11-17 00:00:00+05:30,1599171.9170911396,0
2023-11-20 00:00:00+05:30,1599171.9170911396,0
2023-11-21 00:00:00+05:30,1599171.9170911396,0
2023-11-22 00:00:00+05:30,1599171.9170911396,0
2023-11-23 00:00:00+05:30,1599171.9170911396,0
2023-11-24 00:00:00+05:30,1599171.9170911396,0
2023-11-28 00:00:00+05:30,1599171.9170911396,0
2023-11-29 00:00:00+05:30,1599171.9170911396,0
2023-11-30 00:00:00+05:30,1599171.9170911396,0
2023-12-01 00:00:00+05:30,1599171.9170911396,0
2023-12-04 00:00:00+05:30,1599171.9170911396,0
2023-12-05 00:00:00+05:30,1599171.9170911396,0
2023-12-06 00:00:00+05:30,1599171.9170911396,0
2023-12-07 00:00:00+05:30,1599171.9170911396,0
2023-12-08 00:00:00+05:30,1599171.9170911396,0
2023-12-11 00:00:00+05:30,1601499.4694081675,1
2023-12-12 00:00:00+05:30,1593914.9967519175,1
2023-12-13 00:00:00+05:30,1593729.4694081675,1
2023-12-14 00:00:00+05:30,1616131.2467519175,1
2023-12-15 00:00:00+05:30,1630524.9967519175,1
2023-12-18 00:00:00+05:30,1620870.1920644175,1
2023-12-19 00:00:00+05:30,1620982.1647206675,1
2023-12-20 00:00:00+05:30,1598276.2118901017,0
2023-12-21 00:00:00+05:30,1598276.2118901017,0
2023-12-22 00:00:00+05:30,1598276.2118901017,0
2023-12-26 00:00:00+05:30,1598276.2118901017,0
2023-12-27 00:00:00+05:30,1598276.2118901017,0
2023-12-28 00:00:00+05:30,1598790.3272345995,1
2023-12-29 00:00:00+05:30,1591219.7998908495,1
2024-01-01 00:00:00+05:30,1589191.5772345995,1
2024-01-02 00:00:00+05:30,1572648.7452033495,1
2024-01-03 00:00:00+05:30,1562535.427590917,0
2024-01-04 00:00:00+05:30,1562535.427590917,0
2024-01-05 00:00:00+05:30,1562535.427590917,0
2024-01-08 00:00:00+05:30,1562535.427590917,0
2024-01-09 00:00:00+05:30,1562535.427590917,0
2024-01-10 00:00:00+05:30,1562535.427590917,0
2024-01-11 00:00:00+05:30,1562535.427590917,0
2024-01-12 00:00:00+05:30,1562535.427590917,0
2024-01-15 00:00:00+05:30,1562535.427590917,0
2024-01-16 00:00:00+05:30,1562535.427590917,0
2024-01-17 00:00:00+05:30,1562535.427590917,0
2024-01-18 00:00:00+05:30,1562535.427590917,0
2024-01-19 00:00:00+05:30,1562535.427590917,0
2024-01-23 00:00:00+05:30,1562535.427590917,0
2024-01-24 00:00:00+05:30,1562535.427590917,0
2024-01-25 00:00:00+05:30,1562535.427590917,0
2024-01-29 00:00:00+05:30,1562535.427590917,0
2024-01-30 00:00:00+05:30,1562535.427590917,0
2024-01-31 00:00:00+05:30,1562535.427590917,0
2024-02-01 00:00:00+05:30,1562535.427590917,0
2024-02-02 00:00:00+05:30,1562535.427590917,0
2024-02-05 00:00:00+05:30,1562535.427590917,0
2024-02-06 00:00:00+05:30,1562535.427590917,0
2024-02-07 00:00:00+05:30,1562535.427590917,0
2024-02-08 00:00:00+05:30,1562535.427590917,0
2024-02-09 00:00:00+05:30,1562535.427590917,0
2024-02-12 00:00:00+05:30,1562535.427590917,0
2024-02-13 00:00:00+05:30,1562535.427590917,0
2024-02-14 00:00:00+05:30,1562535.427590917,0
2024-02-15 00:00:00+05:30,1562535.427590917,0
2024-02-16 00:00:00+05:30,1562535.427590917,0
2024-02-19 00:00:00+05:30,1562535.427590917,0
2024-02-20 00:00:00+05:30,1562535.427590917,0
2024-02-21 00:00:00+05:30,1562535.427590917,0
2024-02-22 00:00:00+05:30,1562535.427590917,0
2024-02-23 00:00:00+05:30,1562535.427590917,0
2024-02-26 00:00:00+05:30,1562535.427590917,0
2024-02-27 00:00:00+05:30,1562535.427590917,0
2024-02-28 00:00:00+05:30,1562535.427590917,0
2024-02-29 00:00:00+05:30,1562535.427590917,0
2024-03-01 00:00:00+05:30,1562535.427590917,0
2024-03-04 00:00:00+05:30,1562535.427590917,0
2024-03-05 00:00:00+05:30,1562535.427590917,0
2024-03-06 00:00:00+05:30,1562535.427590917,0
2024-03-07 00:00:00+05:30,1562535.427590917,0
2024-03-11 00:00:00+05:30,1562535.427590917,0
2024-03-12 00:00:00+05:30,1562535.427590917,0
2024-03-13 00:00:00+05:30,1562535.427590917,0
2024-03-14 00:00:00+05:30,1562535.427590917,0
2024-03-15 00:00:00+05:30,1562535.427590917,0
2024-03-18 00:00:00+05:30,1562535.427590917,0
2024-03-19 00:00:00+05:30,1562535.427590917,0
2024-03-20 00:00:00+05:30,1562535.427590917,0
2024-03-21 00:00:00+05:30,1562535.427590917,0
2024-03-22 00:00:00+05:30,1562535.427590917,0
2024-03-26 00:00:00+05:30,1562535.427590917,0
2024-03-27 00:00:00+05:30,1562535.427590917,0
2024-03-28 00:00:00+05:30,1562535.427590917,0
2024-04-01 00:00:00+05:30,1562535.427590917,0
2024-04-02 00:00:00+05:30,1562535.427590917,0
2024-04-03 00:00:00+05:30,1562535.427590917,0
2024-04-04 00:00:00+05:30,1562535.427590917,0
2024-04-05 00:00:00+05:30,1562535.427590917,0
2024-04-08 00:00:00+05:30,1562535.427590917,0
2024-04-09 00:00:00+05:30,1562535.427590917,0
2024-04-10 00:00:00+05:30,1562535.427590917,0
2024-04-12 00:00:00+05:30,1562535.427590917,0
2024-04-15 00:00:00+05:30,1562535.427590917,0
2024-04-16 00:00:00+05:30,1562535.427590917,0
2024-04-18 00:00:00+05:30,1562535.427590917,0
2024-04-19 00:00:00+05:30,1562535.427590917,0
2024-04-22 00:00:00+05:30,1562535.427590917,0
2024-04-23 00:00:00+05:30,1562535.427590917,0
2024-04-24 00:00:00+05:30,1562535.427590917,0
2024-04-25 00:00:00+05:30,1562535.427590917,0
2024-04-26 00:00:00+05:30,1562535.427590917,0
2024-04-29 00:00:00+05:30,1562535.427590917,0
2024-04-30 00:00:00+05:30,1562535.427590917,0
2024-05-02 00:00:00+05:30,1562535.427590917,0
2024-05-03 00:00:00+05:30,1562535.427590917,0
2024-05-06 00:00:00+05:30,1562535.427590917,0
2024-05-07 00:00:00+05:30,1562535.427590917,0
2024-05-08 00:00:00+05:30,1562535.427590917,0
2024-05-09 00:00:00+05:30,1562535.427590917,0
2024-05-10 00:00:00+05:30,1562535.427590917,0
2024-05-13 00:00:00+05:30,1562535.427590917,0
2024-05-14 00:00:00+05:30,1562535.427590917,0
2024-05-15 00:00:00+05:30,1562535.427590917,0
2024-05-16 00:00:00+05:30,1562535.427590917,0
2024-05-17 00:00:00+05:30,1562535.427590917,0
2024-05-21 00:00:00+05:30,1562535.427590917,0
2024-05-22 00:00:00+05:30,1562535.427590917,0
2024-05-23 00:00:00+05:30,1562535.427590917,0
2024-05-24 00:00:00+05:30,1562535.427590917,0
2024-05-27 00:00:00+05:30,1562535.427590917,0
2024-05-28 00:00:00+05:30,1562535.427590917,0
2024-05-29 00:00:00+05:30,1562535.427590917,0
2024-05-30 00:00:00+05:30,1562535.427590917,0
2024-05-31 00:00:00+05:30,1562535.427590917,0
2024-06-03 00:00:00+05:30,1562535.427590917,0
2024-06-04 00:00:00+05:30,1562535.427590917,0
2024-06-05 00:00:00+05:30,1562535.427590917,0
2024-06-06 00:00:00+05:30,1562535.427590917,0
2024-06-07 00:00:00+05:30,1562535.427590917,0
2024-06-10 00:00:00+05:30,1562535.427590917,0
2024-06-11 00:00:00+05:30,1562535.427590917,0
2024-06-12 00:00:00+05:30,1562535.427590917,0
2024-06-13 00:00:00+05:30,1562535.427590917,0
2024-06-14 00:00:00+05:30,1562535.427590917,0
2024-06-18 00:00:00+05:30,1562535.427590917,0
2024-06-19 00:00:00+05:30,1562535.427590917,0
2024-06-20 00:00:00+05:30,1562535.427590917,0
2024-06-21 00:00:00+05:30,1562535.427590917,0
2024-06-24 00:00:00+05:30,1562535.427590917,0
2024-06-25 00:00:00+05:30,1562535.427590917,0
2024-06-26 00:00:00+05:30,1562535.427590917,0
2024-06-27 00:00:00+05:30,1562535.427590917,0
2024-06-28 00:00:00+05:30,1562535.427590917,0
2024-07-01 00:00:00+05:30,1562535.427590917,0
2024-07-02 00:00:00+05:30,1562535.427590917,0
2024-07-03 00:00:00+05:30,1562535.427590917,0
2024-07-04 00:00:00+05:30,1562535.427590917,0
2024-07-05 00:00:00+05:30,1562535.427590917,0
2024-07-08 00:00:00+05:30,1562535.427590917,0
2024-07-09 00:00:00+05:30,1562535.427590917,0
2024-07-10 00:00:00+05:30,1562535.427590917,0
2024-07-11 00:00:00+05:30,1562535.427590917,0
2024-07-12 00:00:00+05:30,1562535.427590917,0
2024-07-15 00:00:00+05:30,1562535.427590917,0
2024-07-16 00:00:00+05:30,1562535.427590917,0
2024-07-18 00:00:00+05:30,1562535.427590917,0
2024-07-19 00:00:00+05:30,1562535.427590917,0
2024-07-22 00:00:00+05:30,1562535.427590917,0
2024-07-23 00:00:00+05:30,1562535.427590917,0
2024-07-24 00:00:00+05:30,1562535.427590917,0
2024-07-25 00:00:00+05:30,1562535.427590917,0
2024-07-26 00:00:00+05:30,1562535.427590917,0
2024-07-29 00:00:00+05:30,1562535.427590917,0
2024-07-30 00:00:00+05:30,1562535.427590917,0
2024-07-31 00:00:00+05:30,1562535.427590917,0
2024-08-01 00:00:00+05:30,1562535.427590917,0
2024-08-02 00:00:00+05:30,1562535.427590917,0
2024-08-05 00:00:00+05:30,1562535.427590917,0
2024-08-06 00:00:00+05:30,1562535.427590917,0
2024-08-07 00:00:00+05:30,1562535.427590917,0
2024-08-08 00:00:00+05:30,1562535.427590917,0
2024-08-09 00:00:00+05:30,1562535.427590917,0
2024-08-12 00:00:00+05:30,1562535.427590917,0
2024-08-13 00:00:00+05:30,1562535.427590917,0
2024-08-14 00:00:00+05:30,1562535.427590917,0
2024-08-16 00:00:00+05:30,1562535.427590917,0
2024-08-19 00:00:00+05:30,1562535.427590917,0
2024-08-20 00:00:00+05:30,1562535.427590917,0
2024-08-21 00:00:00+05:30,1562535.427590917,0
2024-08-22 00:00:00+05:30,1562535.427590917,0
2024-08-23 00:00:00+05:30,1562535.427590917,0
2024-08-26 00:00:00+05:30,1562535.427590917,0
2024-08-27 00:00:00+05:30,1562535.427590917,0
2024-08-28 00:00:00+05:30,1562535.427590917,0
2024-08-29 00:00:00+05:30,1562535.427590917,0
2024-08-30 00:00:00+05:30,1562535.427590917,0
2024-09-02 00:00:00+05:30,1562535.427590917,0
2024-09-03 00:00:00+05:30,1562535.427590917,0
2024-09-04 00:00:00+05:30,1562535.427590917,0
2024-09-05 00:00:00+05:30,1562535.427590917,0
2024-09-06 00:00:00+05:30,1562535.427590917,0
2024-09-09 00:00:00+05:30,1562535.427590917,0
2024-09-10 00:00:00+05:30,1562535.427590917,0
2024-09-11 00:00:00+05:30,1562535.427590917,0
2024-09-12 00:00:00+05:30,1562535.427590917,0
2024-09-13 00:00:00+05:30,1562535.427590917,0
2024-09-16 00:00:00+05:30,1562535.427590917,0
2024-09-17 00:00:00+05:30,1562535.427590917,0
2024-09-18 00:00:00+05:30,1562535.427590917,0
2024-09-19 00:00:00+05:30,1562535.427590917,0
2024-09-20 00:00:00+05:30,1562535.427590917,0
2024-09-23 00:00:00+05:30,1562535.427590917,0
2024-09-24 00:00:00+05:30,1556987.9253577648,1
2024-09-25 00:00:00+05:30,1561644.5659827648,1
2024-09-26 00:00:00+05:30,1571224.1753577648,1
2024-09-27 00:00:00+05:30,1552287.3980140148,1
2024-09-30 00:00:00+05:30,1527150.1727749929,0
2024-10-01 00:00:00+05:30,1527150.1727749929,0
2024-10-03 00:00:00+05:30,1527150.1727749929,0
2024-10-04 00:00:00+05:30,1527150.1727749929,0
2024-10-07 00:00:00+05:30,1527150.1727749929,0
2024-10-08 00:00:00+05:30,1527150.1727749929,0
2024-10-09 00:00:00+05:30,1527150.1727749929,0
2024-10-10 00:00:00+05:30,1527150.1727749929,0
2024-10-11 00:00:00+05:30,1527150.1727749929,0
2024-10-14 00:00:00+05:30,1527150.1727749929,0
2024-10-15 00:00:00+05:30,1527150.1727749929,0
2024-10-16 00:00:00+05:30,1527150.1727749929,0
2024-10-17 00:00:00+05:30,1527150.1727749929,0
2024-10-18 00:00:00+05:30,1527150.1727749929,0
2024-10-21 00:00:00+05:30,1527150.1727749929,0
2024-10-22 00:00:00+05:30,1527150.1727749929,0
2024-10-23 00:00:00+05:30,1527150.1727749929,0
2024-10-24 00:00:00+05:30,1527150.1727749929,0
2024-10-25 00:00:00+05:30,1527150.1727749929,0
2024-10-28 00:00:00+05:30,1527150.1727749929,0
2024-10-29 00:00:00+05:30,1527150.1727749929,0
2024-10-30 00:00:00+05:30,1527150.1727749929,0
2024-10-31 00:00:00+05:30,1527150.1727749929,0
2024-11-01 00:00:00+05:30,1527150.1727749929,0
2024-11-04 00:00:00+05:30,1527150.1727749929,0
2024-11-05 00:00:00+05:30,1527150.1727749929,0
2024-11-06 00:00:00+05:30,1527150.1727749929,0
2024-11-07 00:00:00+05:30,1527150.1727749929,0
2024-11-08 00:00:00+05:30,1527150.1727749929,0
2024-11-11 00:00:00+05:30,1527150.1727749929,0
2024-11-12 00:00:00+05:30,1527150.1727749929,0
2024-11-13 00:00:00+05:30,1527150.1727749929,0
2024-11-14 00:00:00+05:30,1527150.1727749929,0
2024-11-18 00:00:00+05:30,1527150.1727749929,0
2024-11-19 00:00:00+05:30,1527150.1727749929,0
2024-11-21 00:00:00+05:30,1527150.1727749929,0
2024-11-22 00:00:00+05:30,1527150.1727749929,0
2024-11-25 00:00:00+05:30,1527150.1727749929,0
2024-11-26 00:00:00+05:30,1527150.1727749929,0
2024-11-27 00:00:00+05:30,1527150.1727749929,0
2024-11-28 00:00:00+05:30,1527150.1727749929,0
2024-11-29 00:00:00+05:30,1527150.1727749929,0
2024-12-02 00:00:00+05:30,1527150.1727749929,0
2024-12-03 00:00:00+05:30,1527150.1727749929,0
2024-12-04 00:00:00+05:30,1527150.1727749929,0
2024-12-05 00:00:00+05:30,1527150.1727749929,0
2024-12-06 00:00:00+05:30,1527150.1727749929,0
2024-12-09 00:00:00+05:30,1527150.1727749929,0
2024-12-10 00:00:00+05:30,1527150.1727749929,0
2024-12-11 00:00:00+05:30,1527150.1727749929,0
2024-12-12 00:00:00+05:30,1527150.1727749929,0
2024-12-13 00:00:00+05:30,1527150.1727749929,0
2024-12-16 00:00:00+05:30,1527150.1727749929,0
2024-12-17 00:00:00+05:30,1527150.1727749929,0
2024-12-18 00:00:00+05:30,1527150.1727749929,0
2024-12-19 00:00:00+05:30,1527150.1727749929,0
2024-12-20 00:00:00+05:30,1527150.1727749929,0
2024-12-23 00:00:00+05:30,1527150.1727749929,0
2024-12-24 00:00:00+05:30,1527150.1727749929,0
2024-12-26 00:00:00+05:30,1527150.1727749929,0
2024-12-27 00:00:00+05:30,1527150.1727749929,0
2024-12-30 00:00:00+05:30,1527150.1727749929,0
2024-12-31 00:00:00+05:30,1527150.1727749929,0
2025-01-01 00:00:00+05:30,1527150.1727749929,0
2025-01-02 00:00:00+05:30,1527150.1727749929,0
2025-01-03 00:00:00+05:30,1527150.1727749929,0
2025-01-06 00:00:00+05:30,1527150.1727749929,0
2025-01-07 00:00:00+05:30,1527150.1727749929,0
2025-01-08 00:00:00+05:30,1527150.1727749929,0
2025-01-09 00:00:00+05:30,1527150.1727749929,0
2025-01-10 00:00:00+05:30,1527150.1727749929,0
2025-01-13 00:00:00+05:30,1534135.026781832,-1
2025-01-14 00:00:00+05:30,1510058.581469332,-1
2025-01-15 00:00:00+05:30,1509269.304125582,-1
2025-01-16 00:00:00+05:30,1490824.304125582,-1
2025-01-17 00:00:00+05:30,1516657.722094332,-1
2025-01-20 00:00:00+05:30,1480647.3111028066,0
2025-01-21 00:00:00+05:30,1480647.3111028066,0
2025-01-22 00:00:00+05:30,1480647.3111028066,0
2025-01-23 00:00:00+05:30,1480647.3111028066,0
2025-01-24 00:00:00+05:30,1480647.3111028066,0
2025-01-27 00:00:00+05:30,1480647.3111028066,0
2025-01-28 00:00:00+05:30,1480647.3111028066,0
2025-01-29 00:00:00+05:30,1480647.3111028066,0
2025-01-30 00:00:00+05:30,1480647.3111028066,0
2025-01-31 00:00:00+05:30,1480647.3111028066,0
2025-02-03 00:00:00+05:30,1480647.3111028066,0
2025-02-04 00:00:00+05:30,1480647.3111028066,0
2025-02-05 00:00:00+05:30,1480647.3111028066,0
2025-02-06 00:00:00+05:30,1480647.3111028066,0
2025-02-07 00:00:00+05:30,1480647.3111028066,0
2025-02-10 00:00:00+05:30,1480647.3111028066,0
2025-02-11 00:00:00+05:30,1480647.3111028066,0
2025-02-12 00:00:00+05:30,1480647.3111028066,0
2025-02-13 00:00:00+05:30,1480647.3111028066,0
2025-02-14 00:00:00+05:30,1480647.3111028066,0
2025-02-17 00:00:00+05:30,1480647.3111028066,0
2025-02-18 00:00:00+05:30,1480647.3111028066,0
2025-02-19 00:00:00+05:30,1480647.3111028066,0
2025-02-20 00:00:00+05:30,1480647.3111028066,0
2025-02-21 00:00:00+05:30,1480647.3111028066,0
2025-02-24 00:00:00+05:30,1480647.3111028066,0
2025-02-25 00:00:00+05:30,1480647.3111028066,0
2025-02-27 00:00:00+05:30,1480647.3111028066,0
2025-02-28 00:00:00+05:30,1480647.3111028066,0
2025-03-03 00:00:00+05:30,1480647.3111028066,0
2025-03-04 00:00:00+05:30,1480647.3111028066,0
2025-03-05 00:00:00+05:30,1480647.3111028066,0
2025-03-06 00:00:00+05:30,1480647.3111028066,0
2025-03-07 00:00:00+05:30,1480647.3111028066,0
2025-03-10 00:00:00+05:30,1480647.3111028066,0
2025-03-11 00:00:00+05:30,1480647.3111028066,0
2025-03-12 00:00:00+05:30,1480647.3111028066,0
2025-03-13 00:00:00+05:30,1480647.3111028066,0
2025-03-17 00:00:00+05:30,1480647.3111028066,0
2025-03-18 00:00:00+05:30,1480647.3111028066,0
2025-03-19 00:00:00+05:30,1480647.3111028066,0
2025-03-20 00:00:00+05:30,1480647.3111028066,0
2025-03-21 00:00:00+05:30,1480647.3111028066,0
2025-03-24 00:00:00+05:30,1480647.3111028066,0
2025-03-25 00:00:00+05:30,1480647.3111028066,0
2025-03-26 00:00:00+05:30,1480647.3111028066,0
2025-03-27 00:00:00+05:30,1480647.3111028066,0
2025-03-28 00:00:00+05:30,1480647.3111028066,0
2025-04-01 00:00:00+05:30,1480647.3111028066,0
2025-04-02 00:00:00+05:30,1480647.3111028066,0
2025-04-03 00:00:00+05:30,1480647.3111028066,0
2025-04-04 00:00:00+05:30,1480647.3111028066,0
2025-04-07 00:00:00+05:30,1480647.3111028066,0
2025-04-08 00:00:00+05:30,1480647.3111028066,0
2025-04-09 00:00:00+05:30,1480647.3111028066,0
2025-04-11 00:00:00+05:30,1480647.3111028066,0
2025-04-15 00:00:00+05:30,1480647.3111028066,0
2025-04-16 00:00:00+05:30,1480647.3111028066,0
2025-04-17 00:00:00+05:30,1480647.3111028066,0
2025-04-21 00:00:00+05:30,1480647.3111028066,0
2025-04-22 00:00:00+05:30,1480647.3111028066,0
2025-04-23 00:00:00+05:30,1480647.3111028066,0
2025-04-24 00:00:00+05:30,1480647.3111028066,0
2025-04-25 00:00:00+05:30,1480647.3111028066,0
2025-04-28 00:00:00+05:30,1480647.3111028066,0
2025-04-29 00:00:00+05:30,1480647.3111028066,0
2025-04-30 00:00:00+05:30,1480647.3111028066,0
2025-05-02 00:00:00+05:30,1480647.3111028066,0
2025-05-05 00:00:00+05:30,1480647.3111028066,0
2025-05-06 00:00:00+05:30,1480647.3111028066,0
2025-05-07 00:00:00+05:30,1480647.3111028066,0
2025-05-08 00:00:00+05:30,1480647.3111028066,0
2025-05-09 00:00:00+05:30,1480647.3111028066,0
2025-05-12 00:00:00+05:30,1480647.3111028066,0
2025-05-13 00:00:00+05:30,1480647.3111028066,0
2025-05-14 00:00:00+05:30,1480647.3111028066,0
2025-05-15 00:00:00+05:30,1480647.3111028066,0
2025-05-16 00:00:00+05:30,1480647.3111028066,0
2025-05-19 00:00:00+05:30,1480647.3111028066,0
2025-05-20 00:00:00+05:30,1480647.3111028066,0
2025-05-21 00:00:00+05:30,1480647.3111028066,0
2025-05-22 00:00:00+05:30,1480647.3111028066,0
2025-05-23 00:00:00+05:30,1480647.3111028066,0
2025-05-26 00:00:00+05:30,1480647.3111028066,0
2025-05-27 00:00:00+05:30,1480647.3111028066,0
2025-05-28 00:00:00+05:30,1480647.3111028066,0
2025-05-29 00:00:00+05:30,1480647.3111028066,0
2025-05-30 00:00:00+05:30,1480647.3111028066,0
2025-06-02 00:00:00+05:30,1480647.3111028066,0
2025-06-03 00:00:00+05:30,1480647.3111028066,0
2025-06-04 00:00:00+05:30,1480647.3111028066,0
2025-06-05 00:00:00+05:30,1480647.3111028066,0
2025-06-06 00:00:00+05:30,1480647.3111028066,0
2025-06-09 00:00:00+05:30,1472695.0098106784,1
2025-06-10 00:00:00+05:30,1465327.5098106784,1
2025-06-11 00:00:00+05:30,1459400.2051231784,1
2025-06-12 00:00:00+05:30,1446198.2324669284,1
2025-06-13 00:00:00+05:30,1437669.45171862,0
2025-06-16 00:00:00+05:30,1437669.45171862,0
2025-06-17 00:00:00+05:30,1437669.45171862,0
2025-06-18 00:00:00+05:30,1437669.45171862,0
2025-06-19 00:00:00+05:30,1437669.45171862,0
2025-06-20 00:00:00+05:30,1437669.45171862,0
2025-06-23 00:00:00+05:30,1437669.45171862,0
2025-06-24 00:00:00+05:30,1437669.45171862,0
2025-06-25 00:00:00+05:30,1437669.45171862,0
2025-06-26 00:00:00+05:30,1437669.45171862,0
2025-06-27 00:00:00+05:30,1437669.45171862,0
2025-06-30 00:00:00+05:30,1437669.45171862,0
2025-07-01 00:00:00+05:30,1437669.45171862,0
2025-07-02 00:00:00+05:30,1437669.45171862,0
2025-07-03 00:00:00+05:30,1437669.45171862,0
2025-07-04 00:00:00+05:30,1437669.45171862,0
2025-07-07 00:00:00+05:30,1437669.45171862,0
2025-07-08 00:00:00+05:30,1437669.45171862,0
2025-07-09 00:00:00+05:30,1437669.45171862,0
2025-07-10 00:00:00+05:30,1437669.45171862,0
2025-07-11 00:00:00+05:30,1437669.45171862,0
2025-07-14 00:00:00+05:30,1437669.45171862,0
2025-07-15 00:00:00+05:30,1437669.45171862,0
2025-07-16 00:00:00+05:30,1437669.45171862,0
2025-07-17 00:00:00+05:30,1437669.45171862,0
2025-07-18 00:00:00+05:30,1437669.45171862,0
2025-07-21 00:00:00+05:30,1437669.45171862,0
2025-07-22 00:00:00+05:30,1437669.45171862,0
2025-07-23 00:00:00+05:30,1437669.45171862,0
2025-07-24 00:00:00+05:30,1437669.45171862,0
2025-07-25 00:00:00+05:30,1437669.45171862,0
2025-07-28 00:00:00+05:30,1437669.45171862,0
2025-07-29 00:00:00+05:30,1437669.45171862,0
2025-07-30 00:00:00+05:30,1437669.45171862,0
2025-07-31 00:00:00+05:30,1437669.45171862,0
2025-08-01 00:00:00+05:30,1437669.45171862,0
2025-08-04 00:00:00+05:30,1437669.45171862,0
2025-08-05 00:00:00+05:30,1437669.45171862,0
2025-08-06 00:00:00+05:30,1437669.45171862,0
2025-08-07 00:00:00+05:30,1437669.45171862,0
2025-08-08 00:00:00+05:30,1437669.45171862,0
2025-08-11 00:00:00+05:30,1437669.45171862,0
2025-08-12 00:00:00+05:30,1437669.45171862,0
2025-08-13 00:00:00+05:30,1437669.45171862,0
2025-08-14 00:00:00+05:30,1437669.45171862,0
2025-08-18 00:00:00+05:30,1437669.45171862,0
2025-08-19 00:00:00+05:30,1437669.45171862,0
2025-08-20 00:00:00+05:30,1437669.45171862,0
2025-08-21 00:00:00+05:30,1437669.45171862,0
2025-08-22 00:00:00+05:30,1437669.45171862,0
2025-08-25 00:00:00+05:30,1437669.45171862,0
2025-08-26 00:00:00+05:30,1437669.45171862,0
2025-08-28 00:00:00+05:30,1451998.1140884156,-1
2025-08-29 00:00:00+05:30,1457762.7234634156,-1
2025-09-01 00:00:00+05:30,1445624.6961196656,-1
2025-09-02 00:00:00+05:30,1457575.4187759156,-1
2025-09-03 00:00:00+05:30,1443346.1414321656,-1
2025-09-04 00:00:00+05:30,1436647.952123612,0
2025-09-05 00:00:00+05:30,1436647.952123612,0
2025-09-08 00:00:00+05:30,1436647.952123612,0
2025-09-09 00:00:00+05:30,1436647.952123612,0
2025-09-10 00:00:00+05:30,1436647.952123612,0
2025-09-11 00:00:00+05:30,1436647.952123612,0
2025-09-12 00:00:00+05:30,1436647.952123612,0
2025-09-15 00:00:00+05:30,1436647.952123612,0
2025-09-16 00:00:00+05:30,1436647.952123612,0
2025-09-17 00:00:00+05:30,1436647.952123612,0
2025-09-18 00:00:00+05:30,1436647.952123612,0
2025-09-19 00:00:00+05:30,1436647.952123612,0
2025-09-22 00:00:00+05:30,1436647.952123612,0
2025-09-23 00:00:00+05:30,1436647.952123612,0
2025-09-24 00:00:00+05:30,1436647.952123612,0
2025-09-25 00:00:00+05:30,1436647.952123612,0
2025-09-26 00:00:00+05:30,1436647.952123612,0
2025-09-29 00:00:00+05:30,1436647.952123612,0
2025-09-30 00:00:00+05:30,1436647.952123612,0
2025-10-01 00:00:00+05:30,1436647.952123612,0
2025-10-03 00:00:00+05:30,1436647.952123612,0
2025-10-06 00:00:00+05:30,1436647.952123612,0
2025-10-07 00:00:00+05:30,1436647.952123612,0
2025-10-08 00:00:00+05:30,1436647.952123612,0
2025-10-09 00:00:00+05:30,1436647.952123612,0
2025-10-10 00:00:00+05:30,1436647.952123612,0
2025-10-13 00:00:00+05:30,1436647.952123612,0
2025-10-14 00:00:00+05:30,1436647.952123612,0
2025-10-15 00:00:00+05:30,1436647.952123612,0
2025-10-16 00:00:00+05:30,1445932.227692833,1
2025-10-17 00:00:00+05:30,1456110.255036583,1
2025-10-20 00:00:00+05:30,1467304.923005333,1
2025-10-21 00:00:00+05:30,1466394.923005333,1
2025-10-23 00:00:00+05:30,1468874.727692833,1
2025-10-24 00:00:00+05:30,1455629.005036583,1
2025-10-27 00:00:00+05:30,1470141.700349083,1
2025-10-28 00:00:00+05:30,1473636.505036583,1
2025-10-29 00:00:00+05:30,1479626.700349083,1
2025-10-30 00:00:00+05:30,1467231.505036583,1
2025-10-31 00:00:00+05:30,1458315.255036583,1
2025-11-03 00:00:00+05:30,1469693.673005333,1
2025-11-04 00:00:00+05:30,1460089.727692833,1
2025-11-06 00:00:00+05:30,1450541.700349083,1
2025-11-07 00:00:00+05:30,1461830.977692833,1
2025-11-10 00:00:00+05:30,1463957.227692833,1
2025-11-11 00:00:00+05:30,1470978.145661583,1
2025-11-12 00:00:00+05:30,1475755.645661583,1
2025-11-13 00:00:00+05:30,1479511.173005333,1
2025-11-14 00:00:00+05:30,1484257.227692833,1
2025-11-17 00:00:00+05:30,1499837.423005333,1
2025-11-18 00:00:00+05:30,1497616.700349083,1
2025-11-19 00:00:00+05:30,1508704.727692833,1
2025-11-20 00:00:00+05:30,1513312.423005333,1
2025-11-21 00:00:00+05:30,1496512.423005333,1
2025-11-24 00:00:00+05:30,1495380.255036583,1
2025-11-25 00:00:00+05:30,1494853.477692833,1
2025-11-26 00:00:00+05:30,1519624.727692833,1
2025-11-27 00:00:00+05:30,1526948.477692833,1
2025-11-28 00:00:00+05:30,1527487.423005333,1
2025-12-01 00:00:00+05:30,1524990.255036583,1
2025-12-02 00:00:00+05:30,1510725.977692833,1
2025-12-03 00:00:00+05:30,1513331.700349083,1
2025-12-04 00:00:00+05:30,1511247.423005333,1
2025-12-05 00:00:00+05:30,1528344.923005333,1
2025-12-08 00:00:00+05:30,1509492.227692833,1
2025-12-09 00:00:00+05:30,1508925.255036583,1
2025-12-10 00:00:00+05:30,1499756.895661583,1
2025-12-11 00:00:00+05:30,1508487.755036583,1
2025-12-12 00:00:00+05:30,1514791.173005333,1
2025-12-15 00:00:00+05:30,1517305.977692833,1
2025-12-16 00:00:00+05:30,1502354.005036583,1
2025-12-17 00:00:00+05:30,1498579.200349083,1
2025-12-18 00:00:00+05:30,1498092.755036583,1
2025-12-19 00:00:00+05:30,1503564.923005333,1
2025-12-22 00:00:00+05:30,1511782.950349083,1
2025-12-23 00:00:00+05:30,1511627.227692833,1
2025-12-24 00:00:00+05:30,1507569.005036583,1
2025-12-26 00:00:00+05:30,1501540.255036583,1
2025-12-29 00:00:00+05:30,1498775.255036583,1
2025-12-30 00:00:00+05:30,1507136.700349083,1
2025-12-31 00:00:00+05:30,1521507.755036583,1
2026-01-01 00:00:00+05:30,1526047.227692833,1
2026-01-02 00:00:00+05:30,1541426.173005333,1
2026-01-05 00:00:00+05:30,1537689.923005333,1
2026-01-06 00:00:00+05:30,1540286.895661583,1
2026-01-07 00:00:00+05:30,1535822.755036583,1
2026-01-08 00:00:00+05:30,1525170.450349083,1
2026-01-09 00:00:00+05:30,1509947.227692833,1
2026-01-12 00:00:00+05:30,1516910.450349083,1
2026-01-13 00:00:00+05:30,1521400.977692833,1
2026-01-14 00:00:00+05:30,1521448.145661583,1
2026-01-16 00:00:00+05:30,1539473.145661583,1
2026-01-19 00:00:00+05:30,1532340.255036583,1
2026-01-20 00:00:00+05:30,1515289.923005333,1
2026-01-21 00:00:00+05:30,1494153.477692833,1
2026-01-22 00:00:00+05:30,1506941.1672639183,0
2026-01-23 00:00:00+05:30,1506941.1672639183,0
2026-01-27 00:00:00+05:30,1506941.1672639183,0
2026-01-28 00:00:00+05:30,1506941.1672639183,0
2026-01-29 00:00:00+05:30,1506941.1672639183,0
2026-01-30 00:00:00+05:30,1506941.1672639183,0
2026-02-02 00:00:00+05:30,1506941.1672639183,0
2026-02-03 00:00:00+05:30,1506941.1672639183,0
2026-02-04 00:00:00+05:30,1506941.1672639183,0
2026-02-05 00:00:00+05:30,1506941.1672639183,0
2026-02-06 00:00:00+05:30,1506941.1672639183,0
2026-02-09 00:00:00+05:30,1506941.1672639183,0
2026-02-10 00:00:00+05:30,1506941.1672639183,0
2026-02-11 00:00:00+05:30,1506941.1672639183,0
2026-02-12 00:00:00+05:30,1506941.1672639183,0
2026-02-13 00:00:00+05:30,1506941.1672639183,0
2026-02-16 00:00:00+05:30,1506941.1672639183,0
2026-02-17 00:00:00+05:30,1506941.1672639183,0
2026-02-18 00:00:00+05:30,1506941.1672639183,0
2026-02-19 00:00:00+05:30,1506941.1672639183,0
2026-02-20 00:00:00+05:30,1506941.1672639183,0
2026-02-23 00:00:00+05:30,1506941.1672639183,0
2026-02-24 00:00:00+05:30,1506941.1672639183,0
2026-02-25 00:00:00+05:30,1506941.1672639183,0
2026-02-26 00:00:00+05:30,1506941.1672639183,0
2026-02-27 00:00:00+05:30,1506941.1672639183,0
2026-03-02 00:00:00+05:30,1506941.1672639183,0
2026-03-04 00:00:00+05:30,1506941.1672639183,0
2026-03-05 00:00:00+05:30,1506941.1672639183,0
2026-03-06 00:00:00+05:30,1506941.1672639183,0
2026-03-09 00:00:00+05:30,1506941.1672639183,0
2026-03-10 00:00:00+05:30,1506941.1672639183,0
2026-03-11 00:00:00+05:30,1506941.1672639183,0
2026-03-12 00:00:00+05:30,1506941.1672639183,0
2026-03-13 00:00:00+05:30,1506941.1672639183,0
2026-03-16 00:00:00+05:30,1506941.1672639183,0
2026-03-17 00:00:00+05:30,1506941.1672639183,0
2026-03-18 00:00:00+05:30,1506941.1672639183,0
2026-03-19 00:00:00+05:30,1506941.1672639183,0
2026-03-20 00:00:00+05:30,1506941.1672639183,0
2026-03-23 00:00:00+05:30,1506941.1672639183,0
2026-03-24 00:00:00+05:30,1506941.1672639183,0
2026-03-25 00:00:00+05:30,1506941.1672639183,0
2026-03-27 00:00:00+05:30,1506941.1672639183,0
2026-03-30 00:00:00+05:30,1506941.1672639183,0
2026-04-01 00:00:00+05:30,1506941.1672639183,0
2026-04-02 00:00:00+05:30,1506941.1672639183,0
2026-04-06 00:00:00+05:30,1506941.1672639183,0
2026-04-07 00:00:00+05:30,1506941.1672639183,0
2026-04-08 00:00:00+05:30,1506941.1672639183,0
2026-04-09 00:00:00+05:30,1506941.1672639183,0
2026-04-10 00:00:00+05:30,1506941.1672639183,0
2026-04-13 00:00:00+05:30,1506941.1672639183,0
2026-04-15 00:00:00+05:30,1506941.1672639183,0
2026-04-16 00:00:00+05:30,1506941.1672639183,0
2026-04-17 00:00:00+05:30,1506941.1672639183,0
2026-04-20 00:00:00+05:30,1506941.1672639183,0
2026-04-21 00:00:00+05:30,1506941.1672639183,0
2026-04-22 00:00:00+05:30,1506941.1672639183,0
2026-04-23 00:00:00+05:30,1506941.1672639183,0
2026-04-24 00:00:00+05:30,1506941.1672639183,0
2026-04-27 00:00:00+05:30,1506941.1672639183,0
2026-04-28 00:00:00+05:30,1506941.1672639183,0
2026-04-29 00:00:00+05:30,1506941.1672639183,0
2026-04-30 00:00:00+05:30,1506941.1672639183,0
2026-05-04 00:00:00+05:30,1506941.1672639183,0
2026-05-05 00:00:00+05:30,1506941.1672639183,0
2026-05-06 00:00:00+05:30,1506941.1672639183,0
2026-05-07 00:00:00+05:30,1506941.1672639183,0
2026-05-08 00:00:00+05:30,1506941.1672639183,0
2026-05-11 00:00:00+05:30,1506941.1672639183,0
2026-05-12 00:00:00+05:30,1506941.1672639183,0
2026-05-13 00:00:00+05:30,1506941.1672639183,0
2026-05-14 00:00:00+05:30,1506941.1672639183,0
2026-05-15 00:00:00+05:30,1506941.1672639183,0
2026-05-18 00:00:00+05:30,1506941.1672639183,0
2026-05-19 00:00:00+05:30,1506941.1672639183,0
2026-05-20 00:00:00+05:30,1506941.1672639183,0
2026-05-21 00:00:00+05:30,1506941.1672639183,0
2026-05-22 00:00:00+05:30,1506941.1672639183,0
2026-05-25 00:00:00+05:30,1506941.1672639183,0
2026-05-26 00:00:00+05:30,1506941.1672639183,0
2026-05-27 00:00:00+05:30,1506941.1672639183,0
2026-05-29 00:00:00+05:30,1506941.1672639183,0
2026-06-01 00:00:00+05:30,1506941.1672639183,0
2026-06-02 00:00:00+05:30,1506941.1672639183,0
2026-06-03 00:00:00+05:30,1506941.1672639183,0
2026-06-04 00:00:00+05:30,1506941.1672639183,0
2026-06-05 00:00:00+05:30,1506941.1672639183,0
2026-06-08 00:00:00+05:30,1506941.1672639183,0
2026-06-09 00:00:00+05:30,1506941.1672639183,0
2026-06-10 00:00:00+05:30,1506941.1672639183,0
2026-06-11 00:00:00+05:30,1506941.1672639183,0
2026-06-12 00:00:00+05:30,1506941.1672639183,0
2026-06-15 00:00:00+05:30,1506941.1672639183,0
2026-06-16 00:00:00+05:30,1506941.1672639183,0
2026-06-17 00:00:00+05:30,1506941.1672639183,0
2026-06-18 00:00:00+05:30,1506941.1672639183,0
2026-06-19 00:00:00+05:30,1506941.1672639183,0
2026-06-22 00:00:00+05:30,1506941.1672639183,0
2026-06-23 00:00:00+05:30,1506941.1672639183,0
2026-06-24 00:00:00+05:30,1506941.1672639183,0
2026-06-25 00:00:00+05:30,1506941.1672639183,0
2026-06-29 00:00:00+05:30,1506941.1672639183,0
2026-06-30 00:00:00+05:30,1506941.1672639183,0
2026-07-01 00:00:00+05:30,1506941.1672639183,0
2026-07-02 00:00:00+05:30,1506941.1672639183,0
2026-07-03 00:00:00+05:30,1506941.1672639183,0
2026-07-06 00:00:00+05:30,1506941.1672639183,0
2026-07-07 00:00:00+05:30,1506941.1672639183,0
2026-07-08 00:00:00+05:30,1506941.1672639183,0
2026-07-09 00:00:00+05:30,1506941.1672639183,0
2026-07-10 00:00:00+05:30,1506941.1672639183,0
2026-07-13 00:00:00+05:30,1506941.1672639183,0
2026-07-14 00:00:00+05:30,1506941.1672639183,0
2026-07-15 00:00:00+05:30,1506941.1672639183,0
2026-07-16 00:00:00+05:30,1506941.1672639183,0
2026-07-17 00:00:00+05:30,1506941.1672639183,0
2026-07-20 00:00:00+05:30,1506941.1672639183,0
2026-07-21 00:00:00+05:30,1506941.1672639183,0
2026-07-22 00:00:00+05:30,1506941.1672639183,0
2026-07-23 00:00:00+05:30,1506941.1672639183,0
2026-07-24 00:00:00+05:30,1506941.1672639183,0
2026-07-27 00:00:00+05:30,1506941.1672639183,0
2026-07-28 00:00:00+05:30,1506941.1672639183,0
2026-07-29 00:00:00+05:30,1506941.1672639183,0
2026-07-30 00:00:00+05:30,1506941.1672639183,0
2026-07-31 00:00:00+05:30,1506941.1672639183,0
2026-08-03 00:00:00+05:30,1506941.1672639183,0
2026-08-04 00:00:00+05:30,1506941.1672639183,0
2026-08-05 00:00:00+05:30,1506941.1672639183,0
2026-08-06 00:00:00+05:30,1506941.1672639183,0
2026-08-07 00:00:00+05:30,1506941.1672639183,0
2026-08-10 00:00:00+05:30,1506941.1672639183,0
2026-08-11 00:00:00+05:30,1506941.1672639183,0
2026-08-12 00:00:00+05:30,1506941.1672639183,0
2026-08-13 00:00:00+05:30,1506941.1672639183,0
2026-08-14 00:00:00+05:30,1506941.1672639183,0
