datetime,equity,exposure
2026-05-25 09:15:00+05:30,1000000.0,0
2026-05-25 09:20:00+05:30,1000000.0,0
2026-05-25 09:25:00+05:30,1000000.0,0
2026-05-25 09:30:00+05:30,1000000.0,0
2026-05-25 09:35:00+05:30,1000000.0,0
2026-05-25 09:40:00+05:30,1000000.0,0
2026-05-25 09:45:00+05:30,1000000.0,0
2026-05-25 09:50:00+05:30,1000000.0,0
2026-05-25 09:55:00+05:30,1000000.0,0
2026-05-25 10:00:00+05:30,1000000.0,0
2026-05-25 10:05:00+05:30,1000000.0,0
2026-05-25 10:10:00+05:30,1000000.0,0
2026-05-25 10:15:00+05:30,1000000.0,0
2026-05-25 10:20:00+05:30,1000000.0,0
2026-05-25 10:25:00+05:30,1000000.0,0
2026-05-25 10:30:00+05:30,1000000.0,0
2026-05-25 10:35:00+05:30,1000000.0,0
2026-05-25 10:40:00+05:30,1000000.0,0
2026-05-25 10:45:00+05:30,1000000.0,0
2026-05-25 10:50:00+05:30,1000000.0,0
2026-05-25 10:55:00+05:30,1000000.0,0
2026-05-25 11:00:00+05:30,1000000.0,0
2026-05-25 11:05:00+05:30,1000000.0,0
2026-05-25 11:10:00+05:30,1000000.0,0
2026-05-25 11:15:00+05:30,1000000.0,0
2026-05-25 11:20:00+05:30,1000000.0,0
2026-05-25 11:25:00+05:30,1000000.0,0
2026-05-25 11:30:00+05:30,1000000.0,0
2026-05-25 11:35:00+05:30,1000000.0,0
2026-05-25 11:40:00+05:30,1000000.0,0
2026-05-25 11:45:00+05:30,1000000.0,0
2026-05-25 11:50:00+05:30,1000000.0,0
2026-05-25 11:55:00+05:30,1000000.0,0
2026-05-25 12:00:00+05:30,1000000.0,0
2026-05-25 12:05:00+05:30,1000000.0,0
2026-05-25 12:10:00+05:30,1000000.0,0
2026-05-25 12:15:00+05:30,1000000.0,0
2026-05-25 12:20:00+05:30,1000000.0,0
2026-05-25 12:25:00+05:30,1000000.0,0
2026-05-25 12:30:00+05:30,1000000.0,0
2026-05-25 12:35:00+05:30,1000000.0,0
2026-05-25 12:40:00+05:30,1000000.0,0
2026-05-25 12:45:00+05:30,1000000.0,0
2026-05-25 12:50:00+05:30,1000000.0,0
2026-05-25 12:55:00+05:30,1000000.0,0
2026-05-25 13:00:00+05:30,1000000.0,0
2026-05-25 13:05:00+05:30,1000000.0,0
2026-05-25 13:10:00+05:30,1000000.0,0
2026-05-25 13:15:00+05:30,1000000.0,0
2026-05-25 13:20:00+05:30,1000000.0,0
2026-05-25 13:25:00+05:30,1000000.0,0
2026-05-25 13:30:00+05:30,1000000.0,0
2026-05-25 13:35:00+05:30,1000000.0,0
2026-05-25 13:40:00+05:30,1000000.0,0
2026-05-25 13:45:00+05:30,1000000.0,0
2026-05-25 13:50:00+05:30,1000000.0,0
2026-05-25 13:55:00+05:30,1000000.0,0
2026-05-25 14:00:00+05:30,1000000.0,0
2026-05-25 14:05:00+05:30,1000000.0,0
2026-05-25 14:10:00+05:30,1000000.0,0
2026-05-25 14:15:00+05:30,1000000.0,0
2026-05-25 14:20:00+05:30,1000000.0,0
2026-05-25 14:25:00+05:30,1000000.0,0
2026-05-25 14:30:00+05:30,1000000.0,0
2026-05-25 14:35:00+05:30,1000000.0,0
2026-05-25 14:40:00+05:30,1000000.0,0
2026-05-25 14:45:00+05:30,1000000.0,0
2026-05-25 14:50:00+05:30,1000000.0,0
2026-05-25 14:55:00+05:30,1000000.0,0
2026-05-25 15:00:00+05:30,1000000.0,0
2026-05-25 15:05:00+05:30,1000000.0,0
2026-05-25 15:10:00+05:30,1000000.0,0
2026-05-25 15:15:00+05:30,1000000.0,0
2026-05-25 15:20:00+05:30,1000000.0,0
2026-05-25 15:25:00+05:30,1000000.0,0
2026-05-26 09:15:00+05:30,1000000.0,0
2026-05-26 09:20:00+05:30,1000000.0,0
2026-05-26 09:25:00+05:30,1000000.0,0
2026-05-26 09:30:00+05:30,1000000.0,0
2026-05-26 09:35:00+05:30,1000000.0,0
2026-05-26 09:40:00+05:30,994979.2817605021,1
2026-05-26 09:45:00+05:30,992879.2817605021,1
2026-05-26 09:50:00+05:30,989138.7161906133,0
2026-05-26 09:55:00+05:30,989138.7161906133,0
2026-05-26 10:00:00+05:30,989138.7161906133,0
2026-05-26 10:05:00+05:30,989138.7161906133,0
2026-05-26 10:10:00+05:30,989138.7161906133,0
2026-05-26 10:15:00+05:30,989138.7161906133,0
2026-05-26 10:20:00+05:30,989138.7161906133,0
2026-05-26 10:25:00+05:30,989138.7161906133,0
2026-05-26 10:30:00+05:30,989138.7161906133,0
2026-05-26 10:35:00+05:30,989138.7161906133,0
2026-05-26 10:40:00+05:30,989138.7161906133,0
2026-05-26 10:45:00+05:30,989138.7161906133,0
2026-05-26 10:50:00+05:30,989138.7161906133,0
2026-05-26 10:55:00+05:30,989138.7161906133,0
2026-05-26 11:00:00+05:30,989138.7161906133,0
2026-05-26 11:05:00+05:30,989138.7161906133,0
2026-05-26 11:10:00+05:30,989138.7161906133,0
2026-05-26 11:15:00+05:30,989138.7161906133,0
2026-05-26 11:20:00+05:30,989138.7161906133,0
2026-05-26 11:25:00+05:30,989138.7161906133,0
2026-05-26 11:30:00+05:30,989138.7161906133,0
2026-05-26 11:35:00+05:30,989138.7161906133,0
2026-05-26 11:40:00+05:30,989138.7161906133,0
2026-05-26 11:45:00+05:30,989138.7161906133,0
2026-05-26 11:50:00+05:30,989138.7161906133,0
2026-05-26 11:55:00+05:30,989138.7161906133,0
2026-05-26 12:00:00+05:30,989138.7161906133,0
2026-05-26 12:05:00+05:30,989138.7161906133,0
2026-05-26 12:10:00+05:30,989138.7161906133,0
2026-05-26 12:15:00+05:30,989138.7161906133,0
2026-05-26 12:20:00+05:30,989138.7161906133,0
2026-05-26 12:25:00+05:30,989138.7161906133,0
2026-05-26 12:30:00+05:30,989138.7161906133,0
2026-05-26 12:35:00+05:30,989138.7161906133,0
2026-05-26 12:40:00+05:30,989138.7161906133,0
2026-05-26 12:45:00+05:30,989138.7161906133,0
2026-05-26 12:50:00+05:30,987001.6972430774,-1
2026-05-26 12:55:00+05:30,987337.4784930774,-1
2026-05-26 13:00:00+05:30,993046.0331805774,-1
2026-05-26 13:05:00+05:30,990582.0878680774,-1
2026-05-26 13:10:00+05:30,987111.7895788257,0
2026-05-26 13:15:00+05:30,987111.7895788257,0
2026-05-26 13:20:00+05:30,987111.7895788257,0
2026-05-26 13:25:00+05:30,987111.7895788257,0
2026-05-26 13:30:00+05:30,987111.7895788257,0
2026-05-26 13:35:00+05:30,987111.7895788257,0
2026-05-26 13:40:00+05:30,987111.7895788257,0
2026-05-26 13:45:00+05:30,987111.7895788257,0
2026-05-26 13:50:00+05:30,987111.7895788257,0
2026-05-26 13:55:00+05:30,987111.7895788257,0
2026-05-26 14:00:00+05:30,987111.7895788257,0
2026-05-26 14:05:00+05:30,983315.9789692595,-1
2026-05-26 14:10:00+05:30,983354.5336567595,-1
2026-05-26 14:15:00+05:30,982066.6430317595,-1
2026-05-26 14:20:00+05:30,980092.4242817595,-1
2026-05-26 14:25:00+05:30,977689.5324033925,0
2026-05-26 14:30:00+05:30,977689.5324033925,0
2026-05-26 14:35:00+05:30,977689.5324033925,0
2026-05-26 14:40:00+05:30,977689.5324033925,0
2026-05-26 14:45:00+05:30,977689.5324033925,0
2026-05-26 14:50:00+05:30,977689.5324033925,0
2026-05-26 14:55:00+05:30,977689.5324033925,0
2026-05-26 15:00:00+05:30,977689.5324033925,0
2026-05-26 15:05:00+05:30,977689.5324033925,0
2026-05-26 15:10:00+05:30,977689.5324033925,0
2026-05-26 15:15:00+05:30,977689.5324033925,0
2026-05-26 15:20:00+05:30,977689.5324033925,0
2026-05-26 15:25:00+05:30,977689.5324033925,0
2026-05-27 09:15:00+05:30,977689.5324033925,0
2026-05-27 09:20:00+05:30,977689.5324033925,0
2026-05-27 09:25:00+05:30,977689.5324033925,0
2026-05-27 09:30:00+05:30,977689.5324033925,0
2026-05-27 09:35:00+05:30,977689.5324033925,0
2026-05-27 09:40:00+05:30,977689.5324033925,0
2026-05-27 09:45:00+05:30,977689.5324033925,0
2026-05-27 09:50:00+05:30,977689.5324033925,0
2026-05-27 09:55:00+05:30,977689.5324033925,0
2026-05-27 10:00:00+05:30,977689.5324033925,0
2026-05-27 10:05:00+05:30,977689.5324033925,0
2026-05-27 10:10:00+05:30,977689.5324033925,0
2026-05-27 10:15:00+05:30,977689.5324033925,0
2026-05-27 10:20:00+05:30,977689.5324033925,0
2026-05-27 10:25:00+05:30,977689.5324033925,0
2026-05-27 10:30:00+05:30,977689.5324033925,0
2026-05-27 10:35:00+05:30,977689.5324033925,0
2026-05-27 10:40:00+05:30,977689.5324033925,0
2026-05-27 10:45:00+05:30,977689.5324033925,0
2026-05-27 10:50:00+05:30,977689.5324033925,0
2026-05-27 10:55:00+05:30,977689.5324033925,0
2026-05-27 11:00:00+05:30,977689.5324033925,0
2026-05-27 11:05:00+05:30,977689.5324033925,0
2026-05-27 11:10:00+05:30,977689.5324033925,0
2026-05-27 11:15:00+05:30,977689.5324033925,0
2026-05-27 11:20:00+05:30,977689.5324033925,0
2026-05-27 11:25:00+05:30,977689.5324033925,0
2026-05-27 11:30:00+05:30,977689.5324033925,0
2026-05-27 11:35:00+05:30,977689.5324033925,0
2026-05-27 11:40:00+05:30,977689.5324033925,0
2026-05-27 11:45:00+05:30,977689.5324033925,0
2026-05-27 11:50:00+05:30,977689.5324033925,0
2026-05-27 11:55:00+05:30,977689.5324033925,0
2026-05-27 12:00:00+05:30,977689.5324033925,0
2026-05-27 12:05:00+05:30,977689.5324033925,0
2026-05-27 12:10:00+05:30,977689.5324033925,0
2026-05-27 12:15:00+05:30,977689.5324033925,0
2026-05-27 12:20:00+05:30,977689.5324033925,0
2026-05-27 12:25:00+05:30,977689.5324033925,0
2026-05-27 12:30:00+05:30,977689.5324033925,0
2026-05-27 12:35:00+05:30,977689.5324033925,0
2026-05-27 12:40:00+05:30,977689.5324033925,0
2026-05-27 12:45:00+05:30,977689.5324033925,0
2026-05-27 12:50:00+05:30,977689.5324033925,0
2026-05-27 12:55:00+05:30,977689.5324033925,0
2026-05-27 13:00:00+05:30,977689.5324033925,0
2026-05-27 13:05:00+05:30,977689.5324033925,0
2026-05-27 13:10:00+05:30,977689.5324033925,0
2026-05-27 13:15:00+05:30,977689.5324033925,0
2026-05-27 13:20:00+05:30,977689.5324033925,0
2026-05-27 13:25:00+05:30,977689.5324033925,0
2026-05-27 13:30:00+05:30,977689.5324033925,0
2026-05-27 13:35:00+05:30,977689.5324033925,0
2026-05-27 13:40:00+05:30,977689.5324033925,0
2026-05-27 13:45:00+05:30,977689.5324033925,0
2026-05-27 13:50:00+05:30,977689.5324033925,0
2026-05-27 13:55:00+05:30,977689.5324033925,0
2026-05-27 14:00:00+05:30,977689.5324033925,0
2026-05-27 14:05:00+05:30,977689.5324033925,0
2026-05-27 14:10:00+05:30,977689.5324033925,0
2026-05-27 14:15:00+05:30,977689.5324033925,0
2026-05-27 14:20:00+05:30,977689.5324033925,0
2026-05-27 14:25:00+05:30,977689.5324033925,0
2026-05-27 14:30:00+05:30,977689.5324033925,0
2026-05-27 14:35:00+05:30,977689.5324033925,0
2026-05-27 14:40:00+05:30,977689.5324033925,0
2026-05-27 14:45:00+05:30,977689.5324033925,0
2026-05-27 14:50:00+05:30,977689.5324033925,0
2026-05-27 14:55:00+05:30,977689.5324033925,0
2026-05-27 15:00:00+05:30,977689.5324033925,0
2026-05-27 15:05:00+05:30,977689.5324033925,0
2026-05-27 15:10:00+05:30,977689.5324033925,0
2026-05-27 15:15:00+05:30,977689.5324033925,0
2026-05-27 15:20:00+05:30,977689.5324033925,0
2026-05-27 15:25:00+05:30,977689.5324033925,0
2026-05-29 09:15:00+05:30,977689.5324033925,0
2026-05-29 09:20:00+05:30,977689.5324033925,0
2026-05-29 09:25:00+05:30,977689.5324033925,0
2026-05-29 09:30:00+05:30,977689.5324033925,0
2026-05-29 09:35:00+05:30,977689.5324033925,0
2026-05-29 09:40:00+05:30,977689.5324033925,0
2026-05-29 09:45:00+05:30,977689.5324033925,0
2026-05-29 09:50:00+05:30,977689.5324033925,0
2026-05-29 09:55:00+05:30,977689.5324033925,0
2026-05-29 10:00:00+05:30,977689.5324033925,0
2026-05-29 10:05:00+05:30,977689.5324033925,0
2026-05-29 10:10:00+05:30,977689.5324033925,0
2026-05-29 10:15:00+05:30,977689.5324033925,0
2026-05-29 10:20:00+05:30,977689.5324033925,0
2026-05-29 10:25:00+05:30,977689.5324033925,0
2026-05-29 10:30:00+05:30,977689.5324033925,0
2026-05-29 10:35:00+05:30,977689.5324033925,0
2026-05-29 10:40:00+05:30,977689.5324033925,0
2026-05-29 10:45:00+05:30,977689.5324033925,0
2026-05-29 10:50:00+05:30,977689.5324033925,0
2026-05-29 10:55:00+05:30,977689.5324033925,0
2026-05-29 11:00:00+05:30,977689.5324033925,0
2026-05-29 11:05:00+05:30,977689.5324033925,0
2026-05-29 11:10:00+05:30,977689.5324033925,0
2026-05-29 11:15:00+05:30,977689.5324033925,0
2026-05-29 11:20:00+05:30,977689.5324033925,0
2026-05-29 11:25:00+05:30,977689.5324033925,0
2026-05-29 11:30:00+05:30,977689.5324033925,0
2026-05-29 11:35:00+05:30,977689.5324033925,0
2026-05-29 11:40:00+05:30,977689.5324033925,0
2026-05-29 11:45:00+05:30,977689.5324033925,0
2026-05-29 11:50:00+05:30,977689.5324033925,0
2026-05-29 11:55:00+05:30,977689.5324033925,0
2026-05-29 12:00:00+05:30,977689.5324033925,0
2026-05-29 12:05:00+05:30,977689.5324033925,0
2026-05-29 12:10:00+05:30,977689.5324033925,0
2026-05-29 12:15:00+05:30,977689.5324033925,0
2026-05-29 12:20:00+05:30,977689.5324033925,0
2026-05-29 12:25:00+05:30,977689.5324033925,0
2026-05-29 12:30:00+05:30,977689.5324033925,0
2026-05-29 12:35:00+05:30,977689.5324033925,0
2026-05-29 12:40:00+05:30,977689.5324033925,0
2026-05-29 12:45:00+05:30,977689.5324033925,0
2026-05-29 12:50:00+05:30,977689.5324033925,0
2026-05-29 12:55:00+05:30,977689.5324033925,0
2026-05-29 13:00:00+05:30,977689.5324033925,0
2026-05-29 13:05:00+05:30,979681.8916507367,-1
2026-05-29 13:10:00+05:30,984749.7822757367,-1
2026-05-29 13:15:00+05:30,985169.7822757367,-1
2026-05-29 13:20:00+05:30,984242.2822757367,-1
2026-05-29 13:25:00+05:30,984116.2275882367,-1
2026-05-29 13:30:00+05:30,987868.3369632367,-1
2026-05-29 13:35:00+05:30,990132.9463382367,-1
2026-05-29 13:40:00+05:30,989597.2822757367,-1
2026-05-29 13:45:00+05:30,992334.3916507367,-1
2026-05-29 13:50:00+05:30,993282.9463382367,-1
2026-05-29 13:55:00+05:30,989954.3916507367,-1
2026-05-29 14:00:00+05:30,990185.4463382367,-1
2026-05-29 14:05:00+05:30,990010.4463382367,-1
2026-05-29 14:10:00+05:30,990349.7822757367,-1
2026-05-29 14:15:00+05:30,992246.8916507367,-1
2026-05-29 14:20:00+05:30,988732.9463382367,-1
2026-05-29 14:25:00+05:30,985659.7822757367,-1
2026-05-29 14:30:00+05:30,981393.3369632367,-1
2026-05-29 14:35:00+05:30,980899.7822757367,-1
2026-05-29 14:40:00+05:30,980871.8916507367,-1
2026-05-29 14:45:00+05:30,980126.2275882367,-1
2026-05-29 14:50:00+05:30,982905.4463382367,-1
2026-05-29 14:55:00+05:30,982761.8916507367,-1
2026-05-29 15:00:00+05:30,1010618.3369632367,-1
2026-05-29 15:05:00+05:30,1009673.3369632367,-1
2026-05-29 15:10:00+05:30,1012312.2822757367,-1
2026-05-29 15:15:00+05:30,1006231.9814260823,0
2026-05-29 15:20:00+05:30,1006231.9814260823,0
2026-05-29 15:25:00+05:30,1006231.9814260823,0
2026-06-01 09:15:00+05:30,1006231.9814260823,0
2026-06-01 09:20:00+05:30,1006231.9814260823,0
2026-06-01 09:25:00+05:30,1006231.9814260823,0
2026-06-01 09:30:00+05:30,1006231.9814260823,0
2026-06-01 09:35:00+05:30,1006231.9814260823,0
2026-06-01 09:40:00+05:30,1006231.9814260823,0
2026-06-01 09:45:00+05:30,1006231.9814260823,0
2026-06-01 09:50:00+05:30,1006231.9814260823,0
2026-06-01 09:55:00+05:30,1006231.9814260823,0
2026-06-01 10:00:00+05:30,1007879.639456742,-1
2026-06-01 10:05:00+05:30,1004706.944144242,-1
2026-06-01 10:10:00+05:30,1006890.889456742,-1
2026-06-01 10:15:00+05:30,1006771.944144242,-1
2026-06-01 10:20:00+05:30,1009291.944144242,-1
2026-06-01 10:25:00+05:30,1011766.416800492,-1
2026-06-01 10:30:00+05:30,1012541.612112992,-1
2026-06-01 10:35:00+05:30,1010866.944144242,-1
2026-06-01 10:40:00+05:30,1010971.944144242,-1
2026-06-01 10:45:00+05:30,1006822.666800492,-1
2026-06-01 10:50:00+05:30,1005213.6818352517,0
2026-06-01 10:55:00+05:30,1005213.6818352517,0
2026-06-01 11:00:00+05:30,1005213.6818352517,0
2026-06-01 11:05:00+05:30,1005213.6818352517,0
2026-06-01 11:10:00+05:30,1005213.6818352517,0
2026-06-01 11:15:00+05:30,1005213.6818352517,0
2026-06-01 11:20:00+05:30,1005213.6818352517,0
2026-06-01 11:25:00+05:30,1005213.6818352517,0
2026-06-01 11:30:00+05:30,1005213.6818352517,0
2026-06-01 11:35:00+05:30,1005213.6818352517,0
2026-06-01 11:40:00+05:30,1005213.6818352517,0
2026-06-01 11:45:00+05:30,1005213.6818352517,0
2026-06-01 11:50:00+05:30,1005213.6818352517,0
2026-06-01 11:55:00+05:30,1005213.6818352517,0
2026-06-01 12:00:00+05:30,1005213.6818352517,0
2026-06-01 12:05:00+05:30,1005213.6818352517,0
2026-06-01 12:10:00+05:30,1005213.6818352517,0
2026-06-01 12:15:00+05:30,1005213.6818352517,0
2026-06-01 12:20:00+05:30,1005213.6818352517,0
2026-06-01 12:25:00+05:30,1005213.6818352517,0
2026-06-01 12:30:00+05:30,1005213.6818352517,0
2026-06-01 12:35:00+05:30,1005213.6818352517,0
2026-06-01 12:40:00+05:30,1002771.7913282316,-1
2026-06-01 12:45:00+05:30,998820.3460157316,-1
2026-06-01 12:50:00+05:30,1000612.4553907316,-1
2026-06-01 12:55:00+05:30,1004406.4007032316,-1
2026-06-01 13:00:00+05:30,1007930.7366407316,-1
2026-06-01 13:05:00+05:30,1012781.7913282316,-1
2026-06-01 13:10:00+05:30,1017111.4007032316,-1
2026-06-01 13:15:00+05:30,1011815.7366407316,-1
2026-06-01 13:20:00+05:30,1012949.9553907316,-1
2026-06-01 13:25:00+05:30,1010405.3460157316,-1
2026-06-01 13:30:00+05:30,1009981.7913282316,-1
2026-06-01 13:35:00+05:30,1011059.9553907316,-1
2026-06-01 13:40:00+05:30,1013758.2366407316,-1
2026-06-01 13:45:00+05:30,1015480.3460157316,-1
2026-06-01 13:50:00+05:30,1016253.9007032316,-1
2026-06-01 13:55:00+05:30,1015130.3460157316,-1
2026-06-01 14:00:00+05:30,1016155.7366407316,-1
2026-06-01 14:05:00+05:30,1021104.9553907316,-1
2026-06-01 14:10:00+05:30,1022812.8460157316,-1
2026-06-01 14:15:00+05:30,1021153.9007032316,-1
2026-06-01 14:20:00+05:30,1026956.7913282316,-1
2026-06-01 14:25:00+05:30,1025532.4553907316,-1
2026-06-01 14:30:00+05:30,1025927.8460157316,-1
2026-06-01 14:35:00+05:30,1019484.2913282316,-1
2026-06-01 14:40:00+05:30,1019897.4553907316,-1
2026-06-01 14:45:00+05:30,1020870.3460157316,-1
2026-06-01 14:50:00+05:30,1026501.7913282316,-1
2026-06-01 14:55:00+05:30,1028685.7366407316,-1
2026-06-01 15:00:00+05:30,1016775.3460157316,-1
2026-06-01 15:05:00+05:30,1011122.8460157316,-1
2026-06-01 15:10:00+05:30,1009613.5236392353,0
2026-06-01 15:15:00+05:30,1009613.5236392353,0
2026-06-01 15:20:00+05:30,1009613.5236392353,0
2026-06-01 15:25:00+05:30,1009613.5236392353,0
2026-06-02 09:15:00+05:30,1009613.5236392353,0
2026-06-02 09:20:00+05:30,1009613.5236392353,0
2026-06-02 09:25:00+05:30,1009613.5236392353,0
2026-06-02 09:30:00+05:30,1009613.5236392353,0
2026-06-02 09:35:00+05:30,1009613.5236392353,0
2026-06-02 09:40:00+05:30,1009613.5236392353,0
2026-06-02 09:45:00+05:30,1009613.5236392353,0
2026-06-02 09:50:00+05:30,1009613.5236392353,0
2026-06-02 09:55:00+05:30,1009613.5236392353,0
2026-06-02 10:00:00+05:30,1009613.5236392353,0
2026-06-02 10:05:00+05:30,1009613.5236392353,0
2026-06-02 10:10:00+05:30,1009613.5236392353,0
2026-06-02 10:15:00+05:30,1009613.5236392353,0
2026-06-02 10:20:00+05:30,1009613.5236392353,0
2026-06-02 10:25:00+05:30,1009613.5236392353,0
2026-06-02 10:30:00+05:30,1009613.5236392353,0
2026-06-02 10:35:00+05:30,1009613.5236392353,0
2026-06-02 10:40:00+05:30,1009613.5236392353,0
2026-06-02 10:45:00+05:30,1009613.5236392353,0
2026-06-02 10:50:00+05:30,1009613.5236392353,0
2026-06-02 10:55:00+05:30,1009613.5236392353,0
2026-06-02 11:00:00+05:30,1009613.5236392353,0
2026-06-02 11:05:00+05:30,1009613.5236392353,0
2026-06-02 11:10:00+05:30,1009613.5236392353,0
2026-06-02 11:15:00+05:30,1009613.5236392353,0
2026-06-02 11:20:00+05:30,1009613.5236392353,0
2026-06-02 11:25:00+05:30,1009613.5236392353,0
2026-06-02 11:30:00+05:30,1009613.5236392353,0
2026-06-02 11:35:00+05:30,1009613.5236392353,0
2026-06-02 11:40:00+05:30,1009613.5236392353,0
2026-06-02 11:45:00+05:30,1009613.5236392353,0
2026-06-02 11:50:00+05:30,1009613.5236392353,0
2026-06-02 11:55:00+05:30,1009613.5236392353,0
2026-06-02 12:00:00+05:30,1009613.5236392353,0
2026-06-02 12:05:00+05:30,1009613.5236392353,0
2026-06-02 12:10:00+05:30,1009613.5236392353,0
2026-06-02 12:15:00+05:30,1009613.5236392353,0
2026-06-02 12:20:00+05:30,1009613.5236392353,0
2026-06-02 12:25:00+05:30,1009613.5236392353,0
2026-06-02 12:30:00+05:30,1009613.5236392353,0
2026-06-02 12:35:00+05:30,1009613.5236392353,0
2026-06-02 12:40:00+05:30,1009613.5236392353,0
2026-06-02 12:45:00+05:30,1009613.5236392353,0
2026-06-02 12:50:00+05:30,1009613.5236392353,0
2026-06-02 12:55:00+05:30,1009613.5236392353,0
2026-06-02 13:00:00+05:30,1009613.5236392353,0
2026-06-02 13:05:00+05:30,1009613.5236392353,0
2026-06-02 13:10:00+05:30,1009613.5236392353,0
2026-06-02 13:15:00+05:30,1009613.5236392353,0
2026-06-02 13:20:00+05:30,1009613.5236392353,0
2026-06-02 13:25:00+05:30,1009613.5236392353,0
2026-06-02 13:30:00+05:30,1009613.5236392353,0
2026-06-02 13:35:00+05:30,1009613.5236392353,0
2026-06-02 13:40:00+05:30,1009613.5236392353,0
2026-06-02 13:45:00+05:30,1009613.5236392353,0
2026-06-02 13:50:00+05:30,1009613.5236392353,0
2026-06-02 13:55:00+05:30,1009613.5236392353,0
2026-06-02 14:00:00+05:30,1009613.5236392353,0
2026-06-02 14:05:00+05:30,1009613.5236392353,0
2026-06-02 14:10:00+05:30,1009613.5236392353,0
2026-06-02 14:15:00+05:30,1009613.5236392353,0
2026-06-02 14:20:00+05:30,1009613.5236392353,0
2026-06-02 14:25:00+05:30,1009613.5236392353,0
2026-06-02 14:30:00+05:30,1009613.5236392353,0
2026-06-02 14:35:00+05:30,1009613.5236392353,0
2026-06-02 14:40:00+05:30,1009613.5236392353,0
2026-06-02 14:45:00+05:30,1009613.5236392353,0
2026-06-02 14:50:00+05:30,1009613.5236392353,0
2026-06-02 14:55:00+05:30,1009613.5236392353,0
2026-06-02 15:00:00+05:30,1009613.5236392353,0
2026-06-02 15:05:00+05:30,1009613.5236392353,0
2026-06-02 15:10:00+05:30,1009613.5236392353,0
2026-06-02 15:15:00+05:30,1009613.5236392353,0
2026-06-02 15:20:00+05:30,1009613.5236392353,0
2026-06-02 15:25:00+05:30,1009613.5236392353,0
2026-06-03 09:15:00+05:30,1009613.5236392353,0
2026-06-03 09:20:00+05:30,1009613.5236392353,0
2026-06-03 09:25:00+05:30,1009613.5236392353,0
2026-06-03 09:30:00+05:30,1009613.5236392353,0
2026-06-03 09:35:00+05:30,1005693.8990586513,-1
2026-06-03 09:40:00+05:30,1006745.6764024013,-1
2026-06-03 09:45:00+05:30,1006936.3990586513,-1
2026-06-03 09:50:00+05:30,1007253.1764024013,-1
2026-06-03 09:55:00+05:30,1006707.1217149013,-1
2026-06-03 10:00:00+05:30,1004008.7037461513,-1
2026-06-03 10:05:00+05:30,1005333.3717149013,-1
2026-06-03 10:10:00+05:30,1007683.7037461513,-1
2026-06-03 10:15:00+05:30,1005468.1764024013,-1
2026-06-03 10:20:00+05:30,1006869.9537461513,-1
2026-06-03 10:25:00+05:30,1006876.9264024013,-1
2026-06-03 10:30:00+05:30,1010845.8717149013,-1
2026-06-03 10:35:00+05:30,1008710.8717149013,-1
2026-06-03 10:40:00+05:30,1009230.6764024013,-1
2026-06-03 10:45:00+05:30,1008394.0943711513,-1
2026-06-03 10:50:00+05:30,1008513.1764024013,-1
2026-06-03 10:55:00+05:30,1009549.0943711513,-1
2026-06-03 11:00:00+05:30,1009638.3717149013,-1
2026-06-03 11:05:00+05:30,1011477.6490586513,-1
2026-06-03 11:10:00+05:30,1010996.3990586513,-1
2026-06-03 11:15:00+05:30,1008189.4264024013,-1
2026-06-03 11:20:00+05:30,1007648.7037461513,-1
2026-06-03 11:25:00+05:30,1007324.9537461513,-1
2026-06-03 11:30:00+05:30,1006196.2037461513,-1
2026-06-03 11:35:00+05:30,1008213.8990586513,-1
2026-06-03 11:40:00+05:30,1008878.8990586513,-1
2026-06-03 11:45:00+05:30,1008290.8717149013,-1
2026-06-03 11:50:00+05:30,1007039.6217149013,-1
2026-06-03 11:55:00+05:30,1008952.4537461513,-1
2026-06-03 12:00:00+05:30,1011615.8717149013,-1
2026-06-03 12:05:00+05:30,1009995.3443711513,-1
2026-06-03 12:10:00+05:30,1010893.1764024013,-1
2026-06-03 12:15:00+05:30,1010971.9264024013,-1
2026-06-03 12:20:00+05:30,1010005.8717149013,-1
2026-06-03 12:25:00+05:30,1003826.5943711513,-1
2026-06-03 12:30:00+05:30,1003164.553603526,0
2026-06-03 12:35:00+05:30,1003164.553603526,0
2026-06-03 12:40:00+05:30,1003164.553603526,0
2026-06-03 12:45:00+05:30,1003164.553603526,0
2026-06-03 12:50:00+05:30,1003164.553603526,0
2026-06-03 12:55:00+05:30,1003164.553603526,0
2026-06-03 13:00:00+05:30,1003164.553603526,0
2026-06-03 13:05:00+05:30,1003164.553603526,0
2026-06-03 13:10:00+05:30,1003164.553603526,0
2026-06-03 13:15:00+05:30,1003164.553603526,0
2026-06-03 13:20:00+05:30,1003164.553603526,0
2026-06-03 13:25:00+05:30,1002970.0480602866,1
2026-06-03 13:30:00+05:30,1001900.7707165366,1
2026-06-03 13:35:00+05:30,1000836.8254040366,1
2026-06-03 13:40:00+05:30,999582.0207165366,1
2026-06-03 13:45:00+05:30,1005580.9660290366,1
2026-06-03 13:50:00+05:30,1005547.7433727866,1
2026-06-03 13:55:00+05:30,1006027.2160290366,1
2026-06-03 14:00:00+05:30,1009406.4933727866,1
2026-06-03 14:05:00+05:30,1008223.4660290366,1
2026-06-03 14:10:00+05:30,1008085.2433727866,1
2026-06-03 14:15:00+05:30,1009168.4660290366,1
2026-06-03 14:20:00+05:30,1011182.7433727866,1
2026-06-03 14:25:00+05:30,1007875.2433727866,1
2026-06-03 14:30:00+05:30,1010288.4660290366,1
2026-06-03 14:35:00+05:30,1011142.5480602866,1
2026-06-03 14:40:00+05:30,1013489.3254040366,1
2026-06-03 14:45:00+05:30,1015682.0207165366,1
2026-06-03 14:50:00+05:30,1017498.4660290366,1
2026-06-03 14:55:00+05:30,1017122.2160290366,1
2026-06-03 15:00:00+05:30,1017409.3254040366,1
2026-06-03 15:05:00+05:30,1013461.2980602866,1
2026-06-03 15:10:00+05:30,1015368.7980602866,1
2026-06-03 15:15:00+05:30,1015810.5487724507,0
2026-06-03 15:20:00+05:30,1015810.5487724507,0
2026-06-03 15:25:00+05:30,1015810.5487724507,0
2026-06-04 09:15:00+05:30,1015810.5487724507,0
2026-06-04 09:20:00+05:30,1015810.5487724507,0
2026-06-04 09:25:00+05:30,1015810.5487724507,0
2026-06-04 09:30:00+05:30,1015810.5487724507,0
2026-06-04 09:35:00+05:30,1015810.5487724507,0
2026-06-04 09:40:00+05:30,1015810.5487724507,0
2026-06-04 09:45:00+05:30,1015810.5487724507,0
2026-06-04 09:50:00+05:30,1015810.5487724507,0
2026-06-04 09:55:00+05:30,1015810.5487724507,0
2026-06-04 10:00:00+05:30,1015810.5487724507,0
2026-06-04 10:05:00+05:30,1015810.5487724507,0
2026-06-04 10:10:00+05:30,1015810.5487724507,0
2026-06-04 10:15:00+05:30,1015810.5487724507,0
2026-06-04 10:20:00+05:30,1015810.5487724507,0
2026-06-04 10:25:00+05:30,1015810.5487724507,0
2026-06-04 10:30:00+05:30,1015810.5487724507,0
2026-06-04 10:35:00+05:30,1015810.5487724507,0
2026-06-04 10:40:00+05:30,1015810.5487724507,0
2026-06-04 10:45:00+05:30,1015810.5487724507,0
2026-06-04 10:50:00+05:30,1015810.5487724507,0
2026-06-04 10:55:00+05:30,1015810.5487724507,0
2026-06-04 11:00:00+05:30,1015810.5487724507,0
2026-06-04 11:05:00+05:30,1015810.5487724507,0
2026-06-04 11:10:00+05:30,1015810.5487724507,0
2026-06-04 11:15:00+05:30,1015810.5487724507,0
2026-06-04 11:20:00+05:30,1015810.5487724507,0
2026-06-04 11:25:00+05:30,1015810.5487724507,0
2026-06-04 11:30:00+05:30,1015810.5487724507,0
2026-06-04 11:35:00+05:30,1015810.5487724507,0
2026-06-04 11:40:00+05:30,1015810.5487724507,0
2026-06-04 11:45:00+05:30,1015810.5487724507,0
2026-06-04 11:50:00+05:30,1015810.5487724507,0
2026-06-04 11:55:00+05:30,1015810.5487724507,0
2026-06-04 12:00:00+05:30,1015810.5487724507,0
2026-06-04 12:05:00+05:30,1015810.5487724507,0
2026-06-04 12:10:00+05:30,1015810.5487724507,0
2026-06-04 12:15:00+05:30,1015810.5487724507,0
2026-06-04 12:20:00+05:30,1015810.5487724507,0
2026-06-04 12:25:00+05:30,1015810.5487724507,0
2026-06-04 12:30:00+05:30,1015810.5487724507,0
2026-06-04 12:35:00+05:30,1015810.5487724507,0
2026-06-04 12:40:00+05:30,1015810.5487724507,0
2026-06-04 12:45:00+05:30,1015810.5487724507,0
2026-06-04 12:50:00+05:30,1015810.5487724507,0
2026-06-04 12:55:00+05:30,1015810.5487724507,0
2026-06-04 13:00:00+05:30,1015810.5487724507,0
2026-06-04 13:05:00+05:30,1015810.5487724507,0
2026-06-04 13:10:00+05:30,1015810.5487724507,0
2026-06-04 13:15:00+05:30,1015810.5487724507,0
2026-06-04 13:20:00+05:30,1015810.5487724507,0
2026-06-04 13:25:00+05:30,1015810.5487724507,0
2026-06-04 13:30:00+05:30,1015810.5487724507,0
2026-06-04 13:35:00+05:30,1015810.5487724507,0
2026-06-04 13:40:00+05:30,1015810.5487724507,0
2026-06-04 13:45:00+05:30,1015810.5487724507,0
2026-06-04 13:50:00+05:30,1015810.5487724507,0
2026-06-04 13:55:00+05:30,1015810.5487724507,0
2026-06-04 14:00:00+05:30,1015810.5487724507,0
2026-06-04 14:05:00+05:30,1015810.5487724507,0
2026-06-04 14:10:00+05:30,1015810.5487724507,0
2026-06-04 14:15:00+05:30,1015810.5487724507,0
2026-06-04 14:20:00+05:30,1015810.5487724507,0
2026-06-04 14:25:00+05:30,1015810.5487724507,0
2026-06-04 14:30:00+05:30,1015810.5487724507,0
2026-06-04 14:35:00+05:30,1015810.5487724507,0
2026-06-04 14:40:00+05:30,1015810.5487724507,0
2026-06-04 14:45:00+05:30,1015810.5487724507,0
2026-06-04 14:50:00+05:30,1015810.5487724507,0
2026-06-04 14:55:00+05:30,1015810.5487724507,0
2026-06-04 15:00:00+05:30,1015810.5487724507,0
2026-06-04 15:05:00+05:30,1015810.5487724507,0
2026-06-04 15:10:00+05:30,1015810.5487724507,0
2026-06-04 15:15:00+05:30,1015810.5487724507,0
2026-06-04 15:20:00+05:30,1015810.5487724507,0
2026-06-04 15:25:00+05:30,1015810.5487724507,0
2026-06-05 09:15:00+05:30,1015810.5487724507,0
2026-06-05 09:20:00+05:30,1015810.5487724507,0
2026-06-05 09:25:00+05:30,1015810.5487724507,0
2026-06-05 09:30:00+05:30,1015810.5487724507,0
2026-06-05 09:35:00+05:30,1015810.5487724507,0
2026-06-05 09:40:00+05:30,1015810.5487724507,0
2026-06-05 09:45:00+05:30,1015810.5487724507,0
2026-06-05 09:50:00+05:30,1015810.5487724507,0
2026-06-05 09:55:00+05:30,1013810.6583376044,1
2026-06-05 10:00:00+05:30,1017156.7130251044,1
2026-06-05 10:05:00+05:30,1018143.6856813544,1
2026-06-05 10:10:00+05:30,1012356.5177126044,1
2026-06-05 10:15:00+05:30,1016488.1583376044,1
2026-06-05 10:20:00+05:30,1018530.4630251044,1
2026-06-05 10:25:00+05:30,1016633.4903688544,1
2026-06-05 10:30:00+05:30,1012869.2130251044,1
2026-06-05 10:35:00+05:30,1009347.9001818671,0
2026-06-05 10:40:00+05:30,1009347.9001818671,0
2026-06-05 10:45:00+05:30,1009347.9001818671,0
2026-06-05 10:50:00+05:30,1009347.9001818671,0
2026-06-05 10:55:00+05:30,1009347.9001818671,0
2026-06-05 11:00:00+05:30,1009347.9001818671,0
2026-06-05 11:05:00+05:30,1009347.9001818671,0
2026-06-05 11:10:00+05:30,1006896.5148767142,1
2026-06-05 11:15:00+05:30,1006436.1828454642,1
2026-06-05 11:20:00+05:30,1003636.1828454642,1
2026-06-05 11:25:00+05:30,1002752.4328454642,1
2026-06-05 11:30:00+05:30,1003471.7101892142,1
2026-06-05 11:35:00+05:30,999845.4717579418,0
2026-06-05 11:40:00+05:30,999845.4717579418,0
2026-06-05 11:45:00+05:30,999845.4717579418,0
2026-06-05 11:50:00+05:30,999845.4717579418,0
2026-06-05 11:55:00+05:30,999845.4717579418,0
2026-06-05 12:00:00+05:30,999845.4717579418,0
2026-06-05 12:05:00+05:30,999845.4717579418,0
2026-06-05 12:10:00+05:30,999845.4717579418,0
2026-06-05 12:15:00+05:30,999845.4717579418,0
2026-06-05 12:20:00+05:30,999845.4717579418,0
2026-06-05 12:25:00+05:30,999845.4717579418,0
2026-06-05 12:30:00+05:30,999845.4717579418,0
2026-06-05 12:35:00+05:30,999845.4717579418,0
2026-06-05 12:40:00+05:30,999845.4717579418,0
2026-06-05 12:45:00+05:30,999845.4717579418,0
2026-06-05 12:50:00+05:30,999845.4717579418,0
2026-06-05 12:55:00+05:30,999845.4717579418,0
2026-06-05 13:00:00+05:30,999845.4717579418,0
2026-06-05 13:05:00+05:30,999845.4717579418,0
2026-06-05 13:10:00+05:30,999845.4717579418,0
2026-06-05 13:15:00+05:30,999845.4717579418,0
2026-06-05 13:20:00+05:30,999845.4717579418,0
2026-06-05 13:25:00+05:30,999845.4717579418,0
2026-06-05 13:30:00+05:30,999845.4717579418,0
2026-06-05 13:35:00+05:30,999845.4717579418,0
2026-06-05 13:40:00+05:30,999845.4717579418,0
2026-06-05 13:45:00+05:30,999845.4717579418,0
2026-06-05 13:50:00+05:30,999845.4717579418,0
2026-06-05 13:55:00+05:30,999845.4717579418,0
2026-06-05 14:00:00+05:30,999845.4717579418,0
2026-06-05 14:05:00+05:30,999845.4717579418,0
2026-06-05 14:10:00+05:30,999845.4717579418,0
2026-06-05 14:15:00+05:30,999845.4717579418,0
2026-06-05 14:20:00+05:30,999845.4717579418,0
2026-06-05 14:25:00+05:30,999845.4717579418,0
2026-06-05 14:30:00+05:30,999845.4717579418,0
2026-06-05 14:35:00+05:30,999845.4717579418,0
2026-06-05 14:40:00+05:30,999845.4717579418,0
2026-06-05 14:45:00+05:30,999845.4717579418,0
2026-06-05 14:50:00+05:30,999845.4717579418,0
2026-06-05 14:55:00+05:30,999845.4717579418,0
2026-06-05 15:00:00+05:30,999845.4717579418,0
2026-06-05 15:05:00+05:30,999845.4717579418,0
2026-06-05 15:10:00+05:30,999845.4717579418,0
2026-06-05 15:15:00+05:30,999845.4717579418,0
2026-06-05 15:20:00+05:30,999845.4717579418,0
2026-06-05 15:25:00+05:30,999845.4717579418,0
2026-06-08 09:15:00+05:30,999845.4717579418,0
2026-06-08 09:20:00+05:30,999845.4717579418,0
2026-06-08 09:25:00+05:30,999845.4717579418,0
2026-06-08 09:30:00+05:30,999845.4717579418,0
2026-06-08 09:35:00+05:30,999845.4717579418,0
2026-06-08 09:40:00+05:30,999845.4717579418,0
2026-06-08 09:45:00+05:30,999845.4717579418,0
2026-06-08 09:50:00+05:30,999845.4717579418,0
2026-06-08 09:55:00+05:30,999845.4717579418,0
2026-06-08 10:00:00+05:30,999845.4717579418,0
2026-06-08 10:05:00+05:30,999845.4717579418,0
2026-06-08 10:10:00+05:30,999845.4717579418,0
2026-06-08 10:15:00+05:30,999845.4717579418,0
2026-06-08 10:20:00+05:30,999845.4717579418,0
2026-06-08 10:25:00+05:30,999845.4717579418,0
2026-06-08 10:30:00+05:30,999845.4717579418,0
2026-06-08 10:35:00+05:30,999845.4717579418,0
2026-06-08 10:40:00+05:30,999845.4717579418,0
2026-06-08 10:45:00+05:30,999845.4717579418,0
2026-06-08 10:50:00+05:30,999845.4717579418,0
2026-06-08 10:55:00+05:30,999845.4717579418,0
2026-06-08 11:00:00+05:30,999845.4717579418,0
2026-06-08 11:05:00+05:30,999845.4717579418,0
2026-06-08 11:10:00+05:30,999845.4717579418,0
2026-06-08 11:15:00+05:30,999845.4717579418,0
2026-06-08 11:20:00+05:30,1000415.0513215938,-1
2026-06-08 11:25:00+05:30,1000061.4966340938,-1
2026-06-08 11:30:00+05:30,999403.4692903438,-1
2026-06-08 11:35:00+05:30,998733.2739778438,-1
2026-06-08 11:40:00+05:30,997763.8013215938,-1
2026-06-08 11:45:00+05:30,996865.9692903438,-1
2026-06-08 11:50:00+05:30,996762.7466340938,-1
2026-06-08 11:55:00+05:30,996607.0239778438,-1
2026-06-08 12:00:00+05:30,995404.7192903438,-1
2026-06-08 12:05:00+05:30,995487.0239778438,-1
2026-06-08 12:10:00+05:30,993186.544993736,0
2026-06-08 12:15:00+05:30,993186.544993736,0
2026-06-08 12:20:00+05:30,993186.544993736,0
2026-06-08 12:25:00+05:30,993186.544993736,0
2026-06-08 12:30:00+05:30,993186.544993736,0
2026-06-08 12:35:00+05:30,993186.544993736,0
2026-06-08 12:40:00+05:30,993186.544993736,0
2026-06-08 12:45:00+05:30,993186.544993736,0
2026-06-08 12:50:00+05:30,993186.544993736,0
2026-06-08 12:55:00+05:30,993186.544993736,0
2026-06-08 13:00:00+05:30,993186.544993736,0
2026-06-08 13:05:00+05:30,993186.544993736,0
2026-06-08 13:10:00+05:30,993186.544993736,0
2026-06-08 13:15:00+05:30,993186.544993736,0
2026-06-08 13:20:00+05:30,993186.544993736,0
2026-06-08 13:25:00+05:30,993186.544993736,0
2026-06-08 13:30:00+05:30,993186.544993736,0
2026-06-08 13:35:00+05:30,993186.544993736,0
2026-06-08 13:40:00+05:30,993186.544993736,0
2026-06-08 13:45:00+05:30,993186.544993736,0
2026-06-08 13:50:00+05:30,993186.544993736,0
2026-06-08 13:55:00+05:30,993186.544993736,0
2026-06-08 14:00:00+05:30,993186.544993736,0
2026-06-08 14:05:00+05:30,993186.544993736,0
2026-06-08 14:10:00+05:30,993186.544993736,0
2026-06-08 14:15:00+05:30,993186.544993736,0
2026-06-08 14:20:00+05:30,993186.544993736,0
2026-06-08 14:25:00+05:30,993186.544993736,0
2026-06-08 14:30:00+05:30,993186.544993736,0
2026-06-08 14:35:00+05:30,993186.544993736,0
2026-06-08 14:40:00+05:30,993186.544993736,0
2026-06-08 14:45:00+05:30,993186.544993736,0
2026-06-08 14:50:00+05:30,993186.544993736,0
2026-06-08 14:55:00+05:30,993186.544993736,0
2026-06-08 15:00:00+05:30,993186.544993736,0
2026-06-08 15:05:00+05:30,993186.544993736,0
2026-06-08 15:10:00+05:30,993186.544993736,0
2026-06-08 15:15:00+05:30,993186.544993736,0
2026-06-08 15:20:00+05:30,993186.544993736,0
2026-06-08 15:25:00+05:30,993186.544993736,0
2026-06-09 09:15:00+05:30,993186.544993736,0
2026-06-09 09:20:00+05:30,993186.544993736,0
2026-06-09 09:25:00+05:30,993186.544993736,0
2026-06-09 09:30:00+05:30,993186.544993736,0
2026-06-09 09:35:00+05:30,992466.0374981655,1
2026-06-09 09:40:00+05:30,991582.2874981655,1
2026-06-09 09:45:00+05:30,990066.8968731655,1
2026-06-09 09:50:00+05:30,993832.8148419155,1
2026-06-09 09:55:00+05:30,991955.1195294155,1
2026-06-09 10:00:00+05:30,989734.3968731655,1
2026-06-09 10:05:00+05:30,990184.0648419155,1
2026-06-09 10:10:00+05:30,991603.3421856655,1
2026-06-09 10:15:00+05:30,992224.5921856655,1
2026-06-09 10:20:00+05:30,991116.8968731655,1
2026-06-09 10:25:00+05:30,991578.8695294155,1
2026-06-09 10:30:00+05:30,991160.6468731655,1
2026-06-09 10:35:00+05:30,989282.8148419155,1
2026-06-09 10:40:00+05:30,990535.8421856655,1
2026-06-09 10:45:00+05:30,987949.3968731655,1
2026-06-09 10:50:00+05:30,991465.1195294155,1
2026-06-09 10:55:00+05:30,990941.8968731655,1
2026-06-09 11:00:00+05:30,990446.5648419155,1
2026-06-09 11:05:00+05:30,991515.8421856655,1
2026-06-09 11:10:00+05:30,989249.5921856655,1
2026-06-09 11:15:00+05:30,990383.5374981655,1
2026-06-09 11:20:00+05:30,985570.2670130498,0
2026-06-09 11:25:00+05:30,985570.2670130498,0
2026-06-09 11:30:00+05:30,985570.2670130498,0
2026-06-09 11:35:00+05:30,985570.2670130498,0
2026-06-09 11:40:00+05:30,985570.2670130498,0
2026-06-09 11:45:00+05:30,985570.2670130498,0
2026-06-09 11:50:00+05:30,985570.2670130498,0
2026-06-09 11:55:00+05:30,985570.2670130498,0
2026-06-09 12:00:00+05:30,985570.2670130498,0
2026-06-09 12:05:00+05:30,984003.5129711226,1
2026-06-09 12:10:00+05:30,985772.7903148726,1
2026-06-09 12:15:00+05:30,986554.9582836226,1
2026-06-09 12:20:00+05:30,986544.5676586226,1
2026-06-09 12:25:00+05:30,987864.0403148726,1
2026-06-09 12:30:00+05:30,989914.9582836226,1
2026-06-09 12:35:00+05:30,990462.7903148726,1
2026-06-09 12:40:00+05:30,989311.2082836226,1
2026-06-09 12:45:00+05:30,990244.0403148726,1
2026-06-09 12:50:00+05:30,989750.4856273726,1
2026-06-09 12:55:00+05:30,988455.4856273726,1
2026-06-09 13:00:00+05:30,989712.0676586226,1
2026-06-09 13:05:00+05:30,991476.0129711226,1
2026-06-09 13:10:00+05:30,993289.0403148726,1
2026-06-09 13:15:00+05:30,993184.0403148726,1
2026-06-09 13:20:00+05:30,993232.9856273726,1
2026-06-09 13:25:00+05:30,994510.4856273726,1
2026-06-09 13:30:00+05:30,994641.7356273726,1
2026-06-09 13:35:00+05:30,995334.7629711226,1
2026-06-09 13:40:00+05:30,995324.2356273726,1
2026-06-09 13:45:00+05:30,994211.2082836226,1
2026-06-09 13:50:00+05:30,993089.5676586226,1
2026-06-09 13:55:00+05:30,993066.7356273726,1
2026-06-09 14:00:00+05:30,993075.4856273726,1
2026-06-09 14:05:00+05:30,995306.7356273726,1
2026-06-09 14:10:00+05:30,993784.2356273726,1
2026-06-09 14:15:00+05:30,992274.0403148726,1
2026-06-09 14:20:00+05:30,992067.4582836226,1
2026-06-09 14:25:00+05:30,994654.0403148726,1
2026-06-09 14:30:00+05:30,995934.9582836226,1
2026-06-09 14:35:00+05:30,998489.9582836226,1
2026-06-09 14:40:00+05:30,1000904.9582836226,1
2026-06-09 14:45:00+05:30,999386.0129711226,1
2026-06-09 14:50:00+05:30,1001604.9582836226,1
2026-06-09 14:55:00+05:30,1000658.3176586226,1
2026-06-09 15:00:00+05:30,997366.5403148726,1
2026-06-09 15:05:00+05:30,998750.8176586226,1
2026-06-09 15:10:00+05:30,998269.5676586226,1
2026-06-09 15:15:00+05:30,995711.4886558125,0
2026-06-09 15:20:00+05:30,995711.4886558125,0
2026-06-09 15:25:00+05:30,995711.4886558125,0
2026-06-10 09:15:00+05:30,995711.4886558125,0
2026-06-10 09:20:00+05:30,995711.4886558125,0
2026-06-10 09:25:00+05:30,995711.4886558125,0
2026-06-10 09:30:00+05:30,995711.4886558125,0
2026-06-10 09:35:00+05:30,995711.4886558125,0
2026-06-10 09:40:00+05:30,995711.4886558125,0
2026-06-10 09:45:00+05:30,995711.4886558125,0
2026-06-10 09:50:00+05:30,995711.4886558125,0
2026-06-10 09:55:00+05:30,995711.4886558125,0
2026-06-10 10:00:00+05:30,995711.4886558125,0
2026-06-10 10:05:00+05:30,995711.4886558125,0
2026-06-10 10:10:00+05:30,995711.4886558125,0
2026-06-10 10:15:00+05:30,995711.4886558125,0
2026-06-10 10:20:00+05:30,995711.4886558125,0
2026-06-10 10:25:00+05:30,995711.4886558125,0
2026-06-10 10:30:00+05:30,995711.4886558125,0
2026-06-10 10:35:00+05:30,995711.4886558125,0
2026-06-10 10:40:00+05:30,995711.4886558125,0
2026-06-10 10:45:00+05:30,995711.4886558125,0
2026-06-10 10:50:00+05:30,995711.4886558125,0
2026-06-10 10:55:00+05:30,997993.8010311662,1
2026-06-10 11:00:00+05:30,998529.1916561662,1
2026-06-10 11:05:00+05:30,995988.4104061662,1
2026-06-10 11:10:00+05:30,992418.4104061662,1
2026-06-10 11:15:00+05:30,989905.2463436662,1
2026-06-10 11:20:00+05:30,991175.9104061662,1
2026-06-10 11:25:00+05:30,995575.2463436662,1
2026-06-10 11:30:00+05:30,996796.6916561662,1
2026-06-10 11:35:00+05:30,999152.3557186662,1
2026-06-10 11:40:00+05:30,1000783.4104061662,1
2026-06-10 11:45:00+05:30,999043.8010311662,1
2026-06-10 11:50:00+05:30,998494.1916561662,1
2026-06-10 11:55:00+05:30,999600.2463436662,1
2026-06-10 12:00:00+05:30,993673.237849519,0
2026-06-10 12:05:00+05:30,993673.237849519,0
2026-06-10 12:10:00+05:30,993673.237849519,0
2026-06-10 12:15:00+05:30,993673.237849519,0
2026-06-10 12:20:00+05:30,993673.237849519,0
2026-06-10 12:25:00+05:30,993673.237849519,0
2026-06-10 12:30:00+05:30,993673.237849519,0
2026-06-10 12:35:00+05:30,993673.237849519,0
2026-06-10 12:40:00+05:30,993673.237849519,0
2026-06-10 12:45:00+05:30,993673.237849519,0
2026-06-10 12:50:00+05:30,993673.237849519,0
2026-06-10 12:55:00+05:30,993673.237849519,0
2026-06-10 13:00:00+05:30,993673.237849519,0
2026-06-10 13:05:00+05:30,993673.237849519,0
2026-06-10 13:10:00+05:30,993673.237849519,0
2026-06-10 13:15:00+05:30,993673.237849519,0
2026-06-10 13:20:00+05:30,993673.237849519,0
2026-06-10 13:25:00+05:30,993673.237849519,0
2026-06-10 13:30:00+05:30,993673.237849519,0
2026-06-10 13:35:00+05:30,993673.237849519,0
2026-06-10 13:40:00+05:30,993673.237849519,0
2026-06-10 13:45:00+05:30,993673.237849519,0
2026-06-10 13:50:00+05:30,993673.237849519,0
2026-06-10 13:55:00+05:30,993673.237849519,0
2026-06-10 14:00:00+05:30,993673.237849519,0
2026-06-10 14:05:00+05:30,993673.237849519,0
2026-06-10 14:10:00+05:30,993673.237849519,0
2026-06-10 14:15:00+05:30,993673.237849519,0
2026-06-10 14:20:00+05:30,993673.237849519,0
2026-06-10 14:25:00+05:30,993673.237849519,0
2026-06-10 14:30:00+05:30,993673.237849519,0
2026-06-10 14:35:00+05:30,993673.237849519,0
2026-06-10 14:40:00+05:30,993673.237849519,0
2026-06-10 14:45:00+05:30,993673.237849519,0
2026-06-10 14:50:00+05:30,993673.237849519,0
2026-06-10 14:55:00+05:30,993673.237849519,0
2026-06-10 15:00:00+05:30,993673.237849519,0
2026-06-10 15:05:00+05:30,993673.237849519,0
2026-06-10 15:10:00+05:30,993673.237849519,0
2026-06-10 15:15:00+05:30,993673.237849519,0
2026-06-10 15:20:00+05:30,993673.237849519,0
2026-06-10 15:25:00+05:30,993673.237849519,0
2026-06-11 09:15:00+05:30,993673.237849519,0
2026-06-11 09:20:00+05:30,993673.237849519,0
2026-06-11 09:25:00+05:30,993673.237849519,0
2026-06-11 09:30:00+05:30,993673.237849519,0
2026-06-11 09:35:00+05:30,993673.237849519,0
2026-06-11 09:40:00+05:30,993673.237849519,0
2026-06-11 09:45:00+05:30,993673.237849519,0
2026-06-11 09:50:00+05:30,993673.237849519,0
2026-06-11 09:55:00+05:30,993673.237849519,0
2026-06-11 10:00:00+05:30,993673.237849519,0
2026-06-11 10:05:00+05:30,993673.237849519,0
2026-06-11 10:10:00+05:30,993673.237849519,0
2026-06-11 10:15:00+05:30,993673.237849519,0
2026-06-11 10:20:00+05:30,993673.237849519,0
2026-06-11 10:25:00+05:30,993673.237849519,0
2026-06-11 10:30:00+05:30,993673.237849519,0
2026-06-11 10:35:00+05:30,993673.237849519,0
2026-06-11 10:40:00+05:30,993673.237849519,0
2026-06-11 10:45:00+05:30,993673.237849519,0
2026-06-11 10:50:00+05:30,993673.237849519,0
2026-06-11 10:55:00+05:30,993673.237849519,0
2026-06-11 11:00:00+05:30,993673.237849519,0
2026-06-11 11:05:00+05:30,993673.237849519,0
2026-06-11 11:10:00+05:30,993673.237849519,0
2026-06-11 11:15:00+05:30,993673.237849519,0
2026-06-11 11:20:00+05:30,993673.237849519,0
2026-06-11 11:25:00+05:30,993673.237849519,0
2026-06-11 11:30:00+05:30,993673.237849519,0
2026-06-11 11:35:00+05:30,993673.237849519,0
2026-06-11 11:40:00+05:30,993673.237849519,0
2026-06-11 11:45:00+05:30,993673.237849519,0
2026-06-11 11:50:00+05:30,993673.237849519,0
2026-06-11 11:55:00+05:30,993673.237849519,0
2026-06-11 12:00:00+05:30,993673.237849519,0
2026-06-11 12:05:00+05:30,993673.237849519,0
2026-06-11 12:10:00+05:30,993673.237849519,0
2026-06-11 12:15:00+05:30,993673.237849519,0
2026-06-11 12:20:00+05:30,993673.237849519,0
2026-06-11 12:25:00+05:30,993673.237849519,0
2026-06-11 12:30:00+05:30,993673.237849519,0
2026-06-11 12:35:00+05:30,991070.2108409503,1
2026-06-11 12:40:00+05:30,993065.2108409503,1
2026-06-11 12:45:00+05:30,988172.0467784503,1
2026-06-11 12:50:00+05:30,988144.1561534503,1
2026-06-11 12:55:00+05:30,992420.9920909503,1
2026-06-11 13:00:00+05:30,990145.9920909503,1
2026-06-11 13:05:00+05:30,984626.6561534503,1
2026-06-11 13:10:00+05:30,982137.598812288,0
2026-06-11 13:15:00+05:30,982137.598812288,0
2026-06-11 13:20:00+05:30,982137.598812288,0
2026-06-11 13:25:00+05:30,982137.598812288,0
2026-06-11 13:30:00+05:30,982137.598812288,0
2026-06-11 13:35:00+05:30,982137.598812288,0
2026-06-11 13:40:00+05:30,982137.598812288,0
2026-06-11 13:45:00+05:30,982137.598812288,0
2026-06-11 13:50:00+05:30,982137.598812288,0
2026-06-11 13:55:00+05:30,982137.598812288,0
2026-06-11 14:00:00+05:30,982137.598812288,0
2026-06-11 14:05:00+05:30,982137.598812288,0
2026-06-11 14:10:00+05:30,982137.598812288,0
2026-06-11 14:15:00+05:30,982137.598812288,0
2026-06-11 14:20:00+05:30,982137.598812288,0
2026-06-11 14:25:00+05:30,982137.598812288,0
2026-06-11 14:30:00+05:30,982137.598812288,0
2026-06-11 14:35:00+05:30,982137.598812288,0
2026-06-11 14:40:00+05:30,982137.598812288,0
2026-06-11 14:45:00+05:30,982137.598812288,0
2026-06-11 14:50:00+05:30,982137.598812288,0
2026-06-11 14:55:00+05:30,982137.598812288,0
2026-06-11 15:00:00+05:30,982137.598812288,0
2026-06-11 15:05:00+05:30,982137.598812288,0
2026-06-11 15:10:00+05:30,982137.598812288,0
2026-06-11 15:15:00+05:30,982137.598812288,0
2026-06-11 15:20:00+05:30,982137.598812288,0
2026-06-11 15:25:00+05:30,982137.598812288,0
2026-06-12 09:15:00+05:30,982137.598812288,0
2026-06-12 09:20:00+05:30,982137.598812288,0
2026-06-12 09:25:00+05:30,982137.598812288,0
2026-06-12 09:30:00+05:30,982137.598812288,0
2026-06-12 09:35:00+05:30,982137.598812288,0
2026-06-12 09:40:00+05:30,982137.598812288,0
2026-06-12 09:45:00+05:30,982137.598812288,0
2026-06-12 09:50:00+05:30,982137.598812288,0
2026-06-12 09:55:00+05:30,982137.598812288,0
2026-06-12 10:00:00+05:30,982137.598812288,0
2026-06-12 10:05:00+05:30,982137.598812288,0
2026-06-12 10:10:00+05:30,982137.598812288,0
2026-06-12 10:15:00+05:30,982137.598812288,0
2026-06-12 10:20:00+05:30,982137.598812288,0
2026-06-12 10:25:00+05:30,982137.598812288,0
2026-06-12 10:30:00+05:30,982137.598812288,0
2026-06-12 10:35:00+05:30,982137.598812288,0
2026-06-12 10:40:00+05:30,982137.598812288,0
2026-06-12 10:45:00+05:30,982137.598812288,0
2026-06-12 10:50:00+05:30,982137.598812288,0
2026-06-12 10:55:00+05:30,982137.598812288,0
2026-06-12 11:00:00+05:30,982137.598812288,0
2026-06-12 11:05:00+05:30,982137.598812288,0
2026-06-12 11:10:00+05:30,982137.598812288,0
2026-06-12 11:15:00+05:30,982137.598812288,0
2026-06-12 11:20:00+05:30,982137.598812288,0
2026-06-12 11:25:00+05:30,982137.598812288,0
2026-06-12 11:30:00+05:30,982137.598812288,0
2026-06-12 11:35:00+05:30,982137.598812288,0
2026-06-12 11:40:00+05:30,982137.598812288,0
2026-06-12 11:45:00+05:30,982137.598812288,0
2026-06-12 11:50:00+05:30,982137.598812288,0
2026-06-12 11:55:00+05:30,982137.598812288,0
2026-06-12 12:00:00+05:30,982137.598812288,0
2026-06-12 12:05:00+05:30,982137.598812288,0
2026-06-12 12:10:00+05:30,982137.598812288,0
2026-06-12 12:15:00+05:30,982137.598812288,0
2026-06-12 12:20:00+05:30,982137.598812288,0
2026-06-12 12:25:00+05:30,982137.598812288,0
2026-06-12 12:30:00+05:30,982137.598812288,0
2026-06-12 12:35:00+05:30,982137.598812288,0
2026-06-12 12:40:00+05:30,982137.598812288,0
2026-06-12 12:45:00+05:30,982137.598812288,0
2026-06-12 12:50:00+05:30,982137.598812288,0
2026-06-12 12:55:00+05:30,982137.598812288,0
2026-06-12 13:00:00+05:30,982137.598812288,0
2026-06-12 13:05:00+05:30,982137.598812288,0
2026-06-12 13:10:00+05:30,982137.598812288,0
2026-06-12 13:15:00+05:30,982137.598812288,0
2026-06-12 13:20:00+05:30,982137.598812288,0
2026-06-12 13:25:00+05:30,982137.598812288,0
2026-06-12 13:30:00+05:30,982137.598812288,0
2026-06-12 13:35:00+05:30,982137.598812288,0
2026-06-12 13:40:00+05:30,982137.598812288,0
2026-06-12 13:45:00+05:30,983652.7172718836,1
2026-06-12 13:50:00+05:30,982931.6625843836,1
2026-06-12 13:55:00+05:30,986109.5532093836,1
2026-06-12 14:00:00+05:30,987019.5532093836,1
2026-06-12 14:05:00+05:30,986330.2172718836,1
2026-06-12 14:10:00+05:30,994495.6078968836,1
2026-06-12 14:15:00+05:30,998615.2172718836,1
2026-06-12 14:20:00+05:30,999640.6078968836,1
2026-06-12 14:25:00+05:30,1001625.2172718836,1
2026-06-12 14:30:00+05:30,1002619.1625843836,1
2026-06-12 14:35:00+05:30,1005576.6625843836,1
2026-06-12 14:40:00+05:30,1008401.2719593836,1
2026-06-12 14:45:00+05:30,1014242.7172718836,1
2026-06-12 14:50:00+05:30,1016990.2172718836,1
2026-06-12 14:55:00+05:30,1016538.7719593836,1
2026-06-12 15:00:00+05:30,1019058.7719593836,1
2026-06-12 15:05:00+05:30,1014078.1078968836,1
2026-06-12 15:10:00+05:30,1017221.2719593836,1
2026-06-12 15:15:00+05:30,1013901.4810468283,0
2026-06-12 15:20:00+05:30,1013901.4810468283,0
2026-06-12 15:25:00+05:30,1013901.4810468283,0
2026-06-15 09:15:00+05:30,1013901.4810468283,0
2026-06-15 09:20:00+05:30,1013901.4810468283,0
2026-06-15 09:25:00+05:30,1013901.4810468283,0
2026-06-15 09:30:00+05:30,1013901.4810468283,0
2026-06-15 09:35:00+05:30,1013901.4810468283,0
2026-06-15 09:40:00+05:30,1013901.4810468283,0
2026-06-15 09:45:00+05:30,1013901.4810468283,0
2026-06-15 09:50:00+05:30,1013901.4810468283,0
2026-06-15 09:55:00+05:30,1013901.4810468283,0
2026-06-15 10:00:00+05:30,1013901.4810468283,0
2026-06-15 10:05:00+05:30,1013901.4810468283,0
2026-06-15 10:10:00+05:30,1013901.4810468283,0
2026-06-15 10:15:00+05:30,1013901.4810468283,0
2026-06-15 10:20:00+05:30,1013901.4810468283,0
2026-06-15 10:25:00+05:30,1013901.4810468283,0
2026-06-15 10:30:00+05:30,1013901.4810468283,0
2026-06-15 10:35:00+05:30,1013901.4810468283,0
2026-06-15 10:40:00+05:30,1013901.4810468283,0
2026-06-15 10:45:00+05:30,1013901.4810468283,0
2026-06-15 10:50:00+05:30,1013901.4810468283,0
2026-06-15 10:55:00+05:30,1013901.4810468283,0
2026-06-15 11:00:00+05:30,1013901.4810468283,0
2026-06-15 11:05:00+05:30,1013901.4810468283,0
2026-06-15 11:10:00+05:30,1013901.4810468283,0
2026-06-15 11:15:00+05:30,1013901.4810468283,0
2026-06-15 11:20:00+05:30,1013901.4810468283,0
2026-06-15 11:25:00+05:30,1013901.4810468283,0
2026-06-15 11:30:00+05:30,1013901.4810468283,0
2026-06-15 11:35:00+05:30,1013901.4810468283,0
2026-06-15 11:40:00+05:30,1013901.4810468283,0
2026-06-15 11:45:00+05:30,1013901.4810468283,0
2026-06-15 11:50:00+05:30,1013901.4810468283,0
2026-06-15 11:55:00+05:30,1013901.4810468283,0
2026-06-15 12:00:00+05:30,1013901.4810468283,0
2026-06-15 12:05:00+05:30,1013901.4810468283,0
2026-06-15 12:10:00+05:30,1013901.4810468283,0
2026-06-15 12:15:00+05:30,1013901.4810468283,0
2026-06-15 12:20:00+05:30,1013901.4810468283,0
2026-06-15 12:25:00+05:30,1013901.4810468283,0
2026-06-15 12:30:00+05:30,1013901.4810468283,0
2026-06-15 12:35:00+05:30,1013901.4810468283,0
2026-06-15 12:40:00+05:30,1013901.4810468283,0
2026-06-15 12:45:00+05:30,1013901.4810468283,0
2026-06-15 12:50:00+05:30,1013901.4810468283,0
2026-06-15 12:55:00+05:30,1013901.4810468283,0
2026-06-15 13:00:00+05:30,1013901.4810468283,0
2026-06-15 13:05:00+05:30,1013901.4810468283,0
2026-06-15 13:10:00+05:30,1013901.4810468283,0
2026-06-15 13:15:00+05:30,1013901.4810468283,0
2026-06-15 13:20:00+05:30,1013901.4810468283,0
2026-06-15 13:25:00+05:30,1013901.4810468283,0
2026-06-15 13:30:00+05:30,1013901.4810468283,0
2026-06-15 13:35:00+05:30,1013901.4810468283,0
2026-06-15 13:40:00+05:30,1013901.4810468283,0
2026-06-15 13:45:00+05:30,1013901.4810468283,0
2026-06-15 13:50:00+05:30,1013901.4810468283,0
2026-06-15 13:55:00+05:30,1013901.4810468283,0
2026-06-15 14:00:00+05:30,1013901.4810468283,0
2026-06-15 14:05:00+05:30,1013901.4810468283,0
2026-06-15 14:10:00+05:30,1013901.4810468283,0
2026-06-15 14:15:00+05:30,1013901.4810468283,0
2026-06-15 14:20:00+05:30,1013901.4810468283,0
2026-06-15 14:25:00+05:30,1013901.4810468283,0
2026-06-15 14:30:00+05:30,1013901.4810468283,0
2026-06-15 14:35:00+05:30,1013901.4810468283,0
2026-06-15 14:40:00+05:30,1013901.4810468283,0
2026-06-15 14:45:00+05:30,1013901.4810468283,0
2026-06-15 14:50:00+05:30,1013901.4810468283,0
2026-06-15 14:55:00+05:30,1013901.4810468283,0
2026-06-15 15:00:00+05:30,1013901.4810468283,0
2026-06-15 15:05:00+05:30,1013901.4810468283,0
2026-06-15 15:10:00+05:30,1013901.4810468283,0
2026-06-15 15:15:00+05:30,1013901.4810468283,0
2026-06-15 15:20:00+05:30,1013901.4810468283,0
2026-06-15 15:25:00+05:30,1013901.4810468283,0
2026-06-16 09:15:00+05:30,1013901.4810468283,0
2026-06-16 09:20:00+05:30,1013901.4810468283,0
2026-06-16 09:25:00+05:30,1013901.4810468283,0
2026-06-16 09:30:00+05:30,1013901.4810468283,0
2026-06-16 09:35:00+05:30,1013901.4810468283,0
2026-06-16 09:40:00+05:30,1013901.4810468283,0
2026-06-16 09:45:00+05:30,1013901.4810468283,0
2026-06-16 09:50:00+05:30,1013901.4810468283,0
2026-06-16 09:55:00+05:30,1013901.4810468283,0
2026-06-16 10:00:00+05:30,1013901.4810468283,0
2026-06-16 10:05:00+05:30,1013901.4810468283,0
2026-06-16 10:10:00+05:30,1013901.4810468283,0
2026-06-16 10:15:00+05:30,1013901.4810468283,0
2026-06-16 10:20:00+05:30,1013901.4810468283,0
2026-06-16 10:25:00+05:30,1013901.4810468283,0
2026-06-16 10:30:00+05:30,1013901.4810468283,0
2026-06-16 10:35:00+05:30,1013901.4810468283,0
2026-06-16 10:40:00+05:30,1013901.4810468283,0
2026-06-16 10:45:00+05:30,1013901.4810468283,0
2026-06-16 10:50:00+05:30,1013901.4810468283,0
2026-06-16 10:55:00+05:30,1013901.4810468283,0
2026-06-16 11:00:00+05:30,1013901.4810468283,0
2026-06-16 11:05:00+05:30,1013901.4810468283,0
2026-06-16 11:10:00+05:30,1013901.4810468283,0
2026-06-16 11:15:00+05:30,1013901.4810468283,0
2026-06-16 11:20:00+05:30,1013901.4810468283,0
2026-06-16 11:25:00+05:30,1013901.4810468283,0
2026-06-16 11:30:00+05:30,1013901.4810468283,0
2026-06-16 11:35:00+05:30,1013901.4810468283,0
2026-06-16 11:40:00+05:30,1013901.4810468283,0
2026-06-16 11:45:00+05:30,1013901.4810468283,0
2026-06-16 11:50:00+05:30,1013901.4810468283,0
2026-06-16 11:55:00+05:30,1013901.4810468283,0
2026-06-16 12:00:00+05:30,1013901.4810468283,0
2026-06-16 12:05:00+05:30,1013901.4810468283,0
2026-06-16 12:10:00+05:30,1013901.4810468283,0
2026-06-16 12:15:00+05:30,1013901.4810468283,0
2026-06-16 12:20:00+05:30,1013901.4810468283,0
2026-06-16 12:25:00+05:30,1013901.4810468283,0
2026-06-16 12:30:00+05:30,1013901.4810468283,0
2026-06-16 12:35:00+05:30,1013901.4810468283,0
2026-06-16 12:40:00+05:30,1013901.4810468283,0
2026-06-16 12:45:00+05:30,1013901.4810468283,0
2026-06-16 12:50:00+05:30,1013901.4810468283,0
2026-06-16 12:55:00+05:30,1013901.4810468283,0
2026-06-16 13:00:00+05:30,1013901.4810468283,0
2026-06-16 13:05:00+05:30,1013901.4810468283,0
2026-06-16 13:10:00+05:30,1013901.4810468283,0
2026-06-16 13:15:00+05:30,1013901.4810468283,0
2026-06-16 13:20:00+05:30,1013901.4810468283,0
2026-06-16 13:25:00+05:30,1013901.4810468283,0
2026-06-16 13:30:00+05:30,1013901.4810468283,0
2026-06-16 13:35:00+05:30,1013901.4810468283,0
2026-06-16 13:40:00+05:30,1013901.4810468283,0
2026-06-16 13:45:00+05:30,1013901.4810468283,0
2026-06-16 13:50:00+05:30,1013901.4810468283,0
2026-06-16 13:55:00+05:30,1013901.4810468283,0
2026-06-16 14:00:00+05:30,1013901.4810468283,0
2026-06-16 14:05:00+05:30,1013901.4810468283,0
2026-06-16 14:10:00+05:30,1013901.4810468283,0
2026-06-16 14:15:00+05:30,1013901.4810468283,0
2026-06-16 14:20:00+05:30,1013901.4810468283,0
2026-06-16 14:25:00+05:30,1013901.4810468283,0
2026-06-16 14:30:00+05:30,1013901.4810468283,0
2026-06-16 14:35:00+05:30,1013901.4810468283,0
2026-06-16 14:40:00+05:30,1013901.4810468283,0
2026-06-16 14:45:00+05:30,1013901.4810468283,0
2026-06-16 14:50:00+05:30,1013901.4810468283,0
2026-06-16 14:55:00+05:30,1013901.4810468283,0
2026-06-16 15:00:00+05:30,1013901.4810468283,0
2026-06-16 15:05:00+05:30,1013901.4810468283,0
2026-06-16 15:10:00+05:30,1013901.4810468283,0
2026-06-16 15:15:00+05:30,1013901.4810468283,0
2026-06-16 15:20:00+05:30,1013901.4810468283,0
2026-06-16 15:25:00+05:30,1013901.4810468283,0
2026-06-17 09:15:00+05:30,1013901.4810468283,0
2026-06-17 09:20:00+05:30,1013901.4810468283,0
2026-06-17 09:25:00+05:30,1013901.4810468283,0
2026-06-17 09:30:00+05:30,1013901.4810468283,0
2026-06-17 09:35:00+05:30,1013901.4810468283,0
2026-06-17 09:40:00+05:30,1013901.4810468283,0
2026-06-17 09:45:00+05:30,1013901.4810468283,0
2026-06-17 09:50:00+05:30,1013901.4810468283,0
2026-06-17 09:55:00+05:30,1013901.4810468283,0
2026-06-17 10:00:00+05:30,1013901.4810468283,0
2026-06-17 10:05:00+05:30,1013901.4810468283,0
2026-06-17 10:10:00+05:30,1013901.4810468283,0
2026-06-17 10:15:00+05:30,1013901.4810468283,0
2026-06-17 10:20:00+05:30,1019207.9365940283,1
2026-06-17 10:25:00+05:30,1011789.9419193079,0
2026-06-17 10:30:00+05:30,1011789.9419193079,0
2026-06-17 10:35:00+05:30,1011789.9419193079,0
2026-06-17 10:40:00+05:30,1011789.9419193079,0
2026-06-17 10:45:00+05:30,1011789.9419193079,0
2026-06-17 10:50:00+05:30,1011789.9419193079,0
2026-06-17 10:55:00+05:30,1011789.9419193079,0
2026-06-17 11:00:00+05:30,1011789.9419193079,0
2026-06-17 11:05:00+05:30,1011789.9419193079,0
2026-06-17 11:10:00+05:30,1011789.9419193079,0
2026-06-17 11:15:00+05:30,1010051.3506570287,1
2026-06-17 11:20:00+05:30,1007811.3506570287,1
2026-06-17 11:25:00+05:30,1010579.6319070287,1
2026-06-17 11:30:00+05:30,1009995.2959695287,1
2026-06-17 11:35:00+05:30,1006495.2959695287,1
2026-06-17 11:40:00+05:30,1009298.8506570287,1
2026-06-17 11:45:00+05:30,1008707.1319070287,1
2026-06-17 11:50:00+05:30,1005928.1865945287,1
2026-06-17 11:55:00+05:30,1004633.1865945287,1
2026-06-17 12:00:00+05:30,1008220.6865945287,1
2026-06-17 12:05:00+05:30,1008234.6319070287,1
2026-06-17 12:10:00+05:30,1005774.2412820287,1
2026-06-17 12:15:00+05:30,1006880.2959695287,1
2026-06-17 12:20:00+05:30,1004437.1319070287,1
2026-06-17 12:25:00+05:30,1001500.1567884511,0
2026-06-17 12:30:00+05:30,1001500.1567884511,0
2026-06-17 12:35:00+05:30,1001500.1567884511,0
2026-06-17 12:40:00+05:30,1001500.1567884511,0
2026-06-17 12:45:00+05:30,1001500.1567884511,0
2026-06-17 12:50:00+05:30,1001500.1567884511,0
2026-06-17 12:55:00+05:30,1001500.1567884511,0
2026-06-17 13:00:00+05:30,1001500.1567884511,0
2026-06-17 13:05:00+05:30,1001500.1567884511,0
2026-06-17 13:10:00+05:30,1001500.1567884511,0
2026-06-17 13:15:00+05:30,1001500.1567884511,0
2026-06-17 13:20:00+05:30,1001500.1567884511,0
2026-06-17 13:25:00+05:30,1001500.1567884511,0
2026-06-17 13:30:00+05:30,1001500.1567884511,0
2026-06-17 13:35:00+05:30,1001500.1567884511,0
2026-06-17 13:40:00+05:30,1001500.1567884511,0
2026-06-17 13:45:00+05:30,1001500.1567884511,0
2026-06-17 13:50:00+05:30,1001500.1567884511,0
2026-06-17 13:55:00+05:30,1001500.1567884511,0
2026-06-17 14:00:00+05:30,1001500.1567884511,0
2026-06-17 14:05:00+05:30,1001500.1567884511,0
2026-06-17 14:10:00+05:30,1001500.1567884511,0
2026-06-17 14:15:00+05:30,1001500.1567884511,0
2026-06-17 14:20:00+05:30,1001500.1567884511,0
2026-06-17 14:25:00+05:30,1001500.1567884511,0
2026-06-17 14:30:00+05:30,1001500.1567884511,0
2026-06-17 14:35:00+05:30,1001500.1567884511,0
2026-06-17 14:40:00+05:30,1001500.1567884511,0
2026-06-17 14:45:00+05:30,1001500.1567884511,0
2026-06-17 14:50:00+05:30,1001500.1567884511,0
2026-06-17 14:55:00+05:30,1001500.1567884511,0
2026-06-17 15:00:00+05:30,1001500.1567884511,0
2026-06-17 15:05:00+05:30,1001500.1567884511,0
2026-06-17 15:10:00+05:30,1001500.1567884511,0
2026-06-17 15:15:00+05:30,1001500.1567884511,0
2026-06-17 15:20:00+05:30,1001500.1567884511,0
2026-06-17 15:25:00+05:30,1001500.1567884511,0
2026-06-18 09:15:00+05:30,1001500.1567884511,0
2026-06-18 09:20:00+05:30,1001500.1567884511,0
2026-06-18 09:25:00+05:30,1001500.1567884511,0
2026-06-18 09:30:00+05:30,1001500.1567884511,0
2026-06-18 09:35:00+05:30,1001500.1567884511,0
2026-06-18 09:40:00+05:30,1001500.1567884511,0
2026-06-18 09:45:00+05:30,1001500.1567884511,0
2026-06-18 09:50:00+05:30,1001230.2325580249,1
2026-06-18 09:55:00+05:30,999658.7872455249,1
2026-06-18 10:00:00+05:30,998276.2872455249,1
2026-06-18 10:05:00+05:30,1000470.8966205249,1
2026-06-18 10:10:00+05:30,1001744.8419330249,1
2026-06-18 10:15:00+05:30,1000278.3966205249,1
2026-06-18 10:20:00+05:30,999662.3419330249,1
2026-06-18 10:25:00+05:30,996589.1778705249,1
2026-06-18 10:30:00+05:30,996778.3966205249,1
2026-06-18 10:35:00+05:30,990855.0510720838,0
2026-06-18 10:40:00+05:30,990855.0510720838,0
2026-06-18 10:45:00+05:30,990855.0510720838,0
2026-06-18 10:50:00+05:30,990855.0510720838,0
2026-06-18 10:55:00+05:30,990855.0510720838,0
2026-06-18 11:00:00+05:30,990855.0510720838,0
2026-06-18 11:05:00+05:30,990855.0510720838,0
2026-06-18 11:10:00+05:30,990855.0510720838,0
2026-06-18 11:15:00+05:30,990855.0510720838,0
2026-06-18 11:20:00+05:30,990855.0510720838,0
2026-06-18 11:25:00+05:30,990855.0510720838,0
2026-06-18 11:30:00+05:30,990855.0510720838,0
2026-06-18 11:35:00+05:30,990855.0510720838,0
2026-06-18 11:40:00+05:30,990855.0510720838,0
2026-06-18 11:45:00+05:30,990855.0510720838,0
2026-06-18 11:50:00+05:30,990855.0510720838,0
2026-06-18 11:55:00+05:30,990855.0510720838,0
2026-06-18 12:00:00+05:30,990855.0510720838,0
2026-06-18 12:05:00+05:30,990855.0510720838,0
2026-06-18 12:10:00+05:30,986380.8189163588,1
2026-06-18 12:15:00+05:30,987329.3736038588,1
2026-06-18 12:20:00+05:30,986510.4282913588,1
2026-06-18 12:25:00+05:30,989821.4829788588,1
2026-06-18 12:30:00+05:30,991196.8736038588,1
2026-06-18 12:35:00+05:30,990307.9282913588,1
2026-06-18 12:40:00+05:30,990808.3189163588,1
2026-06-18 12:45:00+05:30,990293.9829788588,1
2026-06-18 12:50:00+05:30,991473.3189163588,1
2026-06-18 12:55:00+05:30,990836.4829788588,1
2026-06-18 13:00:00+05:30,990808.3189163588,1
2026-06-18 13:05:00+05:30,991301.8736038588,1
2026-06-18 13:10:00+05:30,993100.8189163588,1
2026-06-18 13:15:00+05:30,989254.3736038588,1
2026-06-18 13:20:00+05:30,988333.9829788588,1
2026-06-18 13:25:00+05:30,991189.7642288588,1
2026-06-18 13:30:00+05:30,992061.4829788588,1
2026-06-18 13:35:00+05:30,990892.2642288588,1
2026-06-18 13:40:00+05:30,991151.4829788588,1
2026-06-18 13:45:00+05:30,990993.9829788588,1
2026-06-18 13:50:00+05:30,991242.2642288588,1
2026-06-18 13:55:00+05:30,989985.8189163588,1
2026-06-18 14:00:00+05:30,990202.9282913588,1
2026-06-18 14:05:00+05:30,989198.3189163588,1
2026-06-18 14:10:00+05:30,989366.4829788588,1
2026-06-18 14:15:00+05:30,987525.4282913588,1
2026-06-18 14:20:00+05:30,990195.8189163588,1
2026-06-18 14:25:00+05:30,986118.3189163588,1
2026-06-18 14:30:00+05:30,984356.9030683442,0
2026-06-18 14:35:00+05:30,984356.9030683442,0
2026-06-18 14:40:00+05:30,984356.9030683442,0
2026-06-18 14:45:00+05:30,984356.9030683442,0
2026-06-18 14:50:00+05:30,984356.9030683442,0
2026-06-18 14:55:00+05:30,984356.9030683442,0
2026-06-18 15:00:00+05:30,984356.9030683442,0
2026-06-18 15:05:00+05:30,984356.9030683442,0
2026-06-18 15:10:00+05:30,984356.9030683442,0
2026-06-18 15:15:00+05:30,984356.9030683442,0
2026-06-18 15:20:00+05:30,984356.9030683442,0
2026-06-18 15:25:00+05:30,984356.9030683442,0
2026-06-19 09:15:00+05:30,984356.9030683442,0
2026-06-19 09:20:00+05:30,984356.9030683442,0
2026-06-19 09:25:00+05:30,984356.9030683442,0
2026-06-19 09:30:00+05:30,984356.9030683442,0
2026-06-19 09:35:00+05:30,978984.5957871433,-1
2026-06-19 09:40:00+05:30,981259.5957871433,-1
2026-06-19 09:45:00+05:30,979250.3770371433,-1
2026-06-19 09:50:00+05:30,982064.5957871433,-1
2026-06-19 09:55:00+05:30,980783.5410996433,-1
2026-06-19 10:00:00+05:30,983782.8770371433,-1
2026-06-19 10:05:00+05:30,982225.3770371433,-1
2026-06-19 10:10:00+05:30,979572.4864121433,-1
2026-06-19 10:15:00+05:30,979638.9317246433,-1
2026-06-19 10:20:00+05:30,979012.4864121433,-1
2026-06-19 10:25:00+05:30,982246.4317246433,-1
2026-06-19 10:30:00+05:30,982516.0410996433,-1
2026-06-19 10:35:00+05:30,980779.9864121433,-1
2026-06-19 10:40:00+05:30,981119.5957871433,-1
2026-06-19 10:45:00+05:30,983989.5957871433,-1
2026-06-19 10:50:00+05:30,987184.9864121433,-1
2026-06-19 10:55:00+05:30,986306.4317246433,-1
2026-06-19 11:00:00+05:30,986474.5957871433,-1
2026-06-19 11:05:00+05:30,984867.8770371433,-1
2026-06-19 11:10:00+05:30,980958.5410996433,-1
2026-06-19 11:15:00+05:30,983089.9864121433,-1
2026-06-19 11:20:00+05:30,985763.9317246433,-1
2026-06-19 11:25:00+05:30,982354.9864121433,-1
2026-06-19 11:30:00+05:30,981067.0957871433,-1
2026-06-19 11:35:00+05:30,982407.4864121433,-1
2026-06-19 11:40:00+05:30,983383.9317246433,-1
2026-06-19 11:45:00+05:30,986597.0957871433,-1
2026-06-19 11:50:00+05:30,985736.0410996433,-1
2026-06-19 11:55:00+05:30,984339.5957871433,-1
2026-06-19 12:00:00+05:30,985263.5410996433,-1
2026-06-19 12:05:00+05:30,984419.9864121433,-1
2026-06-19 12:10:00+05:30,984878.5410996433,-1
2026-06-19 12:15:00+05:30,985119.9864121433,-1
2026-06-19 12:20:00+05:30,981826.4317246433,-1
2026-06-19 12:25:00+05:30,982341.0410996433,-1
2026-06-19 12:30:00+05:30,982449.5957871433,-1
2026-06-19 12:35:00+05:30,982932.4864121433,-1
2026-06-19 12:40:00+05:30,985655.3770371433,-1
2026-06-19 12:45:00+05:30,985494.5957871433,-1
2026-06-19 12:50:00+05:30,985732.4864121433,-1
2026-06-19 12:55:00+05:30,987976.0410996433,-1
2026-06-19 13:00:00+05:30,991132.8770371433,-1
2026-06-19 13:05:00+05:30,988588.5410996433,-1
2026-06-19 13:10:00+05:30,987556.0410996433,-1
2026-06-19 13:15:00+05:30,988991.0410996433,-1
2026-06-19 13:20:00+05:30,988994.5957871433,-1
2026-06-19 13:25:00+05:30,986484.9864121433,-1
2026-06-19 13:30:00+05:30,984307.8770371433,-1
2026-06-19 13:35:00+05:30,982241.0439920923,0
2026-06-19 13:40:00+05:30,982241.0439920923,0
2026-06-19 13:45:00+05:30,982241.0439920923,0
2026-06-19 13:50:00+05:30,982241.0439920923,0
2026-06-19 13:55:00+05:30,982241.0439920923,0
2026-06-19 14:00:00+05:30,982241.0439920923,0
2026-06-19 14:05:00+05:30,982241.0439920923,0
2026-06-19 14:10:00+05:30,982241.0439920923,0
2026-06-19 14:15:00+05:30,982241.0439920923,0
2026-06-19 14:20:00+05:30,982241.0439920923,0
2026-06-19 14:25:00+05:30,982241.0439920923,0
2026-06-19 14:30:00+05:30,982241.0439920923,0
2026-06-19 14:35:00+05:30,981427.3144390177,1
2026-06-19 14:40:00+05:30,978462.7050640177,1
2026-06-19 14:45:00+05:30,978095.2050640177,1
2026-06-19 14:50:00+05:30,973897.8873157585,0
2026-06-19 14:55:00+05:30,973897.8873157585,0
2026-06-19 15:00:00+05:30,973897.8873157585,0
2026-06-19 15:05:00+05:30,973897.8873157585,0
2026-06-19 15:10:00+05:30,973897.8873157585,0
2026-06-19 15:15:00+05:30,973897.8873157585,0
2026-06-19 15:20:00+05:30,973897.8873157585,0
2026-06-19 15:25:00+05:30,973897.8873157585,0
2026-06-22 09:15:00+05:30,973897.8873157585,0
2026-06-22 09:20:00+05:30,973897.8873157585,0
2026-06-22 09:25:00+05:30,973897.8873157585,0
2026-06-22 09:30:00+05:30,973897.8873157585,0
2026-06-22 09:35:00+05:30,973897.8873157585,0
2026-06-22 09:40:00+05:30,973897.8873157585,0
2026-06-22 09:45:00+05:30,973897.8873157585,0
2026-06-22 09:50:00+05:30,973897.8873157585,0
2026-06-22 09:55:00+05:30,973897.8873157585,0
2026-06-22 10:00:00+05:30,973897.8873157585,0
2026-06-22 10:05:00+05:30,973897.8873157585,0
2026-06-22 10:10:00+05:30,973897.8873157585,0
2026-06-22 10:15:00+05:30,973897.8873157585,0
2026-06-22 10:20:00+05:30,973897.8873157585,0
2026-06-22 10:25:00+05:30,973897.8873157585,0
2026-06-22 10:30:00+05:30,973897.8873157585,0
2026-06-22 10:35:00+05:30,973897.8873157585,0
2026-06-22 10:40:00+05:30,973897.8873157585,0
2026-06-22 10:45:00+05:30,973897.8873157585,0
2026-06-22 10:50:00+05:30,973897.8873157585,0
2026-06-22 10:55:00+05:30,973897.8873157585,0
2026-06-22 11:00:00+05:30,973897.8873157585,0
2026-06-22 11:05:00+05:30,973897.8873157585,0
2026-06-22 11:10:00+05:30,973897.8873157585,0
2026-06-22 11:15:00+05:30,973897.8873157585,0
2026-06-22 11:20:00+05:30,973897.8873157585,0
2026-06-22 11:25:00+05:30,973897.8873157585,0
2026-06-22 11:30:00+05:30,973897.8873157585,0
2026-06-22 11:35:00+05:30,972208.3146899265,1
2026-06-22 11:40:00+05:30,969982.2600024265,1
2026-06-22 11:45:00+05:30,970115.4240649265,1
2026-06-22 11:50:00+05:30,969313.9787524265,1
2026-06-22 11:55:00+05:30,966032.1166973539,0
2026-06-22 12:00:00+05:30,966032.1166973539,0
2026-06-22 12:05:00+05:30,966032.1166973539,0
2026-06-22 12:10:00+05:30,966032.1166973539,0
2026-06-22 12:15:00+05:30,966032.1166973539,0
2026-06-22 12:20:00+05:30,966032.1166973539,0
2026-06-22 12:25:00+05:30,966032.1166973539,0
2026-06-22 12:30:00+05:30,966032.1166973539,0
2026-06-22 12:35:00+05:30,966032.1166973539,0
2026-06-22 12:40:00+05:30,966032.1166973539,0
2026-06-22 12:45:00+05:30,966032.1166973539,0
2026-06-22 12:50:00+05:30,966032.1166973539,0
2026-06-22 12:55:00+05:30,966032.1166973539,0
2026-06-22 13:00:00+05:30,966032.1166973539,0
2026-06-22 13:05:00+05:30,966032.1166973539,0
2026-06-22 13:10:00+05:30,966032.1166973539,0
2026-06-22 13:15:00+05:30,966032.1166973539,0
2026-06-22 13:20:00+05:30,966032.1166973539,0
2026-06-22 13:25:00+05:30,966032.1166973539,0
2026-06-22 13:30:00+05:30,966032.1166973539,0
2026-06-22 13:35:00+05:30,966032.1166973539,0
2026-06-22 13:40:00+05:30,966032.1166973539,0
2026-06-22 13:45:00+05:30,966032.1166973539,0
2026-06-22 13:50:00+05:30,966032.1166973539,0
2026-06-22 13:55:00+05:30,966032.1166973539,0
2026-06-22 14:00:00+05:30,966032.1166973539,0
2026-06-22 14:05:00+05:30,966032.1166973539,0
2026-06-22 14:10:00+05:30,966032.1166973539,0
2026-06-22 14:15:00+05:30,966032.1166973539,0
2026-06-22 14:20:00+05:30,966032.1166973539,0
2026-06-22 14:25:00+05:30,966032.1166973539,0
2026-06-22 14:30:00+05:30,966032.1166973539,0
2026-06-22 14:35:00+05:30,966032.1166973539,0
2026-06-22 14:40:00+05:30,966032.1166973539,0
2026-06-22 14:45:00+05:30,966032.1166973539,0
2026-06-22 14:50:00+05:30,966032.1166973539,0
2026-06-22 14:55:00+05:30,966032.1166973539,0
2026-06-22 15:00:00+05:30,966032.1166973539,0
2026-06-22 15:05:00+05:30,966032.1166973539,0
2026-06-22 15:10:00+05:30,966032.1166973539,0
2026-06-22 15:15:00+05:30,966032.1166973539,0
2026-06-22 15:20:00+05:30,966032.1166973539,0
2026-06-22 15:25:00+05:30,966032.1166973539,0
2026-06-23 09:15:00+05:30,966032.1166973539,0
2026-06-23 09:20:00+05:30,966032.1166973539,0
2026-06-23 09:25:00+05:30,966032.1166973539,0
2026-06-23 09:30:00+05:30,966032.1166973539,0
2026-06-23 09:35:00+05:30,966032.1166973539,0
2026-06-23 09:40:00+05:30,966032.1166973539,0
2026-06-23 09:45:00+05:30,966032.1166973539,0
2026-06-23 09:50:00+05:30,966032.1166973539,0
2026-06-23 09:55:00+05:30,966032.1166973539,0
2026-06-23 10:00:00+05:30,966032.1166973539,0
2026-06-23 10:05:00+05:30,966032.1166973539,0
2026-06-23 10:10:00+05:30,966032.1166973539,0
2026-06-23 10:15:00+05:30,966032.1166973539,0
2026-06-23 10:20:00+05:30,966032.1166973539,0
2026-06-23 10:25:00+05:30,966032.1166973539,0
2026-06-23 10:30:00+05:30,966032.1166973539,0
2026-06-23 10:35:00+05:30,966032.1166973539,0
2026-06-23 10:40:00+05:30,966032.1166973539,0
2026-06-23 10:45:00+05:30,966032.1166973539,0
2026-06-23 10:50:00+05:30,966032.1166973539,0
2026-06-23 10:55:00+05:30,966032.1166973539,0
2026-06-23 11:00:00+05:30,966032.1166973539,0
2026-06-23 11:05:00+05:30,966032.1166973539,0
2026-06-23 11:10:00+05:30,966032.1166973539,0
2026-06-23 11:15:00+05:30,966032.1166973539,0
2026-06-23 11:20:00+05:30,966032.1166973539,0
2026-06-23 11:25:00+05:30,966032.1166973539,0
2026-06-23 11:30:00+05:30,966032.1166973539,0
2026-06-23 11:35:00+05:30,966032.1166973539,0
2026-06-23 11:40:00+05:30,966032.1166973539,0
2026-06-23 11:45:00+05:30,966032.1166973539,0
2026-06-23 11:50:00+05:30,966032.1166973539,0
2026-06-23 11:55:00+05:30,966032.1166973539,0
2026-06-23 12:00:00+05:30,965925.5701522686,-1
2026-06-23 12:05:00+05:30,967843.4607772686,-1
2026-06-23 12:10:00+05:30,965873.0701522686,-1
2026-06-23 12:15:00+05:30,965022.4060897686,-1
2026-06-23 12:20:00+05:30,974556.6248397686,-1
2026-06-23 12:25:00+05:30,970111.6248397686,-1
2026-06-23 12:30:00+05:30,971094.9060897686,-1
2026-06-23 12:35:00+05:30,969233.0701522686,-1
2026-06-23 12:40:00+05:30,969313.4607772686,-1
2026-06-23 12:45:00+05:30,974066.6248397686,-1
2026-06-23 12:50:00+05:30,972865.9607772686,-1
2026-06-23 12:55:00+05:30,973289.5154647686,-1
2026-06-23 13:00:00+05:30,973657.0154647686,-1
2026-06-23 13:05:00+05:30,969831.6248397686,-1
2026-06-23 13:10:00+05:30,971658.4607772686,-1
2026-06-23 13:15:00+05:30,972386.6248397686,-1
2026-06-23 13:20:00+05:30,972739.9060897686,-1
2026-06-23 13:25:00+05:30,974612.4060897686,-1
2026-06-23 13:30:00+05:30,981930.9607772686,-1
2026-06-23 13:35:00+05:30,981493.4607772686,-1
2026-06-23 13:40:00+05:30,979316.6248397686,-1
2026-06-23 13:45:00+05:30,978483.4607772686,-1
2026-06-23 13:50:00+05:30,982568.0701522686,-1
2026-06-23 13:55:00+05:30,983992.4060897686,-1
2026-06-23 14:00:00+05:30,979106.6248397686,-1
2026-06-23 14:05:00+05:30,979929.1248397686,-1
2026-06-23 14:10:00+05:30,975921.6248397686,-1
2026-06-23 14:15:00+05:30,978658.4607772686,-1
2026-06-23 14:20:00+05:30,977059.1248397686,-1
2026-06-23 14:25:00+05:30,977464.9060897686,-1
2026-06-23 14:30:00+05:30,978809.1248397686,-1
2026-06-23 14:35:00+05:30,978966.6248397686,-1
2026-06-23 14:40:00+05:30,975067.4060897686,-1
2026-06-23 14:45:00+05:30,976978.4607772686,-1
2026-06-23 14:50:00+05:30,976334.5154647686,-1
2026-06-23 14:55:00+05:30,977972.4060897686,-1
2026-06-23 15:00:00+05:30,986194.1248397686,-1
2026-06-23 15:05:00+05:30,985199.9060897686,-1
2026-06-23 15:10:00+05:30,987433.0701522686,-1
2026-06-23 15:15:00+05:30,992126.9381028526,0
2026-06-23 15:20:00+05:30,992126.9381028526,0
2026-06-23 15:25:00+05:30,992126.9381028526,0
2026-06-24 09:15:00+05:30,992126.9381028526,0
2026-06-24 09:20:00+05:30,992126.9381028526,0
2026-06-24 09:25:00+05:30,992126.9381028526,0
2026-06-24 09:30:00+05:30,992126.9381028526,0
2026-06-24 09:35:00+05:30,992126.9381028526,0
2026-06-24 09:40:00+05:30,992126.9381028526,0
2026-06-24 09:45:00+05:30,992126.9381028526,0
2026-06-24 09:50:00+05:30,992126.9381028526,0
2026-06-24 09:55:00+05:30,992126.9381028526,0
2026-06-24 10:00:00+05:30,992126.9381028526,0
2026-06-24 10:05:00+05:30,992126.9381028526,0
2026-06-24 10:10:00+05:30,992126.9381028526,0
2026-06-24 10:15:00+05:30,992126.9381028526,0
2026-06-24 10:20:00+05:30,992126.9381028526,0
2026-06-24 10:25:00+05:30,992126.9381028526,0
2026-06-24 10:30:00+05:30,992126.9381028526,0
2026-06-24 10:35:00+05:30,992126.9381028526,0
2026-06-24 10:40:00+05:30,992126.9381028526,0
2026-06-24 10:45:00+05:30,992126.9381028526,0
2026-06-24 10:50:00+05:30,992126.9381028526,0
2026-06-24 10:55:00+05:30,992126.9381028526,0
2026-06-24 11:00:00+05:30,992126.9381028526,0
2026-06-24 11:05:00+05:30,997567.1770102041,1
2026-06-24 11:10:00+05:30,996909.0129477041,1
2026-06-24 11:15:00+05:30,996177.5676352041,1
2026-06-24 11:20:00+05:30,999768.6223227041,1
2026-06-24 11:25:00+05:30,1000507.1770102041,1
2026-06-24 11:30:00+05:30,1002904.6770102041,1
2026-06-24 11:35:00+05:30,1003397.9582602041,1
2026-06-24 11:40:00+05:30,1009145.0676352041,1
2026-06-24 11:45:00+05:30,1011581.1223227041,1
2026-06-24 11:50:00+05:30,1013635.4582602041,1
2026-06-24 11:55:00+05:30,1011780.4582602041,1
2026-06-24 12:00:00+05:30,1013121.1223227041,1
2026-06-24 12:05:00+05:30,1010944.0129477041,1
2026-06-24 12:10:00+05:30,1008256.1223227041,1
2026-06-24 12:15:00+05:30,1011892.5676352041,1
2026-06-24 12:20:00+05:30,1016075.0676352041,1
2026-06-24 12:25:00+05:30,1012361.5129477041,1
2026-06-24 12:30:00+05:30,1008431.1223227041,1
2026-06-24 12:35:00+05:30,1006527.1770102041,1
2026-06-24 12:40:00+05:30,1009841.5129477041,1
2026-06-24 12:45:00+05:30,1008480.0676352041,1
2026-06-24 12:50:00+05:30,1010097.1770102041,1
2026-06-24 12:55:00+05:30,1013415.0676352041,1
2026-06-24 13:00:00+05:30,1008630.4582602041,1
2026-06-24 13:05:00+05:30,1009061.1223227041,1
2026-06-24 13:10:00+05:30,1011066.5129477041,1
2026-06-24 13:15:00+05:30,1017226.5129477041,1
2026-06-24 13:20:00+05:30,1015102.1770102041,1
2026-06-24 13:25:00+05:30,1017345.4582602041,1
2026-06-24 13:30:00+05:30,1018766.5129477041,1
2026-06-24 13:35:00+05:30,1018738.6223227041,1
2026-06-24 13:40:00+05:30,1019847.9582602041,1
2026-06-24 13:45:00+05:30,1021115.0676352041,1
2026-06-24 13:50:00+05:30,1021349.6770102041,1
2026-06-24 13:55:00+05:30,1019648.6223227041,1
2026-06-24 14:00:00+05:30,1017170.4582602041,1
2026-06-24 14:05:00+05:30,1014636.5129477041,1
2026-06-24 14:10:00+05:30,1017478.6223227041,1
2026-06-24 14:15:00+05:30,1019869.0129477041,1
2026-06-24 14:20:00+05:30,1020040.4582602041,1
2026-06-24 14:25:00+05:30,1018542.5676352041,1
2026-06-24 14:30:00+05:30,1019095.4582602041,1
2026-06-24 14:35:00+05:30,1016907.9582602041,1
2026-06-24 14:40:00+05:30,1018595.0676352041,1
2026-06-24 14:45:00+05:30,1018647.5676352041,1
2026-06-24 14:50:00+05:30,1022809.0129477041,1
2026-06-24 14:55:00+05:30,1020089.6770102041,1
2026-06-24 15:00:00+05:30,1019809.6770102041,1
2026-06-24 15:05:00+05:30,1017629.0129477041,1
2026-06-24 15:10:00+05:30,1014454.6770102041,1
2026-06-24 15:15:00+05:30,1013796.6851524382,0
2026-06-24 15:20:00+05:30,1013796.6851524382,0
2026-06-24 15:25:00+05:30,1013796.6851524382,0
2026-06-25 09:15:00+05:30,1013796.6851524382,0
2026-06-25 09:20:00+05:30,1013796.6851524382,0
2026-06-25 09:25:00+05:30,1013796.6851524382,0
2026-06-25 09:30:00+05:30,1013796.6851524382,0
2026-06-25 09:35:00+05:30,1013796.6851524382,0
2026-06-25 09:40:00+05:30,1013796.6851524382,0
2026-06-25 09:45:00+05:30,1013796.6851524382,0
2026-06-25 09:50:00+05:30,1010667.506273437,1
2026-06-25 09:55:00+05:30,1009047.115648437,1
2026-06-25 10:00:00+05:30,1002766.8612699759,0
2026-06-25 10:05:00+05:30,1002766.8612699759,0
2026-06-25 10:10:00+05:30,1002766.8612699759,0
2026-06-25 10:15:00+05:30,1002766.8612699759,0
2026-06-25 10:20:00+05:30,1002766.8612699759,0
2026-06-25 10:25:00+05:30,1002766.8612699759,0
2026-06-25 10:30:00+05:30,1002766.8612699759,0
2026-06-25 10:35:00+05:30,1002766.8612699759,0
2026-06-25 10:40:00+05:30,1002766.8612699759,0
2026-06-25 10:45:00+05:30,1002766.8612699759,0
2026-06-25 10:50:00+05:30,1002766.8612699759,0
2026-06-25 10:55:00+05:30,1002766.8612699759,0
2026-06-25 11:00:00+05:30,1002766.8612699759,0
2026-06-25 11:05:00+05:30,1002766.8612699759,0
2026-06-25 11:10:00+05:30,1002766.8612699759,0
2026-06-25 11:15:00+05:30,1002766.8612699759,0
2026-06-25 11:20:00+05:30,1002766.8612699759,0
2026-06-25 11:25:00+05:30,1002766.8612699759,0
2026-06-25 11:30:00+05:30,1002766.8612699759,0
2026-06-25 11:35:00+05:30,1002766.8612699759,0
2026-06-25 11:40:00+05:30,1002766.8612699759,0
2026-06-25 11:45:00+05:30,1002766.8612699759,0
2026-06-25 11:50:00+05:30,1002766.8612699759,0
2026-06-25 11:55:00+05:30,1002766.8612699759,0
2026-06-25 12:00:00+05:30,1005215.631566902,1
2026-06-25 12:05:00+05:30,1007546.686254402,1
2026-06-25 12:10:00+05:30,1008880.240941902,1
2026-06-25 12:15:00+05:30,1010052.740941902,1
2026-06-25 12:20:00+05:30,1006087.076879402,1
2026-06-25 12:25:00+05:30,1000615.3932124269,0
2026-06-25 12:30:00+05:30,1000615.3932124269,0
2026-06-25 12:35:00+05:30,1000615.3932124269,0
2026-06-25 12:40:00+05:30,1000615.3932124269,0
2026-06-25 12:45:00+05:30,1000615.3932124269,0
2026-06-25 12:50:00+05:30,1000615.3932124269,0
2026-06-25 12:55:00+05:30,1000615.3932124269,0
2026-06-25 13:00:00+05:30,1000615.3932124269,0
2026-06-25 13:05:00+05:30,1000615.3932124269,0
2026-06-25 13:10:00+05:30,1000615.3932124269,0
2026-06-25 13:15:00+05:30,1000615.3932124269,0
2026-06-25 13:20:00+05:30,1000615.3932124269,0
2026-06-25 13:25:00+05:30,1000615.3932124269,0
2026-06-25 13:30:00+05:30,1000615.3932124269,0
2026-06-25 13:35:00+05:30,1000615.3932124269,0
2026-06-25 13:40:00+05:30,1000615.3932124269,0
2026-06-25 13:45:00+05:30,1000615.3932124269,0
2026-06-25 13:50:00+05:30,1000615.3932124269,0
2026-06-25 13:55:00+05:30,1000615.3932124269,0
2026-06-25 14:00:00+05:30,1000615.3932124269,0
2026-06-25 14:05:00+05:30,1000615.3932124269,0
2026-06-25 14:10:00+05:30,1000615.3932124269,0
2026-06-25 14:15:00+05:30,1000615.3932124269,0
2026-06-25 14:20:00+05:30,1000615.3932124269,0
2026-06-25 14:25:00+05:30,1000615.3932124269,0
2026-06-25 14:30:00+05:30,1000615.3932124269,0
2026-06-25 14:35:00+05:30,1000615.3932124269,0
2026-06-25 14:40:00+05:30,1000615.3932124269,0
2026-06-25 14:45:00+05:30,1000726.0562908006,-1
2026-06-25 14:50:00+05:30,993572.1109783006,-1
2026-06-25 14:55:00+05:30,996921.7203533006,-1
2026-06-25 15:00:00+05:30,999319.2203533006,-1
2026-06-25 15:05:00+05:30,997712.7750408006,-1
2026-06-25 15:10:00+05:30,997044.2203533006,-1
2026-06-25 15:15:00+05:30,994831.4060478482,0
2026-06-25 15:20:00+05:30,994831.4060478482,0
2026-06-25 15:25:00+05:30,994831.4060478482,0
2026-06-29 09:15:00+05:30,994831.4060478482,0
2026-06-29 09:20:00+05:30,994831.4060478482,0
2026-06-29 09:25:00+05:30,994831.4060478482,0
2026-06-29 09:30:00+05:30,994831.4060478482,0
2026-06-29 09:35:00+05:30,990343.4583161317,-1
2026-06-29 09:40:00+05:30,987959.4553562294,0
2026-06-29 09:45:00+05:30,987959.4553562294,0
2026-06-29 09:50:00+05:30,987959.4553562294,0
2026-06-29 09:55:00+05:30,987959.4553562294,0
2026-06-29 10:00:00+05:30,987959.4553562294,0
2026-06-29 10:05:00+05:30,987959.4553562294,0
2026-06-29 10:10:00+05:30,987959.4553562294,0
2026-06-29 10:15:00+05:30,987959.4553562294,0
2026-06-29 10:20:00+05:30,987959.4553562294,0
2026-06-29 10:25:00+05:30,987959.4553562294,0
2026-06-29 10:30:00+05:30,987959.4553562294,0
2026-06-29 10:35:00+05:30,987959.4553562294,0
2026-06-29 10:40:00+05:30,987959.4553562294,0
2026-06-29 10:45:00+05:30,987959.4553562294,0
2026-06-29 10:50:00+05:30,987959.4553562294,0
2026-06-29 10:55:00+05:30,987959.4553562294,0
2026-06-29 11:00:00+05:30,987959.4553562294,0
2026-06-29 11:05:00+05:30,987959.4553562294,0
2026-06-29 11:10:00+05:30,987959.4553562294,0
2026-06-29 11:15:00+05:30,987959.4553562294,0
2026-06-29 11:20:00+05:30,987959.4553562294,0
2026-06-29 11:25:00+05:30,987959.4553562294,0
2026-06-29 11:30:00+05:30,987959.4553562294,0
2026-06-29 11:35:00+05:30,987959.4553562294,0
2026-06-29 11:40:00+05:30,987959.4553562294,0
2026-06-29 11:45:00+05:30,987959.4553562294,0
2026-06-29 11:50:00+05:30,987959.4553562294,0
2026-06-29 11:55:00+05:30,983645.4455018941,-1
2026-06-29 12:00:00+05:30,985094.3908143941,-1
2026-06-29 12:05:00+05:30,982199.7814393941,-1
2026-06-29 12:10:00+05:30,987250.4455018941,-1
2026-06-29 12:15:00+05:30,992997.2814393941,-1
2026-06-29 12:20:00+05:30,993686.8908143941,-1
2026-06-29 12:25:00+05:30,995713.3361268941,-1
2026-06-29 12:30:00+05:30,998058.3361268941,-1
2026-06-29 12:35:00+05:30,1001740.4455018941,-1
2026-06-29 12:40:00+05:30,998940.4455018941,-1
2026-06-29 12:45:00+05:30,1000546.8908143941,-1
2026-06-29 12:50:00+05:30,998950.8361268941,-1
2026-06-29 12:55:00+05:30,997060.8361268941,-1
2026-06-29 13:00:00+05:30,995573.3361268941,-1
2026-06-29 13:05:00+05:30,991979.0001893941,-1
2026-06-29 13:10:00+05:30,992143.3361268941,-1
2026-06-29 13:15:00+05:30,996255.8361268941,-1
2026-06-29 13:20:00+05:30,994575.8361268941,-1
2026-06-29 13:25:00+05:30,991061.8908143941,-1
2026-06-29 13:30:00+05:30,995170.8361268941,-1
2026-06-29 13:35:00+05:30,992346.5001893941,-1
2026-06-29 13:40:00+05:30,992329.0001893941,-1
2026-06-29 13:45:00+05:30,991548.3361268941,-1
2026-06-29 13:50:00+05:30,989427.2814393941,-1
2026-06-29 13:55:00+05:30,989504.3908143941,-1
2026-06-29 14:00:00+05:30,985833.5831758688,0
2026-06-29 14:05:00+05:30,985833.5831758688,0
2026-06-29 14:10:00+05:30,985833.5831758688,0
2026-06-29 14:15:00+05:30,985833.5831758688,0
2026-06-29 14:20:00+05:30,985833.5831758688,0
2026-06-29 14:25:00+05:30,985833.5831758688,0
2026-06-29 14:30:00+05:30,985833.5831758688,0
2026-06-29 14:35:00+05:30,985833.5831758688,0
2026-06-29 14:40:00+05:30,985833.5831758688,0
2026-06-29 14:45:00+05:30,985833.5831758688,0
2026-06-29 14:50:00+05:30,985833.5831758688,0
2026-06-29 14:55:00+05:30,985833.5831758688,0
2026-06-29 15:00:00+05:30,985833.5831758688,0
2026-06-29 15:05:00+05:30,985833.5831758688,0
2026-06-29 15:10:00+05:30,985833.5831758688,0
2026-06-29 15:15:00+05:30,985833.5831758688,0
2026-06-29 15:20:00+05:30,985833.5831758688,0
2026-06-29 15:25:00+05:30,985833.5831758688,0
2026-06-30 09:15:00+05:30,985833.5831758688,0
2026-06-30 09:20:00+05:30,985833.5831758688,0
2026-06-30 09:25:00+05:30,985833.5831758688,0
2026-06-30 09:30:00+05:30,985833.5831758688,0
2026-06-30 09:35:00+05:30,985833.5831758688,0
2026-06-30 09:40:00+05:30,985833.5831758688,0
2026-06-30 09:45:00+05:30,985833.5831758688,0
2026-06-30 09:50:00+05:30,985833.5831758688,0
2026-06-30 09:55:00+05:30,985833.5831758688,0
2026-06-30 10:00:00+05:30,985833.5831758688,0
2026-06-30 10:05:00+05:30,985833.5831758688,0
2026-06-30 10:10:00+05:30,985833.5831758688,0
2026-06-30 10:15:00+05:30,985833.5831758688,0
2026-06-30 10:20:00+05:30,985833.5831758688,0
2026-06-30 10:25:00+05:30,985833.5831758688,0
2026-06-30 10:30:00+05:30,985833.5831758688,0
2026-06-30 10:35:00+05:30,985833.5831758688,0
2026-06-30 10:40:00+05:30,985833.5831758688,0
2026-06-30 10:45:00+05:30,985833.5831758688,0
2026-06-30 10:50:00+05:30,985833.5831758688,0
2026-06-30 10:55:00+05:30,985833.5831758688,0
2026-06-30 11:00:00+05:30,985833.5831758688,0
2026-06-30 11:05:00+05:30,985833.5831758688,0
2026-06-30 11:10:00+05:30,985833.5831758688,0
2026-06-30 11:15:00+05:30,985833.5831758688,0
2026-06-30 11:20:00+05:30,985833.5831758688,0
2026-06-30 11:25:00+05:30,985833.5831758688,0
2026-06-30 11:30:00+05:30,985833.5831758688,0
2026-06-30 11:35:00+05:30,985833.5831758688,0
2026-06-30 11:40:00+05:30,985833.5831758688,0
2026-06-30 11:45:00+05:30,985833.5831758688,0
2026-06-30 11:50:00+05:30,985833.5831758688,0
2026-06-30 11:55:00+05:30,985833.5831758688,0
2026-06-30 12:00:00+05:30,985833.5831758688,0
2026-06-30 12:05:00+05:30,985833.5831758688,0
2026-06-30 12:10:00+05:30,985833.5831758688,0
2026-06-30 12:15:00+05:30,985833.5831758688,0
2026-06-30 12:20:00+05:30,985833.5831758688,0
2026-06-30 12:25:00+05:30,985833.5831758688,0
2026-06-30 12:30:00+05:30,985833.5831758688,0
2026-06-30 12:35:00+05:30,985833.5831758688,0
2026-06-30 12:40:00+05:30,985833.5831758688,0
2026-06-30 12:45:00+05:30,985833.5831758688,0
2026-06-30 12:50:00+05:30,985833.5831758688,0
2026-06-30 12:55:00+05:30,985833.5831758688,0
2026-06-30 13:00:00+05:30,985833.5831758688,0
2026-06-30 13:05:00+05:30,985833.5831758688,0
2026-06-30 13:10:00+05:30,985833.5831758688,0
2026-06-30 13:15:00+05:30,985833.5831758688,0
2026-06-30 13:20:00+05:30,985833.5831758688,0
2026-06-30 13:25:00+05:30,985833.5831758688,0
2026-06-30 13:30:00+05:30,985833.5831758688,0
2026-06-30 13:35:00+05:30,985833.5831758688,0
2026-06-30 13:40:00+05:30,985833.5831758688,0
2026-06-30 13:45:00+05:30,985833.5831758688,0
2026-06-30 13:50:00+05:30,985833.5831758688,0
2026-06-30 13:55:00+05:30,985833.5831758688,0
2026-06-30 14:00:00+05:30,985833.5831758688,0
2026-06-30 14:05:00+05:30,981588.2847866187,-1
2026-06-30 14:10:00+05:30,981539.3394741187,-1
2026-06-30 14:15:00+05:30,981227.6207241187,-1
2026-06-30 14:20:00+05:30,975287.188351815,0
2026-06-30 14:25:00+05:30,975287.188351815,0
2026-06-30 14:30:00+05:30,975287.188351815,0
2026-06-30 14:35:00+05:30,975287.188351815,0
2026-06-30 14:40:00+05:30,975287.188351815,0
2026-06-30 14:45:00+05:30,975287.188351815,0
2026-06-30 14:50:00+05:30,975287.188351815,0
2026-06-30 14:55:00+05:30,975287.188351815,0
2026-06-30 15:00:00+05:30,975287.188351815,0
2026-06-30 15:05:00+05:30,975287.188351815,0
2026-06-30 15:10:00+05:30,975287.188351815,0
2026-06-30 15:15:00+05:30,975287.188351815,0
2026-06-30 15:20:00+05:30,975287.188351815,0
2026-06-30 15:25:00+05:30,975287.188351815,0
2026-07-01 09:15:00+05:30,975287.188351815,0
2026-07-01 09:20:00+05:30,975287.188351815,0
2026-07-01 09:25:00+05:30,975287.188351815,0
2026-07-01 09:30:00+05:30,975287.188351815,0
2026-07-01 09:35:00+05:30,975287.188351815,0
2026-07-01 09:40:00+05:30,975287.188351815,0
2026-07-01 09:45:00+05:30,975287.188351815,0
2026-07-01 09:50:00+05:30,975287.188351815,0
2026-07-01 09:55:00+05:30,975287.188351815,0
2026-07-01 10:00:00+05:30,975287.188351815,0
2026-07-01 10:05:00+05:30,975287.188351815,0
2026-07-01 10:10:00+05:30,975287.188351815,0
2026-07-01 10:15:00+05:30,975287.188351815,0
2026-07-01 10:20:00+05:30,975287.188351815,0
2026-07-01 10:25:00+05:30,975287.188351815,0
2026-07-01 10:30:00+05:30,975287.188351815,0
2026-07-01 10:35:00+05:30,975287.188351815,0
2026-07-01 10:40:00+05:30,975287.188351815,0
2026-07-01 10:45:00+05:30,975287.188351815,0
2026-07-01 10:50:00+05:30,975287.188351815,0
2026-07-01 10:55:00+05:30,975287.188351815,0
2026-07-01 11:00:00+05:30,975287.188351815,0
2026-07-01 11:05:00+05:30,975287.188351815,0
2026-07-01 11:10:00+05:30,975287.188351815,0
2026-07-01 11:15:00+05:30,975287.188351815,0
2026-07-01 11:20:00+05:30,975287.188351815,0
2026-07-01 11:25:00+05:30,975287.188351815,0
2026-07-01 11:30:00+05:30,975287.188351815,0
2026-07-01 11:35:00+05:30,975287.188351815,0
2026-07-01 11:40:00+05:30,975287.188351815,0
2026-07-01 11:45:00+05:30,975287.188351815,0
2026-07-01 11:50:00+05:30,975287.188351815,0
2026-07-01 11:55:00+05:30,975287.188351815,0
2026-07-01 12:00:00+05:30,971304.4227440772,1
2026-07-01 12:05:00+05:30,973607.5868065772,1
2026-07-01 12:10:00+05:30,973806.9227440772,1
2026-07-01 12:15:00+05:30,975332.9774315772,1
2026-07-01 12:20:00+05:30,976579.0321190772,1
2026-07-01 12:25:00+05:30,970898.6414940772,1
2026-07-01 12:30:00+05:30,977394.4227440772,1
2026-07-01 12:35:00+05:30,977356.1414940772,1
2026-07-01 12:40:00+05:30,972952.9774315772,1
2026-07-01 12:45:00+05:30,972270.4774315772,1
2026-07-01 12:50:00+05:30,972322.9774315772,1
2026-07-01 12:55:00+05:30,973254.0321190772,1
2026-07-01 13:00:00+05:30,971542.5868065772,1
2026-07-01 13:05:00+05:30,972456.1414940772,1
2026-07-01 13:10:00+05:30,975669.0321190772,1
2026-07-01 13:15:00+05:30,975203.6414940772,1
2026-07-01 13:20:00+05:30,974307.5868065772,1
2026-07-01 13:25:00+05:30,972403.6414940772,1
2026-07-01 13:30:00+05:30,974580.4774315772,1
2026-07-01 13:35:00+05:30,978668.6414940772,1
2026-07-01 13:40:00+05:30,976631.5321190772,1
2026-07-01 13:45:00+05:30,973383.6414940772,1
2026-07-01 13:50:00+05:30,973281.9227440772,1
2026-07-01 13:55:00+05:30,973103.6414940772,1
2026-07-01 14:00:00+05:30,973030.0868065772,1
2026-07-01 14:05:00+05:30,976291.9227440772,1
2026-07-01 14:10:00+05:30,976866.1414940772,1
2026-07-01 14:15:00+05:30,972631.1414940772,1
2026-07-01 14:20:00+05:30,975539.4227440772,1
2026-07-01 14:25:00+05:30,972627.5868065772,1
2026-07-01 14:30:00+05:30,971161.1414940772,1
2026-07-01 14:35:00+05:30,965410.3349921235,0
2026-07-01 14:40:00+05:30,965410.3349921235,0
2026-07-01 14:45:00+05:30,965410.3349921235,0
2026-07-01 14:50:00+05:30,965410.3349921235,0
2026-07-01 14:55:00+05:30,965410.3349921235,0
2026-07-01 15:00:00+05:30,965410.3349921235,0
2026-07-01 15:05:00+05:30,965410.3349921235,0
2026-07-01 15:10:00+05:30,965410.3349921235,0
2026-07-01 15:15:00+05:30,965410.3349921235,0
2026-07-01 15:20:00+05:30,965410.3349921235,0
2026-07-01 15:25:00+05:30,965410.3349921235,0
2026-07-02 09:15:00+05:30,965410.3349921235,0
2026-07-02 09:20:00+05:30,965410.3349921235,0
2026-07-02 09:25:00+05:30,965410.3349921235,0
2026-07-02 09:30:00+05:30,965410.3349921235,0
2026-07-02 09:35:00+05:30,965410.3349921235,0
2026-07-02 09:40:00+05:30,965410.3349921235,0
2026-07-02 09:45:00+05:30,965410.3349921235,0
2026-07-02 09:50:00+05:30,965410.3349921235,0
2026-07-02 09:55:00+05:30,965410.3349921235,0
2026-07-02 10:00:00+05:30,965410.3349921235,0
2026-07-02 10:05:00+05:30,965410.3349921235,0
2026-07-02 10:10:00+05:30,965410.3349921235,0
2026-07-02 10:15:00+05:30,965410.3349921235,0
2026-07-02 10:20:00+05:30,965410.3349921235,0
2026-07-02 10:25:00+05:30,965410.3349921235,0
2026-07-02 10:30:00+05:30,965410.3349921235,0
2026-07-02 10:35:00+05:30,965410.3349921235,0
2026-07-02 10:40:00+05:30,965410.3349921235,0
2026-07-02 10:45:00+05:30,965410.3349921235,0
2026-07-02 10:50:00+05:30,965410.3349921235,0
2026-07-02 10:55:00+05:30,965410.3349921235,0
2026-07-02 11:00:00+05:30,965410.3349921235,0
2026-07-02 11:05:00+05:30,965410.3349921235,0
2026-07-02 11:10:00+05:30,965410.3349921235,0
2026-07-02 11:15:00+05:30,965410.3349921235,0
2026-07-02 11:20:00+05:30,965410.3349921235,0
2026-07-02 11:25:00+05:30,965410.3349921235,0
2026-07-02 11:30:00+05:30,965410.3349921235,0
2026-07-02 11:35:00+05:30,965410.3349921235,0
2026-07-02 11:40:00+05:30,965410.3349921235,0
2026-07-02 11:45:00+05:30,965410.3349921235,0
2026-07-02 11:50:00+05:30,965410.3349921235,0
2026-07-02 11:55:00+05:30,965410.3349921235,0
2026-07-02 12:00:00+05:30,965410.3349921235,0
2026-07-02 12:05:00+05:30,965410.3349921235,0
2026-07-02 12:10:00+05:30,965410.3349921235,0
2026-07-02 12:15:00+05:30,965410.3349921235,0
2026-07-02 12:20:00+05:30,965410.3349921235,0
2026-07-02 12:25:00+05:30,965410.3349921235,0
2026-07-02 12:30:00+05:30,965410.3349921235,0
2026-07-02 12:35:00+05:30,965410.3349921235,0
2026-07-02 12:40:00+05:30,965410.3349921235,0
2026-07-02 12:45:00+05:30,965410.3349921235,0
2026-07-02 12:50:00+05:30,965410.3349921235,0
2026-07-02 12:55:00+05:30,965410.3349921235,0
2026-07-02 13:00:00+05:30,965410.3349921235,0
2026-07-02 13:05:00+05:30,965410.3349921235,0
2026-07-02 13:10:00+05:30,965410.3349921235,0
2026-07-02 13:15:00+05:30,965410.3349921235,0
2026-07-02 13:20:00+05:30,965410.3349921235,0
2026-07-02 13:25:00+05:30,965410.3349921235,0
2026-07-02 13:30:00+05:30,965410.3349921235,0
2026-07-02 13:35:00+05:30,965410.3349921235,0
2026-07-02 13:40:00+05:30,965410.3349921235,0
2026-07-02 13:45:00+05:30,965410.3349921235,0
2026-07-02 13:50:00+05:30,965410.3349921235,0
2026-07-02 13:55:00+05:30,965410.3349921235,0
2026-07-02 14:00:00+05:30,965410.3349921235,0
2026-07-02 14:05:00+05:30,965410.3349921235,0
2026-07-02 14:10:00+05:30,965410.3349921235,0
2026-07-02 14:15:00+05:30,965410.3349921235,0
2026-07-02 14:20:00+05:30,965410.3349921235,0
2026-07-02 14:25:00+05:30,965410.3349921235,0
2026-07-02 14:30:00+05:30,965410.3349921235,0
2026-07-02 14:35:00+05:30,965410.3349921235,0
2026-07-02 14:40:00+05:30,965410.3349921235,0
2026-07-02 14:45:00+05:30,965410.3349921235,0
2026-07-02 14:50:00+05:30,965410.3349921235,0
2026-07-02 14:55:00+05:30,965410.3349921235,0
2026-07-02 15:00:00+05:30,965410.3349921235,0
2026-07-02 15:05:00+05:30,965410.3349921235,0
2026-07-02 15:10:00+05:30,965410.3349921235,0
2026-07-02 15:15:00+05:30,965410.3349921235,0
2026-07-02 15:20:00+05:30,965410.3349921235,0
2026-07-02 15:25:00+05:30,965410.3349921235,0
2026-07-03 09:15:00+05:30,965410.3349921235,0
2026-07-03 09:20:00+05:30,965410.3349921235,0
2026-07-03 09:25:00+05:30,965410.3349921235,0
2026-07-03 09:30:00+05:30,965410.3349921235,0
2026-07-03 09:35:00+05:30,965410.3349921235,0
2026-07-03 09:40:00+05:30,965410.3349921235,0
2026-07-03 09:45:00+05:30,965410.3349921235,0
2026-07-03 09:50:00+05:30,965410.3349921235,0
2026-07-03 09:55:00+05:30,965410.3349921235,0
2026-07-03 10:00:00+05:30,965410.3349921235,0
2026-07-03 10:05:00+05:30,965410.3349921235,0
2026-07-03 10:10:00+05:30,965410.3349921235,0
2026-07-03 10:15:00+05:30,965410.3349921235,0
2026-07-03 10:20:00+05:30,965410.3349921235,0
2026-07-03 10:25:00+05:30,965410.3349921235,0
2026-07-03 10:30:00+05:30,965410.3349921235,0
2026-07-03 10:35:00+05:30,965410.3349921235,0
2026-07-03 10:40:00+05:30,965410.3349921235,0
2026-07-03 10:45:00+05:30,965410.3349921235,0
2026-07-03 10:50:00+05:30,965410.3349921235,0
2026-07-03 10:55:00+05:30,965410.3349921235,0
2026-07-03 11:00:00+05:30,965410.3349921235,0
2026-07-03 11:05:00+05:30,965410.3349921235,0
2026-07-03 11:10:00+05:30,965410.3349921235,0
2026-07-03 11:15:00+05:30,965410.3349921235,0
2026-07-03 11:20:00+05:30,965410.3349921235,0
2026-07-03 11:25:00+05:30,965410.3349921235,0
2026-07-03 11:30:00+05:30,965410.3349921235,0
2026-07-03 11:35:00+05:30,965410.3349921235,0
2026-07-03 11:40:00+05:30,965410.3349921235,0
2026-07-03 11:45:00+05:30,965410.3349921235,0
2026-07-03 11:50:00+05:30,965410.3349921235,0
2026-07-03 11:55:00+05:30,965410.3349921235,0
2026-07-03 12:00:00+05:30,965410.3349921235,0
2026-07-03 12:05:00+05:30,965410.3349921235,0
2026-07-03 12:10:00+05:30,965410.3349921235,0
2026-07-03 12:15:00+05:30,965410.3349921235,0
2026-07-03 12:20:00+05:30,965410.3349921235,0
2026-07-03 12:25:00+05:30,965410.3349921235,0
2026-07-03 12:30:00+05:30,965410.3349921235,0
2026-07-03 12:35:00+05:30,965410.3349921235,0
2026-07-03 12:40:00+05:30,965410.3349921235,0
2026-07-03 12:45:00+05:30,965410.3349921235,0
2026-07-03 12:50:00+05:30,965410.3349921235,0
2026-07-03 12:55:00+05:30,965410.3349921235,0
2026-07-03 13:00:00+05:30,965410.3349921235,0
2026-07-03 13:05:00+05:30,965410.3349921235,0
2026-07-03 13:10:00+05:30,965410.3349921235,0
2026-07-03 13:15:00+05:30,965410.3349921235,0
2026-07-03 13:20:00+05:30,965410.3349921235,0
2026-07-03 13:25:00+05:30,965410.3349921235,0
2026-07-03 13:30:00+05:30,965410.3349921235,0
2026-07-03 13:35:00+05:30,962917.6569212067,-1
2026-07-03 13:40:00+05:30,961255.1569212067,-1
2026-07-03 13:45:00+05:30,960065.1569212067,-1
2026-07-03 13:50:00+05:30,957317.6051799889,0
2026-07-03 13:55:00+05:30,957317.6051799889,0
2026-07-03 14:00:00+05:30,957317.6051799889,0
2026-07-03 14:05:00+05:30,957317.6051799889,0
2026-07-03 14:10:00+05:30,957317.6051799889,0
2026-07-03 14:15:00+05:30,957317.6051799889,0
2026-07-03 14:20:00+05:30,957317.6051799889,0
2026-07-03 14:25:00+05:30,957317.6051799889,0
2026-07-03 14:30:00+05:30,957317.6051799889,0
2026-07-03 14:35:00+05:30,957317.6051799889,0
2026-07-03 14:40:00+05:30,957317.6051799889,0
2026-07-03 14:45:00+05:30,957317.6051799889,0
2026-07-03 14:50:00+05:30,957317.6051799889,0
2026-07-03 14:55:00+05:30,957317.6051799889,0
2026-07-03 15:00:00+05:30,957317.6051799889,0
2026-07-03 15:05:00+05:30,957317.6051799889,0
2026-07-03 15:10:00+05:30,957317.6051799889,0
2026-07-03 15:15:00+05:30,957317.6051799889,0
2026-07-03 15:20:00+05:30,957317.6051799889,0
2026-07-03 15:25:00+05:30,957317.6051799889,0
2026-07-06 09:15:00+05:30,957317.6051799889,0
2026-07-06 09:20:00+05:30,957317.6051799889,0
2026-07-06 09:25:00+05:30,957317.6051799889,0
2026-07-06 09:30:00+05:30,957317.6051799889,0
2026-07-06 09:35:00+05:30,957317.6051799889,0
2026-07-06 09:40:00+05:30,957317.6051799889,0
2026-07-06 09:45:00+05:30,957317.6051799889,0
2026-07-06 09:50:00+05:30,957317.6051799889,0
2026-07-06 09:55:00+05:30,957317.6051799889,0
2026-07-06 10:00:00+05:30,957317.6051799889,0
2026-07-06 10:05:00+05:30,957317.6051799889,0
2026-07-06 10:10:00+05:30,957317.6051799889,0
2026-07-06 10:15:00+05:30,957317.6051799889,0
2026-07-06 10:20:00+05:30,957317.6051799889,0
2026-07-06 10:25:00+05:30,957317.6051799889,0
2026-07-06 10:30:00+05:30,957317.6051799889,0
2026-07-06 10:35:00+05:30,957317.6051799889,0
2026-07-06 10:40:00+05:30,957317.6051799889,0
2026-07-06 10:45:00+05:30,957317.6051799889,0
2026-07-06 10:50:00+05:30,957317.6051799889,0
2026-07-06 10:55:00+05:30,957317.6051799889,0
2026-07-06 11:00:00+05:30,957317.6051799889,0
2026-07-06 11:05:00+05:30,957317.6051799889,0
2026-07-06 11:10:00+05:30,957317.6051799889,0
2026-07-06 11:15:00+05:30,957317.6051799889,0
2026-07-06 11:20:00+05:30,957317.6051799889,0
2026-07-06 11:25:00+05:30,957317.6051799889,0
2026-07-06 11:30:00+05:30,957317.6051799889,0
2026-07-06 11:35:00+05:30,957317.6051799889,0
2026-07-06 11:40:00+05:30,957317.6051799889,0
2026-07-06 11:45:00+05:30,957317.6051799889,0
2026-07-06 11:50:00+05:30,957317.6051799889,0
2026-07-06 11:55:00+05:30,957317.6051799889,0
2026-07-06 12:00:00+05:30,957317.6051799889,0
2026-07-06 12:05:00+05:30,957317.6051799889,0
2026-07-06 12:10:00+05:30,957317.6051799889,0
2026-07-06 12:15:00+05:30,955526.921719535,1
2026-07-06 12:20:00+05:30,954543.367032035,1
2026-07-06 12:25:00+05:30,954266.921719535,1
2026-07-06 12:30:00+05:30,956223.367032035,1
2026-07-06 12:35:00+05:30,953657.976407035,1
2026-07-06 12:40:00+05:30,953668.367032035,1
2026-07-06 12:45:00+05:30,951375.867032035,1
2026-07-06 12:50:00+05:30,947358.885355701,0
2026-07-06 12:55:00+05:30,947358.885355701,0
2026-07-06 13:00:00+05:30,947358.885355701,0
2026-07-06 13:05:00+05:30,947358.885355701,0
2026-07-06 13:10:00+05:30,947358.885355701,0
2026-07-06 13:15:00+05:30,947358.885355701,0
2026-07-06 13:20:00+05:30,947358.885355701,0
2026-07-06 13:25:00+05:30,947358.885355701,0
2026-07-06 13:30:00+05:30,947358.885355701,0
2026-07-06 13:35:00+05:30,947358.885355701,0
2026-07-06 13:40:00+05:30,947358.885355701,0
2026-07-06 13:45:00+05:30,947358.885355701,0
2026-07-06 13:50:00+05:30,947358.885355701,0
2026-07-06 13:55:00+05:30,947358.885355701,0
2026-07-06 14:00:00+05:30,947358.885355701,0
2026-07-06 14:05:00+05:30,947358.885355701,0
2026-07-06 14:10:00+05:30,947358.885355701,0
2026-07-06 14:15:00+05:30,947358.885355701,0
2026-07-06 14:20:00+05:30,947358.885355701,0
2026-07-06 14:25:00+05:30,947358.885355701,0
2026-07-06 14:30:00+05:30,947358.885355701,0
2026-07-06 14:35:00+05:30,947358.885355701,0
2026-07-06 14:40:00+05:30,947358.885355701,0
2026-07-06 14:45:00+05:30,947358.885355701,0
2026-07-06 14:50:00+05:30,947358.885355701,0
2026-07-06 14:55:00+05:30,947358.885355701,0
2026-07-06 15:00:00+05:30,947358.885355701,0
2026-07-06 15:05:00+05:30,947358.885355701,0
2026-07-06 15:10:00+05:30,947358.885355701,0
2026-07-06 15:15:00+05:30,947358.885355701,0
2026-07-06 15:20:00+05:30,947358.885355701,0
2026-07-06 15:25:00+05:30,947358.885355701,0
2026-07-07 09:15:00+05:30,947358.885355701,0
2026-07-07 09:20:00+05:30,947358.885355701,0
2026-07-07 09:25:00+05:30,947358.885355701,0
2026-07-07 09:30:00+05:30,947358.885355701,0
2026-07-07 09:35:00+05:30,947358.885355701,0
2026-07-07 09:40:00+05:30,947358.885355701,0
2026-07-07 09:45:00+05:30,947358.885355701,0
2026-07-07 09:50:00+05:30,947358.885355701,0
2026-07-07 09:55:00+05:30,947358.885355701,0
2026-07-07 10:00:00+05:30,947358.885355701,0
2026-07-07 10:05:00+05:30,947358.885355701,0
2026-07-07 10:10:00+05:30,947358.885355701,0
2026-07-07 10:15:00+05:30,947358.885355701,0
2026-07-07 10:20:00+05:30,947358.885355701,0
2026-07-07 10:25:00+05:30,947358.885355701,0
2026-07-07 10:30:00+05:30,947358.885355701,0
2026-07-07 10:35:00+05:30,947358.885355701,0
2026-07-07 10:40:00+05:30,947358.885355701,0
2026-07-07 10:45:00+05:30,947358.885355701,0
2026-07-07 10:50:00+05:30,947358.885355701,0
2026-07-07 10:55:00+05:30,947358.885355701,0
2026-07-07 11:00:00+05:30,947358.885355701,0
2026-07-07 11:05:00+05:30,947358.885355701,0
2026-07-07 11:10:00+05:30,947358.885355701,0
2026-07-07 11:15:00+05:30,947358.885355701,0
2026-07-07 11:20:00+05:30,947358.885355701,0
2026-07-07 11:25:00+05:30,947358.885355701,0
2026-07-07 11:30:00+05:30,947358.885355701,0
2026-07-07 11:35:00+05:30,947358.885355701,0
2026-07-07 11:40:00+05:30,947358.885355701,0
2026-07-07 11:45:00+05:30,947358.885355701,0
2026-07-07 11:50:00+05:30,947358.885355701,0
2026-07-07 11:55:00+05:30,947358.885355701,0
2026-07-07 12:00:00+05:30,947358.885355701,0
2026-07-07 12:05:00+05:30,947358.885355701,0
2026-07-07 12:10:00+05:30,947358.885355701,0
2026-07-07 12:15:00+05:30,947358.885355701,0
2026-07-07 12:20:00+05:30,947358.885355701,0
2026-07-07 12:25:00+05:30,947358.885355701,0
2026-07-07 12:30:00+05:30,947358.885355701,0
2026-07-07 12:35:00+05:30,947358.885355701,0
2026-07-07 12:40:00+05:30,947358.885355701,0
2026-07-07 12:45:00+05:30,947358.885355701,0
2026-07-07 12:50:00+05:30,947358.885355701,0
2026-07-07 12:55:00+05:30,947358.885355701,0
2026-07-07 13:00:00+05:30,947358.885355701,0
2026-07-07 13:05:00+05:30,947358.885355701,0
2026-07-07 13:10:00+05:30,947358.885355701,0
2026-07-07 13:15:00+05:30,946200.1626515869,-1
2026-07-07 13:20:00+05:30,945619.1079640869,-1
2026-07-07 13:25:00+05:30,942857.6626515869,-1
2026-07-07 13:30:00+05:30,944446.6079640869,-1
2026-07-07 13:35:00+05:30,944803.7173390869,-1
2026-07-07 13:40:00+05:30,942647.6626515869,-1
2026-07-07 13:45:00+05:30,938835.2855081484,0
2026-07-07 13:50:00+05:30,938835.2855081484,0
2026-07-07 13:55:00+05:30,938835.2855081484,0
2026-07-07 14:00:00+05:30,938835.2855081484,0
2026-07-07 14:05:00+05:30,938835.2855081484,0
2026-07-07 14:10:00+05:30,938835.2855081484,0
2026-07-07 14:15:00+05:30,938835.2855081484,0
2026-07-07 14:20:00+05:30,938835.2855081484,0
2026-07-07 14:25:00+05:30,938835.2855081484,0
2026-07-07 14:30:00+05:30,938835.2855081484,0
2026-07-07 14:35:00+05:30,938835.2855081484,0
2026-07-07 14:40:00+05:30,938835.2855081484,0
2026-07-07 14:45:00+05:30,938835.2855081484,0
2026-07-07 14:50:00+05:30,938835.2855081484,0
2026-07-07 14:55:00+05:30,938835.2855081484,0
2026-07-07 15:00:00+05:30,938835.2855081484,0
2026-07-07 15:05:00+05:30,938835.2855081484,0
2026-07-07 15:10:00+05:30,938835.2855081484,0
2026-07-07 15:15:00+05:30,938835.2855081484,0
2026-07-07 15:20:00+05:30,938835.2855081484,0
2026-07-07 15:25:00+05:30,938835.2855081484,0
2026-07-08 09:15:00+05:30,938835.2855081484,0
2026-07-08 09:20:00+05:30,938835.2855081484,0
2026-07-08 09:25:00+05:30,938835.2855081484,0
2026-07-08 09:30:00+05:30,938835.2855081484,0
2026-07-08 09:35:00+05:30,935971.0793827971,-1
2026-07-08 09:40:00+05:30,931197.1340702971,-1
2026-07-08 09:45:00+05:30,927466.5927955847,0
2026-07-08 09:50:00+05:30,927466.5927955847,0
2026-07-08 09:55:00+05:30,927466.5927955847,0
2026-07-08 10:00:00+05:30,927466.5927955847,0
2026-07-08 10:05:00+05:30,927466.5927955847,0
2026-07-08 10:10:00+05:30,927466.5927955847,0
2026-07-08 10:15:00+05:30,927466.5927955847,0
2026-07-08 10:20:00+05:30,927466.5927955847,0
2026-07-08 10:25:00+05:30,927466.5927955847,0
2026-07-08 10:30:00+05:30,927466.5927955847,0
2026-07-08 10:35:00+05:30,927466.5927955847,0
2026-07-08 10:40:00+05:30,927466.5927955847,0
2026-07-08 10:45:00+05:30,927466.5927955847,0
2026-07-08 10:50:00+05:30,927466.5927955847,0
2026-07-08 10:55:00+05:30,927466.5927955847,0
2026-07-08 11:00:00+05:30,927466.5927955847,0
2026-07-08 11:05:00+05:30,927466.5927955847,0
2026-07-08 11:10:00+05:30,927466.5927955847,0
2026-07-08 11:15:00+05:30,927466.5927955847,0
2026-07-08 11:20:00+05:30,927466.5927955847,0
2026-07-08 11:25:00+05:30,927466.5927955847,0
2026-07-08 11:30:00+05:30,927466.5927955847,0
2026-07-08 11:35:00+05:30,927466.5927955847,0
2026-07-08 11:40:00+05:30,927466.5927955847,0
2026-07-08 11:45:00+05:30,927466.5927955847,0
2026-07-08 11:50:00+05:30,927466.5927955847,0
2026-07-08 11:55:00+05:30,927466.5927955847,0
2026-07-08 12:00:00+05:30,927466.5927955847,0
2026-07-08 12:05:00+05:30,927466.5927955847,0
2026-07-08 12:10:00+05:30,927466.5927955847,0
2026-07-08 12:15:00+05:30,927466.5927955847,0
2026-07-08 12:20:00+05:30,927466.5927955847,0
2026-07-08 12:25:00+05:30,927466.5927955847,0
2026-07-08 12:30:00+05:30,927466.5927955847,0
2026-07-08 12:35:00+05:30,925799.3441582295,-1
2026-07-08 12:40:00+05:30,924357.5082207295,-1
2026-07-08 12:45:00+05:30,924749.3441582295,-1
2026-07-08 12:50:00+05:30,921025.3988457295,-1
2026-07-08 12:55:00+05:30,920881.8441582295,-1
2026-07-08 13:00:00+05:30,918255.6743391041,0
2026-07-08 13:05:00+05:30,918255.6743391041,0
2026-07-08 13:10:00+05:30,918255.6743391041,0
2026-07-08 13:15:00+05:30,918255.6743391041,0
2026-07-08 13:20:00+05:30,918255.6743391041,0
2026-07-08 13:25:00+05:30,918255.6743391041,0
2026-07-08 13:30:00+05:30,918255.6743391041,0
2026-07-08 13:35:00+05:30,918255.6743391041,0
2026-07-08 13:40:00+05:30,918255.6743391041,0
2026-07-08 13:45:00+05:30,918255.6743391041,0
2026-07-08 13:50:00+05:30,918255.6743391041,0
2026-07-08 13:55:00+05:30,918255.6743391041,0
2026-07-08 14:00:00+05:30,918255.6743391041,0
2026-07-08 14:05:00+05:30,918255.6743391041,0
2026-07-08 14:10:00+05:30,918255.6743391041,0
2026-07-08 14:15:00+05:30,918255.6743391041,0
2026-07-08 14:20:00+05:30,918255.6743391041,0
2026-07-08 14:25:00+05:30,918255.6743391041,0
2026-07-08 14:30:00+05:30,918255.6743391041,0
2026-07-08 14:35:00+05:30,918255.6743391041,0
2026-07-08 14:40:00+05:30,918255.6743391041,0
2026-07-08 14:45:00+05:30,918255.6743391041,0
2026-07-08 14:50:00+05:30,918255.6743391041,0
2026-07-08 14:55:00+05:30,918255.6743391041,0
2026-07-08 15:00:00+05:30,918255.6743391041,0
2026-07-08 15:05:00+05:30,918255.6743391041,0
2026-07-08 15:10:00+05:30,918255.6743391041,0
2026-07-08 15:15:00+05:30,918255.6743391041,0
2026-07-08 15:20:00+05:30,918255.6743391041,0
2026-07-08 15:25:00+05:30,918255.6743391041,0
2026-07-09 09:15:00+05:30,918255.6743391041,0
2026-07-09 09:20:00+05:30,918255.6743391041,0
2026-07-09 09:25:00+05:30,918255.6743391041,0
2026-07-09 09:30:00+05:30,918255.6743391041,0
2026-07-09 09:35:00+05:30,918255.6743391041,0
2026-07-09 09:40:00+05:30,918255.6743391041,0
2026-07-09 09:45:00+05:30,918255.6743391041,0
2026-07-09 09:50:00+05:30,918255.6743391041,0
2026-07-09 09:55:00+05:30,918255.6743391041,0
2026-07-09 10:00:00+05:30,918255.6743391041,0
2026-07-09 10:05:00+05:30,918255.6743391041,0
2026-07-09 10:10:00+05:30,918255.6743391041,0
2026-07-09 10:15:00+05:30,918255.6743391041,0
2026-07-09 10:20:00+05:30,918255.6743391041,0
2026-07-09 10:25:00+05:30,918255.6743391041,0
2026-07-09 10:30:00+05:30,918255.6743391041,0
2026-07-09 10:35:00+05:30,918255.6743391041,0
2026-07-09 10:40:00+05:30,918255.6743391041,0
2026-07-09 10:45:00+05:30,918255.6743391041,0
2026-07-09 10:50:00+05:30,918255.6743391041,0
2026-07-09 10:55:00+05:30,918255.6743391041,0
2026-07-09 11:00:00+05:30,918255.6743391041,0
2026-07-09 11:05:00+05:30,918255.6743391041,0
2026-07-09 11:10:00+05:30,918255.6743391041,0
2026-07-09 11:15:00+05:30,918255.6743391041,0
2026-07-09 11:20:00+05:30,918255.6743391041,0
2026-07-09 11:25:00+05:30,918255.6743391041,0
2026-07-09 11:30:00+05:30,918255.6743391041,0
2026-07-09 11:35:00+05:30,918255.6743391041,0
2026-07-09 11:40:00+05:30,918255.6743391041,0
2026-07-09 11:45:00+05:30,918255.6743391041,0
2026-07-09 11:50:00+05:30,918255.6743391041,0
2026-07-09 11:55:00+05:30,918255.6743391041,0
2026-07-09 12:00:00+05:30,918255.6743391041,0
2026-07-09 12:05:00+05:30,918255.6743391041,0
2026-07-09 12:10:00+05:30,918255.6743391041,0
2026-07-09 12:15:00+05:30,918255.6743391041,0
2026-07-09 12:20:00+05:30,918255.6743391041,0
2026-07-09 12:25:00+05:30,918255.6743391041,0
2026-07-09 12:30:00+05:30,918255.6743391041,0
2026-07-09 12:35:00+05:30,918255.6743391041,0
2026-07-09 12:40:00+05:30,918255.6743391041,0
2026-07-09 12:45:00+05:30,918255.6743391041,0
2026-07-09 12:50:00+05:30,918255.6743391041,0
2026-07-09 12:55:00+05:30,918255.6743391041,0
2026-07-09 13:00:00+05:30,918255.6743391041,0
2026-07-09 13:05:00+05:30,918255.6743391041,0
2026-07-09 13:10:00+05:30,918255.6743391041,0
2026-07-09 13:15:00+05:30,918255.6743391041,0
2026-07-09 13:20:00+05:30,918255.6743391041,0
2026-07-09 13:25:00+05:30,918255.6743391041,0
2026-07-09 13:30:00+05:30,918255.6743391041,0
2026-07-09 13:35:00+05:30,918255.6743391041,0
2026-07-09 13:40:00+05:30,918255.6743391041,0
2026-07-09 13:45:00+05:30,918255.6743391041,0
2026-07-09 13:50:00+05:30,918255.6743391041,0
2026-07-09 13:55:00+05:30,918255.6743391041,0
2026-07-09 14:00:00+05:30,918255.6743391041,0
2026-07-09 14:05:00+05:30,918255.6743391041,0
2026-07-09 14:10:00+05:30,918255.6743391041,0
2026-07-09 14:15:00+05:30,918255.6743391041,0
2026-07-09 14:20:00+05:30,918255.6743391041,0
2026-07-09 14:25:00+05:30,918255.6743391041,0
2026-07-09 14:30:00+05:30,918255.6743391041,0
2026-07-09 14:35:00+05:30,918255.6743391041,0
2026-07-09 14:40:00+05:30,918255.6743391041,0
2026-07-09 14:45:00+05:30,918255.6743391041,0
2026-07-09 14:50:00+05:30,918255.6743391041,0
2026-07-09 14:55:00+05:30,918255.6743391041,0
2026-07-09 15:00:00+05:30,918255.6743391041,0
2026-07-09 15:05:00+05:30,918255.6743391041,0
2026-07-09 15:10:00+05:30,918255.6743391041,0
2026-07-09 15:15:00+05:30,918255.6743391041,0
2026-07-09 15:20:00+05:30,918255.6743391041,0
2026-07-09 15:25:00+05:30,918255.6743391041,0
2026-07-10 09:15:00+05:30,918255.6743391041,0
2026-07-10 09:20:00+05:30,918255.6743391041,0
2026-07-10 09:25:00+05:30,918255.6743391041,0
2026-07-10 09:30:00+05:30,918255.6743391041,0
2026-07-10 09:35:00+05:30,917294.640167298,1
2026-07-10 09:40:00+05:30,917053.194854798,1
2026-07-10 09:45:00+05:30,918188.917511048,1
2026-07-10 09:50:00+05:30,917121.417511048,1
2026-07-10 09:55:00+05:30,917432.862823548,1
2026-07-10 10:00:00+05:30,915726.612823548,1
2026-07-10 10:05:00+05:30,917075.890167298,1
2026-07-10 10:10:00+05:30,917863.390167298,1
2026-07-10 10:15:00+05:30,918638.585479798,1
2026-07-10 10:20:00+05:30,919627.335479798,1
2026-07-10 10:25:00+05:30,918817.140167298,1
2026-07-10 10:30:00+05:30,917432.862823548,1
2026-07-10 10:35:00+05:30,917884.444854798,1
2026-07-10 10:40:00+05:30,918628.194854798,1
2026-07-10 10:45:00+05:30,919132.140167298,1
2026-07-10 10:50:00+05:30,919455.890167298,1
2026-07-10 10:55:00+05:30,919079.640167298,1
2026-07-10 11:00:00+05:30,919742.862823548,1
2026-07-10 11:05:00+05:30,918908.194854798,1
2026-07-10 11:10:00+05:30,919079.640167298,1
2026-07-10 11:15:00+05:30,917949.112823548,1
2026-07-10 11:20:00+05:30,918008.585479798,1
2026-07-10 11:25:00+05:30,915560.362823548,1
2026-07-10 11:30:00+05:30,916214.835479798,1
2026-07-10 11:35:00+05:30,916543.917511048,1
2026-07-10 11:40:00+05:30,915623.390167298,1
2026-07-10 11:45:00+05:30,916762.667511048,1
2026-07-10 11:50:00+05:30,915695.167511048,1
2026-07-10 11:55:00+05:30,916062.667511048,1
2026-07-10 12:00:00+05:30,917075.890167298,1
2026-07-10 12:05:00+05:30,916517.667511048,1
2026-07-10 12:10:00+05:30,915917.335479798,1
2026-07-10 12:15:00+05:30,915969.835479798,1
2026-07-10 12:20:00+05:30,916538.585479798,1
2026-07-10 12:25:00+05:30,917219.444854798,1
2026-07-10 12:30:00+05:30,917656.944854798,1
2026-07-10 12:35:00+05:30,918222.140167298,1
2026-07-10 12:40:00+05:30,921426.417511048,1
2026-07-10 12:45:00+05:30,921519.112823548,1
2026-07-10 12:50:00+05:30,921393.194854798,1
2026-07-10 12:55:00+05:30,922654.835479798,1
2026-07-10 13:00:00+05:30,924996.417511048,1
2026-07-10 13:05:00+05:30,926076.085479798,1
2026-07-10 13:10:00+05:30,923706.612823548,1
2026-07-10 13:15:00+05:30,922567.335479798,1
2026-07-10 13:20:00+05:30,920722.862823548,1
2026-07-10 13:25:00+05:30,922147.335479798,1
2026-07-10 13:30:00+05:30,922831.612823548,1
2026-07-10 13:35:00+05:30,924196.612823548,1
2026-07-10 13:40:00+05:30,925393.585479798,1
2026-07-10 13:45:00+05:30,924677.862823548,1
2026-07-10 13:50:00+05:30,924956.085479798,1
2026-07-10 13:55:00+05:30,924754.835479798,1
2026-07-10 14:00:00+05:30,924784.640167298,1
2026-07-10 14:05:00+05:30,923235.890167298,1
2026-07-10 14:10:00+05:30,924334.835479798,1
2026-07-10 14:15:00+05:30,923174.640167298,1
2026-07-10 14:20:00+05:30,924788.194854798,1
2026-07-10 14:25:00+05:30,925538.917511048,1
2026-07-10 14:30:00+05:30,924462.667511048,1
2026-07-10 14:35:00+05:30,924291.085479798,1
2026-07-10 14:40:00+05:30,923059.112823548,1
2026-07-10 14:45:00+05:30,924506.417511048,1
2026-07-10 14:50:00+05:30,922444.835479798,1
2026-07-10 14:55:00+05:30,922924.444854798,1
2026-07-10 15:00:00+05:30,922598.917511048,1
2026-07-10 15:05:00+05:30,923424.835479798,1
2026-07-10 15:10:00+05:30,922521.944854798,1
2026-07-10 15:15:00+05:30,921321.7385452781,0
2026-07-10 15:20:00+05:30,921321.7385452781,0
2026-07-10 15:25:00+05:30,921321.7385452781,0
2026-07-13 09:15:00+05:30,921321.7385452781,0
2026-07-13 09:20:00+05:30,921321.7385452781,0
2026-07-13 09:25:00+05:30,921321.7385452781,0
2026-07-13 09:30:00+05:30,921321.7385452781,0
2026-07-13 09:35:00+05:30,921321.7385452781,0
2026-07-13 09:40:00+05:30,921321.7385452781,0
2026-07-13 09:45:00+05:30,921321.7385452781,0
2026-07-13 09:50:00+05:30,921321.7385452781,0
2026-07-13 09:55:00+05:30,921321.7385452781,0
2026-07-13 10:00:00+05:30,921321.7385452781,0
2026-07-13 10:05:00+05:30,921321.7385452781,0
2026-07-13 10:10:00+05:30,921321.7385452781,0
2026-07-13 10:15:00+05:30,921321.7385452781,0
2026-07-13 10:20:00+05:30,921321.7385452781,0
2026-07-13 10:25:00+05:30,921321.7385452781,0
2026-07-13 10:30:00+05:30,921321.7385452781,0
2026-07-13 10:35:00+05:30,921321.7385452781,0
2026-07-13 10:40:00+05:30,921321.7385452781,0
2026-07-13 10:45:00+05:30,921321.7385452781,0
2026-07-13 10:50:00+05:30,921321.7385452781,0
2026-07-13 10:55:00+05:30,921321.7385452781,0
2026-07-13 11:00:00+05:30,921321.7385452781,0
2026-07-13 11:05:00+05:30,921321.7385452781,0
2026-07-13 11:10:00+05:30,921321.7385452781,0
2026-07-13 11:15:00+05:30,921321.7385452781,0
2026-07-13 11:20:00+05:30,921321.7385452781,0
2026-07-13 11:25:00+05:30,921321.7385452781,0
2026-07-13 11:30:00+05:30,921321.7385452781,0
2026-07-13 11:35:00+05:30,921321.7385452781,0
2026-07-13 11:40:00+05:30,921321.7385452781,0
2026-07-13 11:45:00+05:30,921321.7385452781,0
2026-07-13 11:50:00+05:30,921321.7385452781,0
2026-07-13 11:55:00+05:30,921321.7385452781,0
2026-07-13 12:00:00+05:30,921321.7385452781,0
2026-07-13 12:05:00+05:30,921321.7385452781,0
2026-07-13 12:10:00+05:30,921321.7385452781,0
2026-07-13 12:15:00+05:30,921321.7385452781,0
2026-07-13 12:20:00+05:30,921321.7385452781,0
2026-07-13 12:25:00+05:30,921321.7385452781,0
2026-07-13 12:30:00+05:30,921321.7385452781,0
2026-07-13 12:35:00+05:30,921321.7385452781,0
2026-07-13 12:40:00+05:30,921321.7385452781,0
2026-07-13 12:45:00+05:30,921321.7385452781,0
2026-07-13 12:50:00+05:30,921321.7385452781,0
2026-07-13 12:55:00+05:30,921321.7385452781,0
2026-07-13 13:00:00+05:30,921321.7385452781,0
2026-07-13 13:05:00+05:30,921321.7385452781,0
2026-07-13 13:10:00+05:30,921321.7385452781,0
2026-07-13 13:15:00+05:30,921321.7385452781,0
2026-07-13 13:20:00+05:30,921321.7385452781,0
2026-07-13 13:25:00+05:30,921321.7385452781,0
2026-07-13 13:30:00+05:30,921321.7385452781,0
2026-07-13 13:35:00+05:30,921321.7385452781,0
2026-07-13 13:40:00+05:30,921321.7385452781,0
2026-07-13 13:45:00+05:30,921321.7385452781,0
2026-07-13 13:50:00+05:30,921321.7385452781,0
2026-07-13 13:55:00+05:30,921321.7385452781,0
2026-07-13 14:00:00+05:30,921321.7385452781,0
2026-07-13 14:05:00+05:30,921321.7385452781,0
2026-07-13 14:10:00+05:30,921321.7385452781,0
2026-07-13 14:15:00+05:30,921321.7385452781,0
2026-07-13 14:20:00+05:30,921321.7385452781,0
2026-07-13 14:25:00+05:30,919795.4514403591,1
2026-07-13 14:30:00+05:30,918759.3967528591,1
2026-07-13 14:35:00+05:30,915175.4514403591,1
2026-07-13 14:40:00+05:30,918573.7326903591,1
2026-07-13 14:45:00+05:30,919364.7873778591,1
2026-07-13 14:50:00+05:30,922238.3420653591,1
2026-07-13 14:55:00+05:30,918762.9514403591,1
2026-07-13 15:00:00+05:30,921335.4514403591,1
2026-07-13 15:05:00+05:30,917786.2326903591,1
2026-07-13 15:10:00+05:30,915304.7873778591,1
2026-07-13 15:15:00+05:30,911362.8123188525,0
2026-07-13 15:20:00+05:30,911362.8123188525,0
2026-07-13 15:25:00+05:30,911362.8123188525,0
2026-07-14 09:15:00+05:30,911362.8123188525,0
2026-07-14 09:20:00+05:30,911362.8123188525,0
2026-07-14 09:25:00+05:30,911362.8123188525,0
2026-07-14 09:30:00+05:30,911362.8123188525,0
2026-07-14 09:35:00+05:30,911362.8123188525,0
2026-07-14 09:40:00+05:30,910852.7011331613,-1
2026-07-14 09:45:00+05:30,912880.9237894113,-1
2026-07-14 09:50:00+05:30,913818.9511331613,-1
2026-07-14 09:55:00+05:30,912530.9237894113,-1
2026-07-14 10:00:00+05:30,912838.9511331613,-1
2026-07-14 10:05:00+05:30,911904.3417581613,-1
2026-07-14 10:10:00+05:30,913001.6464456613,-1
2026-07-14 10:15:00+05:30,916881.4511331613,-1
2026-07-14 10:20:00+05:30,916533.0917581613,-1
2026-07-14 10:25:00+05:30,915812.1737894113,-1
2026-07-14 10:30:00+05:30,913790.9237894113,-1
2026-07-14 10:35:00+05:30,914699.1464456613,-1
2026-07-14 10:40:00+05:30,913393.6191019113,-1
2026-07-14 10:45:00+05:30,910281.6553978858,0
2026-07-14 10:50:00+05:30,910281.6553978858,0
2026-07-14 10:55:00+05:30,910281.6553978858,0
2026-07-14 11:00:00+05:30,910281.6553978858,0
2026-07-14 11:05:00+05:30,910281.6553978858,0
2026-07-14 11:10:00+05:30,910281.6553978858,0
2026-07-14 11:15:00+05:30,910281.6553978858,0
2026-07-14 11:20:00+05:30,910281.6553978858,0
2026-07-14 11:25:00+05:30,910281.6553978858,0
2026-07-14 11:30:00+05:30,910281.6553978858,0
2026-07-14 11:35:00+05:30,910281.6553978858,0
2026-07-14 11:40:00+05:30,910281.6553978858,0
2026-07-14 11:45:00+05:30,910281.6553978858,0
2026-07-14 11:50:00+05:30,910281.6553978858,0
2026-07-14 11:55:00+05:30,910281.6553978858,0
2026-07-14 12:00:00+05:30,910281.6553978858,0
2026-07-14 12:05:00+05:30,910281.6553978858,0
2026-07-14 12:10:00+05:30,910281.6553978858,0
2026-07-14 12:15:00+05:30,910281.6553978858,0
2026-07-14 12:20:00+05:30,910281.6553978858,0
2026-07-14 12:25:00+05:30,910281.6553978858,0
2026-07-14 12:30:00+05:30,907642.5626793097,-1
2026-07-14 12:35:00+05:30,906770.8439293097,-1
2026-07-14 12:40:00+05:30,905475.8439293097,-1
2026-07-14 12:45:00+05:30,904100.4533043097,-1
2026-07-14 12:50:00+05:30,902567.5626793097,-1
2026-07-14 12:55:00+05:30,900790.4846777174,0
2026-07-14 13:00:00+05:30,900790.4846777174,0
2026-07-14 13:05:00+05:30,900790.4846777174,0
2026-07-14 13:10:00+05:30,900790.4846777174,0
2026-07-14 13:15:00+05:30,900790.4846777174,0
2026-07-14 13:20:00+05:30,900790.4846777174,0
2026-07-14 13:25:00+05:30,900790.4846777174,0
2026-07-14 13:30:00+05:30,900790.4846777174,0
2026-07-14 13:35:00+05:30,900790.4846777174,0
2026-07-14 13:40:00+05:30,899682.7677984189,-1
2026-07-14 13:45:00+05:30,894898.1584234189,-1
2026-07-14 13:50:00+05:30,894324.2131109189,-1
2026-07-14 13:55:00+05:30,891327.5730225476,0
2026-07-14 14:00:00+05:30,891327.5730225476,0
2026-07-14 14:05:00+05:30,891327.5730225476,0
2026-07-14 14:10:00+05:30,891327.5730225476,0
2026-07-14 14:15:00+05:30,891327.5730225476,0
2026-07-14 14:20:00+05:30,891327.5730225476,0
2026-07-14 14:25:00+05:30,891327.5730225476,0
2026-07-14 14:30:00+05:30,891327.5730225476,0
2026-07-14 14:35:00+05:30,891327.5730225476,0
2026-07-14 14:40:00+05:30,891327.5730225476,0
2026-07-14 14:45:00+05:30,891327.5730225476,0
2026-07-14 14:50:00+05:30,891327.5730225476,0
2026-07-14 14:55:00+05:30,891327.5730225476,0
2026-07-14 15:00:00+05:30,891327.5730225476,0
2026-07-14 15:05:00+05:30,891327.5730225476,0
2026-07-14 15:10:00+05:30,891327.5730225476,0
2026-07-14 15:15:00+05:30,891327.5730225476,0
2026-07-14 15:20:00+05:30,891327.5730225476,0
2026-07-14 15:25:00+05:30,891327.5730225476,0
2026-07-15 09:15:00+05:30,891327.5730225476,0
2026-07-15 09:20:00+05:30,891327.5730225476,0
2026-07-15 09:25:00+05:30,891327.5730225476,0
2026-07-15 09:30:00+05:30,891327.5730225476,0
2026-07-15 09:35:00+05:30,890874.1036216513,1
2026-07-15 09:40:00+05:30,890725.3536216513,1
2026-07-15 09:45:00+05:30,891806.9356529013,1
2026-07-15 09:50:00+05:30,892552.3262779013,1
2026-07-15 09:55:00+05:30,890674.6309654013,1
2026-07-15 10:00:00+05:30,891103.3809654013,1
2026-07-15 10:05:00+05:30,892268.9083091513,1
2026-07-15 10:10:00+05:30,891544.4356529013,1
2026-07-15 10:15:00+05:30,891201.4083091513,1
2026-07-15 10:20:00+05:30,891241.6036216513,1
2026-07-15 10:25:00+05:30,892023.9083091513,1
2026-07-15 10:30:00+05:30,891479.6309654013,1
2026-07-15 10:35:00+05:30,890681.6036216513,1
2026-07-15 10:40:00+05:30,891763.1856529013,1
2026-07-15 10:45:00+05:30,891213.5762779013,1
2026-07-15 10:50:00+05:30,890798.9083091513,1
2026-07-15 10:55:00+05:30,890023.5762779013,1
2026-07-15 11:00:00+05:30,890646.6036216513,1
2026-07-15 11:05:00+05:30,890912.6583091513,1
2026-07-15 11:10:00+05:30,889862.6583091513,1
2026-07-15 11:15:00+05:30,891098.1856529013,1
2026-07-15 11:20:00+05:30,890903.9083091513,1
2026-07-15 11:25:00+05:30,891257.3262779013,1
2026-07-15 11:30:00+05:30,891829.6309654013,1
2026-07-15 11:35:00+05:30,888492.3262779013,1
2026-07-15 11:40:00+05:30,884583.4529206251,0
2026-07-15 11:45:00+05:30,884583.4529206251,0
2026-07-15 11:50:00+05:30,884583.4529206251,0
2026-07-15 11:55:00+05:30,884583.4529206251,0
2026-07-15 12:00:00+05:30,884583.4529206251,0
2026-07-15 12:05:00+05:30,884583.4529206251,0
2026-07-15 12:10:00+05:30,884583.4529206251,0
2026-07-15 12:15:00+05:30,884583.4529206251,0
2026-07-15 12:20:00+05:30,884583.4529206251,0
2026-07-15 12:25:00+05:30,884583.4529206251,0
2026-07-15 12:30:00+05:30,884583.4529206251,0
2026-07-15 12:35:00+05:30,884583.4529206251,0
2026-07-15 12:40:00+05:30,884583.4529206251,0
2026-07-15 12:45:00+05:30,884583.4529206251,0
2026-07-15 12:50:00+05:30,884583.4529206251,0
2026-07-15 12:55:00+05:30,884583.4529206251,0
2026-07-15 13:00:00+05:30,884583.4529206251,0
2026-07-15 13:05:00+05:30,884583.4529206251,0
2026-07-15 13:10:00+05:30,884583.4529206251,0
2026-07-15 13:15:00+05:30,884583.4529206251,0
2026-07-15 13:20:00+05:30,884583.4529206251,0
2026-07-15 13:25:00+05:30,884583.4529206251,0
2026-07-15 13:30:00+05:30,884583.4529206251,0
2026-07-15 13:35:00+05:30,884583.4529206251,0
2026-07-15 13:40:00+05:30,884583.4529206251,0
2026-07-15 13:45:00+05:30,884583.4529206251,0
2026-07-15 13:50:00+05:30,884583.4529206251,0
2026-07-15 13:55:00+05:30,884583.4529206251,0
2026-07-15 14:00:00+05:30,884583.4529206251,0
2026-07-15 14:05:00+05:30,884583.4529206251,0
2026-07-15 14:10:00+05:30,884583.4529206251,0
2026-07-15 14:15:00+05:30,884583.4529206251,0
2026-07-15 14:20:00+05:30,884583.4529206251,0
2026-07-15 14:25:00+05:30,884583.4529206251,0
2026-07-15 14:30:00+05:30,884583.4529206251,0
2026-07-15 14:35:00+05:30,884583.4529206251,0
2026-07-15 14:40:00+05:30,884583.4529206251,0
2026-07-15 14:45:00+05:30,884583.4529206251,0
2026-07-15 14:50:00+05:30,884583.4529206251,0
2026-07-15 14:55:00+05:30,884583.4529206251,0
2026-07-15 15:00:00+05:30,884583.4529206251,0
2026-07-15 15:05:00+05:30,884583.4529206251,0
2026-07-15 15:10:00+05:30,884583.4529206251,0
2026-07-15 15:15:00+05:30,884583.4529206251,0
2026-07-15 15:20:00+05:30,884583.4529206251,0
2026-07-15 15:25:00+05:30,884583.4529206251,0
2026-07-16 09:15:00+05:30,884583.4529206251,0
2026-07-16 09:20:00+05:30,884583.4529206251,0
2026-07-16 09:25:00+05:30,884583.4529206251,0
2026-07-16 09:30:00+05:30,884583.4529206251,0
2026-07-16 09:35:00+05:30,884583.4529206251,0
2026-07-16 09:40:00+05:30,884583.4529206251,0
2026-07-16 09:45:00+05:30,884583.4529206251,0
2026-07-16 09:50:00+05:30,884583.4529206251,0
2026-07-16 09:55:00+05:30,884583.4529206251,0
2026-07-16 10:00:00+05:30,884583.4529206251,0
2026-07-16 10:05:00+05:30,884583.4529206251,0
2026-07-16 10:10:00+05:30,884583.4529206251,0
2026-07-16 10:15:00+05:30,884583.4529206251,0
2026-07-16 10:20:00+05:30,884583.4529206251,0
2026-07-16 10:25:00+05:30,884583.4529206251,0
2026-07-16 10:30:00+05:30,884583.4529206251,0
2026-07-16 10:35:00+05:30,884583.4529206251,0
2026-07-16 10:40:00+05:30,884583.4529206251,0
2026-07-16 10:45:00+05:30,884583.4529206251,0
2026-07-16 10:50:00+05:30,884583.4529206251,0
2026-07-16 10:55:00+05:30,884583.4529206251,0
2026-07-16 11:00:00+05:30,884583.4529206251,0
2026-07-16 11:05:00+05:30,884583.4529206251,0
2026-07-16 11:10:00+05:30,884583.4529206251,0
2026-07-16 11:15:00+05:30,884583.4529206251,0
2026-07-16 11:20:00+05:30,884583.4529206251,0
2026-07-16 11:25:00+05:30,884583.4529206251,0
2026-07-16 11:30:00+05:30,884583.4529206251,0
2026-07-16 11:35:00+05:30,884583.4529206251,0
2026-07-16 11:40:00+05:30,884583.4529206251,0
2026-07-16 11:45:00+05:30,884583.4529206251,0
2026-07-16 11:50:00+05:30,884583.4529206251,0
2026-07-16 11:55:00+05:30,884583.4529206251,0
2026-07-16 12:00:00+05:30,884583.4529206251,0
2026-07-16 12:05:00+05:30,884583.4529206251,0
2026-07-16 12:10:00+05:30,884583.4529206251,0
2026-07-16 12:15:00+05:30,884583.4529206251,0
2026-07-16 12:20:00+05:30,884583.4529206251,0
2026-07-16 12:25:00+05:30,884583.4529206251,0
2026-07-16 12:30:00+05:30,884583.4529206251,0
2026-07-16 12:35:00+05:30,884583.4529206251,0
2026-07-16 12:40:00+05:30,884583.4529206251,0
2026-07-16 12:45:00+05:30,884583.4529206251,0
2026-07-16 12:50:00+05:30,884583.4529206251,0
2026-07-16 12:55:00+05:30,884583.4529206251,0
2026-07-16 13:00:00+05:30,884583.4529206251,0
2026-07-16 13:05:00+05:30,884583.4529206251,0
2026-07-16 13:10:00+05:30,884583.4529206251,0
2026-07-16 13:15:00+05:30,884583.4529206251,0
2026-07-16 13:20:00+05:30,884583.4529206251,0
2026-07-16 13:25:00+05:30,884583.4529206251,0
2026-07-16 13:30:00+05:30,884583.4529206251,0
2026-07-16 13:35:00+05:30,884583.4529206251,0
2026-07-16 13:40:00+05:30,885148.2914734953,-1
2026-07-16 13:45:00+05:30,882953.6820984953,-1
2026-07-16 13:50:00+05:30,880664.7367859953,-1
2026-07-16 13:55:00+05:30,876557.985221976,0
2026-07-16 14:00:00+05:30,876557.985221976,0
2026-07-16 14:05:00+05:30,876557.985221976,0
2026-07-16 14:10:00+05:30,876557.985221976,0
2026-07-16 14:15:00+05:30,876557.985221976,0
2026-07-16 14:20:00+05:30,876557.985221976,0
2026-07-16 14:25:00+05:30,876557.985221976,0
2026-07-16 14:30:00+05:30,876557.985221976,0
2026-07-16 14:35:00+05:30,876557.985221976,0
2026-07-16 14:40:00+05:30,876557.985221976,0
2026-07-16 14:45:00+05:30,876557.985221976,0
2026-07-16 14:50:00+05:30,876557.985221976,0
2026-07-16 14:55:00+05:30,876557.985221976,0
2026-07-16 15:00:00+05:30,876557.985221976,0
2026-07-16 15:05:00+05:30,876557.985221976,0
2026-07-16 15:10:00+05:30,876557.985221976,0
2026-07-16 15:15:00+05:30,876557.985221976,0
2026-07-16 15:20:00+05:30,876557.985221976,0
2026-07-16 15:25:00+05:30,876557.985221976,0
2026-07-17 09:15:00+05:30,876557.985221976,0
2026-07-17 09:20:00+05:30,876557.985221976,0
2026-07-17 09:25:00+05:30,876557.985221976,0
2026-07-17 09:30:00+05:30,876557.985221976,0
2026-07-17 09:35:00+05:30,875989.3974899998,1
2026-07-17 09:40:00+05:30,876360.4521774998,1
2026-07-17 09:45:00+05:30,877585.4521774998,1
2026-07-17 09:50:00+05:30,877340.4521774998,1
2026-07-17 09:55:00+05:30,877949.3974899998,1
2026-07-17 10:00:00+05:30,876259.0068649998,1
2026-07-17 10:05:00+05:30,878327.5615524998,1
2026-07-17 10:10:00+05:30,880168.3428024998,1
2026-07-17 10:15:00+05:30,888393.3428024998,1
2026-07-17 10:20:00+05:30,886146.5068649998,1
2026-07-17 10:25:00+05:30,891431.5068649998,1
2026-07-17 10:30:00+05:30,894871.8974899998,1
2026-07-17 10:35:00+05:30,889338.3428024998,1
2026-07-17 10:40:00+05:30,887791.5068649998,1
2026-07-17 10:45:00+05:30,886314.3974899998,1
2026-07-17 10:50:00+05:30,890937.9521774998,1
2026-07-17 10:55:00+05:30,889796.8974899998,1
2026-07-17 11:00:00+05:30,888501.8974899998,1
2026-07-17 11:05:00+05:30,885852.5615524998,1
2026-07-17 11:10:00+05:30,886902.5615524998,1
2026-07-17 11:15:00+05:30,887126.5068649998,1
2026-07-17 11:20:00+05:30,887941.8974899998,1
2026-07-17 11:25:00+05:30,886660.8428024998,1
2026-07-17 11:30:00+05:30,888145.0615524998,1
2026-07-17 11:35:00+05:30,886930.4521774998,1
2026-07-17 11:40:00+05:30,887507.9521774998,1
2026-07-17 11:45:00+05:30,889201.8974899998,1
2026-07-17 11:50:00+05:30,890370.8428024998,1
2026-07-17 11:55:00+05:30,890038.3428024998,1
2026-07-17 12:00:00+05:30,889440.0615524998,1
2026-07-17 12:05:00+05:30,888347.9521774998,1
2026-07-17 12:10:00+05:30,889804.0068649998,1
2026-07-17 12:15:00+05:30,889495.8428024998,1
2026-07-17 12:20:00+05:30,890154.0068649998,1
2026-07-17 12:25:00+05:30,890805.0615524998,1
2026-07-17 12:30:00+05:30,889492.5615524998,1
2026-07-17 12:35:00+05:30,888141.5068649998,1
2026-07-17 12:40:00+05:30,888390.0615524998,1
2026-07-17 12:45:00+05:30,892499.0068649998,1
2026-07-17 12:50:00+05:30,887560.4521774998,1
2026-07-17 12:55:00+05:30,890472.5615524998,1
2026-07-17 13:00:00+05:30,888666.5068649998,1
2026-07-17 13:05:00+05:30,888750.4521774998,1
2026-07-17 13:10:00+05:30,890181.8974899998,1
2026-07-17 13:15:00+05:30,888369.0068649998,1
2026-07-17 13:20:00+05:30,885155.8428024998,1
2026-07-17 13:25:00+05:30,886538.3428024998,1
2026-07-17 13:30:00+05:30,884458.467505288,0
2026-07-17 13:35:00+05:30,884458.467505288,0
2026-07-17 13:40:00+05:30,884458.467505288,0
2026-07-17 13:45:00+05:30,884458.467505288,0
2026-07-17 13:50:00+05:30,884458.467505288,0
2026-07-17 13:55:00+05:30,884458.467505288,0
2026-07-17 14:00:00+05:30,884458.467505288,0
2026-07-17 14:05:00+05:30,884458.467505288,0
2026-07-17 14:10:00+05:30,884458.467505288,0
2026-07-17 14:15:00+05:30,891625.3827367557,1
2026-07-17 14:20:00+05:30,892721.0467992557,1
2026-07-17 14:25:00+05:30,895377.4921117557,1
2026-07-17 14:30:00+05:30,896301.4374242557,1
2026-07-17 14:35:00+05:30,897697.8827367557,1
2026-07-17 14:40:00+05:30,899426.8280492557,1
2026-07-17 14:45:00+05:30,900042.8827367557,1
2026-07-17 14:50:00+05:30,900158.5467992557,1
2026-07-17 14:55:00+05:30,902031.0467992557,1
2026-07-17 15:00:00+05:30,898779.3280492557,1
2026-07-17 15:05:00+05:30,901418.5467992557,1
2026-07-17 15:10:00+05:30,901439.3280492557,1
2026-07-17 15:15:00+05:30,903512.0547913291,0
2026-07-17 15:20:00+05:30,903512.0547913291,0
2026-07-17 15:25:00+05:30,903512.0547913291,0
2026-07-20 09:15:00+05:30,903512.0547913291,0
2026-07-20 09:20:00+05:30,903512.0547913291,0
2026-07-20 09:25:00+05:30,903512.0547913291,0
2026-07-20 09:30:00+05:30,903512.0547913291,0
2026-07-20 09:35:00+05:30,903512.0547913291,0
2026-07-20 09:40:00+05:30,902265.0861924231,-1
2026-07-20 09:45:00+05:30,902749.8908799231,-1
2026-07-20 09:50:00+05:30,901272.9182236731,-1
2026-07-20 09:55:00+05:30,900124.8908799231,-1
2026-07-20 10:00:00+05:30,899090.6135361731,-1
2026-07-20 10:05:00+05:30,898868.3088486731,-1
2026-07-20 10:10:00+05:30,898527.0588486731,-1
2026-07-20 10:15:00+05:30,894457.87718137,0
2026-07-20 10:20:00+05:30,894457.87718137,0
2026-07-20 10:25:00+05:30,894457.87718137,0
2026-07-20 10:30:00+05:30,894457.87718137,0
2026-07-20 10:35:00+05:30,894457.87718137,0
2026-07-20 10:40:00+05:30,894457.87718137,0
2026-07-20 10:45:00+05:30,894457.87718137,0
2026-07-20 10:50:00+05:30,894457.87718137,0
2026-07-20 10:55:00+05:30,894457.87718137,0
2026-07-20 11:00:00+05:30,894457.87718137,0
2026-07-20 11:05:00+05:30,894457.87718137,0
2026-07-20 11:10:00+05:30,894457.87718137,0
2026-07-20 11:15:00+05:30,894457.87718137,0
2026-07-20 11:20:00+05:30,894457.87718137,0
2026-07-20 11:25:00+05:30,894457.87718137,0
2026-07-20 11:30:00+05:30,894457.87718137,0
2026-07-20 11:35:00+05:30,894457.87718137,0
2026-07-20 11:40:00+05:30,894457.87718137,0
2026-07-20 11:45:00+05:30,894457.87718137,0
2026-07-20 11:50:00+05:30,894457.87718137,0
2026-07-20 11:55:00+05:30,894457.87718137,0
2026-07-20 12:00:00+05:30,894457.87718137,0
2026-07-20 12:05:00+05:30,894457.87718137,0
2026-07-20 12:10:00+05:30,894457.87718137,0
2026-07-20 12:15:00+05:30,894457.87718137,0
2026-07-20 12:20:00+05:30,894457.87718137,0
2026-07-20 12:25:00+05:30,894457.87718137,0
2026-07-20 12:30:00+05:30,894457.87718137,0
2026-07-20 12:35:00+05:30,894457.87718137,0
2026-07-20 12:40:00+05:30,894233.2712869952,-1
2026-07-20 12:45:00+05:30,896539.7165994952,-1
2026-07-20 12:50:00+05:30,891142.6072244952,-1
2026-07-20 12:55:00+05:30,888584.3259744952,-1
2026-07-20 13:00:00+05:30,888216.8259744952,-1
2026-07-20 13:05:00+05:30,885309.5500695044,0
2026-07-20 13:10:00+05:30,885309.5500695044,0
2026-07-20 13:15:00+05:30,885309.5500695044,0
2026-07-20 13:20:00+05:30,885309.5500695044,0
2026-07-20 13:25:00+05:30,885309.5500695044,0
2026-07-20 13:30:00+05:30,885309.5500695044,0
2026-07-20 13:35:00+05:30,885309.5500695044,0
2026-07-20 13:40:00+05:30,885309.5500695044,0
2026-07-20 13:45:00+05:30,885309.5500695044,0
2026-07-20 13:50:00+05:30,885309.5500695044,0
2026-07-20 13:55:00+05:30,885309.5500695044,0
2026-07-20 14:00:00+05:30,885309.5500695044,0
2026-07-20 14:05:00+05:30,885309.5500695044,0
2026-07-20 14:10:00+05:30,885309.5500695044,0
2026-07-20 14:15:00+05:30,885309.5500695044,0
2026-07-20 14:20:00+05:30,885309.5500695044,0
2026-07-20 14:25:00+05:30,885309.5500695044,0
2026-07-20 14:30:00+05:30,885309.5500695044,0
2026-07-20 14:35:00+05:30,885309.5500695044,0
2026-07-20 14:40:00+05:30,885309.5500695044,0
2026-07-20 14:45:00+05:30,885309.5500695044,0
2026-07-20 14:50:00+05:30,885309.5500695044,0
2026-07-20 14:55:00+05:30,885309.5500695044,0
2026-07-20 15:00:00+05:30,885309.5500695044,0
2026-07-20 15:05:00+05:30,885309.5500695044,0
2026-07-20 15:10:00+05:30,885309.5500695044,0
2026-07-20 15:15:00+05:30,885309.5500695044,0
2026-07-20 15:20:00+05:30,885309.5500695044,0
2026-07-20 15:25:00+05:30,885309.5500695044,0
2026-07-21 09:15:00+05:30,885309.5500695044,0
2026-07-21 09:20:00+05:30,885309.5500695044,0
2026-07-21 09:25:00+05:30,885309.5500695044,0
2026-07-21 09:30:00+05:30,885309.5500695044,0
2026-07-21 09:35:00+05:30,885309.5500695044,0
2026-07-21 09:40:00+05:30,885309.5500695044,0
2026-07-21 09:45:00+05:30,885309.5500695044,0
2026-07-21 09:50:00+05:30,885309.5500695044,0
2026-07-21 09:55:00+05:30,885309.5500695044,0
2026-07-21 10:00:00+05:30,885309.5500695044,0
2026-07-21 10:05:00+05:30,885309.5500695044,0
2026-07-21 10:10:00+05:30,885309.5500695044,0
2026-07-21 10:15:00+05:30,885309.5500695044,0
2026-07-21 10:20:00+05:30,885309.5500695044,0
2026-07-21 10:25:00+05:30,885309.5500695044,0
2026-07-21 10:30:00+05:30,885309.5500695044,0
2026-07-21 10:35:00+05:30,885309.5500695044,0
2026-07-21 10:40:00+05:30,885309.5500695044,0
2026-07-21 10:45:00+05:30,885309.5500695044,0
2026-07-21 10:50:00+05:30,885309.5500695044,0
2026-07-21 10:55:00+05:30,885309.5500695044,0
2026-07-21 11:00:00+05:30,885309.5500695044,0
2026-07-21 11:05:00+05:30,885309.5500695044,0
2026-07-21 11:10:00+05:30,885309.5500695044,0
2026-07-21 11:15:00+05:30,885309.5500695044,0
2026-07-21 11:20:00+05:30,885309.5500695044,0
2026-07-21 11:25:00+05:30,885309.5500695044,0
2026-07-21 11:30:00+05:30,885309.5500695044,0
2026-07-21 11:35:00+05:30,885309.5500695044,0
2026-07-21 11:40:00+05:30,885309.5500695044,0
2026-07-21 11:45:00+05:30,885309.5500695044,0
2026-07-21 11:50:00+05:30,885309.5500695044,0
2026-07-21 11:55:00+05:30,885309.5500695044,0
2026-07-21 12:00:00+05:30,885309.5500695044,0
2026-07-21 12:05:00+05:30,885309.5500695044,0
2026-07-21 12:10:00+05:30,885309.5500695044,0
2026-07-21 12:15:00+05:30,885309.5500695044,0
2026-07-21 12:20:00+05:30,885309.5500695044,0
2026-07-21 12:25:00+05:30,885309.5500695044,0
2026-07-21 12:30:00+05:30,885309.5500695044,0
2026-07-21 12:35:00+05:30,885309.5500695044,0
2026-07-21 12:40:00+05:30,885309.5500695044,0
2026-07-21 12:45:00+05:30,885309.5500695044,0
2026-07-21 12:50:00+05:30,885309.5500695044,0
2026-07-21 12:55:00+05:30,885309.5500695044,0
2026-07-21 13:00:00+05:30,885309.5500695044,0
2026-07-21 13:05:00+05:30,885309.5500695044,0
2026-07-21 13:10:00+05:30,885309.5500695044,0
2026-07-21 13:15:00+05:30,885309.5500695044,0
2026-07-21 13:20:00+05:30,885309.5500695044,0
2026-07-21 13:25:00+05:30,885309.5500695044,0
2026-07-21 13:30:00+05:30,885309.5500695044,0
2026-07-21 13:35:00+05:30,885309.5500695044,0
2026-07-21 13:40:00+05:30,885309.5500695044,0
2026-07-21 13:45:00+05:30,885309.5500695044,0
2026-07-21 13:50:00+05:30,885309.5500695044,0
2026-07-21 13:55:00+05:30,885309.5500695044,0
2026-07-21 14:00:00+05:30,885309.5500695044,0
2026-07-21 14:05:00+05:30,885309.5500695044,0
2026-07-21 14:10:00+05:30,885309.5500695044,0
2026-07-21 14:15:00+05:30,885309.5500695044,0
2026-07-21 14:20:00+05:30,885309.5500695044,0
2026-07-21 14:25:00+05:30,885309.5500695044,0
2026-07-21 14:30:00+05:30,885309.5500695044,0
2026-07-21 14:35:00+05:30,885309.5500695044,0
2026-07-21 14:40:00+05:30,885309.5500695044,0
2026-07-21 14:45:00+05:30,885309.5500695044,0
2026-07-21 14:50:00+05:30,885309.5500695044,0
2026-07-21 14:55:00+05:30,885309.5500695044,0
2026-07-21 15:00:00+05:30,885309.5500695044,0
2026-07-21 15:05:00+05:30,885309.5500695044,0
2026-07-21 15:10:00+05:30,885309.5500695044,0
2026-07-21 15:15:00+05:30,885309.5500695044,0
2026-07-21 15:20:00+05:30,885309.5500695044,0
2026-07-21 15:25:00+05:30,885309.5500695044,0
2026-07-22 09:15:00+05:30,885309.5500695044,0
2026-07-22 09:20:00+05:30,885309.5500695044,0
2026-07-22 09:25:00+05:30,885309.5500695044,0
2026-07-22 09:30:00+05:30,885309.5500695044,0
2026-07-22 09:35:00+05:30,884126.1761540984,-1
2026-07-22 09:40:00+05:30,881200.3949040984,-1
2026-07-22 09:45:00+05:30,883674.7308415984,-1
2026-07-22 09:50:00+05:30,881287.8949040984,-1
2026-07-22 09:55:00+05:30,884108.6761540984,-1
2026-07-22 10:00:00+05:30,881571.1761540984,-1
2026-07-22 10:05:00+05:30,876891.8402165984,-1
2026-07-22 10:10:00+05:30,881707.8949040984,-1
2026-07-22 10:15:00+05:30,880332.2308415984,-1
2026-07-22 10:20:00+05:30,884710.7855290984,-1
2026-07-22 10:25:00+05:30,886152.8949040984,-1
2026-07-22 10:30:00+05:30,886373.2855290984,-1
2026-07-22 10:35:00+05:30,887766.1761540984,-1
2026-07-22 10:40:00+05:30,888585.3949040984,-1
2026-07-22 10:45:00+05:30,887895.7855290984,-1
2026-07-22 10:50:00+05:30,887717.2308415984,-1
2026-07-22 10:55:00+05:30,886002.2308415984,-1
2026-07-22 11:00:00+05:30,885130.7855290984,-1
2026-07-22 11:05:00+05:30,885932.2308415984,-1
2026-07-22 11:10:00+05:30,887850.3949040984,-1
2026-07-22 11:15:00+05:30,885582.2308415984,-1
2026-07-22 11:20:00+05:30,882645.7855290984,-1
2026-07-22 11:25:00+05:30,883041.1761540984,-1
2026-07-22 11:30:00+05:30,882670.3949040984,-1
2026-07-22 11:35:00+05:30,883650.3949040984,-1
2026-07-22 11:40:00+05:30,885414.3402165984,-1
2026-07-22 11:45:00+05:30,886877.2308415984,-1
2026-07-22 11:50:00+05:30,889029.7308415984,-1
2026-07-22 11:55:00+05:30,890597.8949040984,-1
2026-07-22 12:00:00+05:30,895382.2308415984,-1
2026-07-22 12:05:00+05:30,895942.2308415984,-1
2026-07-22 12:10:00+05:30,897674.7308415984,-1
2026-07-22 12:15:00+05:30,900212.2308415984,-1
2026-07-22 12:20:00+05:30,896302.8949040984,-1
2026-07-22 12:25:00+05:30,900054.7308415984,-1
2026-07-22 12:30:00+05:30,902088.2855290984,-1
2026-07-22 12:35:00+05:30,905402.8949040984,-1
2026-07-22 12:40:00+05:30,899361.8402165984,-1
2026-07-22 12:45:00+05:30,894787.2308415984,-1
2026-07-22 12:50:00+05:30,895602.8949040984,-1
2026-07-22 12:55:00+05:30,897184.7308415984,-1
2026-07-22 13:00:00+05:30,902011.1761540984,-1
2026-07-22 13:05:00+05:30,899764.3402165984,-1
2026-07-22 13:10:00+05:30,900488.6761540984,-1
2026-07-22 13:15:00+05:30,898917.2308415984,-1
2026-07-22 13:20:00+05:30,897660.7855290984,-1
2026-07-22 13:25:00+05:30,898003.6761540984,-1
2026-07-22 13:30:00+05:30,896320.3949040984,-1
2026-07-22 13:35:00+05:30,895637.8949040984,-1
2026-07-22 13:40:00+05:30,897366.8402165984,-1
2026-07-22 13:45:00+05:30,900768.6761540984,-1
2026-07-22 13:50:00+05:30,901388.2855290984,-1
2026-07-22 13:55:00+05:30,901570.3949040984,-1
2026-07-22 14:00:00+05:30,901643.6761540984,-1
2026-07-22 14:05:00+05:30,902371.8402165984,-1
2026-07-22 14:10:00+05:30,902571.1761540984,-1
2026-07-22 14:15:00+05:30,899169.3402165984,-1
2026-07-22 14:20:00+05:30,900355.7855290984,-1
2026-07-22 14:25:00+05:30,901150.3949040984,-1
2026-07-22 14:30:00+05:30,899858.6761540984,-1
2026-07-22 14:35:00+05:30,898924.3402165984,-1
2026-07-22 14:40:00+05:30,898997.8949040984,-1
2026-07-22 14:45:00+05:30,897975.7855290984,-1
2026-07-22 14:50:00+05:30,896838.2855290984,-1
2026-07-22 14:55:00+05:30,898686.1761540984,-1
2026-07-22 15:00:00+05:30,899428.2855290984,-1
2026-07-22 15:05:00+05:30,895252.8949040984,-1
2026-07-22 15:10:00+05:30,894042.1422369657,0
2026-07-22 15:15:00+05:30,894042.1422369657,0
2026-07-22 15:20:00+05:30,894042.1422369657,0
2026-07-22 15:25:00+05:30,894042.1422369657,0
2026-07-23 09:15:00+05:30,894042.1422369657,0
2026-07-23 09:20:00+05:30,894042.1422369657,0
2026-07-23 09:25:00+05:30,894042.1422369657,0
2026-07-23 09:30:00+05:30,894042.1422369657,0
2026-07-23 09:35:00+05:30,894042.1422369657,0
2026-07-23 09:40:00+05:30,894042.1422369657,0
2026-07-23 09:45:00+05:30,894042.1422369657,0
2026-07-23 09:50:00+05:30,894042.1422369657,0
2026-07-23 09:55:00+05:30,894042.1422369657,0
2026-07-23 10:00:00+05:30,894042.1422369657,0
2026-07-23 10:05:00+05:30,894042.1422369657,0
2026-07-23 10:10:00+05:30,894042.1422369657,0
2026-07-23 10:15:00+05:30,894042.1422369657,0
2026-07-23 10:20:00+05:30,894042.1422369657,0
2026-07-23 10:25:00+05:30,894042.1422369657,0
2026-07-23 10:30:00+05:30,894042.1422369657,0
2026-07-23 10:35:00+05:30,894042.1422369657,0
2026-07-23 10:40:00+05:30,894042.1422369657,0
2026-07-23 10:45:00+05:30,894042.1422369657,0
2026-07-23 10:50:00+05:30,894042.1422369657,0
2026-07-23 10:55:00+05:30,894042.1422369657,0
2026-07-23 11:00:00+05:30,894042.1422369657,0
2026-07-23 11:05:00+05:30,894042.1422369657,0
2026-07-23 11:10:00+05:30,894042.1422369657,0
2026-07-23 11:15:00+05:30,894042.1422369657,0
2026-07-23 11:20:00+05:30,894042.1422369657,0
2026-07-23 11:25:00+05:30,894042.1422369657,0
2026-07-23 11:30:00+05:30,892458.9823156905,-1
2026-07-23 11:35:00+05:30,894268.3182531905,-1
2026-07-23 11:40:00+05:30,893806.4823156905,-1
2026-07-23 11:45:00+05:30,895815.4276281905,-1
2026-07-23 11:50:00+05:30,897250.4276281905,-1
2026-07-23 11:55:00+05:30,895115.4276281905,-1
2026-07-23 12:00:00+05:30,893897.5370031905,-1
2026-07-23 12:05:00+05:30,893610.4276281905,-1
2026-07-23 12:10:00+05:30,896550.4276281905,-1
2026-07-23 12:15:00+05:30,895710.4276281905,-1
2026-07-23 12:20:00+05:30,899143.9823156905,-1
2026-07-23 12:25:00+05:30,901390.8182531905,-1
2026-07-23 12:30:00+05:30,903847.9276281905,-1
2026-07-23 12:35:00+05:30,903868.9823156905,-1
2026-07-23 12:40:00+05:30,910238.9823156905,-1
2026-07-23 12:45:00+05:30,912335.4276281905,-1
2026-07-23 12:50:00+05:30,910063.9823156905,-1
2026-07-23 12:55:00+05:30,909549.3729406905,-1
2026-07-23 13:00:00+05:30,911936.4823156905,-1
2026-07-23 13:05:00+05:30,912745.0370031905,-1
2026-07-23 13:10:00+05:30,911450.0370031905,-1
2026-07-23 13:15:00+05:30,911645.8182531905,-1
2026-07-23 13:20:00+05:30,908866.8729406905,-1
2026-07-23 13:25:00+05:30,908457.5370031905,-1
2026-07-23 13:30:00+05:30,909647.5370031905,-1
2026-07-23 13:35:00+05:30,905713.3182531905,-1
2026-07-23 13:40:00+05:30,906833.3182531905,-1
2026-07-23 13:45:00+05:30,903676.4823156905,-1
2026-07-23 13:50:00+05:30,903410.4276281905,-1
2026-07-23 13:55:00+05:30,903200.4276281905,-1
2026-07-23 14:00:00+05:30,902525.0370031905,-1
2026-07-23 14:05:00+05:30,903991.4823156905,-1
2026-07-23 14:10:00+05:30,904096.4823156905,-1
2026-07-23 14:15:00+05:30,903928.3182531905,-1
2026-07-23 14:20:00+05:30,900043.3182531905,-1
2026-07-23 14:25:00+05:30,898381.940072107,0
2026-07-23 14:30:00+05:30,898381.940072107,0
2026-07-23 14:35:00+05:30,898381.940072107,0
2026-07-23 14:40:00+05:30,898381.940072107,0
2026-07-23 14:45:00+05:30,898381.940072107,0
2026-07-23 14:50:00+05:30,898381.940072107,0
2026-07-23 14:55:00+05:30,898381.940072107,0
2026-07-23 15:00:00+05:30,898381.940072107,0
2026-07-23 15:05:00+05:30,898381.940072107,0
2026-07-23 15:10:00+05:30,898381.940072107,0
2026-07-23 15:15:00+05:30,898381.940072107,0
2026-07-23 15:20:00+05:30,898381.940072107,0
2026-07-23 15:25:00+05:30,898381.940072107,0
2026-07-24 09:15:00+05:30,898381.940072107,0
2026-07-24 09:20:00+05:30,898381.940072107,0
2026-07-24 09:25:00+05:30,898381.940072107,0
2026-07-24 09:30:00+05:30,898381.940072107,0
2026-07-24 09:35:00+05:30,898381.940072107,0
2026-07-24 09:40:00+05:30,898381.940072107,0
2026-07-24 09:45:00+05:30,898381.940072107,0
2026-07-24 09:50:00+05:30,895506.2941108263,-1
2026-07-24 09:55:00+05:30,895625.3761420763,-1
2026-07-24 10:00:00+05:30,896575.5714545763,-1
2026-07-24 10:05:00+05:30,896194.1261420763,-1
2026-07-24 10:10:00+05:30,897093.5987983263,-1
2026-07-24 10:15:00+05:30,896328.7941108263,-1
2026-07-24 10:20:00+05:30,894876.2941108263,-1
2026-07-24 10:25:00+05:30,895009.3214545763,-1
2026-07-24 10:30:00+05:30,896134.6534858263,-1
2026-07-24 10:35:00+05:30,894087.1534858263,-1
2026-07-24 10:40:00+05:30,892113.3428350647,0
2026-07-24 10:45:00+05:30,892113.3428350647,0
2026-07-24 10:50:00+05:30,892113.3428350647,0
2026-07-24 10:55:00+05:30,892113.3428350647,0
2026-07-24 11:00:00+05:30,892113.3428350647,0
2026-07-24 11:05:00+05:30,892113.3428350647,0
2026-07-24 11:10:00+05:30,892113.3428350647,0
2026-07-24 11:15:00+05:30,892113.3428350647,0
2026-07-24 11:20:00+05:30,892113.3428350647,0
2026-07-24 11:25:00+05:30,892113.3428350647,0
2026-07-24 11:30:00+05:30,892113.3428350647,0
2026-07-24 11:35:00+05:30,892113.3428350647,0
2026-07-24 11:40:00+05:30,892113.3428350647,0
2026-07-24 11:45:00+05:30,892113.3428350647,0
2026-07-24 11:50:00+05:30,892113.3428350647,0
2026-07-24 11:55:00+05:30,892113.3428350647,0
2026-07-24 12:00:00+05:30,892113.3428350647,0
2026-07-24 12:05:00+05:30,892113.3428350647,0
2026-07-24 12:10:00+05:30,892113.3428350647,0
2026-07-24 12:15:00+05:30,892113.3428350647,0
2026-07-24 12:20:00+05:30,892113.3428350647,0
2026-07-24 12:25:00+05:30,892113.3428350647,0
2026-07-24 12:30:00+05:30,892113.3428350647,0
2026-07-24 12:35:00+05:30,892113.3428350647,0
2026-07-24 12:40:00+05:30,892113.3428350647,0
2026-07-24 12:45:00+05:30,892113.3428350647,0
2026-07-24 12:50:00+05:30,891132.5846280518,1
2026-07-24 12:55:00+05:30,890513.1119718018,1
2026-07-24 13:00:00+05:30,887959.8893155518,1
2026-07-24 13:05:00+05:30,887468.1119718018,1
2026-07-24 13:10:00+05:30,889562.7799405518,1
2026-07-24 13:15:00+05:30,890425.6119718018,1
2026-07-24 13:20:00+05:30,890534.0299405518,1
2026-07-24 13:25:00+05:30,891375.8072843018,1
2026-07-24 13:30:00+05:30,889289.8893155518,1
2026-07-24 13:35:00+05:30,889025.6119718018,1
2026-07-24 13:40:00+05:30,885811.0804781847,0
2026-07-24 13:45:00+05:30,885811.0804781847,0
2026-07-24 13:50:00+05:30,885811.0804781847,0
2026-07-24 13:55:00+05:30,885811.0804781847,0
2026-07-24 14:00:00+05:30,885811.0804781847,0
2026-07-24 14:05:00+05:30,884493.6240776918,1
2026-07-24 14:10:00+05:30,884491.8467339418,1
2026-07-24 14:15:00+05:30,883261.6514214418,1
2026-07-24 14:20:00+05:30,881784.6787651918,1
2026-07-24 14:25:00+05:30,882393.6240776918,1
2026-07-24 14:30:00+05:30,881719.8740776918,1
2026-07-24 14:35:00+05:30,880168.5986505451,0
2026-07-24 14:40:00+05:30,880168.5986505451,0
2026-07-24 14:45:00+05:30,880168.5986505451,0
2026-07-24 14:50:00+05:30,880168.5986505451,0
2026-07-24 14:55:00+05:30,880168.5986505451,0
2026-07-24 15:00:00+05:30,880168.5986505451,0
2026-07-24 15:05:00+05:30,880168.5986505451,0
2026-07-24 15:10:00+05:30,880168.5986505451,0
2026-07-24 15:15:00+05:30,880168.5986505451,0
2026-07-24 15:20:00+05:30,880168.5986505451,0
2026-07-24 15:25:00+05:30,880168.5986505451,0
2026-07-27 09:15:00+05:30,880168.5986505451,0
2026-07-27 09:20:00+05:30,880168.5986505451,0
2026-07-27 09:25:00+05:30,880168.5986505451,0
2026-07-27 09:30:00+05:30,880168.5986505451,0
2026-07-27 09:35:00+05:30,880168.5986505451,0
2026-07-27 09:40:00+05:30,880168.5986505451,0
2026-07-27 09:45:00+05:30,880168.5986505451,0
2026-07-27 09:50:00+05:30,880168.5986505451,0
2026-07-27 09:55:00+05:30,880168.5986505451,0
2026-07-27 10:00:00+05:30,880168.5986505451,0
2026-07-27 10:05:00+05:30,880168.5986505451,0
2026-07-27 10:10:00+05:30,880168.5986505451,0
2026-07-27 10:15:00+05:30,880168.5986505451,0
2026-07-27 10:20:00+05:30,880168.5986505451,0
2026-07-27 10:25:00+05:30,880168.5986505451,0
2026-07-27 10:30:00+05:30,880168.5986505451,0
2026-07-27 10:35:00+05:30,880168.5986505451,0
2026-07-27 10:40:00+05:30,880168.5986505451,0
2026-07-27 10:45:00+05:30,880168.5986505451,0
2026-07-27 10:50:00+05:30,880168.5986505451,0
2026-07-27 10:55:00+05:30,880168.5986505451,0
2026-07-27 11:00:00+05:30,880168.5986505451,0
2026-07-27 11:05:00+05:30,880168.5986505451,0
2026-07-27 11:10:00+05:30,880168.5986505451,0
2026-07-27 11:15:00+05:30,880168.5986505451,0
2026-07-27 11:20:00+05:30,880168.5986505451,0
2026-07-27 11:25:00+05:30,880168.5986505451,0
2026-07-27 11:30:00+05:30,880168.5986505451,0
2026-07-27 11:35:00+05:30,880168.5986505451,0
2026-07-27 11:40:00+05:30,880168.5986505451,0
2026-07-27 11:45:00+05:30,880168.5986505451,0
2026-07-27 11:50:00+05:30,880168.5986505451,0
2026-07-27 11:55:00+05:30,880168.5986505451,0
2026-07-27 12:00:00+05:30,880168.5986505451,0
2026-07-27 12:05:00+05:30,880168.5986505451,0
2026-07-27 12:10:00+05:30,880168.5986505451,0
2026-07-27 12:15:00+05:30,880168.5986505451,0
2026-07-27 12:20:00+05:30,880168.5986505451,0
2026-07-27 12:25:00+05:30,880168.5986505451,0
2026-07-27 12:30:00+05:30,880168.5986505451,0
2026-07-27 12:35:00+05:30,880168.5986505451,0
2026-07-27 12:40:00+05:30,880168.5986505451,0
2026-07-27 12:45:00+05:30,880168.5986505451,0
2026-07-27 12:50:00+05:30,880168.5986505451,0
2026-07-27 12:55:00+05:30,880168.5986505451,0
2026-07-27 13:00:00+05:30,880168.5986505451,0
2026-07-27 13:05:00+05:30,880168.5986505451,0
2026-07-27 13:10:00+05:30,880168.5986505451,0
2026-07-27 13:15:00+05:30,880168.5986505451,0
2026-07-27 13:20:00+05:30,880168.5986505451,0
2026-07-27 13:25:00+05:30,880168.5986505451,0
2026-07-27 13:30:00+05:30,880168.5986505451,0
2026-07-27 13:35:00+05:30,880168.5986505451,0
2026-07-27 13:40:00+05:30,880168.5986505451,0
2026-07-27 13:45:00+05:30,880168.5986505451,0
2026-07-27 13:50:00+05:30,880168.5986505451,0
2026-07-27 13:55:00+05:30,880168.5986505451,0
2026-07-27 14:00:00+05:30,880168.5986505451,0
2026-07-27 14:05:00+05:30,880168.5986505451,0
2026-07-27 14:10:00+05:30,880168.5986505451,0
2026-07-27 14:15:00+05:30,880168.5986505451,0
2026-07-27 14:20:00+05:30,880168.5986505451,0
2026-07-27 14:25:00+05:30,880168.5986505451,0
2026-07-27 14:30:00+05:30,880168.5986505451,0
2026-07-27 14:35:00+05:30,880168.5986505451,0
2026-07-27 14:40:00+05:30,880168.5986505451,0
2026-07-27 14:45:00+05:30,880168.5986505451,0
2026-07-27 14:50:00+05:30,880168.5986505451,0
2026-07-27 14:55:00+05:30,880168.5986505451,0
2026-07-27 15:00:00+05:30,880168.5986505451,0
2026-07-27 15:05:00+05:30,880168.5986505451,0
2026-07-27 15:10:00+05:30,880168.5986505451,0
2026-07-27 15:15:00+05:30,880168.5986505451,0
2026-07-27 15:20:00+05:30,880168.5986505451,0
2026-07-27 15:25:00+05:30,880168.5986505451,0
2026-07-28 09:15:00+05:30,880168.5986505451,0
2026-07-28 09:20:00+05:30,880168.5986505451,0
2026-07-28 09:25:00+05:30,880168.5986505451,0
2026-07-28 09:30:00+05:30,880168.5986505451,0
2026-07-28 09:35:00+05:30,880168.5986505451,0
2026-07-28 09:40:00+05:30,880168.5986505451,0
2026-07-28 09:45:00+05:30,880168.5986505451,0
2026-07-28 09:50:00+05:30,880168.5986505451,0
2026-07-28 09:55:00+05:30,876229.168155418,-1
2026-07-28 10:00:00+05:30,877118.113467918,-1
2026-07-28 10:05:00+05:30,876064.558780418,-1
2026-07-28 10:10:00+05:30,870742.5721070041,0
2026-07-28 10:15:00+05:30,870742.5721070041,0
2026-07-28 10:20:00+05:30,870742.5721070041,0
2026-07-28 10:25:00+05:30,870742.5721070041,0
2026-07-28 10:30:00+05:30,870742.5721070041,0
2026-07-28 10:35:00+05:30,870742.5721070041,0
2026-07-28 10:40:00+05:30,870742.5721070041,0
2026-07-28 10:45:00+05:30,870742.5721070041,0
2026-07-28 10:50:00+05:30,870742.5721070041,0
2026-07-28 10:55:00+05:30,870742.5721070041,0
2026-07-28 11:00:00+05:30,870742.5721070041,0
2026-07-28 11:05:00+05:30,870742.5721070041,0
2026-07-28 11:10:00+05:30,870742.5721070041,0
2026-07-28 11:15:00+05:30,870742.5721070041,0
2026-07-28 11:20:00+05:30,870742.5721070041,0
2026-07-28 11:25:00+05:30,870742.5721070041,0
2026-07-28 11:30:00+05:30,870742.5721070041,0
2026-07-28 11:35:00+05:30,870742.5721070041,0
2026-07-28 11:40:00+05:30,870742.5721070041,0
2026-07-28 11:45:00+05:30,870742.5721070041,0
2026-07-28 11:50:00+05:30,870742.5721070041,0
2026-07-28 11:55:00+05:30,870742.5721070041,0
2026-07-28 12:00:00+05:30,870742.5721070041,0
2026-07-28 12:05:00+05:30,870742.5721070041,0
2026-07-28 12:10:00+05:30,870742.5721070041,0
2026-07-28 12:15:00+05:30,870742.5721070041,0
2026-07-28 12:20:00+05:30,870742.5721070041,0
2026-07-28 12:25:00+05:30,870742.5721070041,0
2026-07-28 12:30:00+05:30,870742.5721070041,0
2026-07-28 12:35:00+05:30,870742.5721070041,0
2026-07-28 12:40:00+05:30,870742.5721070041,0
2026-07-28 12:45:00+05:30,870742.5721070041,0
2026-07-28 12:50:00+05:30,870742.5721070041,0
2026-07-28 12:55:00+05:30,870742.5721070041,0
2026-07-28 13:00:00+05:30,870742.5721070041,0
2026-07-28 13:05:00+05:30,870742.5721070041,0
2026-07-28 13:10:00+05:30,870742.5721070041,0
2026-07-28 13:15:00+05:30,870110.6069280024,-1
2026-07-28 13:20:00+05:30,867565.9975530024,-1
2026-07-28 13:25:00+05:30,868308.1069280024,-1
2026-07-28 13:30:00+05:30,868895.9975530024,-1
2026-07-28 13:35:00+05:30,869179.5522405024,-1
2026-07-28 13:40:00+05:30,870142.0522405024,-1
2026-07-28 13:45:00+05:30,870649.5522405024,-1
2026-07-28 13:50:00+05:30,869396.6616155024,-1
2026-07-28 13:55:00+05:30,868370.9975530024,-1
2026-07-28 14:00:00+05:30,867919.5522405024,-1
2026-07-28 14:05:00+05:30,868203.1069280024,-1
2026-07-28 14:10:00+05:30,869673.1069280024,-1
2026-07-28 14:15:00+05:30,870169.9428655024,-1
2026-07-28 14:20:00+05:30,871237.4428655024,-1
2026-07-28 14:25:00+05:30,870537.4428655024,-1
2026-07-28 14:30:00+05:30,873330.6069280024,-1
2026-07-28 14:35:00+05:30,868654.7122080136,0
2026-07-28 14:40:00+05:30,868654.7122080136,0
2026-07-28 14:45:00+05:30,868654.7122080136,0
2026-07-28 14:50:00+05:30,868654.7122080136,0
2026-07-28 14:55:00+05:30,868654.7122080136,0
2026-07-28 15:00:00+05:30,868654.7122080136,0
2026-07-28 15:05:00+05:30,868654.7122080136,0
2026-07-28 15:10:00+05:30,868654.7122080136,0
2026-07-28 15:15:00+05:30,868654.7122080136,0
2026-07-28 15:20:00+05:30,868654.7122080136,0
2026-07-28 15:25:00+05:30,868654.7122080136,0
2026-07-29 09:15:00+05:30,868654.7122080136,0
2026-07-29 09:20:00+05:30,868654.7122080136,0
2026-07-29 09:25:00+05:30,868654.7122080136,0
2026-07-29 09:30:00+05:30,868654.7122080136,0
2026-07-29 09:35:00+05:30,868654.7122080136,0
2026-07-29 09:40:00+05:30,868654.7122080136,0
2026-07-29 09:45:00+05:30,868654.7122080136,0
2026-07-29 09:50:00+05:30,868654.7122080136,0
2026-07-29 09:55:00+05:30,868654.7122080136,0
2026-07-29 10:00:00+05:30,868654.7122080136,0
2026-07-29 10:05:00+05:30,868654.7122080136,0
2026-07-29 10:10:00+05:30,868033.6530074114,1
2026-07-29 10:15:00+05:30,866796.3483199114,1
2026-07-29 10:20:00+05:30,866967.7936324114,1
2026-07-29 10:25:00+05:30,865489.0436324114,1
2026-07-29 10:30:00+05:30,866859.3756636614,1
2026-07-29 10:35:00+05:30,865923.1256636614,1
2026-07-29 10:40:00+05:30,866847.0709761614,1
2026-07-29 10:45:00+05:30,862690.6777307532,0
2026-07-29 10:50:00+05:30,862690.6777307532,0
2026-07-29 10:55:00+05:30,862690.6777307532,0
2026-07-29 11:00:00+05:30,862690.6777307532,0
2026-07-29 11:05:00+05:30,862690.6777307532,0
2026-07-29 11:10:00+05:30,862690.6777307532,0
2026-07-29 11:15:00+05:30,862690.6777307532,0
2026-07-29 11:20:00+05:30,862690.6777307532,0
2026-07-29 11:25:00+05:30,862690.6777307532,0
2026-07-29 11:30:00+05:30,862690.6777307532,0
2026-07-29 11:35:00+05:30,862690.6777307532,0
2026-07-29 11:40:00+05:30,862690.6777307532,0
2026-07-29 11:45:00+05:30,862690.6777307532,0
2026-07-29 11:50:00+05:30,862690.6777307532,0
2026-07-29 11:55:00+05:30,862690.6777307532,0
2026-07-29 12:00:00+05:30,862690.6777307532,0
2026-07-29 12:05:00+05:30,862690.6777307532,0
2026-07-29 12:10:00+05:30,861823.8524860478,1
2026-07-29 12:15:00+05:30,859951.3524860478,1
2026-07-29 12:20:00+05:30,860056.3524860478,1
2026-07-29 12:25:00+05:30,858355.2977985478,1
2026-07-29 12:30:00+05:30,858985.2977985478,1
2026-07-29 12:35:00+05:30,859625.9618610478,1
2026-07-29 12:40:00+05:30,858645.9618610478,1
2026-07-29 12:45:00+05:30,856777.0165485478,1
2026-07-29 12:50:00+05:30,854592.1841808034,0
2026-07-29 12:55:00+05:30,854592.1841808034,0
2026-07-29 13:00:00+05:30,854592.1841808034,0
2026-07-29 13:05:00+05:30,854592.1841808034,0
2026-07-29 13:10:00+05:30,854592.1841808034,0
2026-07-29 13:15:00+05:30,854592.1841808034,0
2026-07-29 13:20:00+05:30,854592.1841808034,0
2026-07-29 13:25:00+05:30,854592.1841808034,0
2026-07-29 13:30:00+05:30,854592.1841808034,0
2026-07-29 13:35:00+05:30,854592.1841808034,0
2026-07-29 13:40:00+05:30,854592.1841808034,0
2026-07-29 13:45:00+05:30,854592.1841808034,0
2026-07-29 13:50:00+05:30,854592.1841808034,0
2026-07-29 13:55:00+05:30,854592.1841808034,0
2026-07-29 14:00:00+05:30,854592.1841808034,0
2026-07-29 14:05:00+05:30,854592.1841808034,0
2026-07-29 14:10:00+05:30,854592.1841808034,0
2026-07-29 14:15:00+05:30,854592.1841808034,0
2026-07-29 14:20:00+05:30,854592.1841808034,0
2026-07-29 14:25:00+05:30,854592.1841808034,0
2026-07-29 14:30:00+05:30,854592.1841808034,0
2026-07-29 14:35:00+05:30,854592.1841808034,0
2026-07-29 14:40:00+05:30,854592.1841808034,0
2026-07-29 14:45:00+05:30,854592.1841808034,0
2026-07-29 14:50:00+05:30,854592.1841808034,0
2026-07-29 14:55:00+05:30,854592.1841808034,0
2026-07-29 15:00:00+05:30,854592.1841808034,0
2026-07-29 15:05:00+05:30,854592.1841808034,0
2026-07-29 15:10:00+05:30,854592.1841808034,0
2026-07-29 15:15:00+05:30,854592.1841808034,0
2026-07-29 15:20:00+05:30,854592.1841808034,0
2026-07-29 15:25:00+05:30,854592.1841808034,0
2026-07-30 09:15:00+05:30,854592.1841808034,0
2026-07-30 09:20:00+05:30,854592.1841808034,0
2026-07-30 09:25:00+05:30,854592.1841808034,0
2026-07-30 09:30:00+05:30,854592.1841808034,0
2026-07-30 09:35:00+05:30,854592.1841808034,0
2026-07-30 09:40:00+05:30,854704.1308559598,-1
2026-07-30 09:45:00+05:30,852457.2949184598,-1
2026-07-30 09:50:00+05:30,851403.7402309598,-1
2026-07-30 09:55:00+05:30,848421.6308559598,-1
2026-07-30 10:00:00+05:30,848642.2949184598,-1
2026-07-30 10:05:00+05:30,851036.2402309598,-1
2026-07-30 10:10:00+05:30,854616.6308559598,-1
2026-07-30 10:15:00+05:30,855957.2949184598,-1
2026-07-30 10:20:00+05:30,854011.2402309598,-1
2026-07-30 10:25:00+05:30,857308.3496059598,-1
2026-07-30 10:30:00+05:30,857899.7949184598,-1
2026-07-30 10:35:00+05:30,855358.7402309598,-1
2026-07-30 10:40:00+05:30,852842.2949184598,-1
2026-07-30 10:45:00+05:30,851267.2949184598,-1
2026-07-30 10:50:00+05:30,851900.8496059598,-1
2026-07-30 10:55:00+05:30,851652.2949184598,-1
2026-07-30 11:00:00+05:30,850084.1308559598,-1
2026-07-30 11:05:00+05:30,850525.1855434598,-1
2026-07-30 11:10:00+05:30,850245.1855434598,-1
2026-07-30 11:15:00+05:30,850640.8496059598,-1
2026-07-30 11:20:00+05:30,850483.3496059598,-1
2026-07-30 11:25:00+05:30,849401.6308559598,-1
2026-07-30 11:30:00+05:30,848040.1855434598,-1
2026-07-30 11:35:00+05:30,850185.8496059598,-1
2026-07-30 11:40:00+05:30,850875.1855434598,-1
2026-07-30 11:45:00+05:30,853647.2949184598,-1
2026-07-30 11:50:00+05:30,854455.8496059598,-1
2026-07-30 11:55:00+05:30,854175.8496059598,-1
2026-07-30 12:00:00+05:30,854242.2949184598,-1
2026-07-30 12:05:00+05:30,853556.2402309598,-1
2026-07-30 12:10:00+05:30,852324.1308559598,-1
2026-07-30 12:15:00+05:30,849832.2949184598,-1
2026-07-30 12:20:00+05:30,850983.7402309598,-1
2026-07-30 12:25:00+05:30,849531.2402309598,-1
2026-07-30 12:30:00+05:30,844707.560460519,0
2026-07-30 12:35:00+05:30,844707.560460519,0
2026-07-30 12:40:00+05:30,844707.560460519,0
2026-07-30 12:45:00+05:30,844707.560460519,0
2026-07-30 12:50:00+05:30,844707.560460519,0
2026-07-30 12:55:00+05:30,844707.560460519,0
2026-07-30 13:00:00+05:30,844707.560460519,0
2026-07-30 13:05:00+05:30,844707.560460519,0
2026-07-30 13:10:00+05:30,844707.560460519,0
2026-07-30 13:15:00+05:30,844707.560460519,0
2026-07-30 13:20:00+05:30,844707.560460519,0
2026-07-30 13:25:00+05:30,844707.560460519,0
2026-07-30 13:30:00+05:30,844707.560460519,0
2026-07-30 13:35:00+05:30,844707.560460519,0
2026-07-30 13:40:00+05:30,844707.560460519,0
2026-07-30 13:45:00+05:30,844707.560460519,0
2026-07-30 13:50:00+05:30,844707.560460519,0
2026-07-30 13:55:00+05:30,844707.560460519,0
2026-07-30 14:00:00+05:30,844707.560460519,0
2026-07-30 14:05:00+05:30,844707.560460519,0
2026-07-30 14:10:00+05:30,844707.560460519,0
2026-07-30 14:15:00+05:30,844707.560460519,0
2026-07-30 14:20:00+05:30,844707.560460519,0
2026-07-30 14:25:00+05:30,844707.560460519,0
2026-07-30 14:30:00+05:30,844707.560460519,0
2026-07-30 14:35:00+05:30,844707.560460519,0
2026-07-30 14:40:00+05:30,844707.560460519,0
2026-07-30 14:45:00+05:30,844707.560460519,0
2026-07-30 14:50:00+05:30,844707.560460519,0
2026-07-30 14:55:00+05:30,844707.560460519,0
2026-07-30 15:00:00+05:30,844707.560460519,0
2026-07-30 15:05:00+05:30,844707.560460519,0
2026-07-30 15:10:00+05:30,844707.560460519,0
2026-07-30 15:15:00+05:30,844707.560460519,0
2026-07-30 15:20:00+05:30,844707.560460519,0
2026-07-30 15:25:00+05:30,844707.560460519,0
2026-07-31 09:15:00+05:30,844707.560460519,0
2026-07-31 09:20:00+05:30,844707.560460519,0
2026-07-31 09:25:00+05:30,844707.560460519,0
2026-07-31 09:30:00+05:30,844707.560460519,0
2026-07-31 09:35:00+05:30,844707.560460519,0
2026-07-31 09:40:00+05:30,844707.560460519,0
2026-07-31 09:45:00+05:30,844707.560460519,0
2026-07-31 09:50:00+05:30,844707.560460519,0
2026-07-31 09:55:00+05:30,844707.560460519,0
2026-07-31 10:00:00+05:30,844707.560460519,0
2026-07-31 10:05:00+05:30,844707.560460519,0
2026-07-31 10:10:00+05:30,844707.560460519,0
2026-07-31 10:15:00+05:30,844707.560460519,0
2026-07-31 10:20:00+05:30,844707.560460519,0
2026-07-31 10:25:00+05:30,844707.560460519,0
2026-07-31 10:30:00+05:30,844707.560460519,0
2026-07-31 10:35:00+05:30,844707.560460519,0
2026-07-31 10:40:00+05:30,844707.560460519,0
2026-07-31 10:45:00+05:30,844707.560460519,0
2026-07-31 10:50:00+05:30,844707.560460519,0
2026-07-31 10:55:00+05:30,844707.560460519,0
2026-07-31 11:00:00+05:30,844707.560460519,0
2026-07-31 11:05:00+05:30,844707.560460519,0
2026-07-31 11:10:00+05:30,844707.560460519,0
2026-07-31 11:15:00+05:30,844707.560460519,0
2026-07-31 11:20:00+05:30,844707.560460519,0
2026-07-31 11:25:00+05:30,844707.560460519,0
2026-07-31 11:30:00+05:30,844707.560460519,0
2026-07-31 11:35:00+05:30,844707.560460519,0
2026-07-31 11:40:00+05:30,844707.560460519,0
2026-07-31 11:45:00+05:30,844707.560460519,0
2026-07-31 11:50:00+05:30,844707.560460519,0
2026-07-31 11:55:00+05:30,844707.560460519,0
2026-07-31 12:00:00+05:30,844707.560460519,0
2026-07-31 12:05:00+05:30,844707.560460519,0
2026-07-31 12:10:00+05:30,844707.560460519,0
2026-07-31 12:15:00+05:30,844707.560460519,0
2026-07-31 12:20:00+05:30,844707.560460519,0
2026-07-31 12:25:00+05:30,844707.560460519,0
2026-07-31 12:30:00+05:30,844707.560460519,0
2026-07-31 12:35:00+05:30,844707.560460519,0
2026-07-31 12:40:00+05:30,844707.560460519,0
2026-07-31 12:45:00+05:30,844707.560460519,0
2026-07-31 12:50:00+05:30,844707.560460519,0
2026-07-31 12:55:00+05:30,844707.560460519,0
2026-07-31 13:00:00+05:30,844707.560460519,0
2026-07-31 13:05:00+05:30,844707.560460519,0
2026-07-31 13:10:00+05:30,844707.560460519,0
2026-07-31 13:15:00+05:30,844707.560460519,0
2026-07-31 13:20:00+05:30,844707.560460519,0
2026-07-31 13:25:00+05:30,844707.560460519,0
2026-07-31 13:30:00+05:30,837732.4171580564,0
2026-07-31 13:35:00+05:30,837732.4171580564,0
2026-07-31 13:40:00+05:30,837732.4171580564,0
2026-07-31 13:45:00+05:30,837732.4171580564,0
2026-07-31 13:50:00+05:30,837732.4171580564,0
2026-07-31 13:55:00+05:30,837732.4171580564,0
2026-07-31 14:00:00+05:30,837732.4171580564,0
2026-07-31 14:05:00+05:30,837732.4171580564,0
2026-07-31 14:10:00+05:30,837732.4171580564,0
2026-07-31 14:15:00+05:30,837732.4171580564,0
2026-07-31 14:20:00+05:30,837732.4171580564,0
2026-07-31 14:25:00+05:30,837732.4171580564,0
2026-07-31 14:30:00+05:30,837732.4171580564,0
2026-07-31 14:35:00+05:30,837732.4171580564,0
2026-07-31 14:40:00+05:30,837732.4171580564,0
2026-07-31 14:45:00+05:30,837732.4171580564,0
2026-07-31 14:50:00+05:30,837732.4171580564,0
2026-07-31 14:55:00+05:30,837732.4171580564,0
2026-07-31 15:00:00+05:30,837732.4171580564,0
2026-07-31 15:05:00+05:30,837732.4171580564,0
2026-07-31 15:10:00+05:30,837732.4171580564,0
2026-07-31 15:15:00+05:30,837732.4171580564,0
2026-07-31 15:20:00+05:30,837732.4171580564,0
2026-07-31 15:25:00+05:30,837732.4171580564,0
2026-08-03 09:15:00+05:30,837732.4171580564,0
2026-08-03 09:20:00+05:30,837732.4171580564,0
2026-08-03 09:25:00+05:30,837732.4171580564,0
2026-08-03 09:30:00+05:30,837732.4171580564,0
2026-08-03 09:35:00+05:30,837732.4171580564,0
2026-08-03 09:40:00+05:30,841242.098025808,1
2026-08-03 09:45:00+05:30,840412.488650808,1
2026-08-03 09:50:00+05:30,843366.707400808,1
2026-08-03 09:55:00+05:30,843513.543338308,1
2026-08-03 10:00:00+05:30,844626.707400808,1
2026-08-03 10:05:00+05:30,842799.598025808,1
2026-08-03 10:10:00+05:30,842319.988650808,1
2026-08-03 10:15:00+05:30,842467.098025808,1
2026-08-03 10:20:00+05:30,840440.652713308,1
2026-08-03 10:25:00+05:30,841917.488650808,1
2026-08-03 10:30:00+05:30,840612.098025808,1
2026-08-03 10:35:00+05:30,835612.1852156323,0
2026-08-03 10:40:00+05:30,835612.1852156323,0
2026-08-03 10:45:00+05:30,835612.1852156323,0
2026-08-03 10:50:00+05:30,835612.1852156323,0
2026-08-03 10:55:00+05:30,835612.1852156323,0
2026-08-03 11:00:00+05:30,835612.1852156323,0
2026-08-03 11:05:00+05:30,835612.1852156323,0
2026-08-03 11:10:00+05:30,835612.1852156323,0
2026-08-03 11:15:00+05:30,835612.1852156323,0
2026-08-03 11:20:00+05:30,835612.1852156323,0
2026-08-03 11:25:00+05:30,835612.1852156323,0
2026-08-03 11:30:00+05:30,835612.1852156323,0
2026-08-03 11:35:00+05:30,835612.1852156323,0
2026-08-03 11:40:00+05:30,835612.1852156323,0
2026-08-03 11:45:00+05:30,835612.1852156323,0
2026-08-03 11:50:00+05:30,835612.1852156323,0
2026-08-03 11:55:00+05:30,835612.1852156323,0
2026-08-03 12:00:00+05:30,835612.1852156323,0
2026-08-03 12:05:00+05:30,835612.1852156323,0
2026-08-03 12:10:00+05:30,835612.1852156323,0
2026-08-03 12:15:00+05:30,835612.1852156323,0
2026-08-03 12:20:00+05:30,835612.1852156323,0
2026-08-03 12:25:00+05:30,835612.1852156323,0
2026-08-03 12:30:00+05:30,835612.1852156323,0
2026-08-03 12:35:00+05:30,835612.1852156323,0
2026-08-03 12:40:00+05:30,835612.1852156323,0
2026-08-03 12:45:00+05:30,835612.1852156323,0
2026-08-03 12:50:00+05:30,835612.1852156323,0
2026-08-03 12:55:00+05:30,835612.1852156323,0
2026-08-03 13:00:00+05:30,835612.1852156323,0
2026-08-03 13:05:00+05:30,835612.1852156323,0
2026-08-03 13:10:00+05:30,835612.1852156323,0
2026-08-03 13:15:00+05:30,835612.1852156323,0
2026-08-03 13:20:00+05:30,835612.1852156323,0
2026-08-03 13:25:00+05:30,835612.1852156323,0
2026-08-03 13:30:00+05:30,835612.1852156323,0
2026-08-03 13:35:00+05:30,835612.1852156323,0
2026-08-03 13:40:00+05:30,835612.1852156323,0
2026-08-03 13:45:00+05:30,835612.1852156323,0
2026-08-03 13:50:00+05:30,835612.1852156323,0
2026-08-03 13:55:00+05:30,835612.1852156323,0
2026-08-03 14:00:00+05:30,835612.1852156323,0
2026-08-03 14:05:00+05:30,835612.1852156323,0
2026-08-03 14:10:00+05:30,835612.1852156323,0
2026-08-03 14:15:00+05:30,835612.1852156323,0
2026-08-03 14:20:00+05:30,835612.1852156323,0
2026-08-03 14:25:00+05:30,835612.1852156323,0
2026-08-03 14:30:00+05:30,835612.1852156323,0
2026-08-03 14:35:00+05:30,835612.1852156323,0
2026-08-03 14:40:00+05:30,835612.1852156323,0
2026-08-03 14:45:00+05:30,835612.1852156323,0
2026-08-03 14:50:00+05:30,835612.1852156323,0
2026-08-03 14:55:00+05:30,835612.1852156323,0
2026-08-03 15:00:00+05:30,835612.1852156323,0
2026-08-03 15:05:00+05:30,835612.1852156323,0
2026-08-03 15:10:00+05:30,835612.1852156323,0
2026-08-03 15:15:00+05:30,835612.1852156323,0
2026-08-03 15:20:00+05:30,835612.1852156323,0
2026-08-03 15:25:00+05:30,835612.1852156323,0
2026-08-04 09:15:00+05:30,835612.1852156323,0
2026-08-04 09:20:00+05:30,835612.1852156323,0
2026-08-04 09:25:00+05:30,835612.1852156323,0
2026-08-04 09:30:00+05:30,835612.1852156323,0
2026-08-04 09:35:00+05:30,835612.1852156323,0
2026-08-04 09:40:00+05:30,835612.1852156323,0
2026-08-04 09:45:00+05:30,835612.1852156323,0
2026-08-04 09:50:00+05:30,835612.1852156323,0
2026-08-04 09:55:00+05:30,835612.1852156323,0
2026-08-04 10:00:00+05:30,835612.1852156323,0
2026-08-04 10:05:00+05:30,835612.1852156323,0
2026-08-04 10:10:00+05:30,835612.1852156323,0
2026-08-04 10:15:00+05:30,835612.1852156323,0
2026-08-04 10:20:00+05:30,835612.1852156323,0
2026-08-04 10:25:00+05:30,835612.1852156323,0
2026-08-04 10:30:00+05:30,835612.1852156323,0
2026-08-04 10:35:00+05:30,835612.1852156323,0
2026-08-04 10:40:00+05:30,835612.1852156323,0
2026-08-04 10:45:00+05:30,835612.1852156323,0
2026-08-04 10:50:00+05:30,835612.1852156323,0
2026-08-04 10:55:00+05:30,835612.1852156323,0
2026-08-04 11:00:00+05:30,835612.1852156323,0
2026-08-04 11:05:00+05:30,835612.1852156323,0
2026-08-04 11:10:00+05:30,835612.1852156323,0
2026-08-04 11:15:00+05:30,835612.1852156323,0
2026-08-04 11:20:00+05:30,835452.2851536435,-1
2026-08-04 11:25:00+05:30,835102.2851536435,-1
2026-08-04 11:30:00+05:30,838570.8398411435,-1
2026-08-04 11:35:00+05:30,839946.2304661435,-1
2026-08-04 11:40:00+05:30,839879.7851536435,-1
2026-08-04 11:45:00+05:30,844303.7304661435,-1
2026-08-04 11:50:00+05:30,842109.1210911435,-1
2026-08-04 11:55:00+05:30,843477.6757786435,-1
2026-08-04 12:00:00+05:30,843260.8398411435,-1
2026-08-04 12:05:00+05:30,845220.8398411435,-1
2026-08-04 12:10:00+05:30,843120.8398411435,-1
2026-08-04 12:15:00+05:30,840338.3398411435,-1
2026-08-04 12:20:00+05:30,842081.2304661435,-1
2026-08-04 12:25:00+05:30,842004.1210911435,-1
2026-08-04 12:30:00+05:30,843068.3398411435,-1
2026-08-04 12:35:00+05:30,845077.2851536435,-1
2026-08-04 12:40:00+05:30,847726.6210911435,-1
2026-08-04 12:45:00+05:30,846883.3398411435,-1
2026-08-04 12:50:00+05:30,846263.7304661435,-1
2026-08-04 12:55:00+05:30,849980.8398411435,-1
2026-08-04 13:00:00+05:30,847828.3398411435,-1
2026-08-04 13:05:00+05:30,848906.2304661435,-1
2026-08-04 13:10:00+05:30,849399.7851536435,-1
2026-08-04 13:15:00+05:30,848965.8398411435,-1
2026-08-04 13:20:00+05:30,849392.6757786435,-1
2026-08-04 13:25:00+05:30,852724.7851536435,-1
2026-08-04 13:30:00+05:30,853221.6210911435,-1
2026-08-04 13:35:00+05:30,851342.2851536435,-1
2026-08-04 13:40:00+05:30,853263.7304661435,-1
2026-08-04 13:45:00+05:30,851552.2851536435,-1
2026-08-04 13:50:00+05:30,853771.2304661435,-1
2026-08-04 13:55:00+05:30,853078.3398411435,-1
2026-08-04 14:00:00+05:30,853470.1757786435,-1
2026-08-04 14:05:00+05:30,850869.7851536435,-1
2026-08-04 14:10:00+05:30,847845.8398411435,-1
2026-08-04 14:15:00+05:30,844625.8398411435,-1
2026-08-04 14:20:00+05:30,843445.6055518402,0
2026-08-04 14:25:00+05:30,843445.6055518402,0
2026-08-04 14:30:00+05:30,843445.6055518402,0
2026-08-04 14:35:00+05:30,843445.6055518402,0
2026-08-04 14:40:00+05:30,843445.6055518402,0
2026-08-04 14:45:00+05:30,843445.6055518402,0
2026-08-04 14:50:00+05:30,843445.6055518402,0
2026-08-04 14:55:00+05:30,843445.6055518402,0
2026-08-04 15:00:00+05:30,843445.6055518402,0
2026-08-04 15:05:00+05:30,843445.6055518402,0
2026-08-04 15:10:00+05:30,843445.6055518402,0
2026-08-04 15:15:00+05:30,843445.6055518402,0
2026-08-04 15:20:00+05:30,843445.6055518402,0
2026-08-04 15:25:00+05:30,843445.6055518402,0
2026-08-05 09:15:00+05:30,843445.6055518402,0
2026-08-05 09:20:00+05:30,843445.6055518402,0
2026-08-05 09:25:00+05:30,843445.6055518402,0
2026-08-05 09:30:00+05:30,843445.6055518402,0
2026-08-05 09:35:00+05:30,843445.6055518402,0
2026-08-05 09:40:00+05:30,843445.6055518402,0
2026-08-05 09:45:00+05:30,843445.6055518402,0
2026-08-05 09:50:00+05:30,843445.6055518402,0
2026-08-05 09:55:00+05:30,843445.6055518402,0
2026-08-05 10:00:00+05:30,843445.6055518402,0
2026-08-05 10:05:00+05:30,843445.6055518402,0
2026-08-05 10:10:00+05:30,843445.6055518402,0
2026-08-05 10:15:00+05:30,843445.6055518402,0
2026-08-05 10:20:00+05:30,843445.6055518402,0
2026-08-05 10:25:00+05:30,843445.6055518402,0
2026-08-05 10:30:00+05:30,843445.6055518402,0
2026-08-05 10:35:00+05:30,843445.6055518402,0
2026-08-05 10:40:00+05:30,843445.6055518402,0
2026-08-05 10:45:00+05:30,843445.6055518402,0
2026-08-05 10:50:00+05:30,843445.6055518402,0
2026-08-05 10:55:00+05:30,843445.6055518402,0
2026-08-05 11:00:00+05:30,843445.6055518402,0
2026-08-05 11:05:00+05:30,843445.6055518402,0
2026-08-05 11:10:00+05:30,843445.6055518402,0
2026-08-05 11:15:00+05:30,843445.6055518402,0
2026-08-05 11:20:00+05:30,843445.6055518402,0
2026-08-05 11:25:00+05:30,843445.6055518402,0
2026-08-05 11:30:00+05:30,843445.6055518402,0
2026-08-05 11:35:00+05:30,843445.6055518402,0
2026-08-05 11:40:00+05:30,843445.6055518402,0
2026-08-05 11:45:00+05:30,843445.6055518402,0
2026-08-05 11:50:00+05:30,843445.6055518402,0
2026-08-05 11:55:00+05:30,843445.6055518402,0
2026-08-05 12:00:00+05:30,843445.6055518402,0
2026-08-05 12:05:00+05:30,843445.6055518402,0
2026-08-05 12:10:00+05:30,843445.6055518402,0
2026-08-05 12:15:00+05:30,843445.6055518402,0
2026-08-05 12:20:00+05:30,843445.6055518402,0
2026-08-05 12:25:00+05:30,843445.6055518402,0
2026-08-05 12:30:00+05:30,843445.6055518402,0
2026-08-05 12:35:00+05:30,841636.1047002113,-1
2026-08-05 12:40:00+05:30,842983.6047002113,-1
2026-08-05 12:45:00+05:30,844429.2687627113,-1
2026-08-05 12:50:00+05:30,844768.6047002113,-1
2026-08-05 12:55:00+05:30,845437.1593877113,-1
2026-08-05 13:00:00+05:30,843018.6047002113,-1
2026-08-05 13:05:00+05:30,844341.7687627113,-1
2026-08-05 13:10:00+05:30,845766.1047002113,-1
2026-08-05 13:15:00+05:30,842826.1047002113,-1
2026-08-05 13:20:00+05:30,846301.7687627113,-1
2026-08-05 13:25:00+05:30,846382.1593877113,-1
2026-08-05 13:30:00+05:30,847372.5500127113,-1
2026-08-05 13:35:00+05:30,847463.6047002113,-1
2026-08-05 13:40:00+05:30,850519.2687627113,-1
2026-08-05 13:45:00+05:30,843834.2687627113,-1
2026-08-05 13:50:00+05:30,841329.6548645172,0
2026-08-05 13:55:00+05:30,841329.6548645172,0
2026-08-05 14:00:00+05:30,841329.6548645172,0
2026-08-05 14:05:00+05:30,841329.6548645172,0
2026-08-05 14:10:00+05:30,841329.6548645172,0
2026-08-05 14:15:00+05:30,841329.6548645172,0
2026-08-05 14:20:00+05:30,841329.6548645172,0
2026-08-05 14:25:00+05:30,841329.6548645172,0
2026-08-05 14:30:00+05:30,841329.6548645172,0
2026-08-05 14:35:00+05:30,841329.6548645172,0
2026-08-05 14:40:00+05:30,841329.6548645172,0
2026-08-05 14:45:00+05:30,841329.6548645172,0
2026-08-05 14:50:00+05:30,841329.6548645172,0
2026-08-05 14:55:00+05:30,841329.6548645172,0
2026-08-05 15:00:00+05:30,841329.6548645172,0
2026-08-05 15:05:00+05:30,841329.6548645172,0
2026-08-05 15:10:00+05:30,841329.6548645172,0
2026-08-05 15:15:00+05:30,841329.6548645172,0
2026-08-05 15:20:00+05:30,841329.6548645172,0
2026-08-05 15:25:00+05:30,841329.6548645172,0
2026-08-06 09:15:00+05:30,841329.6548645172,0
2026-08-06 09:20:00+05:30,841329.6548645172,0
2026-08-06 09:25:00+05:30,841329.6548645172,0
2026-08-06 09:30:00+05:30,841329.6548645172,0
2026-08-06 09:35:00+05:30,841329.6548645172,0
2026-08-06 09:40:00+05:30,841329.6548645172,0
2026-08-06 09:45:00+05:30,841329.6548645172,0
2026-08-06 09:50:00+05:30,839508.9185268274,1
2026-08-06 09:55:00+05:30,835553.9185268274,1
2026-08-06 10:00:00+05:30,832062.2462681978,0
2026-08-06 10:05:00+05:30,832062.2462681978,0
2026-08-06 10:10:00+05:30,832062.2462681978,0
2026-08-06 10:15:00+05:30,832062.2462681978,0
2026-08-06 10:20:00+05:30,832062.2462681978,0
2026-08-06 10:25:00+05:30,832062.2462681978,0
2026-08-06 10:30:00+05:30,832062.2462681978,0
2026-08-06 10:35:00+05:30,832062.2462681978,0
2026-08-06 10:40:00+05:30,832062.2462681978,0
2026-08-06 10:45:00+05:30,832062.2462681978,0
2026-08-06 10:50:00+05:30,832062.2462681978,0
2026-08-06 10:55:00+05:30,832062.2462681978,0
2026-08-06 11:00:00+05:30,831868.2168804519,1
2026-08-06 11:05:00+05:30,830457.5528179519,1
2026-08-06 11:10:00+05:30,831210.0528179519,1
2026-08-06 11:15:00+05:30,831808.6075054519,1
2026-08-06 11:20:00+05:30,832123.6075054519,1
2026-08-06 11:25:00+05:30,831682.5528179519,1
2026-08-06 11:30:00+05:30,831035.0528179519,1
2026-08-06 11:35:00+05:30,830972.1621929519,1
2026-08-06 11:40:00+05:30,828056.7715679519,1
2026-08-06 11:45:00+05:30,828284.2715679519,1
2026-08-06 11:50:00+05:30,831889.2715679519,1
2026-08-06 11:55:00+05:30,833929.6621929519,1
2026-08-06 12:00:00+05:30,833975.0528179519,1
2026-08-06 12:05:00+05:30,833607.5528179519,1
2026-08-06 12:10:00+05:30,833429.2715679519,1
2026-08-06 12:15:00+05:30,834164.2715679519,1
2026-08-06 12:20:00+05:30,834325.0528179519,1
2026-08-06 12:25:00+05:30,834976.1075054519,1
2026-08-06 12:30:00+05:30,834948.2168804519,1
2026-08-06 12:35:00+05:30,834185.0528179519,1
2026-08-06 12:40:00+05:30,834395.0528179519,1
2026-08-06 12:45:00+05:30,831486.7715679519,1
2026-08-06 12:50:00+05:30,831189.2715679519,1
2026-08-06 12:55:00+05:30,833222.5528179519,1
2026-08-06 13:00:00+05:30,833513.2168804519,1
2026-08-06 13:05:00+05:30,832228.6075054519,1
2026-08-06 13:10:00+05:30,833131.7715679519,1
2026-08-06 13:15:00+05:30,836449.6621929519,1
2026-08-06 13:20:00+05:30,833338.2168804519,1
2026-08-06 13:25:00+05:30,834804.6621929519,1
2026-08-06 13:30:00+05:30,834797.5528179519,1
2026-08-06 13:35:00+05:30,835910.7168804519,1
2026-08-06 13:40:00+05:30,837629.2715679519,1
2026-08-06 13:45:00+05:30,836278.2168804519,1
2026-08-06 13:50:00+05:30,838017.5528179519,1
2026-08-06 13:55:00+05:30,840824.6621929519,1
2026-08-06 14:00:00+05:30,839795.7168804519,1
2026-08-06 14:05:00+05:30,840131.7715679519,1
2026-08-06 14:10:00+05:30,841640.0528179519,1
2026-08-06 14:15:00+05:30,841993.6075054519,1
2026-08-06 14:20:00+05:30,841402.1621929519,1
2026-08-06 14:25:00+05:30,840366.1075054519,1
2026-08-06 14:30:00+05:30,839442.1621929519,1
2026-08-06 14:35:00+05:30,839302.1621929519,1
2026-08-06 14:40:00+05:30,840121.1075054519,1
2026-08-06 14:45:00+05:30,840030.0528179519,1
2026-08-06 14:50:00+05:30,839204.2715679519,1
2026-08-06 14:55:00+05:30,838528.6075054519,1
2026-08-06 15:00:00+05:30,838084.2715679519,1
2026-08-06 15:05:00+05:30,838969.6621929519,1
2026-08-06 15:10:00+05:30,838878.6075054519,1
2026-08-06 15:15:00+05:30,836467.7983979175,0
2026-08-06 15:20:00+05:30,836467.7983979175,0
2026-08-06 15:25:00+05:30,836467.7983979175,0
2026-08-07 09:15:00+05:30,836467.7983979175,0
2026-08-07 09:20:00+05:30,836467.7983979175,0
2026-08-07 09:25:00+05:30,836467.7983979175,0
2026-08-07 09:30:00+05:30,836467.7983979175,0
2026-08-07 09:35:00+05:30,836467.7983979175,0
2026-08-07 09:40:00+05:30,836467.7983979175,0
2026-08-07 09:45:00+05:30,836467.7983979175,0
2026-08-07 09:50:00+05:30,836467.7983979175,0
2026-08-07 09:55:00+05:30,836467.7983979175,0
2026-08-07 10:00:00+05:30,836467.7983979175,0
2026-08-07 10:05:00+05:30,836467.7983979175,0
2026-08-07 10:10:00+05:30,836467.7983979175,0
2026-08-07 10:15:00+05:30,836467.7983979175,0
2026-08-07 10:20:00+05:30,836467.7983979175,0
2026-08-07 10:25:00+05:30,836467.7983979175,0
2026-08-07 10:30:00+05:30,836467.7983979175,0
2026-08-07 10:35:00+05:30,836467.7983979175,0
2026-08-07 10:40:00+05:30,836467.7983979175,0
2026-08-07 10:45:00+05:30,836467.7983979175,0
2026-08-07 10:50:00+05:30,836467.7983979175,0
2026-08-07 10:55:00+05:30,836467.7983979175,0
2026-08-07 11:00:00+05:30,836467.7983979175,0
2026-08-07 11:05:00+05:30,830939.8593950495,-1
2026-08-07 11:10:00+05:30,827778.9136538941,0
2026-08-07 11:15:00+05:30,827778.9136538941,0
2026-08-07 11:20:00+05:30,827778.9136538941,0
2026-08-07 11:25:00+05:30,827778.9136538941,0
2026-08-07 11:30:00+05:30,827778.9136538941,0
2026-08-07 11:35:00+05:30,827778.9136538941,0
2026-08-07 11:40:00+05:30,827778.9136538941,0
2026-08-07 11:45:00+05:30,827778.9136538941,0
2026-08-07 11:50:00+05:30,827778.9136538941,0
2026-08-07 11:55:00+05:30,827778.9136538941,0
2026-08-07 12:00:00+05:30,827778.9136538941,0
2026-08-07 12:05:00+05:30,827778.9136538941,0
2026-08-07 12:10:00+05:30,827778.9136538941,0
2026-08-07 12:15:00+05:30,827193.8250231512,-1
2026-08-07 12:20:00+05:30,825951.3250231512,-1
2026-08-07 12:25:00+05:30,820664.6581658508,0
2026-08-07 12:30:00+05:30,820664.6581658508,0
2026-08-07 12:35:00+05:30,820664.6581658508,0
2026-08-07 12:40:00+05:30,820664.6581658508,0
2026-08-07 12:45:00+05:30,820664.6581658508,0
2026-08-07 12:50:00+05:30,820664.6581658508,0
2026-08-07 12:55:00+05:30,820664.6581658508,0
2026-08-07 13:00:00+05:30,820664.6581658508,0
2026-08-07 13:05:00+05:30,820664.6581658508,0
2026-08-07 13:10:00+05:30,820664.6581658508,0
2026-08-07 13:15:00+05:30,820664.6581658508,0
2026-08-07 13:20:00+05:30,820664.6581658508,0
2026-08-07 13:25:00+05:30,820664.6581658508,0
2026-08-07 13:30:00+05:30,820664.6581658508,0
2026-08-07 13:35:00+05:30,820664.6581658508,0
2026-08-07 13:40:00+05:30,820664.6581658508,0
2026-08-07 13:45:00+05:30,820664.6581658508,0
2026-08-07 13:50:00+05:30,820664.6581658508,0
2026-08-07 13:55:00+05:30,820664.6581658508,0
2026-08-07 14:00:00+05:30,820664.6581658508,0
2026-08-07 14:05:00+05:30,820664.6581658508,0
2026-08-07 14:10:00+05:30,820664.6581658508,0
2026-08-07 14:15:00+05:30,820664.6581658508,0
2026-08-07 14:20:00+05:30,820664.6581658508,0
2026-08-07 14:25:00+05:30,820664.6581658508,0
2026-08-07 14:30:00+05:30,820664.6581658508,0
2026-08-07 14:35:00+05:30,820664.6581658508,0
2026-08-07 14:40:00+05:30,820664.6581658508,0
2026-08-07 14:45:00+05:30,820664.6581658508,0
2026-08-07 14:50:00+05:30,820664.6581658508,0
2026-08-07 14:55:00+05:30,820664.6581658508,0
2026-08-07 15:00:00+05:30,820664.6581658508,0
2026-08-07 15:05:00+05:30,820664.6581658508,0
2026-08-07 15:10:00+05:30,820664.6581658508,0
2026-08-07 15:15:00+05:30,820664.6581658508,0
2026-08-07 15:20:00+05:30,820664.6581658508,0
2026-08-07 15:25:00+05:30,820664.6581658508,0
2026-08-10 09:15:00+05:30,820664.6581658508,0
2026-08-10 09:20:00+05:30,820664.6581658508,0
2026-08-10 09:25:00+05:30,820664.6581658508,0
2026-08-10 09:30:00+05:30,820664.6581658508,0
2026-08-10 09:35:00+05:30,820664.6581658508,0
2026-08-10 09:40:00+05:30,820664.6581658508,0
2026-08-10 09:45:00+05:30,820664.6581658508,0
2026-08-10 09:50:00+05:30,820664.6581658508,0
2026-08-10 09:55:00+05:30,820664.6581658508,0
2026-08-10 10:00:00+05:30,820664.6581658508,0
2026-08-10 10:05:00+05:30,820664.6581658508,0
2026-08-10 10:10:00+05:30,820664.6581658508,0
2026-08-10 10:15:00+05:30,820664.6581658508,0
2026-08-10 10:20:00+05:30,820664.6581658508,0
2026-08-10 10:25:00+05:30,820664.6581658508,0
2026-08-10 10:30:00+05:30,820664.6581658508,0
2026-08-10 10:35:00+05:30,820664.6581658508,0
2026-08-10 10:40:00+05:30,820664.6581658508,0
2026-08-10 10:45:00+05:30,820664.6581658508,0
2026-08-10 10:50:00+05:30,820664.6581658508,0
2026-08-10 10:55:00+05:30,820664.6581658508,0
2026-08-10 11:00:00+05:30,820664.6581658508,0
2026-08-10 11:05:00+05:30,820664.6581658508,0
2026-08-10 11:10:00+05:30,820664.6581658508,0
2026-08-10 11:15:00+05:30,820664.6581658508,0
2026-08-10 11:20:00+05:30,820664.6581658508,0
2026-08-10 11:25:00+05:30,820664.6581658508,0
2026-08-10 11:30:00+05:30,820664.6581658508,0
2026-08-10 11:35:00+05:30,820664.6581658508,0
2026-08-10 11:40:00+05:30,820664.6581658508,0
2026-08-10 11:45:00+05:30,820664.6581658508,0
2026-08-10 11:50:00+05:30,820664.6581658508,0
2026-08-10 11:55:00+05:30,820664.6581658508,0
2026-08-10 12:00:00+05:30,820664.6581658508,0
2026-08-10 12:05:00+05:30,820664.6581658508,0
2026-08-10 12:10:00+05:30,820664.6581658508,0
2026-08-10 12:15:00+05:30,820664.6581658508,0
2026-08-10 12:20:00+05:30,820664.6581658508,0
2026-08-10 12:25:00+05:30,820664.6581658508,0
2026-08-10 12:30:00+05:30,820664.6581658508,0
2026-08-10 12:35:00+05:30,820664.6581658508,0
2026-08-10 12:40:00+05:30,820664.6581658508,0
2026-08-10 12:45:00+05:30,820664.6581658508,0
2026-08-10 12:50:00+05:30,820664.6581658508,0
2026-08-10 12:55:00+05:30,820664.6581658508,0
2026-08-10 13:00:00+05:30,820664.6581658508,0
2026-08-10 13:05:00+05:30,820664.6581658508,0
2026-08-10 13:10:00+05:30,820664.6581658508,0
2026-08-10 13:15:00+05:30,820664.6581658508,0
2026-08-10 13:20:00+05:30,820664.6581658508,0
2026-08-10 13:25:00+05:30,820664.6581658508,0
2026-08-10 13:30:00+05:30,820664.6581658508,0
2026-08-10 13:35:00+05:30,820664.6581658508,0
2026-08-10 13:40:00+05:30,820664.6581658508,0
2026-08-10 13:45:00+05:30,820664.6581658508,0
2026-08-10 13:50:00+05:30,820664.6581658508,0
2026-08-10 13:55:00+05:30,820664.6581658508,0
2026-08-10 14:00:00+05:30,820664.6581658508,0
2026-08-10 14:05:00+05:30,820664.6581658508,0
2026-08-10 14:10:00+05:30,820664.6581658508,0
2026-08-10 14:15:00+05:30,820664.6581658508,0
2026-08-10 14:20:00+05:30,820664.6581658508,0
2026-08-10 14:25:00+05:30,820664.6581658508,0
2026-08-10 14:30:00+05:30,820664.6581658508,0
2026-08-10 14:35:00+05:30,820664.6581658508,0
2026-08-10 14:40:00+05:30,820664.6581658508,0
2026-08-10 14:45:00+05:30,820664.6581658508,0
2026-08-10 14:50:00+05:30,820664.6581658508,0
2026-08-10 14:55:00+05:30,820664.6581658508,0
2026-08-10 15:00:00+05:30,820664.6581658508,0
2026-08-10 15:05:00+05:30,820664.6581658508,0
2026-08-10 15:10:00+05:30,820664.6581658508,0
2026-08-10 15:15:00+05:30,820664.6581658508,0
2026-08-10 15:20:00+05:30,820664.6581658508,0
2026-08-10 15:25:00+05:30,820664.6581658508,0
2026-08-11 09:15:00+05:30,820664.6581658508,0
2026-08-11 09:20:00+05:30,820664.6581658508,0
2026-08-11 09:25:00+05:30,820664.6581658508,0
2026-08-11 09:30:00+05:30,820664.6581658508,0
2026-08-11 09:35:00+05:30,820382.461491295,-1
2026-08-11 09:40:00+05:30,820879.570866295,-1
2026-08-11 09:45:00+05:30,823868.516178795,-1
2026-08-11 09:50:00+05:30,824498.516178795,-1
2026-08-11 09:55:00+05:30,821477.852116295,-1
2026-08-11 10:00:00+05:30,818561.372814337,0
2026-08-11 10:05:00+05:30,818561.372814337,0
2026-08-11 10:10:00+05:30,818561.372814337,0
2026-08-11 10:15:00+05:30,818561.372814337,0
2026-08-11 10:20:00+05:30,818561.372814337,0
2026-08-11 10:25:00+05:30,818561.372814337,0
2026-08-11 10:30:00+05:30,818561.372814337,0
2026-08-11 10:35:00+05:30,818561.372814337,0
2026-08-11 10:40:00+05:30,818561.372814337,0
2026-08-11 10:45:00+05:30,818561.372814337,0
2026-08-11 10:50:00+05:30,818561.372814337,0
2026-08-11 10:55:00+05:30,818561.372814337,0
2026-08-11 11:00:00+05:30,818561.372814337,0
2026-08-11 11:05:00+05:30,818561.372814337,0
2026-08-11 11:10:00+05:30,818561.372814337,0
2026-08-11 11:15:00+05:30,818561.372814337,0
2026-08-11 11:20:00+05:30,818561.372814337,0
2026-08-11 11:25:00+05:30,818561.372814337,0
2026-08-11 11:30:00+05:30,818561.372814337,0
2026-08-11 11:35:00+05:30,818561.372814337,0
2026-08-11 11:40:00+05:30,818561.372814337,0
2026-08-11 11:45:00+05:30,818561.372814337,0
2026-08-11 11:50:00+05:30,818561.372814337,0
2026-08-11 11:55:00+05:30,818561.372814337,0
2026-08-11 12:00:00+05:30,818561.372814337,0
2026-08-11 12:05:00+05:30,818561.372814337,0
2026-08-11 12:10:00+05:30,818561.372814337,0
2026-08-11 12:15:00+05:30,818561.372814337,0
2026-08-11 12:20:00+05:30,818561.372814337,0
2026-08-11 12:25:00+05:30,818561.372814337,0
2026-08-11 12:30:00+05:30,818561.372814337,0
2026-08-11 12:35:00+05:30,818561.372814337,0
2026-08-11 12:40:00+05:30,818561.372814337,0
2026-08-11 12:45:00+05:30,818561.372814337,0
2026-08-11 12:50:00+05:30,818561.372814337,0
2026-08-11 12:55:00+05:30,818561.372814337,0
2026-08-11 13:00:00+05:30,818561.372814337,0
2026-08-11 13:05:00+05:30,818561.372814337,0
2026-08-11 13:10:00+05:30,818561.372814337,0
2026-08-11 13:15:00+05:30,818561.372814337,0
2026-08-11 13:20:00+05:30,818561.372814337,0
2026-08-11 13:25:00+05:30,818561.372814337,0
2026-08-11 13:30:00+05:30,818561.372814337,0
2026-08-11 13:35:00+05:30,818561.372814337,0
2026-08-11 13:40:00+05:30,818561.372814337,0
2026-08-11 13:45:00+05:30,818561.372814337,0
2026-08-11 13:50:00+05:30,818561.372814337,0
2026-08-11 13:55:00+05:30,818561.372814337,0
2026-08-11 14:00:00+05:30,818561.372814337,0
2026-08-11 14:05:00+05:30,818561.372814337,0
2026-08-11 14:10:00+05:30,818561.372814337,0
2026-08-11 14:15:00+05:30,818561.372814337,0
2026-08-11 14:20:00+05:30,818561.372814337,0
2026-08-11 14:25:00+05:30,818561.372814337,0
2026-08-11 14:30:00+05:30,818561.372814337,0
2026-08-11 14:35:00+05:30,818561.372814337,0
2026-08-11 14:40:00+05:30,818561.372814337,0
2026-08-11 14:45:00+05:30,818561.372814337,0
2026-08-11 14:50:00+05:30,818561.372814337,0
2026-08-11 14:55:00+05:30,818561.372814337,0
2026-08-11 15:00:00+05:30,818561.372814337,0
2026-08-11 15:05:00+05:30,818561.372814337,0
2026-08-11 15:10:00+05:30,818561.372814337,0
2026-08-11 15:15:00+05:30,818561.372814337,0
2026-08-11 15:20:00+05:30,818561.372814337,0
2026-08-11 15:25:00+05:30,818561.372814337,0
2026-08-12 09:15:00+05:30,818561.372814337,0
2026-08-12 09:20:00+05:30,818561.372814337,0
2026-08-12 09:25:00+05:30,818561.372814337,0
2026-08-12 09:30:00+05:30,818561.372814337,0
2026-08-12 09:35:00+05:30,818561.372814337,0
2026-08-12 09:40:00+05:30,818561.372814337,0
2026-08-12 09:45:00+05:30,818561.372814337,0
2026-08-12 09:50:00+05:30,818561.372814337,0
2026-08-12 09:55:00+05:30,818561.372814337,0
2026-08-12 10:00:00+05:30,818561.372814337,0
2026-08-12 10:05:00+05:30,818561.372814337,0
2026-08-12 10:10:00+05:30,818561.372814337,0
2026-08-12 10:15:00+05:30,818561.372814337,0
2026-08-12 10:20:00+05:30,818561.372814337,0
2026-08-12 10:25:00+05:30,818561.372814337,0
2026-08-12 10:30:00+05:30,818561.372814337,0
2026-08-12 10:35:00+05:30,818561.372814337,0
2026-08-12 10:40:00+05:30,818561.372814337,0
2026-08-12 10:45:00+05:30,818561.372814337,0
2026-08-12 10:50:00+05:30,818561.372814337,0
2026-08-12 10:55:00+05:30,818561.372814337,0
2026-08-12 11:00:00+05:30,818561.372814337,0
2026-08-12 11:05:00+05:30,818561.372814337,0
2026-08-12 11:10:00+05:30,818561.372814337,0
2026-08-12 11:15:00+05:30,818561.372814337,0
2026-08-12 11:20:00+05:30,818561.372814337,0
2026-08-12 11:25:00+05:30,818561.372814337,0
2026-08-12 11:30:00+05:30,818561.372814337,0
2026-08-12 11:35:00+05:30,818561.372814337,0
2026-08-12 11:40:00+05:30,818561.372814337,0
2026-08-12 11:45:00+05:30,818561.372814337,0
2026-08-12 11:50:00+05:30,818561.372814337,0
2026-08-12 11:55:00+05:30,818561.372814337,0
2026-08-12 12:00:00+05:30,818561.372814337,0
2026-08-12 12:05:00+05:30,818561.372814337,0
2026-08-12 12:10:00+05:30,818561.372814337,0
2026-08-12 12:15:00+05:30,818561.372814337,0
2026-08-12 12:20:00+05:30,818561.372814337,0
2026-08-12 12:25:00+05:30,818561.372814337,0
2026-08-12 12:30:00+05:30,818561.372814337,0
2026-08-12 12:35:00+05:30,818561.372814337,0
2026-08-12 12:40:00+05:30,818561.372814337,0
2026-08-12 12:45:00+05:30,818561.372814337,0
2026-08-12 12:50:00+05:30,818561.372814337,0
2026-08-12 12:55:00+05:30,818561.372814337,0
2026-08-12 13:00:00+05:30,818561.372814337,0
2026-08-12 13:05:00+05:30,818561.372814337,0
2026-08-12 13:10:00+05:30,818561.372814337,0
2026-08-12 13:15:00+05:30,818561.372814337,0
2026-08-12 13:20:00+05:30,818561.372814337,0
2026-08-12 13:25:00+05:30,818561.372814337,0
2026-08-12 13:30:00+05:30,818561.372814337,0
2026-08-12 13:35:00+05:30,818561.372814337,0
2026-08-12 13:40:00+05:30,818561.372814337,0
2026-08-12 13:45:00+05:30,818561.372814337,0
2026-08-12 13:50:00+05:30,818561.372814337,0
2026-08-12 13:55:00+05:30,818561.372814337,0
2026-08-12 14:00:00+05:30,818561.372814337,0
2026-08-12 14:05:00+05:30,818561.372814337,0
2026-08-12 14:10:00+05:30,818561.372814337,0
2026-08-12 14:15:00+05:30,818561.372814337,0
2026-08-12 14:20:00+05:30,818561.372814337,0
2026-08-12 14:25:00+05:30,818561.372814337,0
2026-08-12 14:30:00+05:30,818561.372814337,0
2026-08-12 14:35:00+05:30,818561.372814337,0
2026-08-12 14:40:00+05:30,818561.372814337,0
2026-08-12 14:45:00+05:30,818561.372814337,0
2026-08-12 14:50:00+05:30,818561.372814337,0
2026-08-12 14:55:00+05:30,818561.372814337,0
2026-08-12 15:00:00+05:30,818561.372814337,0
2026-08-12 15:05:00+05:30,818561.372814337,0
2026-08-12 15:10:00+05:30,818561.372814337,0
2026-08-12 15:15:00+05:30,818561.372814337,0
2026-08-12 15:20:00+05:30,818561.372814337,0
2026-08-12 15:25:00+05:30,818561.372814337,0
2026-08-13 09:15:00+05:30,818561.372814337,0
2026-08-13 09:20:00+05:30,818561.372814337,0
2026-08-13 09:25:00+05:30,818561.372814337,0
2026-08-13 09:30:00+05:30,818561.372814337,0
2026-08-13 09:35:00+05:30,818561.372814337,0
2026-08-13 09:40:00+05:30,818561.372814337,0
2026-08-13 09:45:00+05:30,818561.372814337,0
2026-08-13 09:50:00+05:30,818561.372814337,0
2026-08-13 09:55:00+05:30,818561.372814337,0
2026-08-13 10:00:00+05:30,818561.372814337,0
2026-08-13 10:05:00+05:30,818561.372814337,0
2026-08-13 10:10:00+05:30,818561.372814337,0
2026-08-13 10:15:00+05:30,818561.372814337,0
2026-08-13 10:20:00+05:30,818561.372814337,0
2026-08-13 10:25:00+05:30,818561.372814337,0
2026-08-13 10:30:00+05:30,818561.372814337,0
2026-08-13 10:35:00+05:30,818561.372814337,0
2026-08-13 10:40:00+05:30,818561.372814337,0
2026-08-13 10:45:00+05:30,818561.372814337,0
2026-08-13 10:50:00+05:30,818561.372814337,0
2026-08-13 10:55:00+05:30,818561.372814337,0
2026-08-13 11:00:00+05:30,818561.372814337,0
2026-08-13 11:05:00+05:30,818561.372814337,0
2026-08-13 11:10:00+05:30,818561.372814337,0
2026-08-13 11:15:00+05:30,818561.372814337,0
2026-08-13 11:20:00+05:30,818561.372814337,0
2026-08-13 11:25:00+05:30,818561.372814337,0
2026-08-13 11:30:00+05:30,818561.372814337,0
2026-08-13 11:35:00+05:30,818561.372814337,0
2026-08-13 11:40:00+05:30,818561.372814337,0
2026-08-13 11:45:00+05:30,818561.372814337,0
2026-08-13 11:50:00+05:30,818561.372814337,0
2026-08-13 11:55:00+05:30,818561.372814337,0
2026-08-13 12:00:00+05:30,818561.372814337,0
2026-08-13 12:05:00+05:30,818561.372814337,0
2026-08-13 12:10:00+05:30,818561.372814337,0
2026-08-13 12:15:00+05:30,818561.372814337,0
2026-08-13 12:20:00+05:30,818561.372814337,0
2026-08-13 12:25:00+05:30,818561.372814337,0
2026-08-13 12:30:00+05:30,818561.372814337,0
2026-08-13 12:35:00+05:30,818561.372814337,0
2026-08-13 12:40:00+05:30,818561.372814337,0
2026-08-13 12:45:00+05:30,818561.372814337,0
2026-08-13 12:50:00+05:30,818561.372814337,0
2026-08-13 12:55:00+05:30,818561.372814337,0
2026-08-13 13:00:00+05:30,818561.372814337,0
2026-08-13 13:05:00+05:30,818561.372814337,0
2026-08-13 13:10:00+05:30,818561.372814337,0
2026-08-13 13:15:00+05:30,818561.372814337,0
2026-08-13 13:20:00+05:30,818561.372814337,0
2026-08-13 13:25:00+05:30,818561.372814337,0
2026-08-13 13:30:00+05:30,818561.372814337,0
2026-08-13 13:35:00+05:30,818561.372814337,0
2026-08-13 13:40:00+05:30,818561.372814337,0
2026-08-13 13:45:00+05:30,818561.372814337,0
2026-08-13 13:50:00+05:30,818561.372814337,0
2026-08-13 13:55:00+05:30,818561.372814337,0
2026-08-13 14:00:00+05:30,818561.372814337,0
2026-08-13 14:05:00+05:30,818561.372814337,0
2026-08-13 14:10:00+05:30,818561.372814337,0
2026-08-13 14:15:00+05:30,818561.372814337,0
2026-08-13 14:20:00+05:30,818561.372814337,0
2026-08-13 14:25:00+05:30,818561.372814337,0
2026-08-13 14:30:00+05:30,818561.372814337,0
2026-08-13 14:35:00+05:30,818561.372814337,0
2026-08-13 14:40:00+05:30,818561.372814337,0
2026-08-13 14:45:00+05:30,818561.372814337,0
2026-08-13 14:50:00+05:30,818561.372814337,0
2026-08-13 14:55:00+05:30,818561.372814337,0
2026-08-13 15:00:00+05:30,818561.372814337,0
2026-08-13 15:05:00+05:30,818561.372814337,0
2026-08-13 15:10:00+05:30,818561.372814337,0
2026-08-13 15:15:00+05:30,818561.372814337,0
2026-08-13 15:20:00+05:30,818561.372814337,0
2026-08-13 15:25:00+05:30,818561.372814337,0
2026-08-14 09:15:00+05:30,818561.372814337,0
2026-08-14 09:20:00+05:30,818561.372814337,0
2026-08-14 09:25:00+05:30,818561.372814337,0
2026-08-14 09:30:00+05:30,818561.372814337,0
2026-08-14 09:35:00+05:30,818561.372814337,0
2026-08-14 09:40:00+05:30,818561.372814337,0
2026-08-14 09:45:00+05:30,818561.372814337,0
2026-08-14 09:50:00+05:30,818561.372814337,0
2026-08-14 09:55:00+05:30,818561.372814337,0
2026-08-14 10:00:00+05:30,818561.372814337,0
2026-08-14 10:05:00+05:30,818561.372814337,0
2026-08-14 10:10:00+05:30,818561.372814337,0
2026-08-14 10:15:00+05:30,818561.372814337,0
2026-08-14 10:20:00+05:30,818561.372814337,0
2026-08-14 10:25:00+05:30,818561.372814337,0
2026-08-14 10:30:00+05:30,818561.372814337,0
2026-08-14 10:35:00+05:30,818561.372814337,0
2026-08-14 10:40:00+05:30,818561.372814337,0
2026-08-14 10:45:00+05:30,818561.372814337,0
2026-08-14 10:50:00+05:30,818561.372814337,0
2026-08-14 10:55:00+05:30,818561.372814337,0
2026-08-14 11:00:00+05:30,818561.372814337,0
2026-08-14 11:05:00+05:30,818561.372814337,0
2026-08-14 11:10:00+05:30,818561.372814337,0
2026-08-14 11:15:00+05:30,818561.372814337,0
2026-08-14 11:20:00+05:30,818561.372814337,0
2026-08-14 11:25:00+05:30,818561.372814337,0
2026-08-14 11:30:00+05:30,815026.0207862954,-1
2026-08-14 11:35:00+05:30,814886.0207862954,-1
2026-08-14 11:40:00+05:30,813384.3020362954,-1
2026-08-14 11:45:00+05:30,815092.4660987954,-1
2026-08-14 11:50:00+05:30,815526.4114112954,-1
2026-08-14 11:55:00+05:30,815697.8567237954,-1
2026-08-14 12:00:00+05:30,818001.0207862954,-1
2026-08-14 12:05:00+05:30,816296.4114112954,-1
2026-08-14 12:10:00+05:30,813171.0207862954,-1
2026-08-14 12:15:00+05:30,812799.9660987954,-1
2026-08-14 12:20:00+05:30,810958.3820626966,0
2026-08-14 12:25:00+05:30,810958.3820626966,0
2026-08-14 12:30:00+05:30,810958.3820626966,0
2026-08-14 12:35:00+05:30,810958.3820626966,0
2026-08-14 12:40:00+05:30,810958.3820626966,0
2026-08-14 12:45:00+05:30,810958.3820626966,0
2026-08-14 12:50:00+05:30,810958.3820626966,0
2026-08-14 12:55:00+05:30,810958.3820626966,0
2026-08-14 13:00:00+05:30,810958.3820626966,0
2026-08-14 13:05:00+05:30,810958.3820626966,0
2026-08-14 13:10:00+05:30,810958.3820626966,0
2026-08-14 13:15:00+05:30,810958.3820626966,0
2026-08-14 13:20:00+05:30,810958.3820626966,0
2026-08-14 13:25:00+05:30,810958.3820626966,0
2026-08-14 13:30:00+05:30,810958.3820626966,0
2026-08-14 13:35:00+05:30,810958.3820626966,0
2026-08-14 13:40:00+05:30,810958.3820626966,0
2026-08-14 13:45:00+05:30,810958.3820626966,0
2026-08-14 13:50:00+05:30,810958.3820626966,0
2026-08-14 13:55:00+05:30,810958.3820626966,0
2026-08-14 14:00:00+05:30,810958.3820626966,0
2026-08-14 14:05:00+05:30,810958.3820626966,0
2026-08-14 14:10:00+05:30,810958.3820626966,0
2026-08-14 14:15:00+05:30,810958.3820626966,0
2026-08-14 14:20:00+05:30,810958.3820626966,0
2026-08-14 14:25:00+05:30,810958.3820626966,0
2026-08-14 14:30:00+05:30,810958.3820626966,0
2026-08-14 14:35:00+05:30,810958.3820626966,0
2026-08-14 14:40:00+05:30,810958.3820626966,0
2026-08-14 14:45:00+05:30,810958.3820626966,0
2026-08-14 14:50:00+05:30,810958.3820626966,0
2026-08-14 14:55:00+05:30,810958.3820626966,0
2026-08-14 15:00:00+05:30,810958.3820626966,0
2026-08-14 15:05:00+05:30,810958.3820626966,0
2026-08-14 15:10:00+05:30,810958.3820626966,0
2026-08-14 15:15:00+05:30,810958.3820626966,0
2026-08-14 15:20:00+05:30,810958.3820626966,0
2026-08-14 15:25:00+05:30,810958.3820626966,0
