datetime,equity,exposure
2026-05-25 09:15:00+05:30,1000000.0,0
2026-05-25 09:20:00+05:30,1000000.0,0
2026-05-25 09:25:00+05:30,1000000.0,0
2026-05-25 09:30:00+05:30,1000000.0,0
2026-05-25 09:35:00+05:30,1000000.0,0
2026-05-25 09:40:00+05:30,1000000.0,0
2026-05-25 09:45:00+05:30,1000000.0,0
2026-05-25 09:50:00+05:30,1000000.0,0
2026-05-25 09:55:00+05:30,1000000.0,0
2026-05-25 10:00:00+05:30,1000000.0,0
2026-05-25 10:05:00+05:30,1000000.0,0
2026-05-25 10:10:00+05:30,1000000.0,0
2026-05-25 10:15:00+05:30,1000000.0,0
2026-05-25 10:20:00+05:30,1000000.0,0
2026-05-25 10:25:00+05:30,1000000.0,0
2026-05-25 10:30:00+05:30,1000000.0,0
2026-05-25 10:35:00+05:30,1000000.0,0
2026-05-25 10:40:00+05:30,1000000.0,0
2026-05-25 10:45:00+05:30,1000000.0,0
2026-05-25 10:50:00+05:30,1000000.0,0
2026-05-25 10:55:00+05:30,1000000.0,0
2026-05-25 11:00:00+05:30,1000000.0,0
2026-05-25 11:05:00+05:30,1000000.0,0
2026-05-25 11:10:00+05:30,1000000.0,0
2026-05-25 11:15:00+05:30,1000000.0,0
2026-05-25 11:20:00+05:30,1000000.0,0
2026-05-25 11:25:00+05:30,1000000.0,0
2026-05-25 11:30:00+05:30,1000000.0,0
2026-05-25 11:35:00+05:30,1000000.0,0
2026-05-25 11:40:00+05:30,1000000.0,0
2026-05-25 11:45:00+05:30,1000000.0,0
2026-05-25 11:50:00+05:30,1000000.0,0
2026-05-25 11:55:00+05:30,1000000.0,0
2026-05-25 12:00:00+05:30,1000000.0,0
2026-05-25 12:05:00+05:30,1000000.0,0
2026-05-25 12:10:00+05:30,1000000.0,0
2026-05-25 12:15:00+05:30,1000000.0,0
2026-05-25 12:20:00+05:30,1000000.0,0
2026-05-25 12:25:00+05:30,1000000.0,0
2026-05-25 12:30:00+05:30,1000000.0,0
2026-05-25 12:35:00+05:30,1000000.0,0
2026-05-25 12:40:00+05:30,1000000.0,0
2026-05-25 12:45:00+05:30,1000000.0,0
2026-05-25 12:50:00+05:30,1000000.0,0
2026-05-25 12:55:00+05:30,1000000.0,0
2026-05-25 13:00:00+05:30,1000000.0,0
2026-05-25 13:05:00+05:30,1000000.0,0
2026-05-25 13:10:00+05:30,1000000.0,0
2026-05-25 13:15:00+05:30,1000000.0,0
2026-05-25 13:20:00+05:30,1000000.0,0
2026-05-25 13:25:00+05:30,1000000.0,0
2026-05-25 13:30:00+05:30,1000000.0,0
2026-05-25 13:35:00+05:30,1000000.0,0
2026-05-25 13:40:00+05:30,1000000.0,0
2026-05-25 13:45:00+05:30,1000000.0,0
2026-05-25 13:50:00+05:30,1000000.0,0
2026-05-25 13:55:00+05:30,1000000.0,0
2026-05-25 14:00:00+05:30,1000000.0,0
2026-05-25 14:05:00+05:30,1000000.0,0
2026-05-25 14:10:00+05:30,1000000.0,0
2026-05-25 14:15:00+05:30,1000000.0,0
2026-05-25 14:20:00+05:30,1000000.0,0
2026-05-25 14:25:00+05:30,1000000.0,0
2026-05-25 14:30:00+05:30,1000000.0,0
2026-05-25 14:35:00+05:30,1000000.0,0
2026-05-25 14:40:00+05:30,1000000.0,0
2026-05-25 14:45:00+05:30,1000000.0,0
2026-05-25 14:50:00+05:30,1000000.0,0
2026-05-25 14:55:00+05:30,1000000.0,0
2026-05-25 15:00:00+05:30,1000000.0,0
2026-05-25 15:05:00+05:30,1000000.0,0
2026-05-25 15:10:00+05:30,1000000.0,0
2026-05-25 15:15:00+05:30,1000000.0,0
2026-05-25 15:20:00+05:30,1000000.0,0
2026-05-25 15:25:00+05:30,1000000.0,0
2026-05-26 09:15:00+05:30,1000000.0,0
2026-05-26 09:20:00+05:30,1000000.0,0
2026-05-26 09:25:00+05:30,1000000.0,0
2026-05-26 09:30:00+05:30,1000000.0,0
2026-05-26 09:35:00+05:30,1000000.0,0
2026-05-26 09:40:00+05:30,998069.358223564,1
2026-05-26 09:45:00+05:30,996486.741036064,1
2026-05-26 09:50:00+05:30,993386.3891085003,0
2026-05-26 09:55:00+05:30,993386.3891085003,0
2026-05-26 10:00:00+05:30,993386.3891085003,0
2026-05-26 10:05:00+05:30,993386.3891085003,0
2026-05-26 10:10:00+05:30,993386.3891085003,0
2026-05-26 10:15:00+05:30,993386.3891085003,0
2026-05-26 10:20:00+05:30,993386.3891085003,0
2026-05-26 10:25:00+05:30,993386.3891085003,0
2026-05-26 10:30:00+05:30,993386.3891085003,0
2026-05-26 10:35:00+05:30,993442.6118495581,1
2026-05-26 10:40:00+05:30,991665.1704433081,1
2026-05-26 10:45:00+05:30,991215.1704433081,1
2026-05-26 10:50:00+05:30,992407.5532558081,1
2026-05-26 10:55:00+05:30,991470.0532558081,1
2026-05-26 11:00:00+05:30,992055.1118495581,1
2026-05-26 11:05:00+05:30,991934.9946620581,1
2026-05-26 11:10:00+05:30,991087.7290370581,1
2026-05-26 11:15:00+05:30,990862.7290370581,1
2026-05-26 11:20:00+05:30,987164.0856642808,0
2026-05-26 11:25:00+05:30,987164.0856642808,0
2026-05-26 11:30:00+05:30,987164.0856642808,0
2026-05-26 11:35:00+05:30,987164.0856642808,0
2026-05-26 11:40:00+05:30,987164.0856642808,0
2026-05-26 11:45:00+05:30,987164.0856642808,0
2026-05-26 11:50:00+05:30,987164.0856642808,0
2026-05-26 11:55:00+05:30,987164.0856642808,0
2026-05-26 12:00:00+05:30,987164.0856642808,0
2026-05-26 12:05:00+05:30,987164.0856642808,0
2026-05-26 12:10:00+05:30,987164.0856642808,0
2026-05-26 12:15:00+05:30,987164.0856642808,0
2026-05-26 12:20:00+05:30,987164.0856642808,0
2026-05-26 12:25:00+05:30,987164.0856642808,0
2026-05-26 12:30:00+05:30,987164.0856642808,0
2026-05-26 12:35:00+05:30,987164.0856642808,0
2026-05-26 12:40:00+05:30,987164.0856642808,0
2026-05-26 12:45:00+05:30,987164.0856642808,0
2026-05-26 12:50:00+05:30,985652.9351085013,-1
2026-05-26 12:55:00+05:30,985495.3179210013,-1
2026-05-26 13:00:00+05:30,989590.4351085013,-1
2026-05-26 13:05:00+05:30,989410.5522960013,-1
2026-05-26 13:10:00+05:30,989125.4937022513,-1
2026-05-26 13:15:00+05:30,987962.9937022513,-1
2026-05-26 13:20:00+05:30,988862.9937022513,-1
2026-05-26 13:25:00+05:30,987152.9351085013,-1
2026-05-26 13:30:00+05:30,985449.8722429897,0
2026-05-26 13:35:00+05:30,985449.8722429897,0
2026-05-26 13:40:00+05:30,985449.8722429897,0
2026-05-26 13:45:00+05:30,985449.8722429897,0
2026-05-26 13:50:00+05:30,985449.8722429897,0
2026-05-26 13:55:00+05:30,985449.8722429897,0
2026-05-26 14:00:00+05:30,985449.8722429897,0
2026-05-26 14:05:00+05:30,985449.8722429897,0
2026-05-26 14:10:00+05:30,985449.8722429897,0
2026-05-26 14:15:00+05:30,985449.8722429897,0
2026-05-26 14:20:00+05:30,985449.8722429897,0
2026-05-26 14:25:00+05:30,985449.8722429897,0
2026-05-26 14:30:00+05:30,985449.8722429897,0
2026-05-26 14:35:00+05:30,985449.8722429897,0
2026-05-26 14:40:00+05:30,985449.8722429897,0
2026-05-26 14:45:00+05:30,985449.8722429897,0
2026-05-26 14:50:00+05:30,985449.8722429897,0
2026-05-26 14:55:00+05:30,985449.8722429897,0
2026-05-26 15:00:00+05:30,985449.8722429897,0
2026-05-26 15:05:00+05:30,985449.8722429897,0
2026-05-26 15:10:00+05:30,985449.8722429897,0
2026-05-26 15:15:00+05:30,985449.8722429897,0
2026-05-26 15:20:00+05:30,985449.8722429897,0
2026-05-26 15:25:00+05:30,985449.8722429897,0
2026-05-27 09:15:00+05:30,985449.8722429897,0
2026-05-27 09:20:00+05:30,985449.8722429897,0
2026-05-27 09:25:00+05:30,985449.8722429897,0
2026-05-27 09:30:00+05:30,985449.8722429897,0
2026-05-27 09:35:00+05:30,985449.8722429897,0
2026-05-27 09:40:00+05:30,985449.8722429897,0
2026-05-27 09:45:00+05:30,985449.8722429897,0
2026-05-27 09:50:00+05:30,985449.8722429897,0
2026-05-27 09:55:00+05:30,985449.8722429897,0
2026-05-27 10:00:00+05:30,985449.8722429897,0
2026-05-27 10:05:00+05:30,985449.8722429897,0
2026-05-27 10:10:00+05:30,985449.8722429897,0
2026-05-27 10:15:00+05:30,985449.8722429897,0
2026-05-27 10:20:00+05:30,985449.8722429897,0
2026-05-27 10:25:00+05:30,985449.8722429897,0
2026-05-27 10:30:00+05:30,985449.8722429897,0
2026-05-27 10:35:00+05:30,985449.8722429897,0
2026-05-27 10:40:00+05:30,985449.8722429897,0
2026-05-27 10:45:00+05:30,985449.8722429897,0
2026-05-27 10:50:00+05:30,985449.8722429897,0
2026-05-27 10:55:00+05:30,985449.8722429897,0
2026-05-27 11:00:00+05:30,985449.8722429897,0
2026-05-27 11:05:00+05:30,985449.8722429897,0
2026-05-27 11:10:00+05:30,985449.8722429897,0
2026-05-27 11:15:00+05:30,985449.8722429897,0
2026-05-27 11:20:00+05:30,985449.8722429897,0
2026-05-27 11:25:00+05:30,985449.8722429897,0
2026-05-27 11:30:00+05:30,985449.8722429897,0
2026-05-27 11:35:00+05:30,985449.8722429897,0
2026-05-27 11:40:00+05:30,985449.8722429897,0
2026-05-27 11:45:00+05:30,985449.8722429897,0
2026-05-27 11:50:00+05:30,985449.8722429897,0
2026-05-27 11:55:00+05:30,985449.8722429897,0
2026-05-27 12:00:00+05:30,985449.8722429897,0
2026-05-27 12:05:00+05:30,985449.8722429897,0
2026-05-27 12:10:00+05:30,985449.8722429897,0
2026-05-27 12:15:00+05:30,985449.8722429897,0
2026-05-27 12:20:00+05:30,985449.8722429897,0
2026-05-27 12:25:00+05:30,985449.8722429897,0
2026-05-27 12:30:00+05:30,985449.8722429897,0
2026-05-27 12:35:00+05:30,985449.8722429897,0
2026-05-27 12:40:00+05:30,985449.8722429897,0
2026-05-27 12:45:00+05:30,985449.8722429897,0
2026-05-27 12:50:00+05:30,985449.8722429897,0
2026-05-27 12:55:00+05:30,985449.8722429897,0
2026-05-27 13:00:00+05:30,985449.8722429897,0
2026-05-27 13:05:00+05:30,985449.8722429897,0
2026-05-27 13:10:00+05:30,985449.8722429897,0
2026-05-27 13:15:00+05:30,985449.8722429897,0
2026-05-27 13:20:00+05:30,982288.3087013828,-1
2026-05-27 13:25:00+05:30,983330.6915138828,-1
2026-05-27 13:30:00+05:30,982108.4258888828,-1
2026-05-27 13:35:00+05:30,979585.539397274,0
2026-05-27 13:40:00+05:30,979585.539397274,0
2026-05-27 13:45:00+05:30,979585.539397274,0
2026-05-27 13:50:00+05:30,979585.539397274,0
2026-05-27 13:55:00+05:30,979585.539397274,0
2026-05-27 14:00:00+05:30,979585.539397274,0
2026-05-27 14:05:00+05:30,979585.539397274,0
2026-05-27 14:10:00+05:30,979585.539397274,0
2026-05-27 14:15:00+05:30,979585.539397274,0
2026-05-27 14:20:00+05:30,979585.539397274,0
2026-05-27 14:25:00+05:30,979585.539397274,0
2026-05-27 14:30:00+05:30,979585.539397274,0
2026-05-27 14:35:00+05:30,979585.539397274,0
2026-05-27 14:40:00+05:30,979585.539397274,0
2026-05-27 14:45:00+05:30,979585.539397274,0
2026-05-27 14:50:00+05:30,979585.539397274,0
2026-05-27 14:55:00+05:30,979585.539397274,0
2026-05-27 15:00:00+05:30,979585.539397274,0
2026-05-27 15:05:00+05:30,979585.539397274,0
2026-05-27 15:10:00+05:30,979585.539397274,0
2026-05-27 15:15:00+05:30,979585.539397274,0
2026-05-27 15:20:00+05:30,979585.539397274,0
2026-05-27 15:25:00+05:30,979585.539397274,0
2026-05-29 09:15:00+05:30,979585.539397274,0
2026-05-29 09:20:00+05:30,979585.539397274,0
2026-05-29 09:25:00+05:30,979585.539397274,0
2026-05-29 09:30:00+05:30,979585.539397274,0
2026-05-29 09:35:00+05:30,979585.539397274,0
2026-05-29 09:40:00+05:30,979585.539397274,0
2026-05-29 09:45:00+05:30,979585.539397274,0
2026-05-29 09:50:00+05:30,979585.539397274,0
2026-05-29 09:55:00+05:30,979585.539397274,0
2026-05-29 10:00:00+05:30,979585.539397274,0
2026-05-29 10:05:00+05:30,979585.539397274,0
2026-05-29 10:10:00+05:30,979585.539397274,0
2026-05-29 10:15:00+05:30,979585.539397274,0
2026-05-29 10:20:00+05:30,979585.539397274,0
2026-05-29 10:25:00+05:30,979585.539397274,0
2026-05-29 10:30:00+05:30,979585.539397274,0
2026-05-29 10:35:00+05:30,979585.539397274,0
2026-05-29 10:40:00+05:30,979585.539397274,0
2026-05-29 10:45:00+05:30,979585.539397274,0
2026-05-29 10:50:00+05:30,979585.539397274,0
2026-05-29 10:55:00+05:30,979585.539397274,0
2026-05-29 11:00:00+05:30,979585.539397274,0
2026-05-29 11:05:00+05:30,979585.539397274,0
2026-05-29 11:10:00+05:30,979585.539397274,0
2026-05-29 11:15:00+05:30,979585.539397274,0
2026-05-29 11:20:00+05:30,979585.539397274,0
2026-05-29 11:25:00+05:30,979585.539397274,0
2026-05-29 11:30:00+05:30,979585.539397274,0
2026-05-29 11:35:00+05:30,979585.539397274,0
2026-05-29 11:40:00+05:30,979585.539397274,0
2026-05-29 11:45:00+05:30,979585.539397274,0
2026-05-29 11:50:00+05:30,979585.539397274,0
2026-05-29 11:55:00+05:30,979585.539397274,0
2026-05-29 12:00:00+05:30,979585.539397274,0
2026-05-29 12:05:00+05:30,979585.539397274,0
2026-05-29 12:10:00+05:30,979585.539397274,0
2026-05-29 12:15:00+05:30,979585.539397274,0
2026-05-29 12:20:00+05:30,979585.539397274,0
2026-05-29 12:25:00+05:30,979585.539397274,0
2026-05-29 12:30:00+05:30,979585.539397274,0
2026-05-29 12:35:00+05:30,979585.539397274,0
2026-05-29 12:40:00+05:30,979585.539397274,0
2026-05-29 12:45:00+05:30,979585.539397274,0
2026-05-29 12:50:00+05:30,979585.539397274,0
2026-05-29 12:55:00+05:30,979585.539397274,0
2026-05-29 13:00:00+05:30,979585.539397274,0
2026-05-29 13:05:00+05:30,979585.539397274,0
2026-05-29 13:10:00+05:30,982436.9879075916,-1
2026-05-29 13:15:00+05:30,980719.6050950916,-1
2026-05-29 13:20:00+05:30,981949.4879075916,-1
2026-05-29 13:25:00+05:30,981484.5465013416,-1
2026-05-29 13:30:00+05:30,981911.9879075916,-1
2026-05-29 13:35:00+05:30,982414.4293138416,-1
2026-05-29 13:40:00+05:30,981814.4293138416,-1
2026-05-29 13:45:00+05:30,984709.5465013416,-1
2026-05-29 13:50:00+05:30,985916.8707200916,-1
2026-05-29 13:55:00+05:30,984176.9293138416,-1
2026-05-29 14:00:00+05:30,985751.9293138416,-1
2026-05-29 14:05:00+05:30,986194.6050950916,-1
2026-05-29 14:10:00+05:30,986157.1050950916,-1
2026-05-29 14:15:00+05:30,987304.3707200916,-1
2026-05-29 14:20:00+05:30,985422.0465013416,-1
2026-05-29 14:25:00+05:30,983809.5465013416,-1
2026-05-29 14:30:00+05:30,977885.1669872053,0
2026-05-29 14:35:00+05:30,977885.1669872053,0
2026-05-29 14:40:00+05:30,977885.1669872053,0
2026-05-29 14:45:00+05:30,977885.1669872053,0
2026-05-29 14:50:00+05:30,977885.1669872053,0
2026-05-29 14:55:00+05:30,977885.1669872053,0
2026-05-29 15:00:00+05:30,977885.1669872053,0
2026-05-29 15:05:00+05:30,977885.1669872053,0
2026-05-29 15:10:00+05:30,977885.1669872053,0
2026-05-29 15:15:00+05:30,977885.1669872053,0
2026-05-29 15:20:00+05:30,977885.1669872053,0
2026-05-29 15:25:00+05:30,977885.1669872053,0
2026-06-01 09:15:00+05:30,977885.1669872053,0
2026-06-01 09:20:00+05:30,977885.1669872053,0
2026-06-01 09:25:00+05:30,977885.1669872053,0
2026-06-01 09:30:00+05:30,977885.1669872053,0
2026-06-01 09:35:00+05:30,977885.1669872053,0
2026-06-01 09:40:00+05:30,977885.1669872053,0
2026-06-01 09:45:00+05:30,977885.1669872053,0
2026-06-01 09:50:00+05:30,977885.1669872053,0
2026-06-01 09:55:00+05:30,977885.1669872053,0
2026-06-01 10:00:00+05:30,977885.1669872053,0
2026-06-01 10:05:00+05:30,977885.1669872053,0
2026-06-01 10:10:00+05:30,977885.1669872053,0
2026-06-01 10:15:00+05:30,977885.1669872053,0
2026-06-01 10:20:00+05:30,977885.1669872053,0
2026-06-01 10:25:00+05:30,977885.1669872053,0
2026-06-01 10:30:00+05:30,977885.1669872053,0
2026-06-01 10:35:00+05:30,977885.1669872053,0
2026-06-01 10:40:00+05:30,977885.1669872053,0
2026-06-01 10:45:00+05:30,977885.1669872053,0
2026-06-01 10:50:00+05:30,977885.1669872053,0
2026-06-01 10:55:00+05:30,977885.1669872053,0
2026-06-01 11:00:00+05:30,977885.1669872053,0
2026-06-01 11:05:00+05:30,977885.1669872053,0
2026-06-01 11:10:00+05:30,977885.1669872053,0
2026-06-01 11:15:00+05:30,977885.1669872053,0
2026-06-01 11:20:00+05:30,977885.1669872053,0
2026-06-01 11:25:00+05:30,977885.1669872053,0
2026-06-01 11:30:00+05:30,977885.1669872053,0
2026-06-01 11:35:00+05:30,977885.1669872053,0
2026-06-01 11:40:00+05:30,977885.1669872053,0
2026-06-01 11:45:00+05:30,977885.1669872053,0
2026-06-01 11:50:00+05:30,977885.1669872053,0
2026-06-01 11:55:00+05:30,977885.1669872053,0
2026-06-01 12:00:00+05:30,977885.1669872053,0
2026-06-01 12:05:00+05:30,977885.1669872053,0
2026-06-01 12:10:00+05:30,977885.1669872053,0
2026-06-01 12:15:00+05:30,977885.1669872053,0
2026-06-01 12:20:00+05:30,977885.1669872053,0
2026-06-01 12:25:00+05:30,977885.1669872053,0
2026-06-01 12:30:00+05:30,977885.1669872053,0
2026-06-01 12:35:00+05:30,977885.1669872053,0
2026-06-01 12:40:00+05:30,977885.1669872053,0
2026-06-01 12:45:00+05:30,977885.1669872053,0
2026-06-01 12:50:00+05:30,977885.1669872053,0
2026-06-01 12:55:00+05:30,977885.1669872053,0
2026-06-01 13:00:00+05:30,977885.1669872053,0
2026-06-01 13:05:00+05:30,977885.1669872053,0
2026-06-01 13:10:00+05:30,978881.9194132176,-1
2026-06-01 13:15:00+05:30,976841.9780069676,-1
2026-06-01 13:20:00+05:30,977629.4780069676,-1
2026-06-01 13:25:00+05:30,975454.4780069676,-1
2026-06-01 13:30:00+05:30,975124.5951944676,-1
2026-06-01 13:35:00+05:30,974756.9194132176,-1
2026-06-01 13:40:00+05:30,975537.0951944676,-1
2026-06-01 13:45:00+05:30,978664.5366007176,-1
2026-06-01 13:50:00+05:30,980037.0951944676,-1
2026-06-01 13:55:00+05:30,979534.3608194676,-1
2026-06-01 14:00:00+05:30,981491.9780069676,-1
2026-06-01 14:05:00+05:30,984221.8608194676,-1
2026-06-01 14:10:00+05:30,985437.0951944676,-1
2026-06-01 14:15:00+05:30,984214.5366007176,-1
2026-06-01 14:20:00+05:30,989021.8608194676,-1
2026-06-01 14:25:00+05:30,988729.4780069676,-1
2026-06-01 14:30:00+05:30,988804.4780069676,-1
2026-06-01 14:35:00+05:30,984987.0951944676,-1
2026-06-01 14:40:00+05:30,985534.3608194676,-1
2026-06-01 14:45:00+05:30,987544.4194132176,-1
2026-06-01 14:50:00+05:30,990791.9780069676,-1
2026-06-01 14:55:00+05:30,991924.5951944676,-1
2026-06-01 15:00:00+05:30,989231.9194132176,-1
2026-06-01 15:05:00+05:30,987327.0366007176,-1
2026-06-01 15:10:00+05:30,989591.9780069676,-1
2026-06-01 15:15:00+05:30,990573.6324121077,0
2026-06-01 15:20:00+05:30,990573.6324121077,0
2026-06-01 15:25:00+05:30,990573.6324121077,0
2026-06-02 09:15:00+05:30,990573.6324121077,0
2026-06-02 09:20:00+05:30,990573.6324121077,0
2026-06-02 09:25:00+05:30,990573.6324121077,0
2026-06-02 09:30:00+05:30,990573.6324121077,0
2026-06-02 09:35:00+05:30,990573.6324121077,0
2026-06-02 09:40:00+05:30,990573.6324121077,0
2026-06-02 09:45:00+05:30,990573.6324121077,0
2026-06-02 09:50:00+05:30,990573.6324121077,0
2026-06-02 09:55:00+05:30,990573.6324121077,0
2026-06-02 10:00:00+05:30,990573.6324121077,0
2026-06-02 10:05:00+05:30,990573.6324121077,0
2026-06-02 10:10:00+05:30,990573.6324121077,0
2026-06-02 10:15:00+05:30,990573.6324121077,0
2026-06-02 10:20:00+05:30,990573.6324121077,0
2026-06-02 10:25:00+05:30,990573.6324121077,0
2026-06-02 10:30:00+05:30,990573.6324121077,0
2026-06-02 10:35:00+05:30,990573.6324121077,0
2026-06-02 10:40:00+05:30,990573.6324121077,0
2026-06-02 10:45:00+05:30,990573.6324121077,0
2026-06-02 10:50:00+05:30,990573.6324121077,0
2026-06-02 10:55:00+05:30,990573.6324121077,0
2026-06-02 11:00:00+05:30,990573.6324121077,0
2026-06-02 11:05:00+05:30,990573.6324121077,0
2026-06-02 11:10:00+05:30,990573.6324121077,0
2026-06-02 11:15:00+05:30,990573.6324121077,0
2026-06-02 11:20:00+05:30,990573.6324121077,0
2026-06-02 11:25:00+05:30,990573.6324121077,0
2026-06-02 11:30:00+05:30,990573.6324121077,0
2026-06-02 11:35:00+05:30,990573.6324121077,0
2026-06-02 11:40:00+05:30,990573.6324121077,0
2026-06-02 11:45:00+05:30,990573.6324121077,0
2026-06-02 11:50:00+05:30,990573.6324121077,0
2026-06-02 11:55:00+05:30,990573.6324121077,0
2026-06-02 12:00:00+05:30,990573.6324121077,0
2026-06-02 12:05:00+05:30,990573.6324121077,0
2026-06-02 12:10:00+05:30,990573.6324121077,0
2026-06-02 12:15:00+05:30,990573.6324121077,0
2026-06-02 12:20:00+05:30,990573.6324121077,0
2026-06-02 12:25:00+05:30,990573.6324121077,0
2026-06-02 12:30:00+05:30,983240.337728238,0
2026-06-02 12:35:00+05:30,983240.337728238,0
2026-06-02 12:40:00+05:30,983240.337728238,0
2026-06-02 12:45:00+05:30,983240.337728238,0
2026-06-02 12:50:00+05:30,983240.337728238,0
2026-06-02 12:55:00+05:30,983240.337728238,0
2026-06-02 13:00:00+05:30,983240.337728238,0
2026-06-02 13:05:00+05:30,983240.337728238,0
2026-06-02 13:10:00+05:30,983240.337728238,0
2026-06-02 13:15:00+05:30,981248.6399309243,1
2026-06-02 13:20:00+05:30,983738.5813371743,1
2026-06-02 13:25:00+05:30,986670.9055559243,1
2026-06-02 13:30:00+05:30,990691.0227434243,1
2026-06-02 13:35:00+05:30,987353.5227434243,1
2026-06-02 13:40:00+05:30,986280.9641496743,1
2026-06-02 13:45:00+05:30,989468.4641496743,1
2026-06-02 13:50:00+05:30,988868.4641496743,1
2026-06-02 13:55:00+05:30,988448.6399309243,1
2026-06-02 14:00:00+05:30,990391.0227434243,1
2026-06-02 14:05:00+05:30,992926.0813371743,1
2026-06-02 14:10:00+05:30,992153.5227434243,1
2026-06-02 14:15:00+05:30,988403.5227434243,1
2026-06-02 14:20:00+05:30,992520.9055559243,1
2026-06-02 14:25:00+05:30,988733.4055559243,1
2026-06-02 14:30:00+05:30,990413.5813371743,1
2026-06-02 14:35:00+05:30,981562.01898596,0
2026-06-02 14:40:00+05:30,981562.01898596,0
2026-06-02 14:45:00+05:30,981562.01898596,0
2026-06-02 14:50:00+05:30,981562.01898596,0
2026-06-02 14:55:00+05:30,981562.01898596,0
2026-06-02 15:00:00+05:30,981562.01898596,0
2026-06-02 15:05:00+05:30,981562.01898596,0
2026-06-02 15:10:00+05:30,981562.01898596,0
2026-06-02 15:15:00+05:30,981562.01898596,0
2026-06-02 15:20:00+05:30,981562.01898596,0
2026-06-02 15:25:00+05:30,981562.01898596,0
2026-06-03 09:15:00+05:30,981562.01898596,0
2026-06-03 09:20:00+05:30,981562.01898596,0
2026-06-03 09:25:00+05:30,981562.01898596,0
2026-06-03 09:30:00+05:30,981562.01898596,0
2026-06-03 09:35:00+05:30,976760.7200272953,-1
2026-06-03 09:40:00+05:30,977053.3958085453,-1
2026-06-03 09:45:00+05:30,976205.8372147953,-1
2026-06-03 09:50:00+05:30,980795.7786210453,-1
2026-06-03 09:55:00+05:30,979498.2200272953,-1
2026-06-03 10:00:00+05:30,975208.2786210453,-1
2026-06-03 10:05:00+05:30,978695.7786210453,-1
2026-06-03 10:10:00+05:30,981320.7786210453,-1
2026-06-03 10:15:00+05:30,977608.2786210453,-1
2026-06-03 10:20:00+05:30,978178.3958085453,-1
2026-06-03 10:25:00+05:30,980450.6614335453,-1
2026-06-03 10:30:00+05:30,985145.7786210453,-1
2026-06-03 10:35:00+05:30,982468.3372147953,-1
2026-06-03 10:40:00+05:30,983323.2200272953,-1
2026-06-03 10:45:00+05:30,981215.8958085453,-1
2026-06-03 10:50:00+05:30,980953.3958085453,-1
2026-06-03 10:55:00+05:30,983488.1614335453,-1
2026-06-03 11:00:00+05:30,984523.2200272953,-1
2026-06-03 11:05:00+05:30,988078.3958085453,-1
2026-06-03 11:10:00+05:30,986968.3372147953,-1
2026-06-03 11:15:00+05:30,984380.8372147953,-1
2026-06-03 11:20:00+05:30,979899.8248160973,0
2026-06-03 11:25:00+05:30,979899.8248160973,0
2026-06-03 11:30:00+05:30,979899.8248160973,0
2026-06-03 11:35:00+05:30,979899.8248160973,0
2026-06-03 11:40:00+05:30,979899.8248160973,0
2026-06-03 11:45:00+05:30,979899.8248160973,0
2026-06-03 11:50:00+05:30,979899.8248160973,0
2026-06-03 11:55:00+05:30,979899.8248160973,0
2026-06-03 12:00:00+05:30,981837.1001508234,-1
2026-06-03 12:05:00+05:30,979752.0415570734,-1
2026-06-03 12:10:00+05:30,980292.2759320734,-1
2026-06-03 12:15:00+05:30,979662.1001508234,-1
2026-06-03 12:20:00+05:30,979204.7759320734,-1
2026-06-03 12:25:00+05:30,972250.9670590401,0
2026-06-03 12:30:00+05:30,972250.9670590401,0
2026-06-03 12:35:00+05:30,972250.9670590401,0
2026-06-03 12:40:00+05:30,972250.9670590401,0
2026-06-03 12:45:00+05:30,972250.9670590401,0
2026-06-03 12:50:00+05:30,972250.9670590401,0
2026-06-03 12:55:00+05:30,972250.9670590401,0
2026-06-03 13:00:00+05:30,972250.9670590401,0
2026-06-03 13:05:00+05:30,972250.9670590401,0
2026-06-03 13:10:00+05:30,972250.9670590401,0
2026-06-03 13:15:00+05:30,972250.9670590401,0
2026-06-03 13:20:00+05:30,972250.9670590401,0
2026-06-03 13:25:00+05:30,972250.9670590401,0
2026-06-03 13:30:00+05:30,972250.9670590401,0
2026-06-03 13:35:00+05:30,972250.9670590401,0
2026-06-03 13:40:00+05:30,972250.9670590401,0
2026-06-03 13:45:00+05:30,972250.9670590401,0
2026-06-03 13:50:00+05:30,968799.7137899869,1
2026-06-03 13:55:00+05:30,966594.5380087369,1
2026-06-03 14:00:00+05:30,971671.9794149869,1
2026-06-03 14:05:00+05:30,969924.7137899869,1
2026-06-03 14:10:00+05:30,970659.4794149869,1
2026-06-03 14:15:00+05:30,973337.2137899869,1
2026-06-03 14:20:00+05:30,977477.1551962369,1
2026-06-03 14:25:00+05:30,973442.0966024869,1
2026-06-03 14:30:00+05:30,976104.5966024869,1
2026-06-03 14:35:00+05:30,976096.9794149869,1
2026-06-03 14:40:00+05:30,978399.7137899869,1
2026-06-03 14:45:00+05:30,977687.2137899869,1
2026-06-03 14:50:00+05:30,979974.7137899869,1
2026-06-03 14:55:00+05:30,978871.9794149869,1
2026-06-03 15:00:00+05:30,970578.2940092895,0
2026-06-03 15:05:00+05:30,970578.2940092895,0
2026-06-03 15:10:00+05:30,970578.2940092895,0
2026-06-03 15:15:00+05:30,970578.2940092895,0
2026-06-03 15:20:00+05:30,970578.2940092895,0
2026-06-03 15:25:00+05:30,970578.2940092895,0
2026-06-04 09:15:00+05:30,970578.2940092895,0
2026-06-04 09:20:00+05:30,970578.2940092895,0
2026-06-04 09:25:00+05:30,970578.2940092895,0
2026-06-04 09:30:00+05:30,970578.2940092895,0
2026-06-04 09:35:00+05:30,970578.2940092895,0
2026-06-04 09:40:00+05:30,970578.2940092895,0
2026-06-04 09:45:00+05:30,970578.2940092895,0
2026-06-04 09:50:00+05:30,970578.2940092895,0
2026-06-04 09:55:00+05:30,970578.2940092895,0
2026-06-04 10:00:00+05:30,970578.2940092895,0
2026-06-04 10:05:00+05:30,970578.2940092895,0
2026-06-04 10:10:00+05:30,970578.2940092895,0
2026-06-04 10:15:00+05:30,970578.2940092895,0
2026-06-04 10:20:00+05:30,970578.2940092895,0
2026-06-04 10:25:00+05:30,970578.2940092895,0
2026-06-04 10:30:00+05:30,970578.2940092895,0
2026-06-04 10:35:00+05:30,970578.2940092895,0
2026-06-04 10:40:00+05:30,970578.2940092895,0
2026-06-04 10:45:00+05:30,970578.2940092895,0
2026-06-04 10:50:00+05:30,970578.2940092895,0
2026-06-04 10:55:00+05:30,970578.2940092895,0
2026-06-04 11:00:00+05:30,970578.2940092895,0
2026-06-04 11:05:00+05:30,970578.2940092895,0
2026-06-04 11:10:00+05:30,970578.2940092895,0
2026-06-04 11:15:00+05:30,970578.2940092895,0
2026-06-04 11:20:00+05:30,970578.2940092895,0
2026-06-04 11:25:00+05:30,970578.2940092895,0
2026-06-04 11:30:00+05:30,970578.2940092895,0
2026-06-04 11:35:00+05:30,970578.2940092895,0
2026-06-04 11:40:00+05:30,970578.2940092895,0
2026-06-04 11:45:00+05:30,970578.2940092895,0
2026-06-04 11:50:00+05:30,970578.2940092895,0
2026-06-04 11:55:00+05:30,970578.2940092895,0
2026-06-04 12:00:00+05:30,970578.2940092895,0
2026-06-04 12:05:00+05:30,970578.2940092895,0
2026-06-04 12:10:00+05:30,970578.2940092895,0
2026-06-04 12:15:00+05:30,970578.2940092895,0
2026-06-04 12:20:00+05:30,970578.2940092895,0
2026-06-04 12:25:00+05:30,970578.2940092895,0
2026-06-04 12:30:00+05:30,970578.2940092895,0
2026-06-04 12:35:00+05:30,970578.2940092895,0
2026-06-04 12:40:00+05:30,970578.2940092895,0
2026-06-04 12:45:00+05:30,970578.2940092895,0
2026-06-04 12:50:00+05:30,970578.2940092895,0
2026-06-04 12:55:00+05:30,970578.2940092895,0
2026-06-04 13:00:00+05:30,970578.2940092895,0
2026-06-04 13:05:00+05:30,970578.2940092895,0
2026-06-04 13:10:00+05:30,970578.2940092895,0
2026-06-04 13:15:00+05:30,970578.2940092895,0
2026-06-04 13:20:00+05:30,970578.2940092895,0
2026-06-04 13:25:00+05:30,970578.2940092895,0
2026-06-04 13:30:00+05:30,970578.2940092895,0
2026-06-04 13:35:00+05:30,970578.2940092895,0
2026-06-04 13:40:00+05:30,970578.2940092895,0
2026-06-04 13:45:00+05:30,970578.2940092895,0
2026-06-04 13:50:00+05:30,970578.2940092895,0
2026-06-04 13:55:00+05:30,970578.2940092895,0
2026-06-04 14:00:00+05:30,970578.2940092895,0
2026-06-04 14:05:00+05:30,970578.2940092895,0
2026-06-04 14:10:00+05:30,970578.2940092895,0
2026-06-04 14:15:00+05:30,970578.2940092895,0
2026-06-04 14:20:00+05:30,970578.2940092895,0
2026-06-04 14:25:00+05:30,970578.2940092895,0
2026-06-04 14:30:00+05:30,970578.2940092895,0
2026-06-04 14:35:00+05:30,970578.2940092895,0
2026-06-04 14:40:00+05:30,970578.2940092895,0
2026-06-04 14:45:00+05:30,970578.2940092895,0
2026-06-04 14:50:00+05:30,970578.2940092895,0
2026-06-04 14:55:00+05:30,970578.2940092895,0
2026-06-04 15:00:00+05:30,970578.2940092895,0
2026-06-04 15:05:00+05:30,970578.2940092895,0
2026-06-04 15:10:00+05:30,970578.2940092895,0
2026-06-04 15:15:00+05:30,970578.2940092895,0
2026-06-04 15:20:00+05:30,970578.2940092895,0
2026-06-04 15:25:00+05:30,970578.2940092895,0
2026-06-05 09:15:00+05:30,970578.2940092895,0
2026-06-05 09:20:00+05:30,970578.2940092895,0
2026-06-05 09:25:00+05:30,970578.2940092895,0
2026-06-05 09:30:00+05:30,970578.2940092895,0
2026-06-05 09:35:00+05:30,970578.2940092895,0
2026-06-05 09:40:00+05:30,970578.2940092895,0
2026-06-05 09:45:00+05:30,970578.2940092895,0
2026-06-05 09:50:00+05:30,970578.2940092895,0
2026-06-05 09:55:00+05:30,970578.2940092895,0
2026-06-05 10:00:00+05:30,970578.2940092895,0
2026-06-05 10:05:00+05:30,970578.2940092895,0
2026-06-05 10:10:00+05:30,970578.2940092895,0
2026-06-05 10:15:00+05:30,970578.2940092895,0
2026-06-05 10:20:00+05:30,970578.2940092895,0
2026-06-05 10:25:00+05:30,970578.2940092895,0
2026-06-05 10:30:00+05:30,970578.2940092895,0
2026-06-05 10:35:00+05:30,970578.2940092895,0
2026-06-05 10:40:00+05:30,970578.2940092895,0
2026-06-05 10:45:00+05:30,970578.2940092895,0
2026-06-05 10:50:00+05:30,970578.2940092895,0
2026-06-05 10:55:00+05:30,970578.2940092895,0
2026-06-05 11:00:00+05:30,970578.2940092895,0
2026-06-05 11:05:00+05:30,970578.2940092895,0
2026-06-05 11:10:00+05:30,970578.2940092895,0
2026-06-05 11:15:00+05:30,970578.2940092895,0
2026-06-05 11:20:00+05:30,970578.2940092895,0
2026-06-05 11:25:00+05:30,970578.2940092895,0
2026-06-05 11:30:00+05:30,970578.2940092895,0
2026-06-05 11:35:00+05:30,970578.2940092895,0
2026-06-05 11:40:00+05:30,970578.2940092895,0
2026-06-05 11:45:00+05:30,970578.2940092895,0
2026-06-05 11:50:00+05:30,970578.2940092895,0
2026-06-05 11:55:00+05:30,970578.2940092895,0
2026-06-05 12:00:00+05:30,970578.2940092895,0
2026-06-05 12:05:00+05:30,970578.2940092895,0
2026-06-05 12:10:00+05:30,970578.2940092895,0
2026-06-05 12:15:00+05:30,970578.2940092895,0
2026-06-05 12:20:00+05:30,970578.2940092895,0
2026-06-05 12:25:00+05:30,970578.2940092895,0
2026-06-05 12:30:00+05:30,970578.2940092895,0
2026-06-05 12:35:00+05:30,970578.2940092895,0
2026-06-05 12:40:00+05:30,970578.2940092895,0
2026-06-05 12:45:00+05:30,970578.2940092895,0
2026-06-05 12:50:00+05:30,970578.2940092895,0
2026-06-05 12:55:00+05:30,970578.2940092895,0
2026-06-05 13:00:00+05:30,970578.2940092895,0
2026-06-05 13:05:00+05:30,970578.2940092895,0
2026-06-05 13:10:00+05:30,970578.2940092895,0
2026-06-05 13:15:00+05:30,966506.4196575857,-1
2026-06-05 13:20:00+05:30,970901.2438763357,-1
2026-06-05 13:25:00+05:30,973181.4196575857,-1
2026-06-05 13:30:00+05:30,973233.8610638357,-1
2026-06-05 13:35:00+05:30,972003.9782513357,-1
2026-06-05 13:40:00+05:30,974756.4196575857,-1
2026-06-05 13:45:00+05:30,972221.3610638357,-1
2026-06-05 13:50:00+05:30,972881.4196575857,-1
2026-06-05 13:55:00+05:30,970143.9196575857,-1
2026-06-05 14:00:00+05:30,968909.9104858844,0
2026-06-05 14:05:00+05:30,968909.9104858844,0
2026-06-05 14:10:00+05:30,968909.9104858844,0
2026-06-05 14:15:00+05:30,968909.9104858844,0
2026-06-05 14:20:00+05:30,968909.9104858844,0
2026-06-05 14:25:00+05:30,968909.9104858844,0
2026-06-05 14:30:00+05:30,968909.9104858844,0
2026-06-05 14:35:00+05:30,968909.9104858844,0
2026-06-05 14:40:00+05:30,968909.9104858844,0
2026-06-05 14:45:00+05:30,968909.9104858844,0
2026-06-05 14:50:00+05:30,968909.9104858844,0
2026-06-05 14:55:00+05:30,968909.9104858844,0
2026-06-05 15:00:00+05:30,968909.9104858844,0
2026-06-05 15:05:00+05:30,968909.9104858844,0
2026-06-05 15:10:00+05:30,968909.9104858844,0
2026-06-05 15:15:00+05:30,968909.9104858844,0
2026-06-05 15:20:00+05:30,968909.9104858844,0
2026-06-05 15:25:00+05:30,968909.9104858844,0
2026-06-08 09:15:00+05:30,968909.9104858844,0
2026-06-08 09:20:00+05:30,968909.9104858844,0
2026-06-08 09:25:00+05:30,968909.9104858844,0
2026-06-08 09:30:00+05:30,968909.9104858844,0
2026-06-08 09:35:00+05:30,968909.9104858844,0
2026-06-08 09:40:00+05:30,968909.9104858844,0
2026-06-08 09:45:00+05:30,968909.9104858844,0
2026-06-08 09:50:00+05:30,968909.9104858844,0
2026-06-08 09:55:00+05:30,968909.9104858844,0
2026-06-08 10:00:00+05:30,968909.9104858844,0
2026-06-08 10:05:00+05:30,968909.9104858844,0
2026-06-08 10:10:00+05:30,968909.9104858844,0
2026-06-08 10:15:00+05:30,968909.9104858844,0
2026-06-08 10:20:00+05:30,968909.9104858844,0
2026-06-08 10:25:00+05:30,968909.9104858844,0
2026-06-08 10:30:00+05:30,968909.9104858844,0
2026-06-08 10:35:00+05:30,968909.9104858844,0
2026-06-08 10:40:00+05:30,968909.9104858844,0
2026-06-08 10:45:00+05:30,968909.9104858844,0
2026-06-08 10:50:00+05:30,968909.9104858844,0
2026-06-08 10:55:00+05:30,968909.9104858844,0
2026-06-08 11:00:00+05:30,968909.9104858844,0
2026-06-08 11:05:00+05:30,968909.9104858844,0
2026-06-08 11:10:00+05:30,968909.9104858844,0
2026-06-08 11:15:00+05:30,968909.9104858844,0
2026-06-08 11:20:00+05:30,968909.9104858844,0
2026-06-08 11:25:00+05:30,968909.9104858844,0
2026-06-08 11:30:00+05:30,968909.9104858844,0
2026-06-08 11:35:00+05:30,968909.9104858844,0
2026-06-08 11:40:00+05:30,968909.9104858844,0
2026-06-08 11:45:00+05:30,968909.9104858844,0
2026-06-08 11:50:00+05:30,968909.9104858844,0
2026-06-08 11:55:00+05:30,968909.9104858844,0
2026-06-08 12:00:00+05:30,968909.9104858844,0
2026-06-08 12:05:00+05:30,968909.9104858844,0
2026-06-08 12:10:00+05:30,968909.9104858844,0
2026-06-08 12:15:00+05:30,968909.9104858844,0
2026-06-08 12:20:00+05:30,968909.9104858844,0
2026-06-08 12:25:00+05:30,968909.9104858844,0
2026-06-08 12:30:00+05:30,968909.9104858844,0
2026-06-08 12:35:00+05:30,968909.9104858844,0
2026-06-08 12:40:00+05:30,968909.9104858844,0
2026-06-08 12:45:00+05:30,968909.9104858844,0
2026-06-08 12:50:00+05:30,968909.9104858844,0
2026-06-08 12:55:00+05:30,968909.9104858844,0
2026-06-08 13:00:00+05:30,968909.9104858844,0
2026-06-08 13:05:00+05:30,968909.9104858844,0
2026-06-08 13:10:00+05:30,968909.9104858844,0
2026-06-08 13:15:00+05:30,968909.9104858844,0
2026-06-08 13:20:00+05:30,968909.9104858844,0
2026-06-08 13:25:00+05:30,968909.9104858844,0
2026-06-08 13:30:00+05:30,968909.9104858844,0
2026-06-08 13:35:00+05:30,968909.9104858844,0
2026-06-08 13:40:00+05:30,968909.9104858844,0
2026-06-08 13:45:00+05:30,968909.9104858844,0
2026-06-08 13:50:00+05:30,968909.9104858844,0
2026-06-08 13:55:00+05:30,968909.9104858844,0
2026-06-08 14:00:00+05:30,968909.9104858844,0
2026-06-08 14:05:00+05:30,968909.9104858844,0
2026-06-08 14:10:00+05:30,968909.9104858844,0
2026-06-08 14:15:00+05:30,968909.9104858844,0
2026-06-08 14:20:00+05:30,968909.9104858844,0
2026-06-08 14:25:00+05:30,968909.9104858844,0
2026-06-08 14:30:00+05:30,968909.9104858844,0
2026-06-08 14:35:00+05:30,968909.9104858844,0
2026-06-08 14:40:00+05:30,968909.9104858844,0
2026-06-08 14:45:00+05:30,968909.9104858844,0
2026-06-08 14:50:00+05:30,968909.9104858844,0
2026-06-08 14:55:00+05:30,968909.9104858844,0
2026-06-08 15:00:00+05:30,968909.9104858844,0
2026-06-08 15:05:00+05:30,968909.9104858844,0
2026-06-08 15:10:00+05:30,968909.9104858844,0
2026-06-08 15:15:00+05:30,968909.9104858844,0
2026-06-08 15:20:00+05:30,968909.9104858844,0
2026-06-08 15:25:00+05:30,968909.9104858844,0
2026-06-09 09:15:00+05:30,968909.9104858844,0
2026-06-09 09:20:00+05:30,968909.9104858844,0
2026-06-09 09:25:00+05:30,968909.9104858844,0
2026-06-09 09:30:00+05:30,968909.9104858844,0
2026-06-09 09:35:00+05:30,968909.9104858844,0
2026-06-09 09:40:00+05:30,968909.9104858844,0
2026-06-09 09:45:00+05:30,968909.9104858844,0
2026-06-09 09:50:00+05:30,968909.9104858844,0
2026-06-09 09:55:00+05:30,968909.9104858844,0
2026-06-09 10:00:00+05:30,968909.9104858844,0
2026-06-09 10:05:00+05:30,968909.9104858844,0
2026-06-09 10:10:00+05:30,968909.9104858844,0
2026-06-09 10:15:00+05:30,968909.9104858844,0
2026-06-09 10:20:00+05:30,968909.9104858844,0
2026-06-09 10:25:00+05:30,968909.9104858844,0
2026-06-09 10:30:00+05:30,968909.9104858844,0
2026-06-09 10:35:00+05:30,968909.9104858844,0
2026-06-09 10:40:00+05:30,968909.9104858844,0
2026-06-09 10:45:00+05:30,968909.9104858844,0
2026-06-09 10:50:00+05:30,968909.9104858844,0
2026-06-09 10:55:00+05:30,968909.9104858844,0
2026-06-09 11:00:00+05:30,968909.9104858844,0
2026-06-09 11:05:00+05:30,968909.9104858844,0
2026-06-09 11:10:00+05:30,968909.9104858844,0
2026-06-09 11:15:00+05:30,968909.9104858844,0
2026-06-09 11:20:00+05:30,968909.9104858844,0
2026-06-09 11:25:00+05:30,968909.9104858844,0
2026-06-09 11:30:00+05:30,968909.9104858844,0
2026-06-09 11:35:00+05:30,968909.9104858844,0
2026-06-09 11:40:00+05:30,968909.9104858844,0
2026-06-09 11:45:00+05:30,968909.9104858844,0
2026-06-09 11:50:00+05:30,968909.9104858844,0
2026-06-09 11:55:00+05:30,968909.9104858844,0
2026-06-09 12:00:00+05:30,968909.9104858844,0
2026-06-09 12:05:00+05:30,968909.9104858844,0
2026-06-09 12:10:00+05:30,968909.9104858844,0
2026-06-09 12:15:00+05:30,968909.9104858844,0
2026-06-09 12:20:00+05:30,968909.9104858844,0
2026-06-09 12:25:00+05:30,968909.9104858844,0
2026-06-09 12:30:00+05:30,968909.9104858844,0
2026-06-09 12:35:00+05:30,967834.7745861367,1
2026-06-09 12:40:00+05:30,966342.3917736367,1
2026-06-09 12:45:00+05:30,965675.0089611367,1
2026-06-09 12:50:00+05:30,962613.3146796366,0
2026-06-09 12:55:00+05:30,962613.3146796366,0
2026-06-09 13:00:00+05:30,962613.3146796366,0
2026-06-09 13:05:00+05:30,962613.3146796366,0
2026-06-09 13:10:00+05:30,962613.3146796366,0
2026-06-09 13:15:00+05:30,962613.3146796366,0
2026-06-09 13:20:00+05:30,962613.3146796366,0
2026-06-09 13:25:00+05:30,962613.3146796366,0
2026-06-09 13:30:00+05:30,962613.3146796366,0
2026-06-09 13:35:00+05:30,962613.3146796366,0
2026-06-09 13:40:00+05:30,962613.3146796366,0
2026-06-09 13:45:00+05:30,962613.3146796366,0
2026-06-09 13:50:00+05:30,962613.3146796366,0
2026-06-09 13:55:00+05:30,962613.3146796366,0
2026-06-09 14:00:00+05:30,962613.3146796366,0
2026-06-09 14:05:00+05:30,962613.3146796366,0
2026-06-09 14:10:00+05:30,962613.3146796366,0
2026-06-09 14:15:00+05:30,962613.3146796366,0
2026-06-09 14:20:00+05:30,962613.3146796366,0
2026-06-09 14:25:00+05:30,962613.3146796366,0
2026-06-09 14:30:00+05:30,962613.3146796366,0
2026-06-09 14:35:00+05:30,962613.3146796366,0
2026-06-09 14:40:00+05:30,962613.3146796366,0
2026-06-09 14:45:00+05:30,962613.3146796366,0
2026-06-09 14:50:00+05:30,962613.3146796366,0
2026-06-09 14:55:00+05:30,962613.3146796366,0
2026-06-09 15:00:00+05:30,962613.3146796366,0
2026-06-09 15:05:00+05:30,962613.3146796366,0
2026-06-09 15:10:00+05:30,962613.3146796366,0
2026-06-09 15:15:00+05:30,962613.3146796366,0
2026-06-09 15:20:00+05:30,962613.3146796366,0
2026-06-09 15:25:00+05:30,962613.3146796366,0
2026-06-10 09:15:00+05:30,962613.3146796366,0
2026-06-10 09:20:00+05:30,962613.3146796366,0
2026-06-10 09:25:00+05:30,962613.3146796366,0
2026-06-10 09:30:00+05:30,962613.3146796366,0
2026-06-10 09:35:00+05:30,959861.1656693243,1
2026-06-10 09:40:00+05:30,962448.6656693243,1
2026-06-10 09:45:00+05:30,966063.6070755743,1
2026-06-10 09:50:00+05:30,965066.0484818243,1
2026-06-10 09:55:00+05:30,964180.9898880743,1
2026-06-10 10:00:00+05:30,961811.1656693243,1
2026-06-10 10:05:00+05:30,961818.4898880743,1
2026-06-10 10:10:00+05:30,956741.0484818243,1
2026-06-10 10:15:00+05:30,954516.972984083,0
2026-06-10 10:20:00+05:30,954516.972984083,0
2026-06-10 10:25:00+05:30,954516.972984083,0
2026-06-10 10:30:00+05:30,954516.972984083,0
2026-06-10 10:35:00+05:30,954516.972984083,0
2026-06-10 10:40:00+05:30,954516.972984083,0
2026-06-10 10:45:00+05:30,954516.972984083,0
2026-06-10 10:50:00+05:30,954516.972984083,0
2026-06-10 10:55:00+05:30,954516.972984083,0
2026-06-10 11:00:00+05:30,954516.972984083,0
2026-06-10 11:05:00+05:30,954516.972984083,0
2026-06-10 11:10:00+05:30,954516.972984083,0
2026-06-10 11:15:00+05:30,954516.972984083,0
2026-06-10 11:20:00+05:30,954516.972984083,0
2026-06-10 11:25:00+05:30,954516.972984083,0
2026-06-10 11:30:00+05:30,952393.0197697671,1
2026-06-10 11:35:00+05:30,955032.9611760171,1
2026-06-10 11:40:00+05:30,955010.4025822671,1
2026-06-10 11:45:00+05:30,954118.0197697671,1
2026-06-10 11:50:00+05:30,953562.8439885171,1
2026-06-10 11:55:00+05:30,954530.5197697671,1
2026-06-10 12:00:00+05:30,951387.8439885171,1
2026-06-10 12:05:00+05:30,952655.5197697671,1
2026-06-10 12:10:00+05:30,953420.4611760171,1
2026-06-10 12:15:00+05:30,952662.8439885171,1
2026-06-10 12:20:00+05:30,950757.9611760171,1
2026-06-10 12:25:00+05:30,950397.9025822671,1
2026-06-10 12:30:00+05:30,950232.9611760171,1
2026-06-10 12:35:00+05:30,950082.9611760171,1
2026-06-10 12:40:00+05:30,947930.1684503892,0
2026-06-10 12:45:00+05:30,947930.1684503892,0
2026-06-10 12:50:00+05:30,947930.1684503892,0
2026-06-10 12:55:00+05:30,947930.1684503892,0
2026-06-10 13:00:00+05:30,947930.1684503892,0
2026-06-10 13:05:00+05:30,946367.974149273,1
2026-06-10 13:10:00+05:30,945228.032743023,1
2026-06-10 13:15:00+05:30,943982.915555523,1
2026-06-10 13:20:00+05:30,941760.2806321383,0
2026-06-10 13:25:00+05:30,941760.2806321383,0
2026-06-10 13:30:00+05:30,941760.2806321383,0
2026-06-10 13:35:00+05:30,941760.2806321383,0
2026-06-10 13:40:00+05:30,941760.2806321383,0
2026-06-10 13:45:00+05:30,941760.2806321383,0
2026-06-10 13:50:00+05:30,941760.2806321383,0
2026-06-10 13:55:00+05:30,941760.2806321383,0
2026-06-10 14:00:00+05:30,941760.2806321383,0
2026-06-10 14:05:00+05:30,941760.2806321383,0
2026-06-10 14:10:00+05:30,941760.2806321383,0
2026-06-10 14:15:00+05:30,941760.2806321383,0
2026-06-10 14:20:00+05:30,941760.2806321383,0
2026-06-10 14:25:00+05:30,941760.2806321383,0
2026-06-10 14:30:00+05:30,941760.2806321383,0
2026-06-10 14:35:00+05:30,941760.2806321383,0
2026-06-10 14:40:00+05:30,941760.2806321383,0
2026-06-10 14:45:00+05:30,941760.2806321383,0
2026-06-10 14:50:00+05:30,941760.2806321383,0
2026-06-10 14:55:00+05:30,941760.2806321383,0
2026-06-10 15:00:00+05:30,941760.2806321383,0
2026-06-10 15:05:00+05:30,941760.2806321383,0
2026-06-10 15:10:00+05:30,941760.2806321383,0
2026-06-10 15:15:00+05:30,941760.2806321383,0
2026-06-10 15:20:00+05:30,941760.2806321383,0
2026-06-10 15:25:00+05:30,941760.2806321383,0
2026-06-11 09:15:00+05:30,941760.2806321383,0
2026-06-11 09:20:00+05:30,941760.2806321383,0
2026-06-11 09:25:00+05:30,941760.2806321383,0
2026-06-11 09:30:00+05:30,941760.2806321383,0
2026-06-11 09:35:00+05:30,941760.2806321383,0
2026-06-11 09:40:00+05:30,941760.2806321383,0
2026-06-11 09:45:00+05:30,941760.2806321383,0
2026-06-11 09:50:00+05:30,941760.2806321383,0
2026-06-11 09:55:00+05:30,941760.2806321383,0
2026-06-11 10:00:00+05:30,941760.2806321383,0
2026-06-11 10:05:00+05:30,941760.2806321383,0
2026-06-11 10:10:00+05:30,941760.2806321383,0
2026-06-11 10:15:00+05:30,941760.2806321383,0
2026-06-11 10:20:00+05:30,941760.2806321383,0
2026-06-11 10:25:00+05:30,941760.2806321383,0
2026-06-11 10:30:00+05:30,941760.2806321383,0
2026-06-11 10:35:00+05:30,941760.2806321383,0
2026-06-11 10:40:00+05:30,941760.2806321383,0
2026-06-11 10:45:00+05:30,941760.2806321383,0
2026-06-11 10:50:00+05:30,941760.2806321383,0
2026-06-11 10:55:00+05:30,941760.2806321383,0
2026-06-11 11:00:00+05:30,941760.2806321383,0
2026-06-11 11:05:00+05:30,941760.2806321383,0
2026-06-11 11:10:00+05:30,941760.2806321383,0
2026-06-11 11:15:00+05:30,941760.2806321383,0
2026-06-11 11:20:00+05:30,941760.2806321383,0
2026-06-11 11:25:00+05:30,941760.2806321383,0
2026-06-11 11:30:00+05:30,941760.2806321383,0
2026-06-11 11:35:00+05:30,941760.2806321383,0
2026-06-11 11:40:00+05:30,941760.2806321383,0
2026-06-11 11:45:00+05:30,941760.2806321383,0
2026-06-11 11:50:00+05:30,941760.2806321383,0
2026-06-11 11:55:00+05:30,941760.2806321383,0
2026-06-11 12:00:00+05:30,941760.2806321383,0
2026-06-11 12:05:00+05:30,941760.2806321383,0
2026-06-11 12:10:00+05:30,941760.2806321383,0
2026-06-11 12:15:00+05:30,941760.2806321383,0
2026-06-11 12:20:00+05:30,941760.2806321383,0
2026-06-11 12:25:00+05:30,941760.2806321383,0
2026-06-11 12:30:00+05:30,941760.2806321383,0
2026-06-11 12:35:00+05:30,935181.5642124658,0
2026-06-11 12:40:00+05:30,935181.5642124658,0
2026-06-11 12:45:00+05:30,935181.5642124658,0
2026-06-11 12:50:00+05:30,935181.5642124658,0
2026-06-11 12:55:00+05:30,935181.5642124658,0
2026-06-11 13:00:00+05:30,935181.5642124658,0
2026-06-11 13:05:00+05:30,935181.5642124658,0
2026-06-11 13:10:00+05:30,935181.5642124658,0
2026-06-11 13:15:00+05:30,935181.5642124658,0
2026-06-11 13:20:00+05:30,935181.5642124658,0
2026-06-11 13:25:00+05:30,935181.5642124658,0
2026-06-11 13:30:00+05:30,935181.5642124658,0
2026-06-11 13:35:00+05:30,935181.5642124658,0
2026-06-11 13:40:00+05:30,935181.5642124658,0
2026-06-11 13:45:00+05:30,935181.5642124658,0
2026-06-11 13:50:00+05:30,935181.5642124658,0
2026-06-11 13:55:00+05:30,935181.5642124658,0
2026-06-11 14:00:00+05:30,935181.5642124658,0
2026-06-11 14:05:00+05:30,935181.5642124658,0
2026-06-11 14:10:00+05:30,935181.5642124658,0
2026-06-11 14:15:00+05:30,935181.5642124658,0
2026-06-11 14:20:00+05:30,935181.5642124658,0
2026-06-11 14:25:00+05:30,935181.5642124658,0
2026-06-11 14:30:00+05:30,935181.5642124658,0
2026-06-11 14:35:00+05:30,935181.5642124658,0
2026-06-11 14:40:00+05:30,935181.5642124658,0
2026-06-11 14:45:00+05:30,935181.5642124658,0
2026-06-11 14:50:00+05:30,935181.5642124658,0
2026-06-11 14:55:00+05:30,935181.5642124658,0
2026-06-11 15:00:00+05:30,935181.5642124658,0
2026-06-11 15:05:00+05:30,935181.5642124658,0
2026-06-11 15:10:00+05:30,935181.5642124658,0
2026-06-11 15:15:00+05:30,935181.5642124658,0
2026-06-11 15:20:00+05:30,935181.5642124658,0
2026-06-11 15:25:00+05:30,935181.5642124658,0
2026-06-12 09:15:00+05:30,935181.5642124658,0
2026-06-12 09:20:00+05:30,935181.5642124658,0
2026-06-12 09:25:00+05:30,935181.5642124658,0
2026-06-12 09:30:00+05:30,935181.5642124658,0
2026-06-12 09:35:00+05:30,935181.5642124658,0
2026-06-12 09:40:00+05:30,935181.5642124658,0
2026-06-12 09:45:00+05:30,935181.5642124658,0
2026-06-12 09:50:00+05:30,935181.5642124658,0
2026-06-12 09:55:00+05:30,935181.5642124658,0
2026-06-12 10:00:00+05:30,935181.5642124658,0
2026-06-12 10:05:00+05:30,935181.5642124658,0
2026-06-12 10:10:00+05:30,935181.5642124658,0
2026-06-12 10:15:00+05:30,935181.5642124658,0
2026-06-12 10:20:00+05:30,935181.5642124658,0
2026-06-12 10:25:00+05:30,935181.5642124658,0
2026-06-12 10:30:00+05:30,935181.5642124658,0
2026-06-12 10:35:00+05:30,935181.5642124658,0
2026-06-12 10:40:00+05:30,935181.5642124658,0
2026-06-12 10:45:00+05:30,935181.5642124658,0
2026-06-12 10:50:00+05:30,935181.5642124658,0
2026-06-12 10:55:00+05:30,935181.5642124658,0
2026-06-12 11:00:00+05:30,935181.5642124658,0
2026-06-12 11:05:00+05:30,935181.5642124658,0
2026-06-12 11:10:00+05:30,935181.5642124658,0
2026-06-12 11:15:00+05:30,935181.5642124658,0
2026-06-12 11:20:00+05:30,935181.5642124658,0
2026-06-12 11:25:00+05:30,935181.5642124658,0
2026-06-12 11:30:00+05:30,935181.5642124658,0
2026-06-12 11:35:00+05:30,935181.5642124658,0
2026-06-12 11:40:00+05:30,935181.5642124658,0
2026-06-12 11:45:00+05:30,935181.5642124658,0
2026-06-12 11:50:00+05:30,935181.5642124658,0
2026-06-12 11:55:00+05:30,935181.5642124658,0
2026-06-12 12:00:00+05:30,935181.5642124658,0
2026-06-12 12:05:00+05:30,935181.5642124658,0
2026-06-12 12:10:00+05:30,935181.5642124658,0
2026-06-12 12:15:00+05:30,935181.5642124658,0
2026-06-12 12:20:00+05:30,935181.5642124658,0
2026-06-12 12:25:00+05:30,935181.5642124658,0
2026-06-12 12:30:00+05:30,935181.5642124658,0
2026-06-12 12:35:00+05:30,935181.5642124658,0
2026-06-12 12:40:00+05:30,935181.5642124658,0
2026-06-12 12:45:00+05:30,935181.5642124658,0
2026-06-12 12:50:00+05:30,935181.5642124658,0
2026-06-12 12:55:00+05:30,935181.5642124658,0
2026-06-12 13:00:00+05:30,935181.5642124658,0
2026-06-12 13:05:00+05:30,935181.5642124658,0
2026-06-12 13:10:00+05:30,935181.5642124658,0
2026-06-12 13:15:00+05:30,935181.5642124658,0
2026-06-12 13:20:00+05:30,935181.5642124658,0
2026-06-12 13:25:00+05:30,935181.5642124658,0
2026-06-12 13:30:00+05:30,935181.5642124658,0
2026-06-12 13:35:00+05:30,935181.5642124658,0
2026-06-12 13:40:00+05:30,935980.1992454715,1
2026-06-12 13:45:00+05:30,938590.2578392215,1
2026-06-12 13:50:00+05:30,938147.8750267215,1
2026-06-12 13:55:00+05:30,940907.6406517215,1
2026-06-12 14:00:00+05:30,942670.1406517215,1
2026-06-12 14:05:00+05:30,941192.6992454715,1
2026-06-12 14:10:00+05:30,943915.2578392215,1
2026-06-12 14:15:00+05:30,945152.7578392215,1
2026-06-12 14:20:00+05:30,944905.1992454715,1
2026-06-12 14:25:00+05:30,946960.3750267215,1
2026-06-12 14:30:00+05:30,947095.1406517215,1
2026-06-12 14:35:00+05:30,950005.1992454715,1
2026-06-12 14:40:00+05:30,950252.7578392215,1
2026-06-12 14:45:00+05:30,953110.3750267215,1
2026-06-12 14:50:00+05:30,955615.2578392215,1
2026-06-12 14:55:00+05:30,956012.8164329715,1
2026-06-12 15:00:00+05:30,960175.3164329715,1
2026-06-12 15:05:00+05:30,957797.8750267215,1
2026-06-12 15:10:00+05:30,958060.3750267215,1
2026-06-12 15:15:00+05:30,957637.4733343654,0
2026-06-12 15:20:00+05:30,957637.4733343654,0
2026-06-12 15:25:00+05:30,957637.4733343654,0
2026-06-15 09:15:00+05:30,957637.4733343654,0
2026-06-15 09:20:00+05:30,957637.4733343654,0
2026-06-15 09:25:00+05:30,957637.4733343654,0
2026-06-15 09:30:00+05:30,957637.4733343654,0
2026-06-15 09:35:00+05:30,957637.4733343654,0
2026-06-15 09:40:00+05:30,957637.4733343654,0
2026-06-15 09:45:00+05:30,957637.4733343654,0
2026-06-15 09:50:00+05:30,957637.4733343654,0
2026-06-15 09:55:00+05:30,957637.4733343654,0
2026-06-15 10:00:00+05:30,957637.4733343654,0
2026-06-15 10:05:00+05:30,957637.4733343654,0
2026-06-15 10:10:00+05:30,957637.4733343654,0
2026-06-15 10:15:00+05:30,957637.4733343654,0
2026-06-15 10:20:00+05:30,957637.4733343654,0
2026-06-15 10:25:00+05:30,957637.4733343654,0
2026-06-15 10:30:00+05:30,957637.4733343654,0
2026-06-15 10:35:00+05:30,957637.4733343654,0
2026-06-15 10:40:00+05:30,957637.4733343654,0
2026-06-15 10:45:00+05:30,957637.4733343654,0
2026-06-15 10:50:00+05:30,957637.4733343654,0
2026-06-15 10:55:00+05:30,957637.4733343654,0
2026-06-15 11:00:00+05:30,957637.4733343654,0
2026-06-15 11:05:00+05:30,957637.4733343654,0
2026-06-15 11:10:00+05:30,957637.4733343654,0
2026-06-15 11:15:00+05:30,957637.4733343654,0
2026-06-15 11:20:00+05:30,957637.4733343654,0
2026-06-15 11:25:00+05:30,957637.4733343654,0
2026-06-15 11:30:00+05:30,957637.4733343654,0
2026-06-15 11:35:00+05:30,957637.4733343654,0
2026-06-15 11:40:00+05:30,957637.4733343654,0
2026-06-15 11:45:00+05:30,957637.4733343654,0
2026-06-15 11:50:00+05:30,957637.4733343654,0
2026-06-15 11:55:00+05:30,957637.4733343654,0
2026-06-15 12:00:00+05:30,957637.4733343654,0
2026-06-15 12:05:00+05:30,957637.4733343654,0
2026-06-15 12:10:00+05:30,957637.4733343654,0
2026-06-15 12:15:00+05:30,957637.4733343654,0
2026-06-15 12:20:00+05:30,957637.4733343654,0
2026-06-15 12:25:00+05:30,957637.4733343654,0
2026-06-15 12:30:00+05:30,957637.4733343654,0
2026-06-15 12:35:00+05:30,957637.4733343654,0
2026-06-15 12:40:00+05:30,957637.4733343654,0
2026-06-15 12:45:00+05:30,957637.4733343654,0
2026-06-15 12:50:00+05:30,957637.4733343654,0
2026-06-15 12:55:00+05:30,957637.4733343654,0
2026-06-15 13:00:00+05:30,957637.4733343654,0
2026-06-15 13:05:00+05:30,957637.4733343654,0
2026-06-15 13:10:00+05:30,957637.4733343654,0
2026-06-15 13:15:00+05:30,957637.4733343654,0
2026-06-15 13:20:00+05:30,957637.4733343654,0
2026-06-15 13:25:00+05:30,957637.4733343654,0
2026-06-15 13:30:00+05:30,957637.4733343654,0
2026-06-15 13:35:00+05:30,957637.4733343654,0
2026-06-15 13:40:00+05:30,957637.4733343654,0
2026-06-15 13:45:00+05:30,957637.4733343654,0
2026-06-15 13:50:00+05:30,957637.4733343654,0
2026-06-15 13:55:00+05:30,957637.4733343654,0
2026-06-15 14:00:00+05:30,957637.4733343654,0
2026-06-15 14:05:00+05:30,957637.4733343654,0
2026-06-15 14:10:00+05:30,957637.4733343654,0
2026-06-15 14:15:00+05:30,957637.4733343654,0
2026-06-15 14:20:00+05:30,957637.4733343654,0
2026-06-15 14:25:00+05:30,957637.4733343654,0
2026-06-15 14:30:00+05:30,957637.4733343654,0
2026-06-15 14:35:00+05:30,957637.4733343654,0
2026-06-15 14:40:00+05:30,957637.4733343654,0
2026-06-15 14:45:00+05:30,957637.4733343654,0
2026-06-15 14:50:00+05:30,957637.4733343654,0
2026-06-15 14:55:00+05:30,957637.4733343654,0
2026-06-15 15:00:00+05:30,957637.4733343654,0
2026-06-15 15:05:00+05:30,957637.4733343654,0
2026-06-15 15:10:00+05:30,957637.4733343654,0
2026-06-15 15:15:00+05:30,957637.4733343654,0
2026-06-15 15:20:00+05:30,957637.4733343654,0
2026-06-15 15:25:00+05:30,957637.4733343654,0
2026-06-16 09:15:00+05:30,957637.4733343654,0
2026-06-16 09:20:00+05:30,957637.4733343654,0
2026-06-16 09:25:00+05:30,957637.4733343654,0
2026-06-16 09:30:00+05:30,957637.4733343654,0
2026-06-16 09:35:00+05:30,955380.9344711809,1
2026-06-16 09:40:00+05:30,952965.9930649309,1
2026-06-16 09:45:00+05:30,955561.1102524309,1
2026-06-16 09:50:00+05:30,955748.6102524309,1
2026-06-16 09:55:00+05:30,956378.4930649309,1
2026-06-16 10:00:00+05:30,950107.2214483708,0
2026-06-16 10:05:00+05:30,950107.2214483708,0
2026-06-16 10:10:00+05:30,950107.2214483708,0
2026-06-16 10:15:00+05:30,950107.2214483708,0
2026-06-16 10:20:00+05:30,950107.2214483708,0
2026-06-16 10:25:00+05:30,950107.2214483708,0
2026-06-16 10:30:00+05:30,950107.2214483708,0
2026-06-16 10:35:00+05:30,950107.2214483708,0
2026-06-16 10:40:00+05:30,950107.2214483708,0
2026-06-16 10:45:00+05:30,950107.2214483708,0
2026-06-16 10:50:00+05:30,950107.2214483708,0
2026-06-16 10:55:00+05:30,950107.2214483708,0
2026-06-16 11:00:00+05:30,950107.2214483708,0
2026-06-16 11:05:00+05:30,950107.2214483708,0
2026-06-16 11:10:00+05:30,950107.2214483708,0
2026-06-16 11:15:00+05:30,950107.2214483708,0
2026-06-16 11:20:00+05:30,950107.2214483708,0
2026-06-16 11:25:00+05:30,950107.2214483708,0
2026-06-16 11:30:00+05:30,950107.2214483708,0
2026-06-16 11:35:00+05:30,950107.2214483708,0
2026-06-16 11:40:00+05:30,950107.2214483708,0
2026-06-16 11:45:00+05:30,950107.2214483708,0
2026-06-16 11:50:00+05:30,950107.2214483708,0
2026-06-16 11:55:00+05:30,950107.2214483708,0
2026-06-16 12:00:00+05:30,950107.2214483708,0
2026-06-16 12:05:00+05:30,950107.2214483708,0
2026-06-16 12:10:00+05:30,950107.2214483708,0
2026-06-16 12:15:00+05:30,950107.2214483708,0
2026-06-16 12:20:00+05:30,950107.2214483708,0
2026-06-16 12:25:00+05:30,950107.2214483708,0
2026-06-16 12:30:00+05:30,950107.2214483708,0
2026-06-16 12:35:00+05:30,950107.2214483708,0
2026-06-16 12:40:00+05:30,950107.2214483708,0
2026-06-16 12:45:00+05:30,950107.2214483708,0
2026-06-16 12:50:00+05:30,950107.2214483708,0
2026-06-16 12:55:00+05:30,950107.2214483708,0
2026-06-16 13:00:00+05:30,950107.2214483708,0
2026-06-16 13:05:00+05:30,950107.2214483708,0
2026-06-16 13:10:00+05:30,950107.2214483708,0
2026-06-16 13:15:00+05:30,950107.2214483708,0
2026-06-16 13:20:00+05:30,950107.2214483708,0
2026-06-16 13:25:00+05:30,950107.2214483708,0
2026-06-16 13:30:00+05:30,950107.2214483708,0
2026-06-16 13:35:00+05:30,950107.2214483708,0
2026-06-16 13:40:00+05:30,950107.2214483708,0
2026-06-16 13:45:00+05:30,950107.2214483708,0
2026-06-16 13:50:00+05:30,950107.2214483708,0
2026-06-16 13:55:00+05:30,950107.2214483708,0
2026-06-16 14:00:00+05:30,950107.2214483708,0
2026-06-16 14:05:00+05:30,950107.2214483708,0
2026-06-16 14:10:00+05:30,950107.2214483708,0
2026-06-16 14:15:00+05:30,950107.2214483708,0
2026-06-16 14:20:00+05:30,950107.2214483708,0
2026-06-16 14:25:00+05:30,950107.2214483708,0
2026-06-16 14:30:00+05:30,950107.2214483708,0
2026-06-16 14:35:00+05:30,950107.2214483708,0
2026-06-16 14:40:00+05:30,944933.2311536967,0
2026-06-16 14:45:00+05:30,944933.2311536967,0
2026-06-16 14:50:00+05:30,944933.2311536967,0
2026-06-16 14:55:00+05:30,944933.2311536967,0
2026-06-16 15:00:00+05:30,944933.2311536967,0
2026-06-16 15:05:00+05:30,944933.2311536967,0
2026-06-16 15:10:00+05:30,944933.2311536967,0
2026-06-16 15:15:00+05:30,944933.2311536967,0
2026-06-16 15:20:00+05:30,944933.2311536967,0
2026-06-16 15:25:00+05:30,944933.2311536967,0
2026-06-17 09:15:00+05:30,944933.2311536967,0
2026-06-17 09:20:00+05:30,944933.2311536967,0
2026-06-17 09:25:00+05:30,944933.2311536967,0
2026-06-17 09:30:00+05:30,944933.2311536967,0
2026-06-17 09:35:00+05:30,944933.2311536967,0
2026-06-17 09:40:00+05:30,945530.6685994755,1
2026-06-17 09:45:00+05:30,945905.6685994755,1
2026-06-17 09:50:00+05:30,945868.1685994755,1
2026-06-17 09:55:00+05:30,946175.4928182255,1
2026-06-17 10:00:00+05:30,943205.6685994755,1
2026-06-17 10:05:00+05:30,945470.6100057255,1
2026-06-17 10:10:00+05:30,943452.9342244755,1
2026-06-17 10:15:00+05:30,946340.4342244755,1
2026-06-17 10:20:00+05:30,948118.1685994755,1
2026-06-17 10:25:00+05:30,946333.1100057255,1
2026-06-17 10:30:00+05:30,947652.9342244755,1
2026-06-17 10:35:00+05:30,948110.5514119755,1
2026-06-17 10:40:00+05:30,949160.5514119755,1
2026-06-17 10:45:00+05:30,947780.6685994755,1
2026-06-17 10:50:00+05:30,948815.4342244755,1
2026-06-17 10:55:00+05:30,948298.0514119755,1
2026-06-17 11:00:00+05:30,947248.0514119755,1
2026-06-17 11:05:00+05:30,946655.6685994755,1
2026-06-17 11:10:00+05:30,948552.9342244755,1
2026-06-17 11:15:00+05:30,949423.0514119755,1
2026-06-17 11:20:00+05:30,948980.6685994755,1
2026-06-17 11:25:00+05:30,949640.4342244755,1
2026-06-17 11:30:00+05:30,951095.6100057255,1
2026-06-17 11:35:00+05:30,947427.9342244755,1
2026-06-17 11:40:00+05:30,948793.1685994755,1
2026-06-17 11:45:00+05:30,947443.1685994755,1
2026-06-17 11:50:00+05:30,946580.6685994755,1
2026-06-17 11:55:00+05:30,943214.7950160303,0
2026-06-17 12:00:00+05:30,943214.7950160303,0
2026-06-17 12:05:00+05:30,943214.7950160303,0
2026-06-17 12:10:00+05:30,943214.7950160303,0
2026-06-17 12:15:00+05:30,943214.7950160303,0
2026-06-17 12:20:00+05:30,943214.7950160303,0
2026-06-17 12:25:00+05:30,943214.7950160303,0
2026-06-17 12:30:00+05:30,943214.7950160303,0
2026-06-17 12:35:00+05:30,943214.7950160303,0
2026-06-17 12:40:00+05:30,943214.7950160303,0
2026-06-17 12:45:00+05:30,943214.7950160303,0
2026-06-17 12:50:00+05:30,943214.7950160303,0
2026-06-17 12:55:00+05:30,943214.7950160303,0
2026-06-17 13:00:00+05:30,943214.7950160303,0
2026-06-17 13:05:00+05:30,943214.7950160303,0
2026-06-17 13:10:00+05:30,943214.7950160303,0
2026-06-17 13:15:00+05:30,943214.7950160303,0
2026-06-17 13:20:00+05:30,943214.7950160303,0
2026-06-17 13:25:00+05:30,943214.7950160303,0
2026-06-17 13:30:00+05:30,943214.7950160303,0
2026-06-17 13:35:00+05:30,943214.7950160303,0
2026-06-17 13:40:00+05:30,943214.7950160303,0
2026-06-17 13:45:00+05:30,943214.7950160303,0
2026-06-17 13:50:00+05:30,943214.7950160303,0
2026-06-17 13:55:00+05:30,943214.7950160303,0
2026-06-17 14:00:00+05:30,943214.7950160303,0
2026-06-17 14:05:00+05:30,943214.7950160303,0
2026-06-17 14:10:00+05:30,943214.7950160303,0
2026-06-17 14:15:00+05:30,943214.7950160303,0
2026-06-17 14:20:00+05:30,943214.7950160303,0
2026-06-17 14:25:00+05:30,943214.7950160303,0
2026-06-17 14:30:00+05:30,943214.7950160303,0
2026-06-17 14:35:00+05:30,943214.7950160303,0
2026-06-17 14:40:00+05:30,943214.7950160303,0
2026-06-17 14:45:00+05:30,943214.7950160303,0
2026-06-17 14:50:00+05:30,943214.7950160303,0
2026-06-17 14:55:00+05:30,943214.7950160303,0
2026-06-17 15:00:00+05:30,943214.7950160303,0
2026-06-17 15:05:00+05:30,943214.7950160303,0
2026-06-17 15:10:00+05:30,943214.7950160303,0
2026-06-17 15:15:00+05:30,943214.7950160303,0
2026-06-17 15:20:00+05:30,943214.7950160303,0
2026-06-17 15:25:00+05:30,943214.7950160303,0
2026-06-18 09:15:00+05:30,943214.7950160303,0
2026-06-18 09:20:00+05:30,943214.7950160303,0
2026-06-18 09:25:00+05:30,943214.7950160303,0
2026-06-18 09:30:00+05:30,943214.7950160303,0
2026-06-18 09:35:00+05:30,943214.7950160303,0
2026-06-18 09:40:00+05:30,943214.7950160303,0
2026-06-18 09:45:00+05:30,943214.7950160303,0
2026-06-18 09:50:00+05:30,943214.7950160303,0
2026-06-18 09:55:00+05:30,943214.7950160303,0
2026-06-18 10:00:00+05:30,943214.7950160303,0
2026-06-18 10:05:00+05:30,943214.7950160303,0
2026-06-18 10:10:00+05:30,943214.7950160303,0
2026-06-18 10:15:00+05:30,943214.7950160303,0
2026-06-18 10:20:00+05:30,943214.7950160303,0
2026-06-18 10:25:00+05:30,943214.7950160303,0
2026-06-18 10:30:00+05:30,943214.7950160303,0
2026-06-18 10:35:00+05:30,943214.7950160303,0
2026-06-18 10:40:00+05:30,943214.7950160303,0
2026-06-18 10:45:00+05:30,943214.7950160303,0
2026-06-18 10:50:00+05:30,943214.7950160303,0
2026-06-18 10:55:00+05:30,943214.7950160303,0
2026-06-18 11:00:00+05:30,943214.7950160303,0
2026-06-18 11:05:00+05:30,943214.7950160303,0
2026-06-18 11:10:00+05:30,943214.7950160303,0
2026-06-18 11:15:00+05:30,943214.7950160303,0
2026-06-18 11:20:00+05:30,943214.7950160303,0
2026-06-18 11:25:00+05:30,943214.7950160303,0
2026-06-18 11:30:00+05:30,943214.7950160303,0
2026-06-18 11:35:00+05:30,943214.7950160303,0
2026-06-18 11:40:00+05:30,943214.7950160303,0
2026-06-18 11:45:00+05:30,943214.7950160303,0
2026-06-18 11:50:00+05:30,943214.7950160303,0
2026-06-18 11:55:00+05:30,943214.7950160303,0
2026-06-18 12:00:00+05:30,943214.7950160303,0
2026-06-18 12:05:00+05:30,943214.7950160303,0
2026-06-18 12:10:00+05:30,943214.7950160303,0
2026-06-18 12:15:00+05:30,943214.7950160303,0
2026-06-18 12:20:00+05:30,943214.7950160303,0
2026-06-18 12:25:00+05:30,943214.7950160303,0
2026-06-18 12:30:00+05:30,943214.7950160303,0
2026-06-18 12:35:00+05:30,943214.7950160303,0
2026-06-18 12:40:00+05:30,943214.7950160303,0
2026-06-18 12:45:00+05:30,943214.7950160303,0
2026-06-18 12:50:00+05:30,943214.7950160303,0
2026-06-18 12:55:00+05:30,943214.7950160303,0
2026-06-18 13:00:00+05:30,943214.7950160303,0
2026-06-18 13:05:00+05:30,943214.7950160303,0
2026-06-18 13:10:00+05:30,943214.7950160303,0
2026-06-18 13:15:00+05:30,943214.7950160303,0
2026-06-18 13:20:00+05:30,943214.7950160303,0
2026-06-18 13:25:00+05:30,943214.7950160303,0
2026-06-18 13:30:00+05:30,943214.7950160303,0
2026-06-18 13:35:00+05:30,943214.7950160303,0
2026-06-18 13:40:00+05:30,943214.7950160303,0
2026-06-18 13:45:00+05:30,943214.7950160303,0
2026-06-18 13:50:00+05:30,943214.7950160303,0
2026-06-18 13:55:00+05:30,943214.7950160303,0
2026-06-18 14:00:00+05:30,943214.7950160303,0
2026-06-18 14:05:00+05:30,943214.7950160303,0
2026-06-18 14:10:00+05:30,943214.7950160303,0
2026-06-18 14:15:00+05:30,943214.7950160303,0
2026-06-18 14:20:00+05:30,943214.7950160303,0
2026-06-18 14:25:00+05:30,943214.7950160303,0
2026-06-18 14:30:00+05:30,943214.7950160303,0
2026-06-18 14:35:00+05:30,943214.7950160303,0
2026-06-18 14:40:00+05:30,943214.7950160303,0
2026-06-18 14:45:00+05:30,943214.7950160303,0
2026-06-18 14:50:00+05:30,943214.7950160303,0
2026-06-18 14:55:00+05:30,943214.7950160303,0
2026-06-18 15:00:00+05:30,943214.7950160303,0
2026-06-18 15:05:00+05:30,943214.7950160303,0
2026-06-18 15:10:00+05:30,943214.7950160303,0
2026-06-18 15:15:00+05:30,943214.7950160303,0
2026-06-18 15:20:00+05:30,943214.7950160303,0
2026-06-18 15:25:00+05:30,943214.7950160303,0
2026-06-19 09:15:00+05:30,943214.7950160303,0
2026-06-19 09:20:00+05:30,943214.7950160303,0
2026-06-19 09:25:00+05:30,943214.7950160303,0
2026-06-19 09:30:00+05:30,943214.7950160303,0
2026-06-19 09:35:00+05:30,943214.7950160303,0
2026-06-19 09:40:00+05:30,943214.7950160303,0
2026-06-19 09:45:00+05:30,943214.7950160303,0
2026-06-19 09:50:00+05:30,943214.7950160303,0
2026-06-19 09:55:00+05:30,943214.7950160303,0
2026-06-19 10:00:00+05:30,943214.7950160303,0
2026-06-19 10:05:00+05:30,943214.7950160303,0
2026-06-19 10:10:00+05:30,943214.7950160303,0
2026-06-19 10:15:00+05:30,943214.7950160303,0
2026-06-19 10:20:00+05:30,943214.7950160303,0
2026-06-19 10:25:00+05:30,943214.7950160303,0
2026-06-19 10:30:00+05:30,943214.7950160303,0
2026-06-19 10:35:00+05:30,943214.7950160303,0
2026-06-19 10:40:00+05:30,943214.7950160303,0
2026-06-19 10:45:00+05:30,943214.7950160303,0
2026-06-19 10:50:00+05:30,943214.7950160303,0
2026-06-19 10:55:00+05:30,943214.7950160303,0
2026-06-19 11:00:00+05:30,943214.7950160303,0
2026-06-19 11:05:00+05:30,943214.7950160303,0
2026-06-19 11:10:00+05:30,943214.7950160303,0
2026-06-19 11:15:00+05:30,943214.7950160303,0
2026-06-19 11:20:00+05:30,943214.7950160303,0
2026-06-19 11:25:00+05:30,943214.7950160303,0
2026-06-19 11:30:00+05:30,943214.7950160303,0
2026-06-19 11:35:00+05:30,943214.7950160303,0
2026-06-19 11:40:00+05:30,943214.7950160303,0
2026-06-19 11:45:00+05:30,943214.7950160303,0
2026-06-19 11:50:00+05:30,943214.7950160303,0
2026-06-19 11:55:00+05:30,943214.7950160303,0
2026-06-19 12:00:00+05:30,943214.7950160303,0
2026-06-19 12:05:00+05:30,943214.7950160303,0
2026-06-19 12:10:00+05:30,943214.7950160303,0
2026-06-19 12:15:00+05:30,943214.7950160303,0
2026-06-19 12:20:00+05:30,943214.7950160303,0
2026-06-19 12:25:00+05:30,943214.7950160303,0
2026-06-19 12:30:00+05:30,943214.7950160303,0
2026-06-19 12:35:00+05:30,943214.7950160303,0
2026-06-19 12:40:00+05:30,943214.7950160303,0
2026-06-19 12:45:00+05:30,943214.7950160303,0
2026-06-19 12:50:00+05:30,943214.7950160303,0
2026-06-19 12:55:00+05:30,943214.7950160303,0
2026-06-19 13:00:00+05:30,943214.7950160303,0
2026-06-19 13:05:00+05:30,940261.1665693335,-1
2026-06-19 13:10:00+05:30,939751.4009443335,-1
2026-06-19 13:15:00+05:30,941033.7251630835,-1
2026-06-19 13:20:00+05:30,941858.7251630835,-1
2026-06-19 13:25:00+05:30,940058.7251630835,-1
2026-06-19 13:30:00+05:30,937773.3054175534,0
2026-06-19 13:35:00+05:30,937773.3054175534,0
2026-06-19 13:40:00+05:30,937773.3054175534,0
2026-06-19 13:45:00+05:30,937773.3054175534,0
2026-06-19 13:50:00+05:30,937773.3054175534,0
2026-06-19 13:55:00+05:30,937773.3054175534,0
2026-06-19 14:00:00+05:30,937773.3054175534,0
2026-06-19 14:05:00+05:30,937773.3054175534,0
2026-06-19 14:10:00+05:30,937773.3054175534,0
2026-06-19 14:15:00+05:30,937773.3054175534,0
2026-06-19 14:20:00+05:30,937773.3054175534,0
2026-06-19 14:25:00+05:30,937773.3054175534,0
2026-06-19 14:30:00+05:30,937773.3054175534,0
2026-06-19 14:35:00+05:30,937773.3054175534,0
2026-06-19 14:40:00+05:30,937773.3054175534,0
2026-06-19 14:45:00+05:30,937773.3054175534,0
2026-06-19 14:50:00+05:30,937773.3054175534,0
2026-06-19 14:55:00+05:30,937773.3054175534,0
2026-06-19 15:00:00+05:30,937773.3054175534,0
2026-06-19 15:05:00+05:30,937773.3054175534,0
2026-06-19 15:10:00+05:30,937773.3054175534,0
2026-06-19 15:15:00+05:30,937773.3054175534,0
2026-06-19 15:20:00+05:30,937773.3054175534,0
2026-06-19 15:25:00+05:30,937773.3054175534,0
2026-06-22 09:15:00+05:30,937773.3054175534,0
2026-06-22 09:20:00+05:30,937773.3054175534,0
2026-06-22 09:25:00+05:30,937773.3054175534,0
2026-06-22 09:30:00+05:30,937773.3054175534,0
2026-06-22 09:35:00+05:30,937773.3054175534,0
2026-06-22 09:40:00+05:30,937773.3054175534,0
2026-06-22 09:45:00+05:30,937773.3054175534,0
2026-06-22 09:50:00+05:30,937773.3054175534,0
2026-06-22 09:55:00+05:30,937773.3054175534,0
2026-06-22 10:00:00+05:30,937773.3054175534,0
2026-06-22 10:05:00+05:30,937773.3054175534,0
2026-06-22 10:10:00+05:30,936117.0064976286,1
2026-06-22 10:15:00+05:30,936154.5064976286,1
2026-06-22 10:20:00+05:30,935696.8893101286,1
2026-06-22 10:25:00+05:30,936589.5650913786,1
2026-06-22 10:30:00+05:30,934436.8307163786,1
2026-06-22 10:35:00+05:30,936649.3307163786,1
2026-06-22 10:40:00+05:30,936604.5064976286,1
2026-06-22 10:45:00+05:30,936334.3893101286,1
2026-06-22 10:50:00+05:30,937002.0650913786,1
2026-06-22 10:55:00+05:30,938096.8893101286,1
2026-06-22 11:00:00+05:30,937511.8307163786,1
2026-06-22 11:05:00+05:30,937961.8307163786,1
2026-06-22 11:10:00+05:30,937264.5650913786,1
2026-06-22 11:15:00+05:30,936477.0650913786,1
2026-06-22 11:20:00+05:30,936499.3307163786,1
2026-06-22 11:25:00+05:30,937767.0064976286,1
2026-06-22 11:30:00+05:30,937946.8893101286,1
2026-06-22 11:35:00+05:30,937429.5064976286,1
2026-06-22 11:40:00+05:30,935921.8893101286,1
2026-06-22 11:45:00+05:30,935809.3893101286,1
2026-06-22 11:50:00+05:30,933784.3893101286,1
2026-06-22 11:55:00+05:30,934729.5064976286,1
2026-06-22 12:00:00+05:30,930649.3043999509,0
2026-06-22 12:05:00+05:30,930649.3043999509,0
2026-06-22 12:10:00+05:30,930649.3043999509,0
2026-06-22 12:15:00+05:30,930649.3043999509,0
2026-06-22 12:20:00+05:30,930649.3043999509,0
2026-06-22 12:25:00+05:30,930649.3043999509,0
2026-06-22 12:30:00+05:30,930649.3043999509,0
2026-06-22 12:35:00+05:30,930649.3043999509,0
2026-06-22 12:40:00+05:30,930649.3043999509,0
2026-06-22 12:45:00+05:30,930649.3043999509,0
2026-06-22 12:50:00+05:30,930649.3043999509,0
2026-06-22 12:55:00+05:30,930649.3043999509,0
2026-06-22 13:00:00+05:30,930649.3043999509,0
2026-06-22 13:05:00+05:30,930649.3043999509,0
2026-06-22 13:10:00+05:30,930649.3043999509,0
2026-06-22 13:15:00+05:30,930649.3043999509,0
2026-06-22 13:20:00+05:30,930649.3043999509,0
2026-06-22 13:25:00+05:30,930649.3043999509,0
2026-06-22 13:30:00+05:30,930649.3043999509,0
2026-06-22 13:35:00+05:30,930649.3043999509,0
2026-06-22 13:40:00+05:30,930649.3043999509,0
2026-06-22 13:45:00+05:30,930649.3043999509,0
2026-06-22 13:50:00+05:30,930649.3043999509,0
2026-06-22 13:55:00+05:30,930649.3043999509,0
2026-06-22 14:00:00+05:30,930649.3043999509,0
2026-06-22 14:05:00+05:30,930649.3043999509,0
2026-06-22 14:10:00+05:30,930649.3043999509,0
2026-06-22 14:15:00+05:30,930649.3043999509,0
2026-06-22 14:20:00+05:30,930649.3043999509,0
2026-06-22 14:25:00+05:30,930649.3043999509,0
2026-06-22 14:30:00+05:30,930649.3043999509,0
2026-06-22 14:35:00+05:30,930649.3043999509,0
2026-06-22 14:40:00+05:30,930649.3043999509,0
2026-06-22 14:45:00+05:30,930649.3043999509,0
2026-06-22 14:50:00+05:30,930649.3043999509,0
2026-06-22 14:55:00+05:30,930649.3043999509,0
2026-06-22 15:00:00+05:30,930649.3043999509,0
2026-06-22 15:05:00+05:30,930649.3043999509,0
2026-06-22 15:10:00+05:30,930649.3043999509,0
2026-06-22 15:15:00+05:30,930649.3043999509,0
2026-06-22 15:20:00+05:30,930649.3043999509,0
2026-06-22 15:25:00+05:30,930649.3043999509,0
2026-06-23 09:15:00+05:30,930649.3043999509,0
2026-06-23 09:20:00+05:30,930649.3043999509,0
2026-06-23 09:25:00+05:30,930649.3043999509,0
2026-06-23 09:30:00+05:30,930649.3043999509,0
2026-06-23 09:35:00+05:30,930649.3043999509,0
2026-06-23 09:40:00+05:30,930649.3043999509,0
2026-06-23 09:45:00+05:30,930649.3043999509,0
2026-06-23 09:50:00+05:30,930649.3043999509,0
2026-06-23 09:55:00+05:30,930649.3043999509,0
2026-06-23 10:00:00+05:30,930649.3043999509,0
2026-06-23 10:05:00+05:30,930649.3043999509,0
2026-06-23 10:10:00+05:30,930649.3043999509,0
2026-06-23 10:15:00+05:30,930649.3043999509,0
2026-06-23 10:20:00+05:30,930649.3043999509,0
2026-06-23 10:25:00+05:30,930649.3043999509,0
2026-06-23 10:30:00+05:30,930649.3043999509,0
2026-06-23 10:35:00+05:30,930649.3043999509,0
2026-06-23 10:40:00+05:30,930649.3043999509,0
2026-06-23 10:45:00+05:30,930649.3043999509,0
2026-06-23 10:50:00+05:30,930649.3043999509,0
2026-06-23 10:55:00+05:30,930649.3043999509,0
2026-06-23 11:00:00+05:30,930649.3043999509,0
2026-06-23 11:05:00+05:30,930649.3043999509,0
2026-06-23 11:10:00+05:30,930649.3043999509,0
2026-06-23 11:15:00+05:30,930649.3043999509,0
2026-06-23 11:20:00+05:30,930649.3043999509,0
2026-06-23 11:25:00+05:30,930649.3043999509,0
2026-06-23 11:30:00+05:30,930649.3043999509,0
2026-06-23 11:35:00+05:30,930649.3043999509,0
2026-06-23 11:40:00+05:30,930649.3043999509,0
2026-06-23 11:45:00+05:30,930649.3043999509,0
2026-06-23 11:50:00+05:30,930649.3043999509,0
2026-06-23 11:55:00+05:30,934117.1692111231,-1
2026-06-23 12:00:00+05:30,935962.2863986231,-1
2026-06-23 12:05:00+05:30,936607.1106173731,-1
2026-06-23 12:10:00+05:30,936764.7278048731,-1
2026-06-23 12:15:00+05:30,936742.1692111231,-1
2026-06-23 12:20:00+05:30,943222.3449923731,-1
2026-06-23 12:25:00+05:30,939187.2863986231,-1
2026-06-23 12:30:00+05:30,940979.6692111231,-1
2026-06-23 12:35:00+05:30,938467.1692111231,-1
2026-06-23 12:40:00+05:30,939247.3449923731,-1
2026-06-23 12:45:00+05:30,942374.7863986231,-1
2026-06-23 12:50:00+05:30,941879.6692111231,-1
2026-06-23 12:55:00+05:30,941939.7278048731,-1
2026-06-23 13:00:00+05:30,943664.7278048731,-1
2026-06-23 13:05:00+05:30,941114.7278048731,-1
2026-06-23 13:10:00+05:30,943124.7863986231,-1
2026-06-23 13:15:00+05:30,943042.1692111231,-1
2026-06-23 13:20:00+05:30,943139.7278048731,-1
2026-06-23 13:25:00+05:30,945404.6692111231,-1
2026-06-23 13:30:00+05:30,951022.3449923731,-1
2026-06-23 13:35:00+05:30,949844.6106173731,-1
2026-06-23 13:40:00+05:30,947534.8449923731,-1
2026-06-23 13:45:00+05:30,947624.7863986231,-1
2026-06-23 13:50:00+05:30,950137.2863986231,-1
2026-06-23 13:55:00+05:30,951142.1692111231,-1
2026-06-23 14:00:00+05:30,947384.8449923731,-1
2026-06-23 14:05:00+05:30,948202.2278048731,-1
2026-06-23 14:10:00+05:30,944887.2863986231,-1
2026-06-23 14:15:00+05:30,946897.3449923731,-1
2026-06-23 14:20:00+05:30,943822.3449923731,-1
2026-06-23 14:25:00+05:30,944144.6106173731,-1
2026-06-23 14:30:00+05:30,944287.2863986231,-1
2026-06-23 14:35:00+05:30,944864.7278048731,-1
2026-06-23 14:40:00+05:30,942427.2278048731,-1
2026-06-23 14:45:00+05:30,941446.5328061949,0
2026-06-23 14:50:00+05:30,941446.5328061949,0
2026-06-23 14:55:00+05:30,941446.5328061949,0
2026-06-23 15:00:00+05:30,941446.5328061949,0
2026-06-23 15:05:00+05:30,941446.5328061949,0
2026-06-23 15:10:00+05:30,941446.5328061949,0
2026-06-23 15:15:00+05:30,941446.5328061949,0
2026-06-23 15:20:00+05:30,941446.5328061949,0
2026-06-23 15:25:00+05:30,941446.5328061949,0
2026-06-24 09:15:00+05:30,941446.5328061949,0
2026-06-24 09:20:00+05:30,941446.5328061949,0
2026-06-24 09:25:00+05:30,941446.5328061949,0
2026-06-24 09:30:00+05:30,941446.5328061949,0
2026-06-24 09:35:00+05:30,941446.5328061949,0
2026-06-24 09:40:00+05:30,941446.5328061949,0
2026-06-24 09:45:00+05:30,941446.5328061949,0
2026-06-24 09:50:00+05:30,941446.5328061949,0
2026-06-24 09:55:00+05:30,941446.5328061949,0
2026-06-24 10:00:00+05:30,941446.5328061949,0
2026-06-24 10:05:00+05:30,941446.5328061949,0
2026-06-24 10:10:00+05:30,941446.5328061949,0
2026-06-24 10:15:00+05:30,941446.5328061949,0
2026-06-24 10:20:00+05:30,941446.5328061949,0
2026-06-24 10:25:00+05:30,941446.5328061949,0
2026-06-24 10:30:00+05:30,941446.5328061949,0
2026-06-24 10:35:00+05:30,941446.5328061949,0
2026-06-24 10:40:00+05:30,941446.5328061949,0
2026-06-24 10:45:00+05:30,941446.5328061949,0
2026-06-24 10:50:00+05:30,941446.5328061949,0
2026-06-24 10:55:00+05:30,941446.5328061949,0
2026-06-24 11:00:00+05:30,941446.5328061949,0
2026-06-24 11:05:00+05:30,941446.5328061949,0
2026-06-24 11:10:00+05:30,940351.1869570296,1
2026-06-24 11:15:00+05:30,937973.7455507796,1
2026-06-24 11:20:00+05:30,938903.6283632796,1
2026-06-24 11:25:00+05:30,938716.1283632796,1
2026-06-24 11:30:00+05:30,938918.8627382796,1
2026-06-24 11:35:00+05:30,939976.1869570296,1
2026-06-24 11:40:00+05:30,943508.8041445296,1
2026-06-24 11:45:00+05:30,943441.1283632796,1
2026-06-24 11:50:00+05:30,942728.6283632796,1
2026-06-24 11:55:00+05:30,942008.8041445296,1
2026-06-24 12:00:00+05:30,943388.6869570296,1
2026-06-24 12:05:00+05:30,940636.2455507796,1
2026-06-24 12:10:00+05:30,939616.1283632796,1
2026-06-24 12:15:00+05:30,942151.1869570296,1
2026-06-24 12:20:00+05:30,943283.8041445296,1
2026-06-24 12:25:00+05:30,941821.3041445296,1
2026-06-24 12:30:00+05:30,939128.6283632796,1
2026-06-24 12:35:00+05:30,939338.6869570296,1
2026-06-24 12:40:00+05:30,941176.1869570296,1
2026-06-24 12:45:00+05:30,940238.6869570296,1
2026-06-24 12:50:00+05:30,941723.7455507796,1
2026-06-24 12:55:00+05:30,943126.1869570296,1
2026-06-24 13:00:00+05:30,941933.8041445296,1
2026-06-24 13:05:00+05:30,945473.7455507796,1
2026-06-24 13:10:00+05:30,947138.6869570296,1
2026-06-24 13:15:00+05:30,949493.8627382796,1
2026-06-24 13:20:00+05:30,948428.6283632796,1
2026-06-24 13:25:00+05:30,950341.1283632796,1
2026-06-24 13:30:00+05:30,953318.8627382796,1
2026-06-24 13:35:00+05:30,953041.1283632796,1
2026-06-24 13:40:00+05:30,953198.7455507796,1
2026-06-24 13:45:00+05:30,953116.1283632796,1
2026-06-24 13:50:00+05:30,952448.7455507796,1
2026-06-24 13:55:00+05:30,950843.8627382796,1
2026-06-24 14:00:00+05:30,948796.3041445296,1
2026-06-24 14:05:00+05:30,948923.7455507796,1
2026-06-24 14:10:00+05:30,950971.3041445296,1
2026-06-24 14:15:00+05:30,951188.6869570296,1
2026-06-24 14:20:00+05:30,950618.8627382796,1
2026-06-24 14:25:00+05:30,950701.1869570296,1
2026-06-24 14:30:00+05:30,949876.1869570296,1
2026-06-24 14:35:00+05:30,948466.1283632796,1
2026-06-24 14:40:00+05:30,950438.6869570296,1
2026-06-24 14:45:00+05:30,949516.1283632796,1
2026-06-24 14:50:00+05:30,951608.8041445296,1
2026-06-24 14:55:00+05:30,950086.2455507796,1
2026-06-24 15:00:00+05:30,947753.6283632796,1
2026-06-24 15:05:00+05:30,946606.3627382796,1
2026-06-24 15:10:00+05:30,944935.7612538871,0
2026-06-24 15:15:00+05:30,944935.7612538871,0
2026-06-24 15:20:00+05:30,944935.7612538871,0
2026-06-24 15:25:00+05:30,944935.7612538871,0
2026-06-25 09:15:00+05:30,944935.7612538871,0
2026-06-25 09:20:00+05:30,944935.7612538871,0
2026-06-25 09:25:00+05:30,944935.7612538871,0
2026-06-25 09:30:00+05:30,944935.7612538871,0
2026-06-25 09:35:00+05:30,944935.7612538871,0
2026-06-25 09:40:00+05:30,944935.7612538871,0
2026-06-25 09:45:00+05:30,944935.7612538871,0
2026-06-25 09:50:00+05:30,944935.7612538871,0
2026-06-25 09:55:00+05:30,944711.148665965,1
2026-06-25 10:00:00+05:30,944913.590072215,1
2026-06-25 10:05:00+05:30,943188.590072215,1
2026-06-25 10:10:00+05:30,945805.972884715,1
2026-06-25 10:15:00+05:30,945063.590072215,1
2026-06-25 10:20:00+05:30,943630.972884715,1
2026-06-25 10:25:00+05:30,944036.148665965,1
2026-06-25 10:30:00+05:30,944073.648665965,1
2026-06-25 10:35:00+05:30,943661.148665965,1
2026-06-25 10:40:00+05:30,945536.148665965,1
2026-06-25 10:45:00+05:30,948011.148665965,1
2026-06-25 10:50:00+05:30,945355.972884715,1
2026-06-25 10:55:00+05:30,947786.148665965,1
2026-06-25 11:00:00+05:30,945318.472884715,1
2026-06-25 11:05:00+05:30,946630.972884715,1
2026-06-25 11:10:00+05:30,947576.090072215,1
2026-06-25 11:15:00+05:30,947688.590072215,1
2026-06-25 11:20:00+05:30,947051.090072215,1
2026-06-25 11:25:00+05:30,946773.648665965,1
2026-06-25 11:30:00+05:30,946803.531478465,1
2026-06-25 11:35:00+05:30,947403.531478465,1
2026-06-25 11:40:00+05:30,947576.090072215,1
2026-06-25 11:45:00+05:30,948851.090072215,1
2026-06-25 11:50:00+05:30,949428.531478465,1
2026-06-25 11:55:00+05:30,953620.914290965,1
2026-06-25 12:00:00+05:30,955323.648665965,1
2026-06-25 12:05:00+05:30,955593.472884715,1
2026-06-25 12:10:00+05:30,954738.590072215,1
2026-06-25 12:15:00+05:30,954745.914290965,1
2026-06-25 12:20:00+05:30,952076.090072215,1
2026-06-25 12:25:00+05:30,948543.472884715,1
2026-06-25 12:30:00+05:30,946922.1445631,0
2026-06-25 12:35:00+05:30,946922.1445631,0
2026-06-25 12:40:00+05:30,946922.1445631,0
2026-06-25 12:45:00+05:30,946922.1445631,0
2026-06-25 12:50:00+05:30,946922.1445631,0
2026-06-25 12:55:00+05:30,946922.1445631,0
2026-06-25 13:00:00+05:30,946922.1445631,0
2026-06-25 13:05:00+05:30,946922.1445631,0
2026-06-25 13:10:00+05:30,946922.1445631,0
2026-06-25 13:15:00+05:30,946922.1445631,0
2026-06-25 13:20:00+05:30,946922.1445631,0
2026-06-25 13:25:00+05:30,946922.1445631,0
2026-06-25 13:30:00+05:30,946922.1445631,0
2026-06-25 13:35:00+05:30,946922.1445631,0
2026-06-25 13:40:00+05:30,946922.1445631,0
2026-06-25 13:45:00+05:30,946922.1445631,0
2026-06-25 13:50:00+05:30,946922.1445631,0
2026-06-25 13:55:00+05:30,946922.1445631,0
2026-06-25 14:00:00+05:30,946922.1445631,0
2026-06-25 14:05:00+05:30,946922.1445631,0
2026-06-25 14:10:00+05:30,946922.1445631,0
2026-06-25 14:15:00+05:30,946922.1445631,0
2026-06-25 14:20:00+05:30,946922.1445631,0
2026-06-25 14:25:00+05:30,946922.1445631,0
2026-06-25 14:30:00+05:30,946922.1445631,0
2026-06-25 14:35:00+05:30,946922.1445631,0
2026-06-25 14:40:00+05:30,946922.1445631,0
2026-06-25 14:45:00+05:30,945121.5901831525,-1
2026-06-25 14:50:00+05:30,940015.5882486643,0
2026-06-25 14:55:00+05:30,940015.5882486643,0
2026-06-25 15:00:00+05:30,940015.5882486643,0
2026-06-25 15:05:00+05:30,940015.5882486643,0
2026-06-25 15:10:00+05:30,940015.5882486643,0
2026-06-25 15:15:00+05:30,940015.5882486643,0
2026-06-25 15:20:00+05:30,940015.5882486643,0
2026-06-25 15:25:00+05:30,940015.5882486643,0
2026-06-29 09:15:00+05:30,940015.5882486643,0
2026-06-29 09:20:00+05:30,940015.5882486643,0
2026-06-29 09:25:00+05:30,940015.5882486643,0
2026-06-29 09:30:00+05:30,940015.5882486643,0
2026-06-29 09:35:00+05:30,931332.2648181429,0
2026-06-29 09:40:00+05:30,931332.2648181429,0
2026-06-29 09:45:00+05:30,931332.2648181429,0
2026-06-29 09:50:00+05:30,931332.2648181429,0
2026-06-29 09:55:00+05:30,931332.2648181429,0
2026-06-29 10:00:00+05:30,931332.2648181429,0
2026-06-29 10:05:00+05:30,931332.2648181429,0
2026-06-29 10:10:00+05:30,931332.2648181429,0
2026-06-29 10:15:00+05:30,931332.2648181429,0
2026-06-29 10:20:00+05:30,931332.2648181429,0
2026-06-29 10:25:00+05:30,931332.2648181429,0
2026-06-29 10:30:00+05:30,931332.2648181429,0
2026-06-29 10:35:00+05:30,931332.2648181429,0
2026-06-29 10:40:00+05:30,931332.2648181429,0
2026-06-29 10:45:00+05:30,931332.2648181429,0
2026-06-29 10:50:00+05:30,931332.2648181429,0
2026-06-29 10:55:00+05:30,931332.2648181429,0
2026-06-29 11:00:00+05:30,931332.2648181429,0
2026-06-29 11:05:00+05:30,931332.2648181429,0
2026-06-29 11:10:00+05:30,931332.2648181429,0
2026-06-29 11:15:00+05:30,931332.2648181429,0
2026-06-29 11:20:00+05:30,931332.2648181429,0
2026-06-29 11:25:00+05:30,931332.2648181429,0
2026-06-29 11:30:00+05:30,931332.2648181429,0
2026-06-29 11:35:00+05:30,931332.2648181429,0
2026-06-29 11:40:00+05:30,931332.2648181429,0
2026-06-29 11:45:00+05:30,931332.2648181429,0
2026-06-29 11:50:00+05:30,931332.2648181429,0
2026-06-29 11:55:00+05:30,928785.6288495609,-1
2026-06-29 12:00:00+05:30,929085.6288495609,-1
2026-06-29 12:05:00+05:30,928515.8046308109,-1
2026-06-29 12:10:00+05:30,931403.3046308109,-1
2026-06-29 12:15:00+05:30,934328.3046308109,-1
2026-06-29 12:20:00+05:30,933578.3046308109,-1
2026-06-29 12:25:00+05:30,935198.1288495609,-1
2026-06-29 12:30:00+05:30,938948.1288495609,-1
2026-06-29 12:35:00+05:30,940418.2460370609,-1
2026-06-29 12:40:00+05:30,938790.8046308109,-1
2026-06-29 12:45:00+05:30,938625.5702558109,-1
2026-06-29 12:50:00+05:30,937665.8046308109,-1
2026-06-29 12:55:00+05:30,935963.0702558109,-1
2026-06-29 13:00:00+05:30,936233.1874433109,-1
2026-06-29 13:05:00+05:30,933593.2460370609,-1
2026-06-29 13:10:00+05:30,936053.3046308109,-1
2026-06-29 13:15:00+05:30,937890.8046308109,-1
2026-06-29 13:20:00+05:30,937875.5702558109,-1
2026-06-29 13:25:00+05:30,935685.6288495609,-1
2026-06-29 13:30:00+05:30,937298.1288495609,-1
2026-06-29 13:35:00+05:30,936638.0702558109,-1
2026-06-29 13:40:00+05:30,939390.8046308109,-1
2026-06-29 13:45:00+05:30,939645.6874433109,-1
2026-06-29 13:50:00+05:30,938108.1874433109,-1
2026-06-29 13:55:00+05:30,938303.3046308109,-1
2026-06-29 14:00:00+05:30,937650.5702558109,-1
2026-06-29 14:05:00+05:30,937493.2460370609,-1
2026-06-29 14:10:00+05:30,936705.7460370609,-1
2026-06-29 14:15:00+05:30,935910.6288495609,-1
2026-06-29 14:20:00+05:30,938235.6288495609,-1
2026-06-29 14:25:00+05:30,937830.7460370609,-1
2026-06-29 14:30:00+05:30,935798.1288495609,-1
2026-06-29 14:35:00+05:30,938078.3046308109,-1
2026-06-29 14:40:00+05:30,935820.6874433109,-1
2026-06-29 14:45:00+05:30,935588.0702558109,-1
2026-06-29 14:50:00+05:30,938708.1874433109,-1
2026-06-29 14:55:00+05:30,940868.2460370609,-1
2026-06-29 15:00:00+05:30,939158.1874433109,-1
2026-06-29 15:05:00+05:30,937988.0702558109,-1
2026-06-29 15:10:00+05:30,938978.3046308109,-1
2026-06-29 15:15:00+05:30,937186.7773211129,0
2026-06-29 15:20:00+05:30,937186.7773211129,0
2026-06-29 15:25:00+05:30,937186.7773211129,0
2026-06-30 09:15:00+05:30,937186.7773211129,0
2026-06-30 09:20:00+05:30,937186.7773211129,0
2026-06-30 09:25:00+05:30,937186.7773211129,0
2026-06-30 09:30:00+05:30,937186.7773211129,0
2026-06-30 09:35:00+05:30,937186.7773211129,0
2026-06-30 09:40:00+05:30,937186.7773211129,0
2026-06-30 09:45:00+05:30,937186.7773211129,0
2026-06-30 09:50:00+05:30,937186.7773211129,0
2026-06-30 09:55:00+05:30,937186.7773211129,0
2026-06-30 10:00:00+05:30,937186.7773211129,0
2026-06-30 10:05:00+05:30,937186.7773211129,0
2026-06-30 10:10:00+05:30,937186.7773211129,0
2026-06-30 10:15:00+05:30,937186.7773211129,0
2026-06-30 10:20:00+05:30,937186.7773211129,0
2026-06-30 10:25:00+05:30,937186.7773211129,0
2026-06-30 10:30:00+05:30,937186.7773211129,0
2026-06-30 10:35:00+05:30,937186.7773211129,0
2026-06-30 10:40:00+05:30,937186.7773211129,0
2026-06-30 10:45:00+05:30,937186.7773211129,0
2026-06-30 10:50:00+05:30,937186.7773211129,0
2026-06-30 10:55:00+05:30,937186.7773211129,0
2026-06-30 11:00:00+05:30,937186.7773211129,0
2026-06-30 11:05:00+05:30,937186.7773211129,0
2026-06-30 11:10:00+05:30,937186.7773211129,0
2026-06-30 11:15:00+05:30,937186.7773211129,0
2026-06-30 11:20:00+05:30,937186.7773211129,0
2026-06-30 11:25:00+05:30,937186.7773211129,0
2026-06-30 11:30:00+05:30,937186.7773211129,0
2026-06-30 11:35:00+05:30,937186.7773211129,0
2026-06-30 11:40:00+05:30,937186.7773211129,0
2026-06-30 11:45:00+05:30,937186.7773211129,0
2026-06-30 11:50:00+05:30,937186.7773211129,0
2026-06-30 11:55:00+05:30,937186.7773211129,0
2026-06-30 12:00:00+05:30,937186.7773211129,0
2026-06-30 12:05:00+05:30,937186.7773211129,0
2026-06-30 12:10:00+05:30,937186.7773211129,0
2026-06-30 12:15:00+05:30,937186.7773211129,0
2026-06-30 12:20:00+05:30,937186.7773211129,0
2026-06-30 12:25:00+05:30,937186.7773211129,0
2026-06-30 12:30:00+05:30,937186.7773211129,0
2026-06-30 12:35:00+05:30,937186.7773211129,0
2026-06-30 12:40:00+05:30,937186.7773211129,0
2026-06-30 12:45:00+05:30,937186.7773211129,0
2026-06-30 12:50:00+05:30,937186.7773211129,0
2026-06-30 12:55:00+05:30,937186.7773211129,0
2026-06-30 13:00:00+05:30,937186.7773211129,0
2026-06-30 13:05:00+05:30,937186.7773211129,0
2026-06-30 13:10:00+05:30,937186.7773211129,0
2026-06-30 13:15:00+05:30,937186.7773211129,0
2026-06-30 13:20:00+05:30,937186.7773211129,0
2026-06-30 13:25:00+05:30,937186.7773211129,0
2026-06-30 13:30:00+05:30,937186.7773211129,0
2026-06-30 13:35:00+05:30,937186.7773211129,0
2026-06-30 13:40:00+05:30,937186.7773211129,0
2026-06-30 13:45:00+05:30,937186.7773211129,0
2026-06-30 13:50:00+05:30,937186.7773211129,0
2026-06-30 13:55:00+05:30,937186.7773211129,0
2026-06-30 14:00:00+05:30,937186.7773211129,0
2026-06-30 14:05:00+05:30,937186.7773211129,0
2026-06-30 14:10:00+05:30,937186.7773211129,0
2026-06-30 14:15:00+05:30,937186.7773211129,0
2026-06-30 14:20:00+05:30,937186.7773211129,0
2026-06-30 14:25:00+05:30,937186.7773211129,0
2026-06-30 14:30:00+05:30,937186.7773211129,0
2026-06-30 14:35:00+05:30,937186.7773211129,0
2026-06-30 14:40:00+05:30,937186.7773211129,0
2026-06-30 14:45:00+05:30,937186.7773211129,0
2026-06-30 14:50:00+05:30,937186.7773211129,0
2026-06-30 14:55:00+05:30,937186.7773211129,0
2026-06-30 15:00:00+05:30,937186.7773211129,0
2026-06-30 15:05:00+05:30,937186.7773211129,0
2026-06-30 15:10:00+05:30,937186.7773211129,0
2026-06-30 15:15:00+05:30,937186.7773211129,0
2026-06-30 15:20:00+05:30,937186.7773211129,0
2026-06-30 15:25:00+05:30,937186.7773211129,0
2026-07-01 09:15:00+05:30,937186.7773211129,0
2026-07-01 09:20:00+05:30,937186.7773211129,0
2026-07-01 09:25:00+05:30,937186.7773211129,0
2026-07-01 09:30:00+05:30,937186.7773211129,0
2026-07-01 09:35:00+05:30,937186.7773211129,0
2026-07-01 09:40:00+05:30,937186.7773211129,0
2026-07-01 09:45:00+05:30,937186.7773211129,0
2026-07-01 09:50:00+05:30,937186.7773211129,0
2026-07-01 09:55:00+05:30,937186.7773211129,0
2026-07-01 10:00:00+05:30,937186.7773211129,0
2026-07-01 10:05:00+05:30,937186.7773211129,0
2026-07-01 10:10:00+05:30,937186.7773211129,0
2026-07-01 10:15:00+05:30,937186.7773211129,0
2026-07-01 10:20:00+05:30,936825.8177789331,1
2026-07-01 10:25:00+05:30,935055.7005914331,1
2026-07-01 10:30:00+05:30,933405.7005914331,1
2026-07-01 10:35:00+05:30,929970.852465474,0
2026-07-01 10:40:00+05:30,929970.852465474,0
2026-07-01 10:45:00+05:30,929970.852465474,0
2026-07-01 10:50:00+05:30,929970.852465474,0
2026-07-01 10:55:00+05:30,929970.852465474,0
2026-07-01 11:00:00+05:30,929970.852465474,0
2026-07-01 11:05:00+05:30,929970.852465474,0
2026-07-01 11:10:00+05:30,929970.852465474,0
2026-07-01 11:15:00+05:30,929970.852465474,0
2026-07-01 11:20:00+05:30,927089.2302902465,1
2026-07-01 11:25:00+05:30,927276.7302902465,1
2026-07-01 11:30:00+05:30,924973.9959152465,1
2026-07-01 11:35:00+05:30,923358.0473212908,0
2026-07-01 11:40:00+05:30,923358.0473212908,0
2026-07-01 11:45:00+05:30,923358.0473212908,0
2026-07-01 11:50:00+05:30,923358.0473212908,0
2026-07-01 11:55:00+05:30,923358.0473212908,0
2026-07-01 12:00:00+05:30,923358.0473212908,0
2026-07-01 12:05:00+05:30,923358.0473212908,0
2026-07-01 12:10:00+05:30,919230.4291301289,1
2026-07-01 12:15:00+05:30,917096.0663961079,0
2026-07-01 12:20:00+05:30,917096.0663961079,0
2026-07-01 12:25:00+05:30,917096.0663961079,0
2026-07-01 12:30:00+05:30,917096.0663961079,0
2026-07-01 12:35:00+05:30,917096.0663961079,0
2026-07-01 12:40:00+05:30,917096.0663961079,0
2026-07-01 12:45:00+05:30,917096.0663961079,0
2026-07-01 12:50:00+05:30,917096.0663961079,0
2026-07-01 12:55:00+05:30,917096.0663961079,0
2026-07-01 13:00:00+05:30,917096.0663961079,0
2026-07-01 13:05:00+05:30,917096.0663961079,0
2026-07-01 13:10:00+05:30,917096.0663961079,0
2026-07-01 13:15:00+05:30,917096.0663961079,0
2026-07-01 13:20:00+05:30,917096.0663961079,0
2026-07-01 13:25:00+05:30,917096.0663961079,0
2026-07-01 13:30:00+05:30,917096.0663961079,0
2026-07-01 13:35:00+05:30,917096.0663961079,0
2026-07-01 13:40:00+05:30,917096.0663961079,0
2026-07-01 13:45:00+05:30,917096.0663961079,0
2026-07-01 13:50:00+05:30,917096.0663961079,0
2026-07-01 13:55:00+05:30,917096.0663961079,0
2026-07-01 14:00:00+05:30,917096.0663961079,0
2026-07-01 14:05:00+05:30,917096.0663961079,0
2026-07-01 14:10:00+05:30,917096.0663961079,0
2026-07-01 14:15:00+05:30,917096.0663961079,0
2026-07-01 14:20:00+05:30,917096.0663961079,0
2026-07-01 14:25:00+05:30,917096.0663961079,0
2026-07-01 14:30:00+05:30,917096.0663961079,0
2026-07-01 14:35:00+05:30,917096.0663961079,0
2026-07-01 14:40:00+05:30,917096.0663961079,0
2026-07-01 14:45:00+05:30,917096.0663961079,0
2026-07-01 14:50:00+05:30,917096.0663961079,0
2026-07-01 14:55:00+05:30,917096.0663961079,0
2026-07-01 15:00:00+05:30,917096.0663961079,0
2026-07-01 15:05:00+05:30,917096.0663961079,0
2026-07-01 15:10:00+05:30,917096.0663961079,0
2026-07-01 15:15:00+05:30,917096.0663961079,0
2026-07-01 15:20:00+05:30,917096.0663961079,0
2026-07-01 15:25:00+05:30,917096.0663961079,0
2026-07-02 09:15:00+05:30,917096.0663961079,0
2026-07-02 09:20:00+05:30,917096.0663961079,0
2026-07-02 09:25:00+05:30,917096.0663961079,0
2026-07-02 09:30:00+05:30,917096.0663961079,0
2026-07-02 09:35:00+05:30,917096.0663961079,0
2026-07-02 09:40:00+05:30,916294.8840106135,1
2026-07-02 09:45:00+05:30,915942.4426043635,1
2026-07-02 09:50:00+05:30,914472.3254168635,1
2026-07-02 09:55:00+05:30,913414.7082293635,1
2026-07-02 10:00:00+05:30,909797.7194017079,0
2026-07-02 10:05:00+05:30,909797.7194017079,0
2026-07-02 10:10:00+05:30,909797.7194017079,0
2026-07-02 10:15:00+05:30,909797.7194017079,0
2026-07-02 10:20:00+05:30,909797.7194017079,0
2026-07-02 10:25:00+05:30,909797.7194017079,0
2026-07-02 10:30:00+05:30,909797.7194017079,0
2026-07-02 10:35:00+05:30,909797.7194017079,0
2026-07-02 10:40:00+05:30,909797.7194017079,0
2026-07-02 10:45:00+05:30,909797.7194017079,0
2026-07-02 10:50:00+05:30,909797.7194017079,0
2026-07-02 10:55:00+05:30,909797.7194017079,0
2026-07-02 11:00:00+05:30,909797.7194017079,0
2026-07-02 11:05:00+05:30,909797.7194017079,0
2026-07-02 11:10:00+05:30,909797.7194017079,0
2026-07-02 11:15:00+05:30,909797.7194017079,0
2026-07-02 11:20:00+05:30,909797.7194017079,0
2026-07-02 11:25:00+05:30,909797.7194017079,0
2026-07-02 11:30:00+05:30,909797.7194017079,0
2026-07-02 11:35:00+05:30,909797.7194017079,0
2026-07-02 11:40:00+05:30,909797.7194017079,0
2026-07-02 11:45:00+05:30,909797.7194017079,0
2026-07-02 11:50:00+05:30,909797.7194017079,0
2026-07-02 11:55:00+05:30,909797.7194017079,0
2026-07-02 12:00:00+05:30,909797.7194017079,0
2026-07-02 12:05:00+05:30,909797.7194017079,0
2026-07-02 12:10:00+05:30,909797.7194017079,0
2026-07-02 12:15:00+05:30,909797.7194017079,0
2026-07-02 12:20:00+05:30,909797.7194017079,0
2026-07-02 12:25:00+05:30,909797.7194017079,0
2026-07-02 12:30:00+05:30,909797.7194017079,0
2026-07-02 12:35:00+05:30,909797.7194017079,0
2026-07-02 12:40:00+05:30,909797.7194017079,0
2026-07-02 12:45:00+05:30,909797.7194017079,0
2026-07-02 12:50:00+05:30,909797.7194017079,0
2026-07-02 12:55:00+05:30,909797.7194017079,0
2026-07-02 13:00:00+05:30,909797.7194017079,0
2026-07-02 13:05:00+05:30,909797.7194017079,0
2026-07-02 13:10:00+05:30,909797.7194017079,0
2026-07-02 13:15:00+05:30,909797.7194017079,0
2026-07-02 13:20:00+05:30,908546.4156252047,1
2026-07-02 13:25:00+05:30,907586.3570314547,1
2026-07-02 13:30:00+05:30,908493.9742189547,1
2026-07-02 13:35:00+05:30,904705.6162632505,0
2026-07-02 13:40:00+05:30,904705.6162632505,0
2026-07-02 13:45:00+05:30,904705.6162632505,0
2026-07-02 13:50:00+05:30,904705.6162632505,0
2026-07-02 13:55:00+05:30,904705.6162632505,0
2026-07-02 14:00:00+05:30,904705.6162632505,0
2026-07-02 14:05:00+05:30,904705.6162632505,0
2026-07-02 14:10:00+05:30,904705.6162632505,0
2026-07-02 14:15:00+05:30,904705.6162632505,0
2026-07-02 14:20:00+05:30,904705.6162632505,0
2026-07-02 14:25:00+05:30,904705.6162632505,0
2026-07-02 14:30:00+05:30,904705.6162632505,0
2026-07-02 14:35:00+05:30,904705.6162632505,0
2026-07-02 14:40:00+05:30,904316.020649304,1
2026-07-02 14:45:00+05:30,905238.579243054,1
2026-07-02 14:50:00+05:30,905148.637836804,1
2026-07-02 14:55:00+05:30,906221.196430554,1
2026-07-02 15:00:00+05:30,903596.196430554,1
2026-07-02 15:05:00+05:30,904705.962055554,1
2026-07-02 15:10:00+05:30,904158.696430554,1
2026-07-02 15:15:00+05:30,899397.5430443445,0
2026-07-02 15:20:00+05:30,899397.5430443445,0
2026-07-02 15:25:00+05:30,899397.5430443445,0
2026-07-03 09:15:00+05:30,899397.5430443445,0
2026-07-03 09:20:00+05:30,899397.5430443445,0
2026-07-03 09:25:00+05:30,899397.5430443445,0
2026-07-03 09:30:00+05:30,899397.5430443445,0
2026-07-03 09:35:00+05:30,899397.5430443445,0
2026-07-03 09:40:00+05:30,899397.5430443445,0
2026-07-03 09:45:00+05:30,899397.5430443445,0
2026-07-03 09:50:00+05:30,899397.5430443445,0
2026-07-03 09:55:00+05:30,899397.5430443445,0
2026-07-03 10:00:00+05:30,899397.5430443445,0
2026-07-03 10:05:00+05:30,899397.5430443445,0
2026-07-03 10:10:00+05:30,899397.5430443445,0
2026-07-03 10:15:00+05:30,899397.5430443445,0
2026-07-03 10:20:00+05:30,899397.5430443445,0
2026-07-03 10:25:00+05:30,899397.5430443445,0
2026-07-03 10:30:00+05:30,899397.5430443445,0
2026-07-03 10:35:00+05:30,899397.5430443445,0
2026-07-03 10:40:00+05:30,899397.5430443445,0
2026-07-03 10:45:00+05:30,899397.5430443445,0
2026-07-03 10:50:00+05:30,899397.5430443445,0
2026-07-03 10:55:00+05:30,899397.5430443445,0
2026-07-03 11:00:00+05:30,899397.5430443445,0
2026-07-03 11:05:00+05:30,899397.5430443445,0
2026-07-03 11:10:00+05:30,899397.5430443445,0
2026-07-03 11:15:00+05:30,899397.5430443445,0
2026-07-03 11:20:00+05:30,899397.5430443445,0
2026-07-03 11:25:00+05:30,899397.5430443445,0
2026-07-03 11:30:00+05:30,899397.5430443445,0
2026-07-03 11:35:00+05:30,899397.5430443445,0
2026-07-03 11:40:00+05:30,899397.5430443445,0
2026-07-03 11:45:00+05:30,899397.5430443445,0
2026-07-03 11:50:00+05:30,899397.5430443445,0
2026-07-03 11:55:00+05:30,899397.5430443445,0
2026-07-03 12:00:00+05:30,899023.6915623385,1
2026-07-03 12:05:00+05:30,900118.8087498385,1
2026-07-03 12:10:00+05:30,900928.8673435885,1
2026-07-03 12:15:00+05:30,900538.9259373385,1
2026-07-03 12:20:00+05:30,899488.9259373385,1
2026-07-03 12:25:00+05:30,899713.9259373385,1
2026-07-03 12:30:00+05:30,898168.8087498385,1
2026-07-03 12:35:00+05:30,897891.3673435885,1
2026-07-03 12:40:00+05:30,897261.1915623385,1
2026-07-03 12:45:00+05:30,898551.4259373385,1
2026-07-03 12:50:00+05:30,898618.8087498385,1
2026-07-03 12:55:00+05:30,898483.7501560885,1
2026-07-03 13:00:00+05:30,895993.8087498385,1
2026-07-03 13:05:00+05:30,894208.6659051104,0
2026-07-03 13:10:00+05:30,894208.6659051104,0
2026-07-03 13:15:00+05:30,894208.6659051104,0
2026-07-03 13:20:00+05:30,894208.6659051104,0
2026-07-03 13:25:00+05:30,894208.6659051104,0
2026-07-03 13:30:00+05:30,894208.6659051104,0
2026-07-03 13:35:00+05:30,894208.6659051104,0
2026-07-03 13:40:00+05:30,894208.6659051104,0
2026-07-03 13:45:00+05:30,894208.6659051104,0
2026-07-03 13:50:00+05:30,894208.6659051104,0
2026-07-03 13:55:00+05:30,894208.6659051104,0
2026-07-03 14:00:00+05:30,894208.6659051104,0
2026-07-03 14:05:00+05:30,894208.6659051104,0
2026-07-03 14:10:00+05:30,894208.6659051104,0
2026-07-03 14:15:00+05:30,894208.6659051104,0
2026-07-03 14:20:00+05:30,894208.6659051104,0
2026-07-03 14:25:00+05:30,893205.2022545236,-1
2026-07-03 14:30:00+05:30,891450.3194420236,-1
2026-07-03 14:35:00+05:30,891570.4366295236,-1
2026-07-03 14:40:00+05:30,892702.7608482736,-1
2026-07-03 14:45:00+05:30,891562.8194420236,-1
2026-07-03 14:50:00+05:30,894142.7022545236,-1
2026-07-03 14:55:00+05:30,894862.8194420236,-1
2026-07-03 15:00:00+05:30,892335.3780357736,-1
2026-07-03 15:05:00+05:30,891517.7022545236,-1
2026-07-03 15:10:00+05:30,892470.4366295236,-1
2026-07-03 15:15:00+05:30,892242.3486488712,0
2026-07-03 15:20:00+05:30,892242.3486488712,0
2026-07-03 15:25:00+05:30,892242.3486488712,0
2026-07-06 09:15:00+05:30,892242.3486488712,0
2026-07-06 09:20:00+05:30,892242.3486488712,0
2026-07-06 09:25:00+05:30,892242.3486488712,0
2026-07-06 09:30:00+05:30,892242.3486488712,0
2026-07-06 09:35:00+05:30,891823.0949428804,1
2026-07-06 09:40:00+05:30,891245.6535366304,1
2026-07-06 09:45:00+05:30,893188.0363491304,1
2026-07-06 09:50:00+05:30,893195.6535366304,1
2026-07-06 09:55:00+05:30,893600.5363491304,1
2026-07-06 10:00:00+05:30,893360.5949428804,1
2026-07-06 10:05:00+05:30,893360.5949428804,1
2026-07-06 10:10:00+05:30,891425.5363491304,1
2026-07-06 10:15:00+05:30,894635.5949428804,1
2026-07-06 10:20:00+05:30,895543.2121303804,1
2026-07-06 10:25:00+05:30,896743.2121303804,1
2026-07-06 10:30:00+05:30,896353.2707241304,1
2026-07-06 10:35:00+05:30,894875.5363491304,1
2026-07-06 10:40:00+05:30,896398.0949428804,1
2026-07-06 10:45:00+05:30,898415.7707241304,1
2026-07-06 10:50:00+05:30,897770.6535366304,1
2026-07-06 10:55:00+05:30,899593.2121303804,1
2026-07-06 11:00:00+05:30,898663.0363491304,1
2026-07-06 11:05:00+05:30,897928.2707241304,1
2026-07-06 11:10:00+05:30,898243.2121303804,1
2026-07-06 11:15:00+05:30,896765.7707241304,1
2026-07-06 11:20:00+05:30,899540.7707241304,1
2026-07-06 11:25:00+05:30,898790.7707241304,1
2026-07-06 11:30:00+05:30,898858.1535366304,1
2026-07-06 11:35:00+05:30,898880.7121303804,1
2026-07-06 11:40:00+05:30,898400.5363491304,1
2026-07-06 11:45:00+05:30,898835.5949428804,1
2026-07-06 11:50:00+05:30,898213.0363491304,1
2026-07-06 11:55:00+05:30,899615.7707241304,1
2026-07-06 12:00:00+05:30,900095.6535366304,1
2026-07-06 12:05:00+05:30,900448.0949428804,1
2026-07-06 12:10:00+05:30,902383.1535366304,1
2026-07-06 12:15:00+05:30,902203.2707241304,1
2026-07-06 12:20:00+05:30,901993.2121303804,1
2026-07-06 12:25:00+05:30,901948.0949428804,1
2026-07-06 12:30:00+05:30,903305.7121303804,1
2026-07-06 12:35:00+05:30,901903.2707241304,1
2026-07-06 12:40:00+05:30,902330.7121303804,1
2026-07-06 12:45:00+05:30,901370.6535366304,1
2026-07-06 12:50:00+05:30,900440.7707241304,1
2026-07-06 12:55:00+05:30,901910.5949428804,1
2026-07-06 13:00:00+05:30,902300.5363491304,1
2026-07-06 13:05:00+05:30,903328.2707241304,1
2026-07-06 13:10:00+05:30,903388.0363491304,1
2026-07-06 13:15:00+05:30,902083.1535366304,1
2026-07-06 13:20:00+05:30,902270.6535366304,1
2026-07-06 13:25:00+05:30,902398.0949428804,1
2026-07-06 13:30:00+05:30,901603.2707241304,1
2026-07-06 13:35:00+05:30,903875.5363491304,1
2026-07-06 13:40:00+05:30,901640.7707241304,1
2026-07-06 13:45:00+05:30,900515.7707241304,1
2026-07-06 13:50:00+05:30,898400.5363491304,1
2026-07-06 13:55:00+05:30,896840.6383679778,0
2026-07-06 14:00:00+05:30,896840.6383679778,0
2026-07-06 14:05:00+05:30,896840.6383679778,0
2026-07-06 14:10:00+05:30,896840.6383679778,0
2026-07-06 14:15:00+05:30,896840.6383679778,0
2026-07-06 14:20:00+05:30,896840.6383679778,0
2026-07-06 14:25:00+05:30,896840.6383679778,0
2026-07-06 14:30:00+05:30,896840.6383679778,0
2026-07-06 14:35:00+05:30,896840.6383679778,0
2026-07-06 14:40:00+05:30,896840.6383679778,0
2026-07-06 14:45:00+05:30,896840.6383679778,0
2026-07-06 14:50:00+05:30,896840.6383679778,0
2026-07-06 14:55:00+05:30,896840.6383679778,0
2026-07-06 15:00:00+05:30,896840.6383679778,0
2026-07-06 15:05:00+05:30,896840.6383679778,0
2026-07-06 15:10:00+05:30,896840.6383679778,0
2026-07-06 15:15:00+05:30,896840.6383679778,0
2026-07-06 15:20:00+05:30,896840.6383679778,0
2026-07-06 15:25:00+05:30,896840.6383679778,0
2026-07-07 09:15:00+05:30,896840.6383679778,0
2026-07-07 09:20:00+05:30,896840.6383679778,0
2026-07-07 09:25:00+05:30,896840.6383679778,0
2026-07-07 09:30:00+05:30,896840.6383679778,0
2026-07-07 09:35:00+05:30,896840.6383679778,0
2026-07-07 09:40:00+05:30,896840.6383679778,0
2026-07-07 09:45:00+05:30,896840.6383679778,0
2026-07-07 09:50:00+05:30,896840.6383679778,0
2026-07-07 09:55:00+05:30,896840.6383679778,0
2026-07-07 10:00:00+05:30,896840.6383679778,0
2026-07-07 10:05:00+05:30,896840.6383679778,0
2026-07-07 10:10:00+05:30,895081.9935063423,1
2026-07-07 10:15:00+05:30,896821.9349125923,1
2026-07-07 10:20:00+05:30,896611.8763188423,1
2026-07-07 10:25:00+05:30,896161.8763188423,1
2026-07-07 10:30:00+05:30,896199.3763188423,1
2026-07-07 10:35:00+05:30,895314.6106938423,1
2026-07-07 10:40:00+05:30,893117.0521000923,1
2026-07-07 10:45:00+05:30,895929.5521000923,1
2026-07-07 10:50:00+05:30,894556.9935063423,1
2026-07-07 10:55:00+05:30,894706.9935063423,1
2026-07-07 11:00:00+05:30,896664.6106938423,1
2026-07-07 11:05:00+05:30,898277.1106938423,1
2026-07-07 11:10:00+05:30,899469.4935063423,1
2026-07-07 11:15:00+05:30,898636.8763188423,1
2026-07-07 11:20:00+05:30,899109.4349125923,1
2026-07-07 11:25:00+05:30,900527.1106938423,1
2026-07-07 11:30:00+05:30,899852.1106938423,1
2026-07-07 11:35:00+05:30,899994.4935063423,1
2026-07-07 11:40:00+05:30,899154.5521000923,1
2026-07-07 11:45:00+05:30,898449.3763188423,1
2026-07-07 11:50:00+05:30,900684.4349125923,1
2026-07-07 11:55:00+05:30,901284.4349125923,1
2026-07-07 12:00:00+05:30,900774.3763188423,1
2026-07-07 12:05:00+05:30,900436.8763188423,1
2026-07-07 12:10:00+05:30,898314.6106938423,1
2026-07-07 12:15:00+05:30,895091.8161902756,0
2026-07-07 12:20:00+05:30,895091.8161902756,0
2026-07-07 12:25:00+05:30,895091.8161902756,0
2026-07-07 12:30:00+05:30,895091.8161902756,0
2026-07-07 12:35:00+05:30,895091.8161902756,0
2026-07-07 12:40:00+05:30,895091.8161902756,0
2026-07-07 12:45:00+05:30,895091.8161902756,0
2026-07-07 12:50:00+05:30,895091.8161902756,0
2026-07-07 12:55:00+05:30,895091.8161902756,0
2026-07-07 13:00:00+05:30,895091.8161902756,0
2026-07-07 13:05:00+05:30,895091.8161902756,0
2026-07-07 13:10:00+05:30,895091.8161902756,0
2026-07-07 13:15:00+05:30,895091.8161902756,0
2026-07-07 13:20:00+05:30,893336.2730553474,-1
2026-07-07 13:25:00+05:30,890786.2730553474,-1
2026-07-07 13:30:00+05:30,892578.6558678474,-1
2026-07-07 13:35:00+05:30,893283.8316490974,-1
2026-07-07 13:40:00+05:30,891521.3316490974,-1
2026-07-07 13:45:00+05:30,889163.5774436139,0
2026-07-07 13:50:00+05:30,889163.5774436139,0
2026-07-07 13:55:00+05:30,889163.5774436139,0
2026-07-07 14:00:00+05:30,889163.5774436139,0
2026-07-07 14:05:00+05:30,889163.5774436139,0
2026-07-07 14:10:00+05:30,889163.5774436139,0
2026-07-07 14:15:00+05:30,889163.5774436139,0
2026-07-07 14:20:00+05:30,889163.5774436139,0
2026-07-07 14:25:00+05:30,889163.5774436139,0
2026-07-07 14:30:00+05:30,889163.5774436139,0
2026-07-07 14:35:00+05:30,889163.5774436139,0
2026-07-07 14:40:00+05:30,889163.5774436139,0
2026-07-07 14:45:00+05:30,889163.5774436139,0
2026-07-07 14:50:00+05:30,889163.5774436139,0
2026-07-07 14:55:00+05:30,889163.5774436139,0
2026-07-07 15:00:00+05:30,889163.5774436139,0
2026-07-07 15:05:00+05:30,889163.5774436139,0
2026-07-07 15:10:00+05:30,889163.5774436139,0
2026-07-07 15:15:00+05:30,889163.5774436139,0
2026-07-07 15:20:00+05:30,889163.5774436139,0
2026-07-07 15:25:00+05:30,889163.5774436139,0
2026-07-08 09:15:00+05:30,889163.5774436139,0
2026-07-08 09:20:00+05:30,889163.5774436139,0
2026-07-08 09:25:00+05:30,889163.5774436139,0
2026-07-08 09:30:00+05:30,889163.5774436139,0
2026-07-08 09:35:00+05:30,888043.5428345416,-1
2026-07-08 09:40:00+05:30,886595.9842407916,-1
2026-07-08 09:45:00+05:30,883281.0428345416,-1
2026-07-08 09:50:00+05:30,881504.0897376455,0
2026-07-08 09:55:00+05:30,881504.0897376455,0
2026-07-08 10:00:00+05:30,881504.0897376455,0
2026-07-08 10:05:00+05:30,881504.0897376455,0
2026-07-08 10:10:00+05:30,881504.0897376455,0
2026-07-08 10:15:00+05:30,881504.0897376455,0
2026-07-08 10:20:00+05:30,881504.0897376455,0
2026-07-08 10:25:00+05:30,881504.0897376455,0
2026-07-08 10:30:00+05:30,881504.0897376455,0
2026-07-08 10:35:00+05:30,881504.0897376455,0
2026-07-08 10:40:00+05:30,881504.0897376455,0
2026-07-08 10:45:00+05:30,881504.0897376455,0
2026-07-08 10:50:00+05:30,881504.0897376455,0
2026-07-08 10:55:00+05:30,881504.0897376455,0
2026-07-08 11:00:00+05:30,881504.0897376455,0
2026-07-08 11:05:00+05:30,881504.0897376455,0
2026-07-08 11:10:00+05:30,881504.0897376455,0
2026-07-08 11:15:00+05:30,881504.0897376455,0
2026-07-08 11:20:00+05:30,881504.0897376455,0
2026-07-08 11:25:00+05:30,881504.0897376455,0
2026-07-08 11:30:00+05:30,881504.0897376455,0
2026-07-08 11:35:00+05:30,881504.0897376455,0
2026-07-08 11:40:00+05:30,881504.0897376455,0
2026-07-08 11:45:00+05:30,881504.0897376455,0
2026-07-08 11:50:00+05:30,881504.0897376455,0
2026-07-08 11:55:00+05:30,881504.0897376455,0
2026-07-08 12:00:00+05:30,881504.0897376455,0
2026-07-08 12:05:00+05:30,881504.0897376455,0
2026-07-08 12:10:00+05:30,881504.0897376455,0
2026-07-08 12:15:00+05:30,878981.3607925142,-1
2026-07-08 12:20:00+05:30,882656.3607925142,-1
2026-07-08 12:25:00+05:30,882573.7436050142,-1
2026-07-08 12:30:00+05:30,884246.3021987642,-1
2026-07-08 12:35:00+05:30,884778.9193862642,-1
2026-07-08 12:40:00+05:30,882851.4779800142,-1
2026-07-08 12:45:00+05:30,882873.7436050142,-1
2026-07-08 12:50:00+05:30,879774.152680135,0
2026-07-08 12:55:00+05:30,879774.152680135,0
2026-07-08 13:00:00+05:30,879774.152680135,0
2026-07-08 13:05:00+05:30,879774.152680135,0
2026-07-08 13:10:00+05:30,879774.152680135,0
2026-07-08 13:15:00+05:30,879774.152680135,0
2026-07-08 13:20:00+05:30,879774.152680135,0
2026-07-08 13:25:00+05:30,879774.152680135,0
2026-07-08 13:30:00+05:30,879774.152680135,0
2026-07-08 13:35:00+05:30,879774.152680135,0
2026-07-08 13:40:00+05:30,879774.152680135,0
2026-07-08 13:45:00+05:30,879774.152680135,0
2026-07-08 13:50:00+05:30,886700.3385092142,-1
2026-07-08 13:55:00+05:30,894905.2213217142,-1
2026-07-08 14:00:00+05:30,899877.7799154642,-1
2026-07-08 14:05:00+05:30,907760.3971029642,-1
2026-07-08 14:10:00+05:30,911697.8971029642,-1
2026-07-08 14:15:00+05:30,909860.3971029642,-1
2026-07-08 14:20:00+05:30,910505.2213217142,-1
2026-07-08 14:25:00+05:30,915215.2799154642,-1
2026-07-08 14:30:00+05:30,913955.2213217142,-1
2026-07-08 14:35:00+05:30,917540.2799154642,-1
2026-07-08 14:40:00+05:30,916827.7799154642,-1
2026-07-08 14:45:00+05:30,920285.3971029642,-1
2026-07-08 14:50:00+05:30,923187.8385092142,-1
2026-07-08 14:55:00+05:30,922040.2799154642,-1
2026-07-08 15:00:00+05:30,918057.9556967142,-1
2026-07-08 15:05:00+05:30,917052.7799154642,-1
2026-07-08 15:10:00+05:30,913827.7799154642,-1
2026-07-08 15:15:00+05:30,909960.4764151857,0
2026-07-08 15:20:00+05:30,909960.4764151857,0
2026-07-08 15:25:00+05:30,909960.4764151857,0
2026-07-09 09:15:00+05:30,909960.4764151857,0
2026-07-09 09:20:00+05:30,909960.4764151857,0
2026-07-09 09:25:00+05:30,909960.4764151857,0
2026-07-09 09:30:00+05:30,909960.4764151857,0
2026-07-09 09:35:00+05:30,909960.4764151857,0
2026-07-09 09:40:00+05:30,909960.4764151857,0
2026-07-09 09:45:00+05:30,909960.4764151857,0
2026-07-09 09:50:00+05:30,909960.4764151857,0
2026-07-09 09:55:00+05:30,909960.4764151857,0
2026-07-09 10:00:00+05:30,909960.4764151857,0
2026-07-09 10:05:00+05:30,909960.4764151857,0
2026-07-09 10:10:00+05:30,909960.4764151857,0
2026-07-09 10:15:00+05:30,909960.4764151857,0
2026-07-09 10:20:00+05:30,909960.4764151857,0
2026-07-09 10:25:00+05:30,909960.4764151857,0
2026-07-09 10:30:00+05:30,909960.4764151857,0
2026-07-09 10:35:00+05:30,909960.4764151857,0
2026-07-09 10:40:00+05:30,909960.4764151857,0
2026-07-09 10:45:00+05:30,909960.4764151857,0
2026-07-09 10:50:00+05:30,909960.4764151857,0
2026-07-09 10:55:00+05:30,909960.4764151857,0
2026-07-09 11:00:00+05:30,909960.4764151857,0
2026-07-09 11:05:00+05:30,909960.4764151857,0
2026-07-09 11:10:00+05:30,909960.4764151857,0
2026-07-09 11:15:00+05:30,909960.4764151857,0
2026-07-09 11:20:00+05:30,909960.4764151857,0
2026-07-09 11:25:00+05:30,909960.4764151857,0
2026-07-09 11:30:00+05:30,909960.4764151857,0
2026-07-09 11:35:00+05:30,909960.4764151857,0
2026-07-09 11:40:00+05:30,909960.4764151857,0
2026-07-09 11:45:00+05:30,909960.4764151857,0
2026-07-09 11:50:00+05:30,909960.4764151857,0
2026-07-09 11:55:00+05:30,909960.4764151857,0
2026-07-09 12:00:00+05:30,909960.4764151857,0
2026-07-09 12:05:00+05:30,909960.4764151857,0
2026-07-09 12:10:00+05:30,909960.4764151857,0
2026-07-09 12:15:00+05:30,909960.4764151857,0
2026-07-09 12:20:00+05:30,909960.4764151857,0
2026-07-09 12:25:00+05:30,909960.4764151857,0
2026-07-09 12:30:00+05:30,909960.4764151857,0
2026-07-09 12:35:00+05:30,909960.4764151857,0
2026-07-09 12:40:00+05:30,909960.4764151857,0
2026-07-09 12:45:00+05:30,909960.4764151857,0
2026-07-09 12:50:00+05:30,909960.4764151857,0
2026-07-09 12:55:00+05:30,909960.4764151857,0
2026-07-09 13:00:00+05:30,909960.4764151857,0
2026-07-09 13:05:00+05:30,909960.4764151857,0
2026-07-09 13:10:00+05:30,909960.4764151857,0
2026-07-09 13:15:00+05:30,909960.4764151857,0
2026-07-09 13:20:00+05:30,909960.4764151857,0
2026-07-09 13:25:00+05:30,909960.4764151857,0
2026-07-09 13:30:00+05:30,909960.4764151857,0
2026-07-09 13:35:00+05:30,909960.4764151857,0
2026-07-09 13:40:00+05:30,909960.4764151857,0
2026-07-09 13:45:00+05:30,909960.4764151857,0
2026-07-09 13:50:00+05:30,909960.4764151857,0
2026-07-09 13:55:00+05:30,909960.4764151857,0
2026-07-09 14:00:00+05:30,909960.4764151857,0
2026-07-09 14:05:00+05:30,909960.4764151857,0
2026-07-09 14:10:00+05:30,909960.4764151857,0
2026-07-09 14:15:00+05:30,909960.4764151857,0
2026-07-09 14:20:00+05:30,909960.4764151857,0
2026-07-09 14:25:00+05:30,909960.4764151857,0
2026-07-09 14:30:00+05:30,909960.4764151857,0
2026-07-09 14:35:00+05:30,909960.4764151857,0
2026-07-09 14:40:00+05:30,909960.4764151857,0
2026-07-09 14:45:00+05:30,909960.4764151857,0
2026-07-09 14:50:00+05:30,909960.4764151857,0
2026-07-09 14:55:00+05:30,909960.4764151857,0
2026-07-09 15:00:00+05:30,909960.4764151857,0
2026-07-09 15:05:00+05:30,909960.4764151857,0
2026-07-09 15:10:00+05:30,909960.4764151857,0
2026-07-09 15:15:00+05:30,909960.4764151857,0
2026-07-09 15:20:00+05:30,909960.4764151857,0
2026-07-09 15:25:00+05:30,909960.4764151857,0
2026-07-10 09:15:00+05:30,909960.4764151857,0
2026-07-10 09:20:00+05:30,909960.4764151857,0
2026-07-10 09:25:00+05:30,909960.4764151857,0
2026-07-10 09:30:00+05:30,909960.4764151857,0
2026-07-10 09:35:00+05:30,909960.4764151857,0
2026-07-10 09:40:00+05:30,909225.0514767483,1
2026-07-10 09:45:00+05:30,911347.6100704983,1
2026-07-10 09:50:00+05:30,910350.0514767483,1
2026-07-10 09:55:00+05:30,912555.2272579983,1
2026-07-10 10:00:00+05:30,911362.5514767483,1
2026-07-10 10:05:00+05:30,911707.6686642483,1
2026-07-10 10:10:00+05:30,911782.6686642483,1
2026-07-10 10:15:00+05:30,911850.0514767483,1
2026-07-10 10:20:00+05:30,911227.7858517483,1
2026-07-10 10:25:00+05:30,910590.2858517483,1
2026-07-10 10:30:00+05:30,909225.0514767483,1
2026-07-10 10:35:00+05:30,909412.5514767483,1
2026-07-10 10:40:00+05:30,911722.6100704983,1
2026-07-10 10:45:00+05:30,910882.6686642483,1
2026-07-10 10:50:00+05:30,910980.2272579983,1
2026-07-10 10:55:00+05:30,909960.1100704983,1
2026-07-10 11:00:00+05:30,909652.7858517483,1
2026-07-10 11:05:00+05:30,907665.2858517483,1
2026-07-10 11:10:00+05:30,907095.1686642483,1
2026-07-10 11:15:00+05:30,906090.2858517483,1
2026-07-10 11:20:00+05:30,906427.7858517483,1
2026-07-10 11:25:00+05:30,903772.6100704983,1
2026-07-10 11:30:00+05:30,902701.4233636047,0
2026-07-10 11:35:00+05:30,902701.4233636047,0
2026-07-10 11:40:00+05:30,902701.4233636047,0
2026-07-10 11:45:00+05:30,902701.4233636047,0
2026-07-10 11:50:00+05:30,902701.4233636047,0
2026-07-10 11:55:00+05:30,902701.4233636047,0
2026-07-10 12:00:00+05:30,902701.4233636047,0
2026-07-10 12:05:00+05:30,902701.4233636047,0
2026-07-10 12:10:00+05:30,902701.4233636047,0
2026-07-10 12:15:00+05:30,902701.4233636047,0
2026-07-10 12:20:00+05:30,902701.4233636047,0
2026-07-10 12:25:00+05:30,902701.4233636047,0
2026-07-10 12:30:00+05:30,902701.4233636047,0
2026-07-10 12:35:00+05:30,902701.4233636047,0
2026-07-10 12:40:00+05:30,902701.4233636047,0
2026-07-10 12:45:00+05:30,902701.4233636047,0
2026-07-10 12:50:00+05:30,902701.4233636047,0
2026-07-10 12:55:00+05:30,902701.4233636047,0
2026-07-10 13:00:00+05:30,902701.4233636047,0
2026-07-10 13:05:00+05:30,902701.4233636047,0
2026-07-10 13:10:00+05:30,902701.4233636047,0
2026-07-10 13:15:00+05:30,902701.4233636047,0
2026-07-10 13:20:00+05:30,902701.4233636047,0
2026-07-10 13:25:00+05:30,902701.4233636047,0
2026-07-10 13:30:00+05:30,902701.4233636047,0
2026-07-10 13:35:00+05:30,902701.4233636047,0
2026-07-10 13:40:00+05:30,902701.4233636047,0
2026-07-10 13:45:00+05:30,902701.4233636047,0
2026-07-10 13:50:00+05:30,902701.4233636047,0
2026-07-10 13:55:00+05:30,902701.4233636047,0
2026-07-10 14:00:00+05:30,902701.4233636047,0
2026-07-10 14:05:00+05:30,902701.4233636047,0
2026-07-10 14:10:00+05:30,902701.4233636047,0
2026-07-10 14:15:00+05:30,902701.4233636047,0
2026-07-10 14:20:00+05:30,902701.4233636047,0
2026-07-10 14:25:00+05:30,902701.4233636047,0
2026-07-10 14:30:00+05:30,902701.4233636047,0
2026-07-10 14:35:00+05:30,902701.4233636047,0
2026-07-10 14:40:00+05:30,902701.4233636047,0
2026-07-10 14:45:00+05:30,902701.4233636047,0
2026-07-10 14:50:00+05:30,902701.4233636047,0
2026-07-10 14:55:00+05:30,902701.4233636047,0
2026-07-10 15:00:00+05:30,902701.4233636047,0
2026-07-10 15:05:00+05:30,902701.4233636047,0
2026-07-10 15:10:00+05:30,902701.4233636047,0
2026-07-10 15:15:00+05:30,902701.4233636047,0
2026-07-10 15:20:00+05:30,902701.4233636047,0
2026-07-10 15:25:00+05:30,902701.4233636047,0
2026-07-13 09:15:00+05:30,902701.4233636047,0
2026-07-13 09:20:00+05:30,902701.4233636047,0
2026-07-13 09:25:00+05:30,902701.4233636047,0
2026-07-13 09:30:00+05:30,902701.4233636047,0
2026-07-13 09:35:00+05:30,902701.4233636047,0
2026-07-13 09:40:00+05:30,902701.4233636047,0
2026-07-13 09:45:00+05:30,902701.4233636047,0
2026-07-13 09:50:00+05:30,902701.4233636047,0
2026-07-13 09:55:00+05:30,902701.4233636047,0
2026-07-13 10:00:00+05:30,902701.4233636047,0
2026-07-13 10:05:00+05:30,902701.4233636047,0
2026-07-13 10:10:00+05:30,902701.4233636047,0
2026-07-13 10:15:00+05:30,902701.4233636047,0
2026-07-13 10:20:00+05:30,902701.4233636047,0
2026-07-13 10:25:00+05:30,902701.4233636047,0
2026-07-13 10:30:00+05:30,902701.4233636047,0
2026-07-13 10:35:00+05:30,902701.4233636047,0
2026-07-13 10:40:00+05:30,902701.4233636047,0
2026-07-13 10:45:00+05:30,902701.4233636047,0
2026-07-13 10:50:00+05:30,902701.4233636047,0
2026-07-13 10:55:00+05:30,902701.4233636047,0
2026-07-13 11:00:00+05:30,902701.4233636047,0
2026-07-13 11:05:00+05:30,902701.4233636047,0
2026-07-13 11:10:00+05:30,902701.4233636047,0
2026-07-13 11:15:00+05:30,902701.4233636047,0
2026-07-13 11:20:00+05:30,902701.4233636047,0
2026-07-13 11:25:00+05:30,902701.4233636047,0
2026-07-13 11:30:00+05:30,902701.4233636047,0
2026-07-13 11:35:00+05:30,902701.4233636047,0
2026-07-13 11:40:00+05:30,902701.4233636047,0
2026-07-13 11:45:00+05:30,902701.4233636047,0
2026-07-13 11:50:00+05:30,902701.4233636047,0
2026-07-13 11:55:00+05:30,902701.4233636047,0
2026-07-13 12:00:00+05:30,902701.4233636047,0
2026-07-13 12:05:00+05:30,902701.4233636047,0
2026-07-13 12:10:00+05:30,902701.4233636047,0
2026-07-13 12:15:00+05:30,902701.4233636047,0
2026-07-13 12:20:00+05:30,902701.4233636047,0
2026-07-13 12:25:00+05:30,902701.4233636047,0
2026-07-13 12:30:00+05:30,902701.4233636047,0
2026-07-13 12:35:00+05:30,902701.4233636047,0
2026-07-13 12:40:00+05:30,902701.4233636047,0
2026-07-13 12:45:00+05:30,902002.7138074805,1
2026-07-13 12:50:00+05:30,905370.3895887305,1
2026-07-13 12:55:00+05:30,903180.1552137305,1
2026-07-13 13:00:00+05:30,901305.1552137305,1
2026-07-13 13:05:00+05:30,902415.2138074805,1
2026-07-13 13:10:00+05:30,903037.7724012305,1
2026-07-13 13:15:00+05:30,901905.1552137305,1
2026-07-13 13:20:00+05:30,899827.7138074805,1
2026-07-13 13:25:00+05:30,896300.4936277496,0
2026-07-13 13:30:00+05:30,896300.4936277496,0
2026-07-13 13:35:00+05:30,896300.4936277496,0
2026-07-13 13:40:00+05:30,896300.4936277496,0
2026-07-13 13:45:00+05:30,896300.4936277496,0
2026-07-13 13:50:00+05:30,896300.4936277496,0
2026-07-13 13:55:00+05:30,896300.4936277496,0
2026-07-13 14:00:00+05:30,896300.4936277496,0
2026-07-13 14:05:00+05:30,896300.4936277496,0
2026-07-13 14:10:00+05:30,896300.4936277496,0
2026-07-13 14:15:00+05:30,896300.4936277496,0
2026-07-13 14:20:00+05:30,896300.4936277496,0
2026-07-13 14:25:00+05:30,896300.4936277496,0
2026-07-13 14:30:00+05:30,896300.4936277496,0
2026-07-13 14:35:00+05:30,896300.4936277496,0
2026-07-13 14:40:00+05:30,896300.4936277496,0
2026-07-13 14:45:00+05:30,896300.4936277496,0
2026-07-13 14:50:00+05:30,896300.4936277496,0
2026-07-13 14:55:00+05:30,896300.4936277496,0
2026-07-13 15:00:00+05:30,896300.4936277496,0
2026-07-13 15:05:00+05:30,896300.4936277496,0
2026-07-13 15:10:00+05:30,896300.4936277496,0
2026-07-13 15:15:00+05:30,896300.4936277496,0
2026-07-13 15:20:00+05:30,896300.4936277496,0
2026-07-13 15:25:00+05:30,896300.4936277496,0
2026-07-14 09:15:00+05:30,896300.4936277496,0
2026-07-14 09:20:00+05:30,896300.4936277496,0
2026-07-14 09:25:00+05:30,896300.4936277496,0
2026-07-14 09:30:00+05:30,896300.4936277496,0
2026-07-14 09:35:00+05:30,896300.4936277496,0
2026-07-14 09:40:00+05:30,896300.4936277496,0
2026-07-14 09:45:00+05:30,896300.4936277496,0
2026-07-14 09:50:00+05:30,896300.4936277496,0
2026-07-14 09:55:00+05:30,896300.4936277496,0
2026-07-14 10:00:00+05:30,896300.4936277496,0
2026-07-14 10:05:00+05:30,896300.4936277496,0
2026-07-14 10:10:00+05:30,896300.4936277496,0
2026-07-14 10:15:00+05:30,896300.4936277496,0
2026-07-14 10:20:00+05:30,892626.3177646601,-1
2026-07-14 10:25:00+05:30,888446.7956084845,0
2026-07-14 10:30:00+05:30,888446.7956084845,0
2026-07-14 10:35:00+05:30,888446.7956084845,0
2026-07-14 10:40:00+05:30,888446.7956084845,0
2026-07-14 10:45:00+05:30,888446.7956084845,0
2026-07-14 10:50:00+05:30,888446.7956084845,0
2026-07-14 10:55:00+05:30,888446.7956084845,0
2026-07-14 11:00:00+05:30,888446.7956084845,0
2026-07-14 11:05:00+05:30,888446.7956084845,0
2026-07-14 11:10:00+05:30,888446.7956084845,0
2026-07-14 11:15:00+05:30,888446.7956084845,0
2026-07-14 11:20:00+05:30,888446.7956084845,0
2026-07-14 11:25:00+05:30,888446.7956084845,0
2026-07-14 11:30:00+05:30,888446.7956084845,0
2026-07-14 11:35:00+05:30,888446.7956084845,0
2026-07-14 11:40:00+05:30,888446.7956084845,0
2026-07-14 11:45:00+05:30,888446.7956084845,0
2026-07-14 11:50:00+05:30,888446.7956084845,0
2026-07-14 11:55:00+05:30,888446.7956084845,0
2026-07-14 12:00:00+05:30,888446.7956084845,0
2026-07-14 12:05:00+05:30,888446.7956084845,0
2026-07-14 12:10:00+05:30,888446.7956084845,0
2026-07-14 12:15:00+05:30,888446.7956084845,0
2026-07-14 12:20:00+05:30,888446.7956084845,0
2026-07-14 12:25:00+05:30,888446.7956084845,0
2026-07-14 12:30:00+05:30,886189.2121522424,-1
2026-07-14 12:35:00+05:30,885379.1535584924,-1
2026-07-14 12:40:00+05:30,884291.6535584924,-1
2026-07-14 12:45:00+05:30,883774.2707459924,-1
2026-07-14 12:50:00+05:30,882030.2563015771,0
2026-07-14 12:55:00+05:30,882030.2563015771,0
2026-07-14 13:00:00+05:30,882030.2563015771,0
2026-07-14 13:05:00+05:30,882030.2563015771,0
2026-07-14 13:10:00+05:30,882030.2563015771,0
2026-07-14 13:15:00+05:30,882030.2563015771,0
2026-07-14 13:20:00+05:30,882030.2563015771,0
2026-07-14 13:25:00+05:30,882030.2563015771,0
2026-07-14 13:30:00+05:30,882030.2563015771,0
2026-07-14 13:35:00+05:30,882030.2563015771,0
2026-07-14 13:40:00+05:30,880065.8397649421,-1
2026-07-14 13:45:00+05:30,877793.2811711921,-1
2026-07-14 13:50:00+05:30,878835.9569524421,-1
2026-07-14 13:55:00+05:30,878130.7811711921,-1
2026-07-14 14:00:00+05:30,878100.8983586921,-1
2026-07-14 14:05:00+05:30,880028.3397649421,-1
2026-07-14 14:10:00+05:30,878221.0155461921,-1
2026-07-14 14:15:00+05:30,879121.0155461921,-1
2026-07-14 14:20:00+05:30,879443.2811711921,-1
2026-07-14 14:25:00+05:30,880928.3397649421,-1
2026-07-14 14:30:00+05:30,879293.2811711921,-1
2026-07-14 14:35:00+05:30,879563.3983586921,-1
2026-07-14 14:40:00+05:30,880208.5155461921,-1
2026-07-14 14:45:00+05:30,883418.2811711921,-1
2026-07-14 14:50:00+05:30,883335.9569524421,-1
2026-07-14 14:55:00+05:30,881805.7811711921,-1
2026-07-14 15:00:00+05:30,878850.8983586921,-1
2026-07-14 15:05:00+05:30,878235.9569524421,-1
2026-07-14 15:10:00+05:30,880080.7811711921,-1
2026-07-14 15:15:00+05:30,880738.636004321,0
2026-07-14 15:20:00+05:30,880738.636004321,0
2026-07-14 15:25:00+05:30,880738.636004321,0
2026-07-15 09:15:00+05:30,880738.636004321,0
2026-07-15 09:20:00+05:30,880738.636004321,0
2026-07-15 09:25:00+05:30,880738.636004321,0
2026-07-15 09:30:00+05:30,880738.636004321,0
2026-07-15 09:35:00+05:30,880738.636004321,0
2026-07-15 09:40:00+05:30,880738.636004321,0
2026-07-15 09:45:00+05:30,880738.636004321,0
2026-07-15 09:50:00+05:30,880738.636004321,0
2026-07-15 09:55:00+05:30,880738.636004321,0
2026-07-15 10:00:00+05:30,880738.636004321,0
2026-07-15 10:05:00+05:30,880738.636004321,0
2026-07-15 10:10:00+05:30,880738.636004321,0
2026-07-15 10:15:00+05:30,880738.636004321,0
2026-07-15 10:20:00+05:30,880738.636004321,0
2026-07-15 10:25:00+05:30,880738.636004321,0
2026-07-15 10:30:00+05:30,880738.636004321,0
2026-07-15 10:35:00+05:30,880738.636004321,0
2026-07-15 10:40:00+05:30,880738.636004321,0
2026-07-15 10:45:00+05:30,880738.636004321,0
2026-07-15 10:50:00+05:30,880738.636004321,0
2026-07-15 10:55:00+05:30,880738.636004321,0
2026-07-15 11:00:00+05:30,880738.636004321,0
2026-07-15 11:05:00+05:30,880738.636004321,0
2026-07-15 11:10:00+05:30,880738.636004321,0
2026-07-15 11:15:00+05:30,880738.636004321,0
2026-07-15 11:20:00+05:30,880738.636004321,0
2026-07-15 11:25:00+05:30,880738.636004321,0
2026-07-15 11:30:00+05:30,880738.636004321,0
2026-07-15 11:35:00+05:30,880738.636004321,0
2026-07-15 11:40:00+05:30,880738.636004321,0
2026-07-15 11:45:00+05:30,880738.636004321,0
2026-07-15 11:50:00+05:30,880738.636004321,0
2026-07-15 11:55:00+05:30,880738.636004321,0
2026-07-15 12:00:00+05:30,880738.636004321,0
2026-07-15 12:05:00+05:30,880738.636004321,0
2026-07-15 12:10:00+05:30,880738.636004321,0
2026-07-15 12:15:00+05:30,880738.636004321,0
2026-07-15 12:20:00+05:30,880738.636004321,0
2026-07-15 12:25:00+05:30,880738.636004321,0
2026-07-15 12:30:00+05:30,880738.636004321,0
2026-07-15 12:35:00+05:30,880738.636004321,0
2026-07-15 12:40:00+05:30,880738.636004321,0
2026-07-15 12:45:00+05:30,880738.636004321,0
2026-07-15 12:50:00+05:30,880738.636004321,0
2026-07-15 12:55:00+05:30,880738.636004321,0
2026-07-15 13:00:00+05:30,880738.636004321,0
2026-07-15 13:05:00+05:30,880738.636004321,0
2026-07-15 13:10:00+05:30,880738.636004321,0
2026-07-15 13:15:00+05:30,880738.636004321,0
2026-07-15 13:20:00+05:30,880738.636004321,0
2026-07-15 13:25:00+05:30,880738.636004321,0
2026-07-15 13:30:00+05:30,880738.636004321,0
2026-07-15 13:35:00+05:30,880738.636004321,0
2026-07-15 13:40:00+05:30,880738.636004321,0
2026-07-15 13:45:00+05:30,880738.636004321,0
2026-07-15 13:50:00+05:30,880738.636004321,0
2026-07-15 13:55:00+05:30,880738.636004321,0
2026-07-15 14:00:00+05:30,880738.636004321,0
2026-07-15 14:05:00+05:30,880738.636004321,0
2026-07-15 14:10:00+05:30,880738.636004321,0
2026-07-15 14:15:00+05:30,880738.636004321,0
2026-07-15 14:20:00+05:30,880738.636004321,0
2026-07-15 14:25:00+05:30,880738.636004321,0
2026-07-15 14:30:00+05:30,880738.636004321,0
2026-07-15 14:35:00+05:30,880738.636004321,0
2026-07-15 14:40:00+05:30,880738.636004321,0
2026-07-15 14:45:00+05:30,880738.636004321,0
2026-07-15 14:50:00+05:30,880738.636004321,0
2026-07-15 14:55:00+05:30,880738.636004321,0
2026-07-15 15:00:00+05:30,880738.636004321,0
2026-07-15 15:05:00+05:30,880738.636004321,0
2026-07-15 15:10:00+05:30,880738.636004321,0
2026-07-15 15:15:00+05:30,880738.636004321,0
2026-07-15 15:20:00+05:30,880738.636004321,0
2026-07-15 15:25:00+05:30,880738.636004321,0
2026-07-16 09:15:00+05:30,880738.636004321,0
2026-07-16 09:20:00+05:30,880738.636004321,0
2026-07-16 09:25:00+05:30,880738.636004321,0
2026-07-16 09:30:00+05:30,880738.636004321,0
2026-07-16 09:35:00+05:30,880738.636004321,0
2026-07-16 09:40:00+05:30,880738.636004321,0
2026-07-16 09:45:00+05:30,880738.636004321,0
2026-07-16 09:50:00+05:30,880738.636004321,0
2026-07-16 09:55:00+05:30,880738.636004321,0
2026-07-16 10:00:00+05:30,880738.636004321,0
2026-07-16 10:05:00+05:30,880738.636004321,0
2026-07-16 10:10:00+05:30,880738.636004321,0
2026-07-16 10:15:00+05:30,880738.636004321,0
2026-07-16 10:20:00+05:30,880738.636004321,0
2026-07-16 10:25:00+05:30,880738.636004321,0
2026-07-16 10:30:00+05:30,880738.636004321,0
2026-07-16 10:35:00+05:30,880738.636004321,0
2026-07-16 10:40:00+05:30,880738.636004321,0
2026-07-16 10:45:00+05:30,880738.636004321,0
2026-07-16 10:50:00+05:30,880738.636004321,0
2026-07-16 10:55:00+05:30,880738.636004321,0
2026-07-16 11:00:00+05:30,880274.1418208792,1
2026-07-16 11:05:00+05:30,879674.1418208792,1
2026-07-16 11:10:00+05:30,877926.5832271292,1
2026-07-16 11:15:00+05:30,876464.0832271292,1
2026-07-16 11:20:00+05:30,876779.0246333792,1
2026-07-16 11:25:00+05:30,874655.475279059,0
2026-07-16 11:30:00+05:30,874655.475279059,0
2026-07-16 11:35:00+05:30,874655.475279059,0
2026-07-16 11:40:00+05:30,874655.475279059,0
2026-07-16 11:45:00+05:30,874655.475279059,0
2026-07-16 11:50:00+05:30,874655.475279059,0
2026-07-16 11:55:00+05:30,874655.475279059,0
2026-07-16 12:00:00+05:30,874655.475279059,0
2026-07-16 12:05:00+05:30,874655.475279059,0
2026-07-16 12:10:00+05:30,874655.475279059,0
2026-07-16 12:15:00+05:30,874655.475279059,0
2026-07-16 12:20:00+05:30,874655.475279059,0
2026-07-16 12:25:00+05:30,874655.475279059,0
2026-07-16 12:30:00+05:30,874655.475279059,0
2026-07-16 12:35:00+05:30,874655.475279059,0
2026-07-16 12:40:00+05:30,874655.475279059,0
2026-07-16 12:45:00+05:30,874655.475279059,0
2026-07-16 12:50:00+05:30,874655.475279059,0
2026-07-16 12:55:00+05:30,874655.475279059,0
2026-07-16 13:00:00+05:30,874655.475279059,0
2026-07-16 13:05:00+05:30,874655.475279059,0
2026-07-16 13:10:00+05:30,874655.475279059,0
2026-07-16 13:15:00+05:30,874655.475279059,0
2026-07-16 13:20:00+05:30,874655.475279059,0
2026-07-16 13:25:00+05:30,874655.475279059,0
2026-07-16 13:30:00+05:30,874655.475279059,0
2026-07-16 13:35:00+05:30,874655.475279059,0
2026-07-16 13:40:00+05:30,875899.6787978873,-1
2026-07-16 13:45:00+05:30,874857.2959853873,-1
2026-07-16 13:50:00+05:30,872637.1787978873,-1
2026-07-16 13:55:00+05:30,869437.3984054738,0
2026-07-16 14:00:00+05:30,869437.3984054738,0
2026-07-16 14:05:00+05:30,869437.3984054738,0
2026-07-16 14:10:00+05:30,869437.3984054738,0
2026-07-16 14:15:00+05:30,869437.3984054738,0
2026-07-16 14:20:00+05:30,869437.3984054738,0
2026-07-16 14:25:00+05:30,869437.3984054738,0
2026-07-16 14:30:00+05:30,869437.3984054738,0
2026-07-16 14:35:00+05:30,869437.3984054738,0
2026-07-16 14:40:00+05:30,869437.3984054738,0
2026-07-16 14:45:00+05:30,869437.3984054738,0
2026-07-16 14:50:00+05:30,869437.3984054738,0
2026-07-16 14:55:00+05:30,869437.3984054738,0
2026-07-16 15:00:00+05:30,869437.3984054738,0
2026-07-16 15:05:00+05:30,869437.3984054738,0
2026-07-16 15:10:00+05:30,869437.3984054738,0
2026-07-16 15:15:00+05:30,869437.3984054738,0
2026-07-16 15:20:00+05:30,869437.3984054738,0
2026-07-16 15:25:00+05:30,869437.3984054738,0
2026-07-17 09:15:00+05:30,869437.3984054738,0
2026-07-17 09:20:00+05:30,869437.3984054738,0
2026-07-17 09:25:00+05:30,869437.3984054738,0
2026-07-17 09:30:00+05:30,869437.3984054738,0
2026-07-17 09:35:00+05:30,869437.3984054738,0
2026-07-17 09:40:00+05:30,870223.5879714128,1
2026-07-17 09:45:00+05:30,871243.4121901628,1
2026-07-17 09:50:00+05:30,871655.9121901628,1
2026-07-17 09:55:00+05:30,869938.5293776628,1
2026-07-17 10:00:00+05:30,867830.9121901628,1
2026-07-17 10:05:00+05:30,870411.0879714128,1
2026-07-17 10:10:00+05:30,871565.9707839128,1
2026-07-17 10:15:00+05:30,876801.0293776628,1
2026-07-17 10:20:00+05:30,874138.5293776628,1
2026-07-17 10:25:00+05:30,877865.9707839128,1
2026-07-17 10:30:00+05:30,878451.0293776628,1
2026-07-17 10:35:00+05:30,875751.0293776628,1
2026-07-17 10:40:00+05:30,874558.6465651628,1
2026-07-17 10:45:00+05:30,873080.9121901628,1
2026-07-17 10:50:00+05:30,874026.0293776628,1
2026-07-17 10:55:00+05:30,874221.1465651628,1
2026-07-17 11:00:00+05:30,874311.0879714128,1
2026-07-17 11:05:00+05:30,871986.0879714128,1
2026-07-17 11:10:00+05:30,871048.5879714128,1
2026-07-17 11:15:00+05:30,871776.0293776628,1
2026-07-17 11:20:00+05:30,872608.6465651628,1
2026-07-17 11:25:00+05:30,872323.5879714128,1
2026-07-17 11:30:00+05:30,873568.4121901628,1
2026-07-17 11:35:00+05:30,874138.5293776628,1
2026-07-17 11:40:00+05:30,875751.0293776628,1
2026-07-17 11:45:00+05:30,875683.6465651628,1
2026-07-17 11:50:00+05:30,877415.9707839128,1
2026-07-17 11:55:00+05:30,877236.0879714128,1
2026-07-17 12:00:00+05:30,877011.0879714128,1
2026-07-17 12:05:00+05:30,876748.5879714128,1
2026-07-17 12:10:00+05:30,877176.0293776628,1
2026-07-17 12:15:00+05:30,876958.6465651628,1
2026-07-17 12:20:00+05:30,877926.0293776628,1
2026-07-17 12:25:00+05:30,877296.1465651628,1
2026-07-17 12:30:00+05:30,877828.4707839128,1
2026-07-17 12:35:00+05:30,877326.0293776628,1
2026-07-17 12:40:00+05:30,877221.1465651628,1
2026-07-17 12:45:00+05:30,879703.4707839128,1
2026-07-17 12:50:00+05:30,876718.4121901628,1
2026-07-17 12:55:00+05:30,878165.9707839128,1
2026-07-17 13:00:00+05:30,877648.5879714128,1
2026-07-17 13:05:00+05:30,877318.4121901628,1
2026-07-17 13:10:00+05:30,878076.0293776628,1
2026-07-17 13:15:00+05:30,876696.1465651628,1
2026-07-17 13:20:00+05:30,875683.6465651628,1
2026-07-17 13:25:00+05:30,875871.1465651628,1
2026-07-17 13:30:00+05:30,875480.9121901628,1
2026-07-17 13:35:00+05:30,876118.4121901628,1
2026-07-17 13:40:00+05:30,873808.6465651628,1
2026-07-17 13:45:00+05:30,872243.7736743763,0
2026-07-17 13:50:00+05:30,872243.7736743763,0
2026-07-17 13:55:00+05:30,872243.7736743763,0
2026-07-17 14:00:00+05:30,872243.7736743763,0
2026-07-17 14:05:00+05:30,872243.7736743763,0
2026-07-17 14:10:00+05:30,872243.7736743763,0
2026-07-17 14:15:00+05:30,872243.7736743763,0
2026-07-17 14:20:00+05:30,869621.844207224,1
2026-07-17 14:25:00+05:30,868369.402800974,1
2026-07-17 14:30:00+05:30,869734.344207224,1
2026-07-17 14:35:00+05:30,869846.844207224,1
2026-07-17 14:40:00+05:30,872809.344207224,1
2026-07-17 14:45:00+05:30,873664.227019724,1
2026-07-17 14:50:00+05:30,873199.285613474,1
2026-07-17 14:55:00+05:30,871886.785613474,1
2026-07-17 15:00:00+05:30,873289.227019724,1
2026-07-17 15:05:00+05:30,875149.285613474,1
2026-07-17 15:10:00+05:30,874474.285613474,1
2026-07-17 15:15:00+05:30,872897.346070024,0
2026-07-17 15:20:00+05:30,872897.346070024,0
2026-07-17 15:25:00+05:30,872897.346070024,0
2026-07-20 09:15:00+05:30,872897.346070024,0
2026-07-20 09:20:00+05:30,872897.346070024,0
2026-07-20 09:25:00+05:30,872897.346070024,0
2026-07-20 09:30:00+05:30,872897.346070024,0
2026-07-20 09:35:00+05:30,872897.346070024,0
2026-07-20 09:40:00+05:30,870018.4442394297,-1
2026-07-20 09:45:00+05:30,871240.7098644297,-1
2026-07-20 09:50:00+05:30,869013.2684581797,-1
2026-07-20 09:55:00+05:30,867198.3270519297,-1
2026-07-20 10:00:00+05:30,864428.8309048832,0
2026-07-20 10:05:00+05:30,864428.8309048832,0
2026-07-20 10:10:00+05:30,864428.8309048832,0
2026-07-20 10:15:00+05:30,864428.8309048832,0
2026-07-20 10:20:00+05:30,864428.8309048832,0
2026-07-20 10:25:00+05:30,864428.8309048832,0
2026-07-20 10:30:00+05:30,864428.8309048832,0
2026-07-20 10:35:00+05:30,864428.8309048832,0
2026-07-20 10:40:00+05:30,864428.8309048832,0
2026-07-20 10:45:00+05:30,864428.8309048832,0
2026-07-20 10:50:00+05:30,864428.8309048832,0
2026-07-20 10:55:00+05:30,864428.8309048832,0
2026-07-20 11:00:00+05:30,864428.8309048832,0
2026-07-20 11:05:00+05:30,864428.8309048832,0
2026-07-20 11:10:00+05:30,864428.8309048832,0
2026-07-20 11:15:00+05:30,864428.8309048832,0
2026-07-20 11:20:00+05:30,864428.8309048832,0
2026-07-20 11:25:00+05:30,864428.8309048832,0
2026-07-20 11:30:00+05:30,864428.8309048832,0
2026-07-20 11:35:00+05:30,864428.8309048832,0
2026-07-20 11:40:00+05:30,864428.8309048832,0
2026-07-20 11:45:00+05:30,864428.8309048832,0
2026-07-20 11:50:00+05:30,864428.8309048832,0
2026-07-20 11:55:00+05:30,861413.7860192838,-1
2026-07-20 12:00:00+05:30,863281.1688317838,-1
2026-07-20 12:05:00+05:30,862913.7860192838,-1
2026-07-20 12:10:00+05:30,861683.9032067838,-1
2026-07-20 12:15:00+05:30,860438.7860192838,-1
2026-07-20 12:20:00+05:30,862868.6688317838,-1
2026-07-20 12:25:00+05:30,864083.9032067838,-1
2026-07-20 12:30:00+05:30,863551.2860192838,-1
2026-07-20 12:35:00+05:30,864901.2860192838,-1
2026-07-20 12:40:00+05:30,866258.9032067838,-1
2026-07-20 12:45:00+05:30,868313.7860192838,-1
2026-07-20 12:50:00+05:30,865111.3446130338,-1
2026-07-20 12:55:00+05:30,862701.9712255932,0
2026-07-20 13:00:00+05:30,862701.9712255932,0
2026-07-20 13:05:00+05:30,862701.9712255932,0
2026-07-20 13:10:00+05:30,862701.9712255932,0
2026-07-20 13:15:00+05:30,862701.9712255932,0
2026-07-20 13:20:00+05:30,862701.9712255932,0
2026-07-20 13:25:00+05:30,862701.9712255932,0
2026-07-20 13:30:00+05:30,862701.9712255932,0
2026-07-20 13:35:00+05:30,862701.9712255932,0
2026-07-20 13:40:00+05:30,862701.9712255932,0
2026-07-20 13:45:00+05:30,862701.9712255932,0
2026-07-20 13:50:00+05:30,862701.9712255932,0
2026-07-20 13:55:00+05:30,862701.9712255932,0
2026-07-20 14:00:00+05:30,862701.9712255932,0
2026-07-20 14:05:00+05:30,860636.613356993,1
2026-07-20 14:10:00+05:30,860156.730544493,1
2026-07-20 14:15:00+05:30,860659.171950743,1
2026-07-20 14:20:00+05:30,860614.054763243,1
2026-07-20 14:25:00+05:30,860734.171950743,1
2026-07-20 14:30:00+05:30,858956.730544493,1
2026-07-20 14:35:00+05:30,856707.0005107842,0
2026-07-20 14:40:00+05:30,856707.0005107842,0
2026-07-20 14:45:00+05:30,856707.0005107842,0
2026-07-20 14:50:00+05:30,856707.0005107842,0
2026-07-20 14:55:00+05:30,856707.0005107842,0
2026-07-20 15:00:00+05:30,856707.0005107842,0
2026-07-20 15:05:00+05:30,856707.0005107842,0
2026-07-20 15:10:00+05:30,856707.0005107842,0
2026-07-20 15:15:00+05:30,856707.0005107842,0
2026-07-20 15:20:00+05:30,856707.0005107842,0
2026-07-20 15:25:00+05:30,856707.0005107842,0
2026-07-21 09:15:00+05:30,856707.0005107842,0
2026-07-21 09:20:00+05:30,856707.0005107842,0
2026-07-21 09:25:00+05:30,856707.0005107842,0
2026-07-21 09:30:00+05:30,856707.0005107842,0
2026-07-21 09:35:00+05:30,856707.0005107842,0
2026-07-21 09:40:00+05:30,856707.0005107842,0
2026-07-21 09:45:00+05:30,856707.0005107842,0
2026-07-21 09:50:00+05:30,856707.0005107842,0
2026-07-21 09:55:00+05:30,856707.0005107842,0
2026-07-21 10:00:00+05:30,856707.0005107842,0
2026-07-21 10:05:00+05:30,856707.0005107842,0
2026-07-21 10:10:00+05:30,856707.0005107842,0
2026-07-21 10:15:00+05:30,856707.0005107842,0
2026-07-21 10:20:00+05:30,856707.0005107842,0
2026-07-21 10:25:00+05:30,854088.7143037148,-1
2026-07-21 10:30:00+05:30,855956.0971162148,-1
2026-07-21 10:35:00+05:30,857478.6557099648,-1
2026-07-21 10:40:00+05:30,855671.3314912148,-1
2026-07-21 10:45:00+05:30,857486.2728974648,-1
2026-07-21 10:50:00+05:30,858798.7728974648,-1
2026-07-21 10:55:00+05:30,856248.7728974648,-1
2026-07-21 11:00:00+05:30,854979.2620651273,0
2026-07-21 11:05:00+05:30,854979.2620651273,0
2026-07-21 11:10:00+05:30,854979.2620651273,0
2026-07-21 11:15:00+05:30,854979.2620651273,0
2026-07-21 11:20:00+05:30,854979.2620651273,0
2026-07-21 11:25:00+05:30,854979.2620651273,0
2026-07-21 11:30:00+05:30,854979.2620651273,0
2026-07-21 11:35:00+05:30,854979.2620651273,0
2026-07-21 11:40:00+05:30,854979.2620651273,0
2026-07-21 11:45:00+05:30,852970.5374434624,-1
2026-07-21 11:50:00+05:30,853045.5374434624,-1
2026-07-21 11:55:00+05:30,852197.9788497124,-1
2026-07-21 12:00:00+05:30,849584.7911408779,0
2026-07-21 12:05:00+05:30,849584.7911408779,0
2026-07-21 12:10:00+05:30,849584.7911408779,0
2026-07-21 12:15:00+05:30,849584.7911408779,0
2026-07-21 12:20:00+05:30,849584.7911408779,0
2026-07-21 12:25:00+05:30,849584.7911408779,0
2026-07-21 12:30:00+05:30,849584.7911408779,0
2026-07-21 12:35:00+05:30,849584.7911408779,0
2026-07-21 12:40:00+05:30,849584.7911408779,0
2026-07-21 12:45:00+05:30,849584.7911408779,0
2026-07-21 12:50:00+05:30,849584.7911408779,0
2026-07-21 12:55:00+05:30,849584.7911408779,0
2026-07-21 13:00:00+05:30,849354.1781647556,-1
2026-07-21 13:05:00+05:30,847966.6781647556,-1
2026-07-21 13:10:00+05:30,847929.1781647556,-1
2026-07-21 13:15:00+05:30,847561.7953522556,-1
2026-07-21 13:20:00+05:30,844774.9862668035,0
2026-07-21 13:25:00+05:30,844774.9862668035,0
2026-07-21 13:30:00+05:30,844774.9862668035,0
2026-07-21 13:35:00+05:30,844774.9862668035,0
2026-07-21 13:40:00+05:30,844774.9862668035,0
2026-07-21 13:45:00+05:30,844774.9862668035,0
2026-07-21 13:50:00+05:30,844774.9862668035,0
2026-07-21 13:55:00+05:30,844774.9862668035,0
2026-07-21 14:00:00+05:30,844774.9862668035,0
2026-07-21 14:05:00+05:30,844774.9862668035,0
2026-07-21 14:10:00+05:30,844774.9862668035,0
2026-07-21 14:15:00+05:30,844774.9862668035,0
2026-07-21 14:20:00+05:30,844774.9862668035,0
2026-07-21 14:25:00+05:30,844774.9862668035,0
2026-07-21 14:30:00+05:30,844774.9862668035,0
2026-07-21 14:35:00+05:30,844774.9862668035,0
2026-07-21 14:40:00+05:30,844774.9862668035,0
2026-07-21 14:45:00+05:30,844774.9862668035,0
2026-07-21 14:50:00+05:30,844774.9862668035,0
2026-07-21 14:55:00+05:30,844774.9862668035,0
2026-07-21 15:00:00+05:30,844774.9862668035,0
2026-07-21 15:05:00+05:30,844774.9862668035,0
2026-07-21 15:10:00+05:30,844774.9862668035,0
2026-07-21 15:15:00+05:30,844774.9862668035,0
2026-07-21 15:20:00+05:30,844774.9862668035,0
2026-07-21 15:25:00+05:30,844774.9862668035,0
2026-07-22 09:15:00+05:30,844774.9862668035,0
2026-07-22 09:20:00+05:30,844774.9862668035,0
2026-07-22 09:25:00+05:30,844774.9862668035,0
2026-07-22 09:30:00+05:30,844774.9862668035,0
2026-07-22 09:35:00+05:30,843562.0303751135,-1
2026-07-22 09:40:00+05:30,843119.6475626135,-1
2026-07-22 09:45:00+05:30,845002.2647501135,-1
2026-07-22 09:50:00+05:30,844102.2647501135,-1
2026-07-22 09:55:00+05:30,844139.7647501135,-1
2026-07-22 10:00:00+05:30,843412.0303751135,-1
2026-07-22 10:05:00+05:30,839534.5889688635,-1
2026-07-22 10:10:00+05:30,842152.2647501135,-1
2026-07-22 10:15:00+05:30,843952.2647501135,-1
2026-07-22 10:20:00+05:30,846907.1475626135,-1
2026-07-22 10:25:00+05:30,846029.7061563635,-1
2026-07-22 10:30:00+05:30,846854.7061563635,-1
2026-07-22 10:35:00+05:30,848054.7061563635,-1
2026-07-22 10:40:00+05:30,848789.7647501135,-1
2026-07-22 10:45:00+05:30,845534.5889688635,-1
2026-07-22 10:50:00+05:30,844514.7647501135,-1
2026-07-22 10:55:00+05:30,843058.7895497349,0
2026-07-22 11:00:00+05:30,843058.7895497349,0
2026-07-22 11:05:00+05:30,843058.7895497349,0
2026-07-22 11:10:00+05:30,843058.7895497349,0
2026-07-22 11:15:00+05:30,843058.7895497349,0
2026-07-22 11:20:00+05:30,843058.7895497349,0
2026-07-22 11:25:00+05:30,843058.7895497349,0
2026-07-22 11:30:00+05:30,843058.7895497349,0
2026-07-22 11:35:00+05:30,843058.7895497349,0
2026-07-22 11:40:00+05:30,843058.7895497349,0
2026-07-22 11:45:00+05:30,843058.7895497349,0
2026-07-22 11:50:00+05:30,843058.7895497349,0
2026-07-22 11:55:00+05:30,843058.7895497349,0
2026-07-22 12:00:00+05:30,843058.7895497349,0
2026-07-22 12:05:00+05:30,843058.7895497349,0
2026-07-22 12:10:00+05:30,843058.7895497349,0
2026-07-22 12:15:00+05:30,843058.7895497349,0
2026-07-22 12:20:00+05:30,840086.3055832979,-1
2026-07-22 12:25:00+05:30,841271.3641770479,-1
2026-07-22 12:30:00+05:30,842164.0399582979,-1
2026-07-22 12:35:00+05:30,843633.8641770479,-1
2026-07-22 12:40:00+05:30,840918.9227707979,-1
2026-07-22 12:45:00+05:30,837684.5992587929,0
2026-07-22 12:50:00+05:30,837684.5992587929,0
2026-07-22 12:55:00+05:30,837684.5992587929,0
2026-07-22 13:00:00+05:30,837684.5992587929,0
2026-07-22 13:05:00+05:30,837684.5992587929,0
2026-07-22 13:10:00+05:30,837684.5992587929,0
2026-07-22 13:15:00+05:30,837684.5992587929,0
2026-07-22 13:20:00+05:30,837684.5992587929,0
2026-07-22 13:25:00+05:30,837684.5992587929,0
2026-07-22 13:30:00+05:30,837684.5992587929,0
2026-07-22 13:35:00+05:30,837684.5992587929,0
2026-07-22 13:40:00+05:30,837684.5992587929,0
2026-07-22 13:45:00+05:30,837684.5992587929,0
2026-07-22 13:50:00+05:30,837684.5992587929,0
2026-07-22 13:55:00+05:30,837684.5992587929,0
2026-07-22 14:00:00+05:30,837684.5992587929,0
2026-07-22 14:05:00+05:30,837684.5992587929,0
2026-07-22 14:10:00+05:30,837684.5992587929,0
2026-07-22 14:15:00+05:30,837684.5992587929,0
2026-07-22 14:20:00+05:30,837684.5992587929,0
2026-07-22 14:25:00+05:30,837684.5992587929,0
2026-07-22 14:30:00+05:30,837684.5992587929,0
2026-07-22 14:35:00+05:30,837684.5992587929,0
2026-07-22 14:40:00+05:30,837684.5992587929,0
2026-07-22 14:45:00+05:30,837684.5992587929,0
2026-07-22 14:50:00+05:30,837684.5992587929,0
2026-07-22 14:55:00+05:30,837684.5992587929,0
2026-07-22 15:00:00+05:30,837684.5992587929,0
2026-07-22 15:05:00+05:30,837684.5992587929,0
2026-07-22 15:10:00+05:30,837684.5992587929,0
2026-07-22 15:15:00+05:30,837684.5992587929,0
2026-07-22 15:20:00+05:30,837684.5992587929,0
2026-07-22 15:25:00+05:30,837684.5992587929,0
2026-07-23 09:15:00+05:30,837684.5992587929,0
2026-07-23 09:20:00+05:30,837684.5992587929,0
2026-07-23 09:25:00+05:30,837684.5992587929,0
2026-07-23 09:30:00+05:30,837684.5992587929,0
2026-07-23 09:35:00+05:30,837684.5992587929,0
2026-07-23 09:40:00+05:30,837684.5992587929,0
2026-07-23 09:45:00+05:30,837684.5992587929,0
2026-07-23 09:50:00+05:30,837684.5992587929,0
2026-07-23 09:55:00+05:30,837684.5992587929,0
2026-07-23 10:00:00+05:30,837684.5992587929,0
2026-07-23 10:05:00+05:30,837684.5992587929,0
2026-07-23 10:10:00+05:30,837684.5992587929,0
2026-07-23 10:15:00+05:30,837684.5992587929,0
2026-07-23 10:20:00+05:30,837684.5992587929,0
2026-07-23 10:25:00+05:30,837684.5992587929,0
2026-07-23 10:30:00+05:30,837684.5992587929,0
2026-07-23 10:35:00+05:30,837684.5992587929,0
2026-07-23 10:40:00+05:30,837684.5992587929,0
2026-07-23 10:45:00+05:30,837684.5992587929,0
2026-07-23 10:50:00+05:30,837684.5992587929,0
2026-07-23 10:55:00+05:30,837684.5992587929,0
2026-07-23 11:00:00+05:30,837684.5992587929,0
2026-07-23 11:05:00+05:30,837684.5992587929,0
2026-07-23 11:10:00+05:30,837684.5992587929,0
2026-07-23 11:15:00+05:30,837684.5992587929,0
2026-07-23 11:20:00+05:30,837684.5992587929,0
2026-07-23 11:25:00+05:30,837684.5992587929,0
2026-07-23 11:30:00+05:30,837684.5992587929,0
2026-07-23 11:35:00+05:30,837684.5992587929,0
2026-07-23 11:40:00+05:30,837684.5992587929,0
2026-07-23 11:45:00+05:30,837684.5992587929,0
2026-07-23 11:50:00+05:30,837684.5992587929,0
2026-07-23 11:55:00+05:30,837684.5992587929,0
2026-07-23 12:00:00+05:30,837684.5992587929,0
2026-07-23 12:05:00+05:30,837684.5992587929,0
2026-07-23 12:10:00+05:30,837684.5992587929,0
2026-07-23 12:15:00+05:30,837684.5992587929,0
2026-07-23 12:20:00+05:30,837684.5992587929,0
2026-07-23 12:25:00+05:30,837684.5992587929,0
2026-07-23 12:30:00+05:30,837684.5992587929,0
2026-07-23 12:35:00+05:30,837994.8829458487,-1
2026-07-23 12:40:00+05:30,842509.8243520987,-1
2026-07-23 12:45:00+05:30,843132.3829458487,-1
2026-07-23 12:50:00+05:30,842944.8829458487,-1
2026-07-23 12:55:00+05:30,843237.2657583487,-1
2026-07-23 13:00:00+05:30,844677.2071645987,-1
2026-07-23 13:05:00+05:30,846147.3243520987,-1
2026-07-23 13:10:00+05:30,846297.3243520987,-1
2026-07-23 13:15:00+05:30,846469.8829458487,-1
2026-07-23 13:20:00+05:30,845134.8243520987,-1
2026-07-23 13:25:00+05:30,845374.7657583487,-1
2026-07-23 13:30:00+05:30,846514.7071645987,-1
2026-07-23 13:35:00+05:30,842869.8829458487,-1
2026-07-23 13:40:00+05:30,843552.2071645987,-1
2026-07-23 13:45:00+05:30,841564.7071645987,-1
2026-07-23 13:50:00+05:30,842554.9415395987,-1
2026-07-23 13:55:00+05:30,841864.7071645987,-1
2026-07-23 14:00:00+05:30,841444.8829458487,-1
2026-07-23 14:05:00+05:30,843154.9415395987,-1
2026-07-23 14:10:00+05:30,843454.9415395987,-1
2026-07-23 14:15:00+05:30,843124.7657583487,-1
2026-07-23 14:20:00+05:30,841519.8829458487,-1
2026-07-23 14:25:00+05:30,842232.3829458487,-1
2026-07-23 14:30:00+05:30,837754.9415395987,-1
2026-07-23 14:35:00+05:30,836887.8687152839,0
2026-07-23 14:40:00+05:30,836887.8687152839,0
2026-07-23 14:45:00+05:30,836887.8687152839,0
2026-07-23 14:50:00+05:30,836887.8687152839,0
2026-07-23 14:55:00+05:30,836887.8687152839,0
2026-07-23 15:00:00+05:30,836887.8687152839,0
2026-07-23 15:05:00+05:30,836887.8687152839,0
2026-07-23 15:10:00+05:30,836887.8687152839,0
2026-07-23 15:15:00+05:30,836887.8687152839,0
2026-07-23 15:20:00+05:30,836887.8687152839,0
2026-07-23 15:25:00+05:30,836887.8687152839,0
2026-07-24 09:15:00+05:30,836887.8687152839,0
2026-07-24 09:20:00+05:30,836887.8687152839,0
2026-07-24 09:25:00+05:30,836887.8687152839,0
2026-07-24 09:30:00+05:30,836887.8687152839,0
2026-07-24 09:35:00+05:30,836887.8687152839,0
2026-07-24 09:40:00+05:30,836887.8687152839,0
2026-07-24 09:45:00+05:30,836887.8687152839,0
2026-07-24 09:50:00+05:30,834618.9034728155,-1
2026-07-24 09:55:00+05:30,835766.1690978155,-1
2026-07-24 10:00:00+05:30,838976.2276915655,-1
2026-07-24 10:05:00+05:30,839816.1690978155,-1
2026-07-24 10:10:00+05:30,841368.9034728155,-1
2026-07-24 10:15:00+05:30,840888.7276915655,-1
2026-07-24 10:20:00+05:30,839673.7862853155,-1
2026-07-24 10:25:00+05:30,839336.2862853155,-1
2026-07-24 10:30:00+05:30,840438.7276915655,-1
2026-07-24 10:35:00+05:30,837101.2276915655,-1
2026-07-24 10:40:00+05:30,835197.8987716165,0
2026-07-24 10:45:00+05:30,835197.8987716165,0
2026-07-24 10:50:00+05:30,835197.8987716165,0
2026-07-24 10:55:00+05:30,835197.8987716165,0
2026-07-24 11:00:00+05:30,835197.8987716165,0
2026-07-24 11:05:00+05:30,835197.8987716165,0
2026-07-24 11:10:00+05:30,835197.8987716165,0
2026-07-24 11:15:00+05:30,835197.8987716165,0
2026-07-24 11:20:00+05:30,835197.8987716165,0
2026-07-24 11:25:00+05:30,835197.8987716165,0
2026-07-24 11:30:00+05:30,835197.8987716165,0
2026-07-24 11:35:00+05:30,835197.8987716165,0
2026-07-24 11:40:00+05:30,835197.8987716165,0
2026-07-24 11:45:00+05:30,835197.8987716165,0
2026-07-24 11:50:00+05:30,835197.8987716165,0
2026-07-24 11:55:00+05:30,835197.8987716165,0
2026-07-24 12:00:00+05:30,835197.8987716165,0
2026-07-24 12:05:00+05:30,835197.8987716165,0
2026-07-24 12:10:00+05:30,835197.8987716165,0
2026-07-24 12:15:00+05:30,835197.8987716165,0
2026-07-24 12:20:00+05:30,835197.8987716165,0
2026-07-24 12:25:00+05:30,835197.8987716165,0
2026-07-24 12:30:00+05:30,835197.8987716165,0
2026-07-24 12:35:00+05:30,835197.8987716165,0
2026-07-24 12:40:00+05:30,835197.8987716165,0
2026-07-24 12:45:00+05:30,835197.8987716165,0
2026-07-24 12:50:00+05:30,835197.8987716165,0
2026-07-24 12:55:00+05:30,835197.8987716165,0
2026-07-24 13:00:00+05:30,835197.8987716165,0
2026-07-24 13:05:00+05:30,835197.8987716165,0
2026-07-24 13:10:00+05:30,835197.8987716165,0
2026-07-24 13:15:00+05:30,835197.8987716165,0
2026-07-24 13:20:00+05:30,835197.8987716165,0
2026-07-24 13:25:00+05:30,835197.8987716165,0
2026-07-24 13:30:00+05:30,835197.8987716165,0
2026-07-24 13:35:00+05:30,835197.8987716165,0
2026-07-24 13:40:00+05:30,835197.8987716165,0
2026-07-24 13:45:00+05:30,835197.8987716165,0
2026-07-24 13:50:00+05:30,835197.8987716165,0
2026-07-24 13:55:00+05:30,835197.8987716165,0
2026-07-24 14:00:00+05:30,835197.8987716165,0
2026-07-24 14:05:00+05:30,831836.1678577961,1
2026-07-24 14:10:00+05:30,831393.7850452961,1
2026-07-24 14:15:00+05:30,828473.8146886906,0
2026-07-24 14:20:00+05:30,828473.8146886906,0
2026-07-24 14:25:00+05:30,828473.8146886906,0
2026-07-24 14:30:00+05:30,828473.8146886906,0
2026-07-24 14:35:00+05:30,828473.8146886906,0
2026-07-24 14:40:00+05:30,828473.8146886906,0
2026-07-24 14:45:00+05:30,828473.8146886906,0
2026-07-24 14:50:00+05:30,828473.8146886906,0
2026-07-24 14:55:00+05:30,828473.8146886906,0
2026-07-24 15:00:00+05:30,828473.8146886906,0
2026-07-24 15:05:00+05:30,828473.8146886906,0
2026-07-24 15:10:00+05:30,828473.8146886906,0
2026-07-24 15:15:00+05:30,828473.8146886906,0
2026-07-24 15:20:00+05:30,828473.8146886906,0
2026-07-24 15:25:00+05:30,828473.8146886906,0
2026-07-27 09:15:00+05:30,828473.8146886906,0
2026-07-27 09:20:00+05:30,828473.8146886906,0
2026-07-27 09:25:00+05:30,828473.8146886906,0
2026-07-27 09:30:00+05:30,828473.8146886906,0
2026-07-27 09:35:00+05:30,828473.8146886906,0
2026-07-27 09:40:00+05:30,828473.8146886906,0
2026-07-27 09:45:00+05:30,828473.8146886906,0
2026-07-27 09:50:00+05:30,828473.8146886906,0
2026-07-27 09:55:00+05:30,828473.8146886906,0
2026-07-27 10:00:00+05:30,828473.8146886906,0
2026-07-27 10:05:00+05:30,828473.8146886906,0
2026-07-27 10:10:00+05:30,828473.8146886906,0
2026-07-27 10:15:00+05:30,828473.8146886906,0
2026-07-27 10:20:00+05:30,828473.8146886906,0
2026-07-27 10:25:00+05:30,828473.8146886906,0
2026-07-27 10:30:00+05:30,828473.8146886906,0
2026-07-27 10:35:00+05:30,828473.8146886906,0
2026-07-27 10:40:00+05:30,828473.8146886906,0
2026-07-27 10:45:00+05:30,828473.8146886906,0
2026-07-27 10:50:00+05:30,828473.8146886906,0
2026-07-27 10:55:00+05:30,828473.8146886906,0
2026-07-27 11:00:00+05:30,828473.8146886906,0
2026-07-27 11:05:00+05:30,828473.8146886906,0
2026-07-27 11:10:00+05:30,828473.8146886906,0
2026-07-27 11:15:00+05:30,828473.8146886906,0
2026-07-27 11:20:00+05:30,828473.8146886906,0
2026-07-27 11:25:00+05:30,828473.8146886906,0
2026-07-27 11:30:00+05:30,827649.150085876,1
2026-07-27 11:35:00+05:30,827079.032898376,1
2026-07-27 11:40:00+05:30,827581.767273376,1
2026-07-27 11:45:00+05:30,826179.032898376,1
2026-07-27 11:50:00+05:30,827004.032898376,1
2026-07-27 11:55:00+05:30,827559.208679626,1
2026-07-27 12:00:00+05:30,826344.267273376,1
2026-07-27 12:05:00+05:30,825901.591492126,1
2026-07-27 12:10:00+05:30,826479.032898376,1
2026-07-27 12:15:00+05:30,826936.650085876,1
2026-07-27 12:20:00+05:30,826734.208679626,1
2026-07-27 12:25:00+05:30,826261.650085876,1
2026-07-27 12:30:00+05:30,826824.150085876,1
2026-07-27 12:35:00+05:30,825729.032898376,1
2026-07-27 12:40:00+05:30,825729.032898376,1
2026-07-27 12:45:00+05:30,825729.032898376,1
2026-07-27 12:50:00+05:30,825399.150085876,1
2026-07-27 12:55:00+05:30,826134.208679626,1
2026-07-27 13:00:00+05:30,827454.032898376,1
2026-07-27 13:05:00+05:30,827379.032898376,1
2026-07-27 13:10:00+05:30,828564.091492126,1
2026-07-27 13:15:00+05:30,828894.267273376,1
2026-07-27 13:20:00+05:30,828879.032898376,1
2026-07-27 13:25:00+05:30,826231.767273376,1
2026-07-27 13:30:00+05:30,823824.150085876,1
2026-07-27 13:35:00+05:30,822601.6686721656,0
2026-07-27 13:40:00+05:30,822601.6686721656,0
2026-07-27 13:45:00+05:30,822601.6686721656,0
2026-07-27 13:50:00+05:30,822601.6686721656,0
2026-07-27 13:55:00+05:30,822601.6686721656,0
2026-07-27 14:00:00+05:30,822601.6686721656,0
2026-07-27 14:05:00+05:30,822683.780509094,1
2026-07-27 14:10:00+05:30,823081.339102844,1
2026-07-27 14:15:00+05:30,822218.839102844,1
2026-07-27 14:20:00+05:30,823433.780509094,1
2026-07-27 14:25:00+05:30,824701.163321594,1
2026-07-27 14:30:00+05:30,823411.221915344,1
2026-07-27 14:35:00+05:30,820887.7386385612,0
2026-07-27 14:40:00+05:30,820887.7386385612,0
2026-07-27 14:45:00+05:30,820887.7386385612,0
2026-07-27 14:50:00+05:30,820887.7386385612,0
2026-07-27 14:55:00+05:30,820887.7386385612,0
2026-07-27 15:00:00+05:30,820887.7386385612,0
2026-07-27 15:05:00+05:30,820887.7386385612,0
2026-07-27 15:10:00+05:30,820887.7386385612,0
2026-07-27 15:15:00+05:30,820887.7386385612,0
2026-07-27 15:20:00+05:30,820887.7386385612,0
2026-07-27 15:25:00+05:30,820887.7386385612,0
2026-07-28 09:15:00+05:30,820887.7386385612,0
2026-07-28 09:20:00+05:30,820887.7386385612,0
2026-07-28 09:25:00+05:30,820887.7386385612,0
2026-07-28 09:30:00+05:30,820887.7386385612,0
2026-07-28 09:35:00+05:30,820887.7386385612,0
2026-07-28 09:40:00+05:30,820887.7386385612,0
2026-07-28 09:45:00+05:30,820887.7386385612,0
2026-07-28 09:50:00+05:30,820887.7386385612,0
2026-07-28 09:55:00+05:30,820887.7386385612,0
2026-07-28 10:00:00+05:30,820887.7386385612,0
2026-07-28 10:05:00+05:30,820887.7386385612,0
2026-07-28 10:10:00+05:30,820887.7386385612,0
2026-07-28 10:15:00+05:30,820887.7386385612,0
2026-07-28 10:20:00+05:30,820887.7386385612,0
2026-07-28 10:25:00+05:30,820887.7386385612,0
2026-07-28 10:30:00+05:30,820887.7386385612,0
2026-07-28 10:35:00+05:30,820887.7386385612,0
2026-07-28 10:40:00+05:30,820887.7386385612,0
2026-07-28 10:45:00+05:30,820887.7386385612,0
2026-07-28 10:50:00+05:30,820887.7386385612,0
2026-07-28 10:55:00+05:30,820887.7386385612,0
2026-07-28 11:00:00+05:30,820887.7386385612,0
2026-07-28 11:05:00+05:30,820887.7386385612,0
2026-07-28 11:10:00+05:30,820887.7386385612,0
2026-07-28 11:15:00+05:30,820887.7386385612,0
2026-07-28 11:20:00+05:30,820887.7386385612,0
2026-07-28 11:25:00+05:30,820887.7386385612,0
2026-07-28 11:30:00+05:30,820887.7386385612,0
2026-07-28 11:35:00+05:30,820887.7386385612,0
2026-07-28 11:40:00+05:30,820887.7386385612,0
2026-07-28 11:45:00+05:30,820887.7386385612,0
2026-07-28 11:50:00+05:30,820887.7386385612,0
2026-07-28 11:55:00+05:30,820887.7386385612,0
2026-07-28 12:00:00+05:30,820887.7386385612,0
2026-07-28 12:05:00+05:30,820887.7386385612,0
2026-07-28 12:10:00+05:30,820887.7386385612,0
2026-07-28 12:15:00+05:30,820887.7386385612,0
2026-07-28 12:20:00+05:30,820887.7386385612,0
2026-07-28 12:25:00+05:30,820887.7386385612,0
2026-07-28 12:30:00+05:30,820887.7386385612,0
2026-07-28 12:35:00+05:30,820887.7386385612,0
2026-07-28 12:40:00+05:30,820887.7386385612,0
2026-07-28 12:45:00+05:30,820887.7386385612,0
2026-07-28 12:50:00+05:30,820887.7386385612,0
2026-07-28 12:55:00+05:30,820887.7386385612,0
2026-07-28 13:00:00+05:30,820887.7386385612,0
2026-07-28 13:05:00+05:30,820887.7386385612,0
2026-07-28 13:10:00+05:30,820887.7386385612,0
2026-07-28 13:15:00+05:30,820887.7386385612,0
2026-07-28 13:20:00+05:30,820887.7386385612,0
2026-07-28 13:25:00+05:30,820887.7386385612,0
2026-07-28 13:30:00+05:30,820887.7386385612,0
2026-07-28 13:35:00+05:30,820887.7386385612,0
2026-07-28 13:40:00+05:30,820887.7386385612,0
2026-07-28 13:45:00+05:30,820887.7386385612,0
2026-07-28 13:50:00+05:30,820887.7386385612,0
2026-07-28 13:55:00+05:30,820887.7386385612,0
2026-07-28 14:00:00+05:30,820887.7386385612,0
2026-07-28 14:05:00+05:30,820887.7386385612,0
2026-07-28 14:10:00+05:30,820887.7386385612,0
2026-07-28 14:15:00+05:30,820887.7386385612,0
2026-07-28 14:20:00+05:30,820887.7386385612,0
2026-07-28 14:25:00+05:30,820887.7386385612,0
2026-07-28 14:30:00+05:30,820887.7386385612,0
2026-07-28 14:35:00+05:30,820887.7386385612,0
2026-07-28 14:40:00+05:30,820887.7386385612,0
2026-07-28 14:45:00+05:30,820887.7386385612,0
2026-07-28 14:50:00+05:30,820887.7386385612,0
2026-07-28 14:55:00+05:30,820887.7386385612,0
2026-07-28 15:00:00+05:30,820887.7386385612,0
2026-07-28 15:05:00+05:30,820887.7386385612,0
2026-07-28 15:10:00+05:30,820887.7386385612,0
2026-07-28 15:15:00+05:30,820887.7386385612,0
2026-07-28 15:20:00+05:30,820887.7386385612,0
2026-07-28 15:25:00+05:30,820887.7386385612,0
2026-07-29 09:15:00+05:30,820887.7386385612,0
2026-07-29 09:20:00+05:30,820887.7386385612,0
2026-07-29 09:25:00+05:30,820887.7386385612,0
2026-07-29 09:30:00+05:30,820887.7386385612,0
2026-07-29 09:35:00+05:30,820887.7386385612,0
2026-07-29 09:40:00+05:30,820541.6969908606,1
2026-07-29 09:45:00+05:30,821411.8141783606,1
2026-07-29 09:50:00+05:30,819454.1969908606,1
2026-07-29 09:55:00+05:30,816859.3727721106,1
2026-07-29 10:00:00+05:30,819409.3727721106,1
2026-07-29 10:05:00+05:30,821801.7555846106,1
2026-07-29 10:10:00+05:30,821906.9313658606,1
2026-07-29 10:15:00+05:30,821719.4313658606,1
2026-07-29 10:20:00+05:30,823046.8727721106,1
2026-07-29 10:25:00+05:30,822506.9313658606,1
2026-07-29 10:30:00+05:30,823841.6969908606,1
2026-07-29 10:35:00+05:30,823384.3727721106,1
2026-07-29 10:40:00+05:30,823781.9313658606,1
2026-07-29 10:45:00+05:30,821704.1969908606,1
2026-07-29 10:50:00+05:30,821381.9313658606,1
2026-07-29 10:55:00+05:30,821831.9313658606,1
2026-07-29 11:00:00+05:30,823594.4313658606,1
2026-07-29 11:05:00+05:30,824509.3727721106,1
2026-07-29 11:10:00+05:30,823766.6969908606,1
2026-07-29 11:15:00+05:30,823376.7555846106,1
2026-07-29 11:20:00+05:30,824201.7555846106,1
2026-07-29 11:25:00+05:30,823594.4313658606,1
2026-07-29 11:30:00+05:30,823106.9313658606,1
2026-07-29 11:35:00+05:30,821914.2555846106,1
2026-07-29 11:40:00+05:30,823549.3141783606,1
2026-07-29 11:45:00+05:30,823481.9313658606,1
2026-07-29 11:50:00+05:30,823054.1969908606,1
2026-07-29 11:55:00+05:30,822559.3727721106,1
2026-07-29 12:00:00+05:30,823241.6969908606,1
2026-07-29 12:05:00+05:30,825416.6969908606,1
2026-07-29 12:10:00+05:30,824479.1969908606,1
2026-07-29 12:15:00+05:30,822949.3141783606,1
2026-07-29 12:20:00+05:30,822821.8727721106,1
2026-07-29 12:25:00+05:30,821936.8141783606,1
2026-07-29 12:30:00+05:30,823406.9313658606,1
2026-07-29 12:35:00+05:30,822919.4313658606,1
2026-07-29 12:40:00+05:30,821831.9313658606,1
2026-07-29 12:45:00+05:30,819158.4002071976,0
2026-07-29 12:50:00+05:30,819158.4002071976,0
2026-07-29 12:55:00+05:30,819158.4002071976,0
2026-07-29 13:00:00+05:30,819158.4002071976,0
2026-07-29 13:05:00+05:30,819158.4002071976,0
2026-07-29 13:10:00+05:30,818930.8612111892,1
2026-07-29 13:15:00+05:30,818480.8612111892,1
2026-07-29 13:20:00+05:30,817273.2440236892,1
2026-07-29 13:25:00+05:30,817168.3612111892,1
2026-07-29 13:30:00+05:30,818548.2440236892,1
2026-07-29 13:35:00+05:30,817070.8026174392,1
2026-07-29 13:40:00+05:30,814344.869263261,0
2026-07-29 13:45:00+05:30,814344.869263261,0
2026-07-29 13:50:00+05:30,814344.869263261,0
2026-07-29 13:55:00+05:30,814344.869263261,0
2026-07-29 14:00:00+05:30,814344.869263261,0
2026-07-29 14:05:00+05:30,812646.6296243088,1
2026-07-29 14:10:00+05:30,812639.3054055588,1
2026-07-29 14:15:00+05:30,814184.1296243088,1
2026-07-29 14:20:00+05:30,813576.8054055588,1
2026-07-29 14:25:00+05:30,813966.7468118088,1
2026-07-29 14:30:00+05:30,813591.7468118088,1
2026-07-29 14:35:00+05:30,812571.6296243088,1
2026-07-29 14:40:00+05:30,809483.0857773095,0
2026-07-29 14:45:00+05:30,809483.0857773095,0
2026-07-29 14:50:00+05:30,809483.0857773095,0
2026-07-29 14:55:00+05:30,809483.0857773095,0
2026-07-29 15:00:00+05:30,809483.0857773095,0
2026-07-29 15:05:00+05:30,809483.0857773095,0
2026-07-29 15:10:00+05:30,809483.0857773095,0
2026-07-29 15:15:00+05:30,809483.0857773095,0
2026-07-29 15:20:00+05:30,809483.0857773095,0
2026-07-29 15:25:00+05:30,809483.0857773095,0
2026-07-30 09:15:00+05:30,809483.0857773095,0
2026-07-30 09:20:00+05:30,809483.0857773095,0
2026-07-30 09:25:00+05:30,809483.0857773095,0
2026-07-30 09:30:00+05:30,809483.0857773095,0
2026-07-30 09:35:00+05:30,809483.0857773095,0
2026-07-30 09:40:00+05:30,809483.0857773095,0
2026-07-30 09:45:00+05:30,809483.0857773095,0
2026-07-30 09:50:00+05:30,809483.0857773095,0
2026-07-30 09:55:00+05:30,809483.0857773095,0
2026-07-30 10:00:00+05:30,809483.0857773095,0
2026-07-30 10:05:00+05:30,809483.0857773095,0
2026-07-30 10:10:00+05:30,809483.0857773095,0
2026-07-30 10:15:00+05:30,809483.0857773095,0
2026-07-30 10:20:00+05:30,809483.0857773095,0
2026-07-30 10:25:00+05:30,809483.0857773095,0
2026-07-30 10:30:00+05:30,809483.0857773095,0
2026-07-30 10:35:00+05:30,809483.0857773095,0
2026-07-30 10:40:00+05:30,809483.0857773095,0
2026-07-30 10:45:00+05:30,809483.0857773095,0
2026-07-30 10:50:00+05:30,809483.0857773095,0
2026-07-30 10:55:00+05:30,809483.0857773095,0
2026-07-30 11:00:00+05:30,809483.0857773095,0
2026-07-30 11:05:00+05:30,809483.0857773095,0
2026-07-30 11:10:00+05:30,809483.0857773095,0
2026-07-30 11:15:00+05:30,809483.0857773095,0
2026-07-30 11:20:00+05:30,809483.0857773095,0
2026-07-30 11:25:00+05:30,809483.0857773095,0
2026-07-30 11:30:00+05:30,809483.0857773095,0
2026-07-30 11:35:00+05:30,809483.0857773095,0
2026-07-30 11:40:00+05:30,809483.0857773095,0
2026-07-30 11:45:00+05:30,809483.0857773095,0
2026-07-30 11:50:00+05:30,809483.0857773095,0
2026-07-30 11:55:00+05:30,809483.0857773095,0
2026-07-30 12:00:00+05:30,809483.0857773095,0
2026-07-30 12:05:00+05:30,809483.0857773095,0
2026-07-30 12:10:00+05:30,809483.0857773095,0
2026-07-30 12:15:00+05:30,809483.0857773095,0
2026-07-30 12:20:00+05:30,809483.0857773095,0
2026-07-30 12:25:00+05:30,809483.0857773095,0
2026-07-30 12:30:00+05:30,809483.0857773095,0
2026-07-30 12:35:00+05:30,809483.0857773095,0
2026-07-30 12:40:00+05:30,809483.0857773095,0
2026-07-30 12:45:00+05:30,809483.0857773095,0
2026-07-30 12:50:00+05:30,809483.0857773095,0
2026-07-30 12:55:00+05:30,809483.0857773095,0
2026-07-30 13:00:00+05:30,809483.0857773095,0
2026-07-30 13:05:00+05:30,809483.0857773095,0
2026-07-30 13:10:00+05:30,809483.0857773095,0
2026-07-30 13:15:00+05:30,809483.0857773095,0
2026-07-30 13:20:00+05:30,809483.0857773095,0
2026-07-30 13:25:00+05:30,809483.0857773095,0
2026-07-30 13:30:00+05:30,809483.0857773095,0
2026-07-30 13:35:00+05:30,809483.0857773095,0
2026-07-30 13:40:00+05:30,809483.0857773095,0
2026-07-30 13:45:00+05:30,809483.0857773095,0
2026-07-30 13:50:00+05:30,809483.0857773095,0
2026-07-30 13:55:00+05:30,809483.0857773095,0
2026-07-30 14:00:00+05:30,809483.0857773095,0
2026-07-30 14:05:00+05:30,809483.0857773095,0
2026-07-30 14:10:00+05:30,809483.0857773095,0
2026-07-30 14:15:00+05:30,809483.0857773095,0
2026-07-30 14:20:00+05:30,809483.0857773095,0
2026-07-30 14:25:00+05:30,809483.0857773095,0
2026-07-30 14:30:00+05:30,809483.0857773095,0
2026-07-30 14:35:00+05:30,809483.0857773095,0
2026-07-30 14:40:00+05:30,809483.0857773095,0
2026-07-30 14:45:00+05:30,809483.0857773095,0
2026-07-30 14:50:00+05:30,809483.0857773095,0
2026-07-30 14:55:00+05:30,809483.0857773095,0
2026-07-30 15:00:00+05:30,809483.0857773095,0
2026-07-30 15:05:00+05:30,809483.0857773095,0
2026-07-30 15:10:00+05:30,809483.0857773095,0
2026-07-30 15:15:00+05:30,809483.0857773095,0
2026-07-30 15:20:00+05:30,809483.0857773095,0
2026-07-30 15:25:00+05:30,809483.0857773095,0
2026-07-31 09:15:00+05:30,809483.0857773095,0
2026-07-31 09:20:00+05:30,809483.0857773095,0
2026-07-31 09:25:00+05:30,809483.0857773095,0
2026-07-31 09:30:00+05:30,809483.0857773095,0
2026-07-31 09:35:00+05:30,809483.0857773095,0
2026-07-31 09:40:00+05:30,809483.0857773095,0
2026-07-31 09:45:00+05:30,809483.0857773095,0
2026-07-31 09:50:00+05:30,809483.0857773095,0
2026-07-31 09:55:00+05:30,809483.0857773095,0
2026-07-31 10:00:00+05:30,809483.0857773095,0
2026-07-31 10:05:00+05:30,809483.0857773095,0
2026-07-31 10:10:00+05:30,809483.0857773095,0
2026-07-31 10:15:00+05:30,809483.0857773095,0
2026-07-31 10:20:00+05:30,809483.0857773095,0
2026-07-31 10:25:00+05:30,809483.0857773095,0
2026-07-31 10:30:00+05:30,809483.0857773095,0
2026-07-31 10:35:00+05:30,809483.0857773095,0
2026-07-31 10:40:00+05:30,809483.0857773095,0
2026-07-31 10:45:00+05:30,809483.0857773095,0
2026-07-31 10:50:00+05:30,809483.0857773095,0
2026-07-31 10:55:00+05:30,809483.0857773095,0
2026-07-31 11:00:00+05:30,809483.0857773095,0
2026-07-31 11:05:00+05:30,809483.0857773095,0
2026-07-31 11:10:00+05:30,809483.0857773095,0
2026-07-31 11:15:00+05:30,809483.0857773095,0
2026-07-31 11:20:00+05:30,809483.0857773095,0
2026-07-31 11:25:00+05:30,809483.0857773095,0
2026-07-31 11:30:00+05:30,809483.0857773095,0
2026-07-31 11:35:00+05:30,809483.0857773095,0
2026-07-31 11:40:00+05:30,809483.0857773095,0
2026-07-31 11:45:00+05:30,809483.0857773095,0
2026-07-31 11:50:00+05:30,809483.0857773095,0
2026-07-31 11:55:00+05:30,809483.0857773095,0
2026-07-31 12:00:00+05:30,809483.0857773095,0
2026-07-31 12:05:00+05:30,809483.0857773095,0
2026-07-31 12:10:00+05:30,809483.0857773095,0
2026-07-31 12:15:00+05:30,809483.0857773095,0
2026-07-31 12:20:00+05:30,809483.0857773095,0
2026-07-31 12:25:00+05:30,809483.0857773095,0
2026-07-31 12:30:00+05:30,809483.0857773095,0
2026-07-31 12:35:00+05:30,809483.0857773095,0
2026-07-31 12:40:00+05:30,809325.339071632,1
2026-07-31 12:45:00+05:30,811027.780477882,1
2026-07-31 12:50:00+05:30,810375.339071632,1
2026-07-31 12:55:00+05:30,811125.339071632,1
2026-07-31 13:00:00+05:30,811230.221884132,1
2026-07-31 13:05:00+05:30,811890.280477882,1
2026-07-31 13:10:00+05:30,811282.956259132,1
2026-07-31 13:15:00+05:30,812152.780477882,1
2026-07-31 13:20:00+05:30,812602.780477882,1
2026-07-31 13:25:00+05:30,811740.280477882,1
2026-07-31 13:30:00+05:30,807740.666710644,0
2026-07-31 13:35:00+05:30,807740.666710644,0
2026-07-31 13:40:00+05:30,807740.666710644,0
2026-07-31 13:45:00+05:30,807740.666710644,0
2026-07-31 13:50:00+05:30,807740.666710644,0
2026-07-31 13:55:00+05:30,807740.666710644,0
2026-07-31 14:00:00+05:30,807740.666710644,0
2026-07-31 14:05:00+05:30,807740.666710644,0
2026-07-31 14:10:00+05:30,807740.666710644,0
2026-07-31 14:15:00+05:30,807740.666710644,0
2026-07-31 14:20:00+05:30,807740.666710644,0
2026-07-31 14:25:00+05:30,807740.666710644,0
2026-07-31 14:30:00+05:30,807740.666710644,0
2026-07-31 14:35:00+05:30,807740.666710644,0
2026-07-31 14:40:00+05:30,807740.666710644,0
2026-07-31 14:45:00+05:30,807740.666710644,0
2026-07-31 14:50:00+05:30,807740.666710644,0
2026-07-31 14:55:00+05:30,807740.666710644,0
2026-07-31 15:00:00+05:30,807740.666710644,0
2026-07-31 15:05:00+05:30,807740.666710644,0
2026-07-31 15:10:00+05:30,807740.666710644,0
2026-07-31 15:15:00+05:30,807740.666710644,0
2026-07-31 15:20:00+05:30,807740.666710644,0
2026-07-31 15:25:00+05:30,807740.666710644,0
2026-08-03 09:15:00+05:30,807740.666710644,0
2026-08-03 09:20:00+05:30,807740.666710644,0
2026-08-03 09:25:00+05:30,807740.666710644,0
2026-08-03 09:30:00+05:30,807740.666710644,0
2026-08-03 09:35:00+05:30,807740.666710644,0
2026-08-03 09:40:00+05:30,807740.666710644,0
2026-08-03 09:45:00+05:30,807740.666710644,0
2026-08-03 09:50:00+05:30,807740.666710644,0
2026-08-03 09:55:00+05:30,807740.666710644,0
2026-08-03 10:00:00+05:30,807740.666710644,0
2026-08-03 10:05:00+05:30,807740.666710644,0
2026-08-03 10:10:00+05:30,807740.666710644,0
2026-08-03 10:15:00+05:30,808198.8737953263,1
2026-08-03 10:20:00+05:30,806706.1980140763,1
2026-08-03 10:25:00+05:30,807096.4323890763,1
2026-08-03 10:30:00+05:30,805528.7566078263,1
2026-08-03 10:35:00+05:30,807606.1980140763,1
2026-08-03 10:40:00+05:30,807523.8737953263,1
2026-08-03 10:45:00+05:30,808303.7566078263,1
2026-08-03 10:50:00+05:30,808461.3737953263,1
2026-08-03 10:55:00+05:30,807943.6980140763,1
2026-08-03 11:00:00+05:30,809698.8737953263,1
2026-08-03 11:05:00+05:30,809023.8737953263,1
2026-08-03 11:10:00+05:30,808393.6980140763,1
2026-08-03 11:15:00+05:30,808716.2566078263,1
2026-08-03 11:20:00+05:30,809698.8737953263,1
2026-08-03 11:25:00+05:30,808738.8152015763,1
2026-08-03 11:30:00+05:30,807793.6980140763,1
2026-08-03 11:35:00+05:30,809053.7566078263,1
2026-08-03 11:40:00+05:30,808821.4323890763,1
2026-08-03 11:45:00+05:30,809653.7566078263,1
2026-08-03 11:50:00+05:30,810216.2566078263,1
2026-08-03 11:55:00+05:30,808776.3152015763,1
2026-08-03 12:00:00+05:30,808213.8152015763,1
2026-08-03 12:05:00+05:30,809526.3152015763,1
2026-08-03 12:10:00+05:30,810171.4323890763,1
2026-08-03 12:15:00+05:30,810936.3737953263,1
2026-08-03 12:20:00+05:30,810816.2566078263,1
2026-08-03 12:25:00+05:30,810583.9323890763,1
2026-08-03 12:30:00+05:30,809038.8152015763,1
2026-08-03 12:35:00+05:30,808041.2566078263,1
2026-08-03 12:40:00+05:30,808926.3152015763,1
2026-08-03 12:45:00+05:30,805985.5839213558,0
2026-08-03 12:50:00+05:30,805985.5839213558,0
2026-08-03 12:55:00+05:30,805985.5839213558,0
2026-08-03 13:00:00+05:30,805985.5839213558,0
2026-08-03 13:05:00+05:30,805985.5839213558,0
2026-08-03 13:10:00+05:30,805985.5839213558,0
2026-08-03 13:15:00+05:30,805985.5839213558,0
2026-08-03 13:20:00+05:30,805985.5839213558,0
2026-08-03 13:25:00+05:30,805985.5839213558,0
2026-08-03 13:30:00+05:30,805985.5839213558,0
2026-08-03 13:35:00+05:30,805985.5839213558,0
2026-08-03 13:40:00+05:30,805985.5839213558,0
2026-08-03 13:45:00+05:30,805985.5839213558,0
2026-08-03 13:50:00+05:30,805985.5839213558,0
2026-08-03 13:55:00+05:30,805985.5839213558,0
2026-08-03 14:00:00+05:30,805985.5839213558,0
2026-08-03 14:05:00+05:30,805985.5839213558,0
2026-08-03 14:10:00+05:30,805985.5839213558,0
2026-08-03 14:15:00+05:30,805985.5839213558,0
2026-08-03 14:20:00+05:30,805985.5839213558,0
2026-08-03 14:25:00+05:30,805985.5839213558,0
2026-08-03 14:30:00+05:30,805985.5839213558,0
2026-08-03 14:35:00+05:30,805985.5839213558,0
2026-08-03 14:40:00+05:30,805985.5839213558,0
2026-08-03 14:45:00+05:30,805985.5839213558,0
2026-08-03 14:50:00+05:30,805985.5839213558,0
2026-08-03 14:55:00+05:30,805985.5839213558,0
2026-08-03 15:00:00+05:30,805985.5839213558,0
2026-08-03 15:05:00+05:30,805985.5839213558,0
2026-08-03 15:10:00+05:30,805985.5839213558,0
2026-08-03 15:15:00+05:30,805985.5839213558,0
2026-08-03 15:20:00+05:30,805985.5839213558,0
2026-08-03 15:25:00+05:30,805985.5839213558,0
2026-08-04 09:15:00+05:30,805985.5839213558,0
2026-08-04 09:20:00+05:30,805985.5839213558,0
2026-08-04 09:25:00+05:30,805985.5839213558,0
2026-08-04 09:30:00+05:30,805985.5839213558,0
2026-08-04 09:35:00+05:30,805985.5839213558,0
2026-08-04 09:40:00+05:30,805985.5839213558,0
2026-08-04 09:45:00+05:30,805985.5839213558,0
2026-08-04 09:50:00+05:30,805985.5839213558,0
2026-08-04 09:55:00+05:30,805985.5839213558,0
2026-08-04 10:00:00+05:30,805985.5839213558,0
2026-08-04 10:05:00+05:30,805985.5839213558,0
2026-08-04 10:10:00+05:30,805985.5839213558,0
2026-08-04 10:15:00+05:30,805985.5839213558,0
2026-08-04 10:20:00+05:30,805985.5839213558,0
2026-08-04 10:25:00+05:30,805985.5839213558,0
2026-08-04 10:30:00+05:30,805985.5839213558,0
2026-08-04 10:35:00+05:30,805985.5839213558,0
2026-08-04 10:40:00+05:30,805985.5839213558,0
2026-08-04 10:45:00+05:30,805985.5839213558,0
2026-08-04 10:50:00+05:30,805985.5839213558,0
2026-08-04 10:55:00+05:30,805985.5839213558,0
2026-08-04 11:00:00+05:30,805985.5839213558,0
2026-08-04 11:05:00+05:30,805985.5839213558,0
2026-08-04 11:10:00+05:30,805985.5839213558,0
2026-08-04 11:15:00+05:30,805985.5839213558,0
2026-08-04 11:20:00+05:30,805985.5839213558,0
2026-08-04 11:25:00+05:30,805985.5839213558,0
2026-08-04 11:30:00+05:30,805985.5839213558,0
2026-08-04 11:35:00+05:30,804483.2645115923,-1
2026-08-04 11:40:00+05:30,806823.4988865923,-1
2026-08-04 11:45:00+05:30,810220.7645115923,-1
2026-08-04 11:50:00+05:30,810228.3816990923,-1
2026-08-04 11:55:00+05:30,811518.3231053423,-1
2026-08-04 12:00:00+05:30,811855.8231053423,-1
2026-08-04 12:05:00+05:30,814188.4402928423,-1
2026-08-04 12:10:00+05:30,813445.7645115923,-1
2026-08-04 12:15:00+05:30,812178.3816990923,-1
2026-08-04 12:20:00+05:30,812238.4402928423,-1
2026-08-04 12:25:00+05:30,812785.9988865923,-1
2026-08-04 12:30:00+05:30,814008.2645115923,-1
2026-08-04 12:35:00+05:30,814653.3816990923,-1
2026-08-04 12:40:00+05:30,816138.4402928423,-1
2026-08-04 12:45:00+05:30,814645.7645115923,-1
2026-08-04 12:50:00+05:30,815133.2645115923,-1
2026-08-04 12:55:00+05:30,816378.3816990923,-1
2026-08-04 13:00:00+05:30,816093.3231053423,-1
2026-08-04 13:05:00+05:30,817585.9988865923,-1
2026-08-04 13:10:00+05:30,818200.9402928423,-1
2026-08-04 13:15:00+05:30,817833.2645115923,-1
2026-08-04 13:20:00+05:30,816370.7645115923,-1
2026-08-04 13:25:00+05:30,819460.9988865923,-1
2026-08-04 13:30:00+05:30,820585.9988865923,-1
2026-08-04 13:35:00+05:30,819910.9988865923,-1
2026-08-04 13:40:00+05:30,822070.7645115923,-1
2026-08-04 13:45:00+05:30,820323.4988865923,-1
2026-08-04 13:50:00+05:30,823135.9988865923,-1
2026-08-04 13:55:00+05:30,822805.8231053423,-1
2026-08-04 14:00:00+05:30,823330.8231053423,-1
2026-08-04 14:05:00+05:30,822610.9988865923,-1
2026-08-04 14:10:00+05:30,820788.4402928423,-1
2026-08-04 14:15:00+05:30,817240.8816990923,-1
2026-08-04 14:20:00+05:30,816134.7362141071,0
2026-08-04 14:25:00+05:30,816134.7362141071,0
2026-08-04 14:30:00+05:30,816134.7362141071,0
2026-08-04 14:35:00+05:30,816134.7362141071,0
2026-08-04 14:40:00+05:30,816134.7362141071,0
2026-08-04 14:45:00+05:30,816134.7362141071,0
2026-08-04 14:50:00+05:30,816134.7362141071,0
2026-08-04 14:55:00+05:30,816134.7362141071,0
2026-08-04 15:00:00+05:30,816134.7362141071,0
2026-08-04 15:05:00+05:30,816134.7362141071,0
2026-08-04 15:10:00+05:30,816134.7362141071,0
2026-08-04 15:15:00+05:30,816134.7362141071,0
2026-08-04 15:20:00+05:30,816134.7362141071,0
2026-08-04 15:25:00+05:30,816134.7362141071,0
2026-08-05 09:15:00+05:30,816134.7362141071,0
2026-08-05 09:20:00+05:30,816134.7362141071,0
2026-08-05 09:25:00+05:30,816134.7362141071,0
2026-08-05 09:30:00+05:30,816134.7362141071,0
2026-08-05 09:35:00+05:30,816134.7362141071,0
2026-08-05 09:40:00+05:30,816134.7362141071,0
2026-08-05 09:45:00+05:30,816134.7362141071,0
2026-08-05 09:50:00+05:30,816134.7362141071,0
2026-08-05 09:55:00+05:30,816134.7362141071,0
2026-08-05 10:00:00+05:30,816134.7362141071,0
2026-08-05 10:05:00+05:30,816134.7362141071,0
2026-08-05 10:10:00+05:30,816134.7362141071,0
2026-08-05 10:15:00+05:30,816134.7362141071,0
2026-08-05 10:20:00+05:30,816134.7362141071,0
2026-08-05 10:25:00+05:30,816134.7362141071,0
2026-08-05 10:30:00+05:30,816134.7362141071,0
2026-08-05 10:35:00+05:30,816134.7362141071,0
2026-08-05 10:40:00+05:30,816134.7362141071,0
2026-08-05 10:45:00+05:30,816134.7362141071,0
2026-08-05 10:50:00+05:30,816134.7362141071,0
2026-08-05 10:55:00+05:30,816134.7362141071,0
2026-08-05 11:00:00+05:30,816134.7362141071,0
2026-08-05 11:05:00+05:30,811955.3859613702,1
2026-08-05 11:10:00+05:30,809410.7177622968,0
2026-08-05 11:15:00+05:30,809410.7177622968,0
2026-08-05 11:20:00+05:30,809410.7177622968,0
2026-08-05 11:25:00+05:30,809410.7177622968,0
2026-08-05 11:30:00+05:30,809410.7177622968,0
2026-08-05 11:35:00+05:30,809410.7177622968,0
2026-08-05 11:40:00+05:30,809410.7177622968,0
2026-08-05 11:45:00+05:30,809410.7177622968,0
2026-08-05 11:50:00+05:30,809410.7177622968,0
2026-08-05 11:55:00+05:30,809410.7177622968,0
2026-08-05 12:00:00+05:30,809410.7177622968,0
2026-08-05 12:05:00+05:30,809410.7177622968,0
2026-08-05 12:10:00+05:30,809410.7177622968,0
2026-08-05 12:15:00+05:30,809410.7177622968,0
2026-08-05 12:20:00+05:30,809410.7177622968,0
2026-08-05 12:25:00+05:30,809410.7177622968,0
2026-08-05 12:30:00+05:30,809410.7177622968,0
2026-08-05 12:35:00+05:30,809410.7177622968,0
2026-08-05 12:40:00+05:30,809410.7177622968,0
2026-08-05 12:45:00+05:30,809410.7177622968,0
2026-08-05 12:50:00+05:30,808016.2974271023,-1
2026-08-05 12:55:00+05:30,808998.9146146023,-1
2026-08-05 13:00:00+05:30,806793.7388333523,-1
2026-08-05 13:05:00+05:30,805983.9732083523,-1
2026-08-05 13:10:00+05:30,806156.2388333523,-1
2026-08-05 13:15:00+05:30,803824.9501131255,0
2026-08-05 13:20:00+05:30,803824.9501131255,0
2026-08-05 13:25:00+05:30,803824.9501131255,0
2026-08-05 13:30:00+05:30,803824.9501131255,0
2026-08-05 13:35:00+05:30,803824.9501131255,0
2026-08-05 13:40:00+05:30,803824.9501131255,0
2026-08-05 13:45:00+05:30,797888.2379046042,0
2026-08-05 13:50:00+05:30,797888.2379046042,0
2026-08-05 13:55:00+05:30,797888.2379046042,0
2026-08-05 14:00:00+05:30,797888.2379046042,0
2026-08-05 14:05:00+05:30,797888.2379046042,0
2026-08-05 14:10:00+05:30,797888.2379046042,0
2026-08-05 14:15:00+05:30,797888.2379046042,0
2026-08-05 14:20:00+05:30,797888.2379046042,0
2026-08-05 14:25:00+05:30,797888.2379046042,0
2026-08-05 14:30:00+05:30,797888.2379046042,0
2026-08-05 14:35:00+05:30,797888.2379046042,0
2026-08-05 14:40:00+05:30,797888.2379046042,0
2026-08-05 14:45:00+05:30,797888.2379046042,0
2026-08-05 14:50:00+05:30,797888.2379046042,0
2026-08-05 14:55:00+05:30,797888.2379046042,0
2026-08-05 15:00:00+05:30,797888.2379046042,0
2026-08-05 15:05:00+05:30,797888.2379046042,0
2026-08-05 15:10:00+05:30,797888.2379046042,0
2026-08-05 15:15:00+05:30,797888.2379046042,0
2026-08-05 15:20:00+05:30,797888.2379046042,0
2026-08-05 15:25:00+05:30,797888.2379046042,0
2026-08-06 09:15:00+05:30,797888.2379046042,0
2026-08-06 09:20:00+05:30,797888.2379046042,0
2026-08-06 09:25:00+05:30,797888.2379046042,0
2026-08-06 09:30:00+05:30,797888.2379046042,0
2026-08-06 09:35:00+05:30,797888.2379046042,0
2026-08-06 09:40:00+05:30,797888.2379046042,0
2026-08-06 09:45:00+05:30,797888.2379046042,0
2026-08-06 09:50:00+05:30,797286.1780826064,1
2026-08-06 09:55:00+05:30,793393.5023013564,1
2026-08-06 10:00:00+05:30,791521.9172664005,0
2026-08-06 10:05:00+05:30,791521.9172664005,0
2026-08-06 10:10:00+05:30,791521.9172664005,0
2026-08-06 10:15:00+05:30,791521.9172664005,0
2026-08-06 10:20:00+05:30,791521.9172664005,0
2026-08-06 10:25:00+05:30,791521.9172664005,0
2026-08-06 10:30:00+05:30,791521.9172664005,0
2026-08-06 10:35:00+05:30,791521.9172664005,0
2026-08-06 10:40:00+05:30,791521.9172664005,0
2026-08-06 10:45:00+05:30,791521.9172664005,0
2026-08-06 10:50:00+05:30,791521.9172664005,0
2026-08-06 10:55:00+05:30,791521.9172664005,0
2026-08-06 11:00:00+05:30,791521.9172664005,0
2026-08-06 11:05:00+05:30,791521.9172664005,0
2026-08-06 11:10:00+05:30,791521.9172664005,0
2026-08-06 11:15:00+05:30,791521.9172664005,0
2026-08-06 11:20:00+05:30,791521.9172664005,0
2026-08-06 11:25:00+05:30,790994.5041010112,1
2026-08-06 11:30:00+05:30,789074.3869135112,1
2026-08-06 11:35:00+05:30,786158.3441784161,0
2026-08-06 11:40:00+05:30,786158.3441784161,0
2026-08-06 11:45:00+05:30,786158.3441784161,0
2026-08-06 11:50:00+05:30,786158.3441784161,0
2026-08-06 11:55:00+05:30,786158.3441784161,0
2026-08-06 12:00:00+05:30,786158.3441784161,0
2026-08-06 12:05:00+05:30,786158.3441784161,0
2026-08-06 12:10:00+05:30,786158.3441784161,0
2026-08-06 12:15:00+05:30,786158.3441784161,0
2026-08-06 12:20:00+05:30,786158.3441784161,0
2026-08-06 12:25:00+05:30,786158.3441784161,0
2026-08-06 12:30:00+05:30,786158.3441784161,0
2026-08-06 12:35:00+05:30,786158.3441784161,0
2026-08-06 12:40:00+05:30,786158.3441784161,0
2026-08-06 12:45:00+05:30,786158.3441784161,0
2026-08-06 12:50:00+05:30,786158.3441784161,0
2026-08-06 12:55:00+05:30,786158.3441784161,0
2026-08-06 13:00:00+05:30,786158.3441784161,0
2026-08-06 13:05:00+05:30,786158.3441784161,0
2026-08-06 13:10:00+05:30,786158.3441784161,0
2026-08-06 13:15:00+05:30,786158.3441784161,0
2026-08-06 13:20:00+05:30,786158.3441784161,0
2026-08-06 13:25:00+05:30,786158.3441784161,0
2026-08-06 13:30:00+05:30,786158.3441784161,0
2026-08-06 13:35:00+05:30,786158.3441784161,0
2026-08-06 13:40:00+05:30,786158.3441784161,0
2026-08-06 13:45:00+05:30,786158.3441784161,0
2026-08-06 13:50:00+05:30,786158.3441784161,0
2026-08-06 13:55:00+05:30,786158.3441784161,0
2026-08-06 14:00:00+05:30,786158.3441784161,0
2026-08-06 14:05:00+05:30,786158.3441784161,0
2026-08-06 14:10:00+05:30,786158.3441784161,0
2026-08-06 14:15:00+05:30,786158.3441784161,0
2026-08-06 14:20:00+05:30,786158.3441784161,0
2026-08-06 14:25:00+05:30,786158.3441784161,0
2026-08-06 14:30:00+05:30,786158.3441784161,0
2026-08-06 14:35:00+05:30,786158.3441784161,0
2026-08-06 14:40:00+05:30,786158.3441784161,0
2026-08-06 14:45:00+05:30,786158.3441784161,0
2026-08-06 14:50:00+05:30,786158.3441784161,0
2026-08-06 14:55:00+05:30,786158.3441784161,0
2026-08-06 15:00:00+05:30,786158.3441784161,0
2026-08-06 15:05:00+05:30,786158.3441784161,0
2026-08-06 15:10:00+05:30,786158.3441784161,0
2026-08-06 15:15:00+05:30,786158.3441784161,0
2026-08-06 15:20:00+05:30,786158.3441784161,0
2026-08-06 15:25:00+05:30,786158.3441784161,0
2026-08-07 09:15:00+05:30,786158.3441784161,0
2026-08-07 09:20:00+05:30,786158.3441784161,0
2026-08-07 09:25:00+05:30,786158.3441784161,0
2026-08-07 09:30:00+05:30,786158.3441784161,0
2026-08-07 09:35:00+05:30,786158.3441784161,0
2026-08-07 09:40:00+05:30,786158.3441784161,0
2026-08-07 09:45:00+05:30,786158.3441784161,0
2026-08-07 09:50:00+05:30,786158.3441784161,0
2026-08-07 09:55:00+05:30,786158.3441784161,0
2026-08-07 10:00:00+05:30,786158.3441784161,0
2026-08-07 10:05:00+05:30,786158.3441784161,0
2026-08-07 10:10:00+05:30,786158.3441784161,0
2026-08-07 10:15:00+05:30,786158.3441784161,0
2026-08-07 10:20:00+05:30,786158.3441784161,0
2026-08-07 10:25:00+05:30,786158.3441784161,0
2026-08-07 10:30:00+05:30,786158.3441784161,0
2026-08-07 10:35:00+05:30,786158.3441784161,0
2026-08-07 10:40:00+05:30,786158.3441784161,0
2026-08-07 10:45:00+05:30,786158.3441784161,0
2026-08-07 10:50:00+05:30,786158.3441784161,0
2026-08-07 10:55:00+05:30,786158.3441784161,0
2026-08-07 11:00:00+05:30,786158.3441784161,0
2026-08-07 11:05:00+05:30,782894.5206797739,-1
2026-08-07 11:10:00+05:30,782812.1964610239,-1
2026-08-07 11:15:00+05:30,783524.6964610239,-1
2026-08-07 11:20:00+05:30,780496.5288113821,0
2026-08-07 11:25:00+05:30,780496.5288113821,0
2026-08-07 11:30:00+05:30,780496.5288113821,0
2026-08-07 11:35:00+05:30,780496.5288113821,0
2026-08-07 11:40:00+05:30,780496.5288113821,0
2026-08-07 11:45:00+05:30,780496.5288113821,0
2026-08-07 11:50:00+05:30,780496.5288113821,0
2026-08-07 11:55:00+05:30,780496.5288113821,0
2026-08-07 12:00:00+05:30,780496.5288113821,0
2026-08-07 12:05:00+05:30,780496.5288113821,0
2026-08-07 12:10:00+05:30,780496.5288113821,0
2026-08-07 12:15:00+05:30,779476.3074741152,-1
2026-08-07 12:20:00+05:30,779251.3074741152,-1
2026-08-07 12:25:00+05:30,775594.648409164,0
2026-08-07 12:30:00+05:30,775594.648409164,0
2026-08-07 12:35:00+05:30,775594.648409164,0
2026-08-07 12:40:00+05:30,775594.648409164,0
2026-08-07 12:45:00+05:30,775594.648409164,0
2026-08-07 12:50:00+05:30,775594.648409164,0
2026-08-07 12:55:00+05:30,775594.648409164,0
2026-08-07 13:00:00+05:30,775594.648409164,0
2026-08-07 13:05:00+05:30,775594.648409164,0
2026-08-07 13:10:00+05:30,775594.648409164,0
2026-08-07 13:15:00+05:30,775594.648409164,0
2026-08-07 13:20:00+05:30,775594.648409164,0
2026-08-07 13:25:00+05:30,775594.648409164,0
2026-08-07 13:30:00+05:30,775594.648409164,0
2026-08-07 13:35:00+05:30,775594.648409164,0
2026-08-07 13:40:00+05:30,775594.648409164,0
2026-08-07 13:45:00+05:30,775594.648409164,0
2026-08-07 13:50:00+05:30,775594.648409164,0
2026-08-07 13:55:00+05:30,775594.648409164,0
2026-08-07 14:00:00+05:30,775594.648409164,0
2026-08-07 14:05:00+05:30,775594.648409164,0
2026-08-07 14:10:00+05:30,775594.648409164,0
2026-08-07 14:15:00+05:30,775594.648409164,0
2026-08-07 14:20:00+05:30,775594.648409164,0
2026-08-07 14:25:00+05:30,775594.648409164,0
2026-08-07 14:30:00+05:30,775594.648409164,0
2026-08-07 14:35:00+05:30,775594.648409164,0
2026-08-07 14:40:00+05:30,775594.648409164,0
2026-08-07 14:45:00+05:30,775594.648409164,0
2026-08-07 14:50:00+05:30,775594.648409164,0
2026-08-07 14:55:00+05:30,775594.648409164,0
2026-08-07 15:00:00+05:30,775594.648409164,0
2026-08-07 15:05:00+05:30,775594.648409164,0
2026-08-07 15:10:00+05:30,775594.648409164,0
2026-08-07 15:15:00+05:30,775594.648409164,0
2026-08-07 15:20:00+05:30,775594.648409164,0
2026-08-07 15:25:00+05:30,775594.648409164,0
2026-08-10 09:15:00+05:30,775594.648409164,0
2026-08-10 09:20:00+05:30,775594.648409164,0
2026-08-10 09:25:00+05:30,775594.648409164,0
2026-08-10 09:30:00+05:30,775594.648409164,0
2026-08-10 09:35:00+05:30,775594.648409164,0
2026-08-10 09:40:00+05:30,775594.648409164,0
2026-08-10 09:45:00+05:30,775594.648409164,0
2026-08-10 09:50:00+05:30,775594.648409164,0
2026-08-10 09:55:00+05:30,775594.648409164,0
2026-08-10 10:00:00+05:30,775594.648409164,0
2026-08-10 10:05:00+05:30,775594.648409164,0
2026-08-10 10:10:00+05:30,775594.648409164,0
2026-08-10 10:15:00+05:30,775594.648409164,0
2026-08-10 10:20:00+05:30,775594.648409164,0
2026-08-10 10:25:00+05:30,775594.648409164,0
2026-08-10 10:30:00+05:30,775594.648409164,0
2026-08-10 10:35:00+05:30,775594.648409164,0
2026-08-10 10:40:00+05:30,775594.648409164,0
2026-08-10 10:45:00+05:30,775594.648409164,0
2026-08-10 10:50:00+05:30,775594.648409164,0
2026-08-10 10:55:00+05:30,775594.648409164,0
2026-08-10 11:00:00+05:30,775594.648409164,0
2026-08-10 11:05:00+05:30,775594.648409164,0
2026-08-10 11:10:00+05:30,775594.648409164,0
2026-08-10 11:15:00+05:30,775594.648409164,0
2026-08-10 11:20:00+05:30,775594.648409164,0
2026-08-10 11:25:00+05:30,775594.648409164,0
2026-08-10 11:30:00+05:30,775594.648409164,0
2026-08-10 11:35:00+05:30,775594.648409164,0
2026-08-10 11:40:00+05:30,775594.648409164,0
2026-08-10 11:45:00+05:30,775594.648409164,0
2026-08-10 11:50:00+05:30,775594.648409164,0
2026-08-10 11:55:00+05:30,775594.648409164,0
2026-08-10 12:00:00+05:30,775594.648409164,0
2026-08-10 12:05:00+05:30,775594.648409164,0
2026-08-10 12:10:00+05:30,775594.648409164,0
2026-08-10 12:15:00+05:30,775594.648409164,0
2026-08-10 12:20:00+05:30,775594.648409164,0
2026-08-10 12:25:00+05:30,775594.648409164,0
2026-08-10 12:30:00+05:30,775594.648409164,0
2026-08-10 12:35:00+05:30,775594.648409164,0
2026-08-10 12:40:00+05:30,775594.648409164,0
2026-08-10 12:45:00+05:30,775594.648409164,0
2026-08-10 12:50:00+05:30,775594.648409164,0
2026-08-10 12:55:00+05:30,775594.648409164,0
2026-08-10 13:00:00+05:30,775594.648409164,0
2026-08-10 13:05:00+05:30,775594.648409164,0
2026-08-10 13:10:00+05:30,775594.648409164,0
2026-08-10 13:15:00+05:30,775594.648409164,0
2026-08-10 13:20:00+05:30,775594.648409164,0
2026-08-10 13:25:00+05:30,775594.648409164,0
2026-08-10 13:30:00+05:30,775594.648409164,0
2026-08-10 13:35:00+05:30,775594.648409164,0
2026-08-10 13:40:00+05:30,775594.648409164,0
2026-08-10 13:45:00+05:30,775594.648409164,0
2026-08-10 13:50:00+05:30,775594.648409164,0
2026-08-10 13:55:00+05:30,775594.648409164,0
2026-08-10 14:00:00+05:30,775594.648409164,0
2026-08-10 14:05:00+05:30,775594.648409164,0
2026-08-10 14:10:00+05:30,775594.648409164,0
2026-08-10 14:15:00+05:30,775594.648409164,0
2026-08-10 14:20:00+05:30,775594.648409164,0
2026-08-10 14:25:00+05:30,775594.648409164,0
2026-08-10 14:30:00+05:30,775594.648409164,0
2026-08-10 14:35:00+05:30,775594.648409164,0
2026-08-10 14:40:00+05:30,775594.648409164,0
2026-08-10 14:45:00+05:30,775594.648409164,0
2026-08-10 14:50:00+05:30,775594.648409164,0
2026-08-10 14:55:00+05:30,775594.648409164,0
2026-08-10 15:00:00+05:30,775594.648409164,0
2026-08-10 15:05:00+05:30,775594.648409164,0
2026-08-10 15:10:00+05:30,775594.648409164,0
2026-08-10 15:15:00+05:30,775594.648409164,0
2026-08-10 15:20:00+05:30,775594.648409164,0
2026-08-10 15:25:00+05:30,775594.648409164,0
2026-08-11 09:15:00+05:30,775594.648409164,0
2026-08-11 09:20:00+05:30,775594.648409164,0
2026-08-11 09:25:00+05:30,775594.648409164,0
2026-08-11 09:30:00+05:30,775594.648409164,0
2026-08-11 09:35:00+05:30,775594.648409164,0
2026-08-11 09:40:00+05:30,775594.648409164,0
2026-08-11 09:45:00+05:30,775594.648409164,0
2026-08-11 09:50:00+05:30,775594.648409164,0
2026-08-11 09:55:00+05:30,775594.648409164,0
2026-08-11 10:00:00+05:30,775594.648409164,0
2026-08-11 10:05:00+05:30,775594.648409164,0
2026-08-11 10:10:00+05:30,775594.648409164,0
2026-08-11 10:15:00+05:30,775594.648409164,0
2026-08-11 10:20:00+05:30,775594.648409164,0
2026-08-11 10:25:00+05:30,775594.648409164,0
2026-08-11 10:30:00+05:30,775594.648409164,0
2026-08-11 10:35:00+05:30,775594.648409164,0
2026-08-11 10:40:00+05:30,775594.648409164,0
2026-08-11 10:45:00+05:30,775594.648409164,0
2026-08-11 10:50:00+05:30,775594.648409164,0
2026-08-11 10:55:00+05:30,775594.648409164,0
2026-08-11 11:00:00+05:30,775594.648409164,0
2026-08-11 11:05:00+05:30,774977.3298947086,-1
2026-08-11 11:10:00+05:30,774137.3884884586,-1
2026-08-11 11:15:00+05:30,774445.0056759586,-1
2026-08-11 11:20:00+05:30,774977.3298947086,-1
2026-08-11 11:25:00+05:30,775434.9470822086,-1
2026-08-11 11:30:00+05:30,775434.9470822086,-1
2026-08-11 11:35:00+05:30,774677.3298947086,-1
2026-08-11 11:40:00+05:30,774534.9470822086,-1
2026-08-11 11:45:00+05:30,773814.8298947086,-1
2026-08-11 11:50:00+05:30,775495.0056759586,-1
2026-08-11 11:55:00+05:30,775217.2713009586,-1
2026-08-11 12:00:00+05:30,777167.2713009586,-1
2026-08-11 12:05:00+05:30,776627.3298947086,-1
2026-08-11 12:10:00+05:30,773848.8767333608,0
2026-08-11 12:15:00+05:30,773848.8767333608,0
2026-08-11 12:20:00+05:30,773848.8767333608,0
2026-08-11 12:25:00+05:30,773848.8767333608,0
2026-08-11 12:30:00+05:30,773848.8767333608,0
2026-08-11 12:35:00+05:30,773848.8767333608,0
2026-08-11 12:40:00+05:30,773848.8767333608,0
2026-08-11 12:45:00+05:30,773848.8767333608,0
2026-08-11 12:50:00+05:30,773848.8767333608,0
2026-08-11 12:55:00+05:30,773848.8767333608,0
2026-08-11 13:00:00+05:30,773848.8767333608,0
2026-08-11 13:05:00+05:30,773848.8767333608,0
2026-08-11 13:10:00+05:30,773848.8767333608,0
2026-08-11 13:15:00+05:30,773848.8767333608,0
2026-08-11 13:20:00+05:30,773848.8767333608,0
2026-08-11 13:25:00+05:30,773848.8767333608,0
2026-08-11 13:30:00+05:30,773848.8767333608,0
2026-08-11 13:35:00+05:30,773848.8767333608,0
2026-08-11 13:40:00+05:30,773848.8767333608,0
2026-08-11 13:45:00+05:30,773848.8767333608,0
2026-08-11 13:50:00+05:30,773848.8767333608,0
2026-08-11 13:55:00+05:30,773848.8767333608,0
2026-08-11 14:00:00+05:30,773848.8767333608,0
2026-08-11 14:05:00+05:30,773848.8767333608,0
2026-08-11 14:10:00+05:30,773848.8767333608,0
2026-08-11 14:15:00+05:30,773848.8767333608,0
2026-08-11 14:20:00+05:30,773848.8767333608,0
2026-08-11 14:25:00+05:30,773848.8767333608,0
2026-08-11 14:30:00+05:30,773848.8767333608,0
2026-08-11 14:35:00+05:30,773848.8767333608,0
2026-08-11 14:40:00+05:30,773848.8767333608,0
2026-08-11 14:45:00+05:30,773848.8767333608,0
2026-08-11 14:50:00+05:30,773848.8767333608,0
2026-08-11 14:55:00+05:30,773848.8767333608,0
2026-08-11 15:00:00+05:30,773848.8767333608,0
2026-08-11 15:05:00+05:30,773848.8767333608,0
2026-08-11 15:10:00+05:30,773848.8767333608,0
2026-08-11 15:15:00+05:30,773848.8767333608,0
2026-08-11 15:20:00+05:30,773848.8767333608,0
2026-08-11 15:25:00+05:30,773848.8767333608,0
2026-08-12 09:15:00+05:30,773848.8767333608,0
2026-08-12 09:20:00+05:30,773848.8767333608,0
2026-08-12 09:25:00+05:30,773848.8767333608,0
2026-08-12 09:30:00+05:30,773848.8767333608,0
2026-08-12 09:35:00+05:30,773848.8767333608,0
2026-08-12 09:40:00+05:30,773848.8767333608,0
2026-08-12 09:45:00+05:30,773848.8767333608,0
2026-08-12 09:50:00+05:30,773848.8767333608,0
2026-08-12 09:55:00+05:30,773848.8767333608,0
2026-08-12 10:00:00+05:30,773848.8767333608,0
2026-08-12 10:05:00+05:30,773848.8767333608,0
2026-08-12 10:10:00+05:30,773848.8767333608,0
2026-08-12 10:15:00+05:30,773848.8767333608,0
2026-08-12 10:20:00+05:30,773848.8767333608,0
2026-08-12 10:25:00+05:30,773848.8767333608,0
2026-08-12 10:30:00+05:30,773848.8767333608,0
2026-08-12 10:35:00+05:30,773848.8767333608,0
2026-08-12 10:40:00+05:30,773848.8767333608,0
2026-08-12 10:45:00+05:30,773848.8767333608,0
2026-08-12 10:50:00+05:30,771947.6080874997,-1
2026-08-12 10:55:00+05:30,778127.4908999997,-1
2026-08-12 11:00:00+05:30,780880.2252749997,-1
2026-08-12 11:05:00+05:30,779995.1666812497,-1
2026-08-12 11:10:00+05:30,780512.5494937497,-1
2026-08-12 11:15:00+05:30,779770.1666812497,-1
2026-08-12 11:20:00+05:30,780339.9908999997,-1
2026-08-12 11:25:00+05:30,781330.2252749997,-1
2026-08-12 11:30:00+05:30,780617.7252749997,-1
2026-08-12 11:35:00+05:30,782980.2252749997,-1
2026-08-12 11:40:00+05:30,781817.7252749997,-1
2026-08-12 11:45:00+05:30,782207.6666812497,-1
2026-08-12 11:50:00+05:30,783632.6666812497,-1
2026-08-12 11:55:00+05:30,783939.9908999997,-1
2026-08-12 12:00:00+05:30,784960.1080874997,-1
2026-08-12 12:05:00+05:30,785020.1666812497,-1
2026-08-12 12:10:00+05:30,785807.6666812497,-1
2026-08-12 12:15:00+05:30,784247.6080874997,-1
2026-08-12 12:20:00+05:30,784705.2252749997,-1
2026-08-12 12:25:00+05:30,783677.4908999997,-1
2026-08-12 12:30:00+05:30,782582.6666812497,-1
2026-08-12 12:35:00+05:30,782410.1080874997,-1
2026-08-12 12:40:00+05:30,783407.6666812497,-1
2026-08-12 12:45:00+05:30,783392.7252749997,-1
2026-08-12 12:50:00+05:30,784517.7252749997,-1
2026-08-12 12:55:00+05:30,784487.5494937497,-1
2026-08-12 13:00:00+05:30,783617.7252749997,-1
2026-08-12 13:05:00+05:30,783707.6666812497,-1
2026-08-12 13:10:00+05:30,782680.2252749997,-1
2026-08-12 13:15:00+05:30,781360.1080874997,-1
2026-08-12 13:20:00+05:30,781472.6080874997,-1
2026-08-12 13:25:00+05:30,782139.9908999997,-1
2026-08-12 13:30:00+05:30,781855.2252749997,-1
2026-08-12 13:35:00+05:30,781847.6080874997,-1
2026-08-12 13:40:00+05:30,782477.4908999997,-1
2026-08-12 13:45:00+05:30,782507.6666812497,-1
2026-08-12 13:50:00+05:30,782882.6666812497,-1
2026-08-12 13:55:00+05:30,782905.2252749997,-1
2026-08-12 14:00:00+05:30,784089.9908999997,-1
2026-08-12 14:05:00+05:30,783227.4908999997,-1
2026-08-12 14:10:00+05:30,784112.5494937497,-1
2026-08-12 14:15:00+05:30,782372.6080874997,-1
2026-08-12 14:20:00+05:30,782305.2252749997,-1
2026-08-12 14:25:00+05:30,781247.6080874997,-1
2026-08-12 14:30:00+05:30,777580.2252749997,-1
2026-08-12 14:35:00+05:30,776727.6434518672,0
2026-08-12 14:40:00+05:30,776727.6434518672,0
2026-08-12 14:45:00+05:30,776727.6434518672,0
2026-08-12 14:50:00+05:30,776727.6434518672,0
2026-08-12 14:55:00+05:30,776727.6434518672,0
2026-08-12 15:00:00+05:30,776727.6434518672,0
2026-08-12 15:05:00+05:30,776727.6434518672,0
2026-08-12 15:10:00+05:30,776727.6434518672,0
2026-08-12 15:15:00+05:30,776727.6434518672,0
2026-08-12 15:20:00+05:30,776727.6434518672,0
2026-08-12 15:25:00+05:30,776727.6434518672,0
2026-08-13 09:15:00+05:30,776727.6434518672,0
2026-08-13 09:20:00+05:30,776727.6434518672,0
2026-08-13 09:25:00+05:30,776727.6434518672,0
2026-08-13 09:30:00+05:30,776727.6434518672,0
2026-08-13 09:35:00+05:30,776727.6434518672,0
2026-08-13 09:40:00+05:30,776727.6434518672,0
2026-08-13 09:45:00+05:30,776727.6434518672,0
2026-08-13 09:50:00+05:30,776727.6434518672,0
2026-08-13 09:55:00+05:30,776727.6434518672,0
2026-08-13 10:00:00+05:30,776727.6434518672,0
2026-08-13 10:05:00+05:30,776727.6434518672,0
2026-08-13 10:10:00+05:30,776727.6434518672,0
2026-08-13 10:15:00+05:30,776727.6434518672,0
2026-08-13 10:20:00+05:30,776727.6434518672,0
2026-08-13 10:25:00+05:30,776727.6434518672,0
2026-08-13 10:30:00+05:30,776727.6434518672,0
2026-08-13 10:35:00+05:30,776727.6434518672,0
2026-08-13 10:40:00+05:30,776727.6434518672,0
2026-08-13 10:45:00+05:30,776727.6434518672,0
2026-08-13 10:50:00+05:30,776727.6434518672,0
2026-08-13 10:55:00+05:30,776727.6434518672,0
2026-08-13 11:00:00+05:30,776727.6434518672,0
2026-08-13 11:05:00+05:30,776727.6434518672,0
2026-08-13 11:10:00+05:30,776727.6434518672,0
2026-08-13 11:15:00+05:30,776727.6434518672,0
2026-08-13 11:20:00+05:30,776727.6434518672,0
2026-08-13 11:25:00+05:30,776727.6434518672,0
2026-08-13 11:30:00+05:30,776727.6434518672,0
2026-08-13 11:35:00+05:30,776727.6434518672,0
2026-08-13 11:40:00+05:30,776727.6434518672,0
2026-08-13 11:45:00+05:30,776727.6434518672,0
2026-08-13 11:50:00+05:30,776727.6434518672,0
2026-08-13 11:55:00+05:30,776727.6434518672,0
2026-08-13 12:00:00+05:30,778812.9041407784,1
2026-08-13 12:05:00+05:30,778107.7283595284,1
2026-08-13 12:10:00+05:30,777027.8455470284,1
2026-08-13 12:15:00+05:30,776502.8455470284,1
2026-08-13 12:20:00+05:30,777560.1697657784,1
2026-08-13 12:25:00+05:30,776682.7283595284,1
2026-08-13 12:30:00+05:30,777470.2283595284,1
2026-08-13 12:35:00+05:30,776240.3455470284,1
2026-08-13 12:40:00+05:30,776435.1697657784,1
2026-08-13 12:45:00+05:30,773540.3455470284,1
2026-08-13 12:50:00+05:30,771524.6976610303,0
2026-08-13 12:55:00+05:30,771524.6976610303,0
2026-08-13 13:00:00+05:30,771524.6976610303,0
2026-08-13 13:05:00+05:30,771524.6976610303,0
2026-08-13 13:10:00+05:30,771524.6976610303,0
2026-08-13 13:15:00+05:30,771524.6976610303,0
2026-08-13 13:20:00+05:30,771524.6976610303,0
2026-08-13 13:25:00+05:30,771524.6976610303,0
2026-08-13 13:30:00+05:30,771524.6976610303,0
2026-08-13 13:35:00+05:30,771524.6976610303,0
2026-08-13 13:40:00+05:30,771524.6976610303,0
2026-08-13 13:45:00+05:30,771524.6976610303,0
2026-08-13 13:50:00+05:30,771524.6976610303,0
2026-08-13 13:55:00+05:30,771524.6976610303,0
2026-08-13 14:00:00+05:30,771524.6976610303,0
2026-08-13 14:05:00+05:30,771524.6976610303,0
2026-08-13 14:10:00+05:30,771524.6976610303,0
2026-08-13 14:15:00+05:30,771524.6976610303,0
2026-08-13 14:20:00+05:30,771524.6976610303,0
2026-08-13 14:25:00+05:30,771524.6976610303,0
2026-08-13 14:30:00+05:30,771524.6976610303,0
2026-08-13 14:35:00+05:30,771524.6976610303,0
2026-08-13 14:40:00+05:30,771524.6976610303,0
2026-08-13 14:45:00+05:30,771524.6976610303,0
2026-08-13 14:50:00+05:30,771524.6976610303,0
2026-08-13 14:55:00+05:30,771524.6976610303,0
2026-08-13 15:00:00+05:30,771524.6976610303,0
2026-08-13 15:05:00+05:30,771524.6976610303,0
2026-08-13 15:10:00+05:30,771524.6976610303,0
2026-08-13 15:15:00+05:30,771524.6976610303,0
2026-08-13 15:20:00+05:30,771524.6976610303,0
2026-08-13 15:25:00+05:30,771524.6976610303,0
2026-08-14 09:15:00+05:30,771524.6976610303,0
2026-08-14 09:20:00+05:30,771524.6976610303,0
2026-08-14 09:25:00+05:30,771524.6976610303,0
2026-08-14 09:30:00+05:30,771524.6976610303,0
2026-08-14 09:35:00+05:30,771524.6976610303,0
2026-08-14 09:40:00+05:30,771524.6976610303,0
2026-08-14 09:45:00+05:30,771524.6976610303,0
2026-08-14 09:50:00+05:30,771524.6976610303,0
2026-08-14 09:55:00+05:30,771524.6976610303,0
2026-08-14 10:00:00+05:30,771524.6976610303,0
2026-08-14 10:05:00+05:30,771524.6976610303,0
2026-08-14 10:10:00+05:30,771524.6976610303,0
2026-08-14 10:15:00+05:30,771524.6976610303,0
2026-08-14 10:20:00+05:30,771524.6976610303,0
2026-08-14 10:25:00+05:30,771524.6976610303,0
2026-08-14 10:30:00+05:30,771524.6976610303,0
2026-08-14 10:35:00+05:30,771524.6976610303,0
2026-08-14 10:40:00+05:30,771524.6976610303,0
2026-08-14 10:45:00+05:30,771524.6976610303,0
2026-08-14 10:50:00+05:30,771524.6976610303,0
2026-08-14 10:55:00+05:30,771524.6976610303,0
2026-08-14 11:00:00+05:30,771524.6976610303,0
2026-08-14 11:05:00+05:30,771524.6976610303,0
2026-08-14 11:10:00+05:30,771524.6976610303,0
2026-08-14 11:15:00+05:30,771524.6976610303,0
2026-08-14 11:20:00+05:30,771524.6976610303,0
2026-08-14 11:25:00+05:30,771524.6976610303,0
2026-08-14 11:30:00+05:30,771524.6976610303,0
2026-08-14 11:35:00+05:30,771524.6976610303,0
2026-08-14 11:40:00+05:30,771524.6976610303,0
2026-08-14 11:45:00+05:30,771524.6976610303,0
2026-08-14 11:50:00+05:30,771524.6976610303,0
2026-08-14 11:55:00+05:30,771524.6976610303,0
2026-08-14 12:00:00+05:30,771524.6976610303,0
2026-08-14 12:05:00+05:30,771524.6976610303,0
2026-08-14 12:10:00+05:30,771524.6976610303,0
2026-08-14 12:15:00+05:30,771524.6976610303,0
2026-08-14 12:20:00+05:30,771524.6976610303,0
2026-08-14 12:25:00+05:30,771524.6976610303,0
2026-08-14 12:30:00+05:30,771524.6976610303,0
2026-08-14 12:35:00+05:30,771524.6976610303,0
2026-08-14 12:40:00+05:30,771524.6976610303,0
2026-08-14 12:45:00+05:30,771524.6976610303,0
2026-08-14 12:50:00+05:30,771524.6976610303,0
2026-08-14 12:55:00+05:30,771524.6976610303,0
2026-08-14 13:00:00+05:30,771524.6976610303,0
2026-08-14 13:05:00+05:30,771524.6976610303,0
2026-08-14 13:10:00+05:30,771524.6976610303,0
2026-08-14 13:15:00+05:30,771524.6976610303,0
2026-08-14 13:20:00+05:30,771524.6976610303,0
2026-08-14 13:25:00+05:30,771524.6976610303,0
2026-08-14 13:30:00+05:30,771524.6976610303,0
2026-08-14 13:35:00+05:30,771524.6976610303,0
2026-08-14 13:40:00+05:30,771524.6976610303,0
2026-08-14 13:45:00+05:30,771524.6976610303,0
2026-08-14 13:50:00+05:30,771524.6976610303,0
2026-08-14 13:55:00+05:30,771524.6976610303,0
2026-08-14 14:00:00+05:30,771524.6976610303,0
2026-08-14 14:05:00+05:30,771524.6976610303,0
2026-08-14 14:10:00+05:30,771524.6976610303,0
2026-08-14 14:15:00+05:30,771524.6976610303,0
2026-08-14 14:20:00+05:30,771524.6976610303,0
2026-08-14 14:25:00+05:30,771524.6976610303,0
2026-08-14 14:30:00+05:30,771524.6976610303,0
2026-08-14 14:35:00+05:30,771524.6976610303,0
2026-08-14 14:40:00+05:30,771524.6976610303,0
2026-08-14 14:45:00+05:30,771524.6976610303,0
2026-08-14 14:50:00+05:30,771524.6976610303,0
2026-08-14 14:55:00+05:30,771524.6976610303,0
2026-08-14 15:00:00+05:30,771524.6976610303,0
2026-08-14 15:05:00+05:30,771524.6976610303,0
2026-08-14 15:10:00+05:30,771524.6976610303,0
2026-08-14 15:15:00+05:30,771524.6976610303,0
2026-08-14 15:20:00+05:30,771524.6976610303,0
2026-08-14 15:25:00+05:30,771524.6976610303,0
