datetime,equity,exposure
2011-08-16 00:00:00+05:30,1000000.0,0
2011-08-17 00:00:00+05:30,1000000.0,0
2011-08-18 00:00:00+05:30,1000000.0,0
2011-08-19 00:00:00+05:30,1000000.0,0
2011-08-22 00:00:00+05:30,1000000.0,0
2011-08-23 00:00:00+05:30,1000000.0,0
2011-08-24 00:00:00+05:30,1000000.0,0
2011-08-25 00:00:00+05:30,1000000.0,0
2011-08-26 00:00:00+05:30,1000000.0,0
2011-08-29 00:00:00+05:30,1000000.0,0
2011-08-30 00:00:00+05:30,1000000.0,0
2011-09-02 00:00:00+05:30,1000000.0,0
2011-09-05 00:00:00+05:30,1000000.0,0
2011-09-06 00:00:00+05:30,1000000.0,0
2011-09-07 00:00:00+05:30,1000000.0,0
2011-09-08 00:00:00+05:30,1000000.0,0
2011-09-09 00:00:00+05:30,1000000.0,0
2011-09-12 00:00:00+05:30,1000000.0,0
2011-09-13 00:00:00+05:30,1000000.0,0
2011-09-14 00:00:00+05:30,1000000.0,0
2011-09-15 00:00:00+05:30,1000000.0,0
2011-09-16 00:00:00+05:30,1000000.0,0
2011-09-19 00:00:00+05:30,1000000.0,0
2011-09-20 00:00:00+05:30,1000000.0,0
2011-09-21 00:00:00+05:30,1000000.0,0
2011-09-22 00:00:00+05:30,1000000.0,0
2011-09-23 00:00:00+05:30,1000000.0,0
2011-09-26 00:00:00+05:30,1000000.0,0
2011-09-27 00:00:00+05:30,1000000.0,0
2011-09-28 00:00:00+05:30,1000000.0,0
2011-09-29 00:00:00+05:30,1000000.0,0
2011-09-30 00:00:00+05:30,1000000.0,0
2011-10-03 00:00:00+05:30,1000000.0,0
2011-10-04 00:00:00+05:30,1000000.0,0
2011-10-05 00:00:00+05:30,1000000.0,0
2011-10-07 00:00:00+05:30,1000000.0,0
2011-10-10 00:00:00+05:30,1000000.0,0
2011-10-11 00:00:00+05:30,1000000.0,0
2011-10-12 00:00:00+05:30,1000000.0,0
2011-10-13 00:00:00+05:30,1000000.0,0
2011-10-14 00:00:00+05:30,1000000.0,0
2011-10-17 00:00:00+05:30,1000000.0,0
2011-10-18 00:00:00+05:30,1000000.0,0
2011-10-19 00:00:00+05:30,1000000.0,0
2011-10-20 00:00:00+05:30,1000000.0,0
2011-10-21 00:00:00+05:30,1000000.0,0
2011-10-24 00:00:00+05:30,1000000.0,0
2011-10-25 00:00:00+05:30,1000000.0,0
2011-10-28 00:00:00+05:30,1000000.0,0
2011-10-31 00:00:00+05:30,1000000.0,0
2011-11-01 00:00:00+05:30,1000000.0,0
2011-11-02 00:00:00+05:30,1000000.0,0
2011-11-03 00:00:00+05:30,1000000.0,0
2011-11-04 00:00:00+05:30,1000000.0,0
2011-11-08 00:00:00+05:30,1000000.0,0
2011-11-09 00:00:00+05:30,1000000.0,0
2011-11-11 00:00:00+05:30,1000000.0,0
2011-11-14 00:00:00+05:30,1000000.0,0
2011-11-15 00:00:00+05:30,1000000.0,0
2011-11-16 00:00:00+05:30,1000000.0,0
2011-11-17 00:00:00+05:30,1000000.0,0
2011-11-18 00:00:00+05:30,1000000.0,0
2011-11-21 00:00:00+05:30,1000000.0,0
2011-11-22 00:00:00+05:30,1000000.0,0
2011-11-23 00:00:00+05:30,1000000.0,0
2011-11-25 00:00:00+05:30,1001420.5641556755,-1
2011-11-28 00:00:00+05:30,990826.8141556755,-1
2011-11-29 00:00:00+05:30,994291.7921830192,-1
2011-11-30 00:00:00+05:30,992270.5641556755,-1
2011-12-01 00:00:00+05:30,988037.7662278651,0
2011-12-02 00:00:00+05:30,988037.7662278651,0
2011-12-05 00:00:00+05:30,988037.7662278651,0
2011-12-07 00:00:00+05:30,988037.7662278651,0
2011-12-08 00:00:00+05:30,988037.7662278651,0
2011-12-09 00:00:00+05:30,988037.7662278651,0
2011-12-12 00:00:00+05:30,988037.7662278651,0
2011-12-13 00:00:00+05:30,988037.7662278651,0
2011-12-14 00:00:00+05:30,988037.7662278651,0
2011-12-15 00:00:00+05:30,988037.7662278651,0
2011-12-16 00:00:00+05:30,988037.7662278651,0
2011-12-19 00:00:00+05:30,988037.7662278651,0
2011-12-20 00:00:00+05:30,994737.5704362572,-1
2011-12-21 00:00:00+05:30,983566.3424089134,-1
2011-12-22 00:00:00+05:30,980513.8277604759,-1
2011-12-23 00:00:00+05:30,982002.5850846947,-1
2011-12-27 00:00:00+05:30,979265.0850846947,-1
2011-12-28 00:00:00+05:30,982617.5997331322,-1
2011-12-29 00:00:00+05:30,987083.8350846947,-1
2011-12-30 00:00:00+05:30,988730.0997331322,-1
2012-01-03 00:00:00+05:30,978155.0997331322,-1
2012-01-04 00:00:00+05:30,979328.8424089134,-1
2012-01-05 00:00:00+05:30,979306.3204362572,-1
2012-01-06 00:00:00+05:30,978995.0777604759,-1
2012-01-09 00:00:00+05:30,979842.5997331322,-1
2012-01-10 00:00:00+05:30,975292.6934825763,0
2012-01-11 00:00:00+05:30,975292.6934825763,0
2012-01-12 00:00:00+05:30,975292.6934825763,0
2012-01-13 00:00:00+05:30,975292.6934825763,0
2012-01-16 00:00:00+05:30,975292.6934825763,0
2012-01-17 00:00:00+05:30,975292.6934825763,0
2012-01-18 00:00:00+05:30,975292.6934825763,0
2012-01-19 00:00:00+05:30,975292.6934825763,0
2012-01-20 00:00:00+05:30,975292.6934825763,0
2012-01-23 00:00:00+05:30,975292.6934825763,0
2012-01-24 00:00:00+05:30,975292.6934825763,0
2012-01-25 00:00:00+05:30,975292.6934825763,0
2012-01-27 00:00:00+05:30,974270.8297137688,1
2012-01-30 00:00:00+05:30,966314.6647692075,0
2012-01-31 00:00:00+05:30,966314.6647692075,0
2012-02-01 00:00:00+05:30,966314.6647692075,0
2012-02-02 00:00:00+05:30,966030.5187501295,1
2012-02-03 00:00:00+05:30,970226.783398567,1
2012-02-06 00:00:00+05:30,972911.7687501295,1
2012-02-07 00:00:00+05:30,970924.2687501295,1
2012-02-08 00:00:00+05:30,973399.2687501295,1
2012-02-09 00:00:00+05:30,976714.283398567,1
2012-02-10 00:00:00+05:30,974408.033398567,1
2012-02-13 00:00:00+05:30,975053.0407227858,1
2012-02-14 00:00:00+05:30,976991.7614259108,1
2012-02-15 00:00:00+05:30,985684.2907227858,1
2012-02-16 00:00:00+05:30,984934.2907227858,1
2012-02-17 00:00:00+05:30,988110.5114259108,1
2012-02-21 00:00:00+05:30,991324.2687501295,1
2012-02-22 00:00:00+05:30,983689.283398567,1
2012-02-23 00:00:00+05:30,982035.5114259108,1
2012-02-24 00:00:00+05:30,977985.5114259108,1
2012-02-27 00:00:00+05:30,966084.2976545935,0
2012-02-28 00:00:00+05:30,966084.2976545935,0
2012-02-29 00:00:00+05:30,966084.2976545935,0
2012-03-01 00:00:00+05:30,966084.2976545935,0
2012-03-02 00:00:00+05:30,966084.2976545935,0
2012-03-05 00:00:00+05:30,966084.2976545935,0
2012-03-06 00:00:00+05:30,966084.2976545935,0
2012-03-07 00:00:00+05:30,966084.2976545935,0
2012-03-09 00:00:00+05:30,966084.2976545935,0
2012-03-12 00:00:00+05:30,966084.2976545935,0
2012-03-13 00:00:00+05:30,966084.2976545935,0
2012-03-14 00:00:00+05:30,966084.2976545935,0
2012-03-15 00:00:00+05:30,966084.2976545935,0
2012-03-16 00:00:00+05:30,966084.2976545935,0
2012-03-19 00:00:00+05:30,966084.2976545935,0
2012-03-20 00:00:00+05:30,966084.2976545935,0
2012-03-21 00:00:00+05:30,966084.2976545935,0
2012-03-22 00:00:00+05:30,966084.2976545935,0
2012-03-23 00:00:00+05:30,966084.2976545935,0
2012-03-26 00:00:00+05:30,966084.2976545935,0
2012-03-27 00:00:00+05:30,966084.2976545935,0
2012-03-28 00:00:00+05:30,966084.2976545935,0
2012-03-29 00:00:00+05:30,966084.2976545935,0
2012-03-30 00:00:00+05:30,966084.2976545935,0
2012-04-02 00:00:00+05:30,966084.2976545935,0
2012-04-03 00:00:00+05:30,966084.2976545935,0
2012-04-04 00:00:00+05:30,966084.2976545935,0
2012-04-09 00:00:00+05:30,966084.2976545935,0
2012-04-10 00:00:00+05:30,966084.2976545935,0
2012-04-11 00:00:00+05:30,966084.2976545935,0
2012-04-12 00:00:00+05:30,966084.2976545935,0
2012-04-13 00:00:00+05:30,966084.2976545935,0
2012-04-16 00:00:00+05:30,966084.2976545935,0
2012-04-17 00:00:00+05:30,966084.2976545935,0
2012-04-18 00:00:00+05:30,966084.2976545935,0
2012-04-19 00:00:00+05:30,966084.2976545935,0
2012-04-20 00:00:00+05:30,966084.2976545935,0
2012-04-23 00:00:00+05:30,966084.2976545935,0
2012-04-24 00:00:00+05:30,966084.2976545935,0
2012-04-25 00:00:00+05:30,966084.2976545935,0
2012-04-26 00:00:00+05:30,966084.2976545935,0
2012-04-27 00:00:00+05:30,966084.2976545935,0
2012-04-30 00:00:00+05:30,966084.2976545935,0
2012-05-02 00:00:00+05:30,966084.2976545935,0
2012-05-03 00:00:00+05:30,966084.2976545935,0
2012-05-04 00:00:00+05:30,966084.2976545935,0
2012-05-07 00:00:00+05:30,966084.2976545935,0
2012-05-08 00:00:00+05:30,966084.2976545935,0
2012-05-09 00:00:00+05:30,966084.2976545935,0
2012-05-10 00:00:00+05:30,967286.8456717583,-1
2012-05-11 00:00:00+05:30,970046.8676444145,-1
2012-05-14 00:00:00+05:30,971629.3749686333,-1
2012-05-15 00:00:00+05:30,969004.3749686333,-1
2012-05-16 00:00:00+05:30,975345.6103201958,-1
2012-05-17 00:00:00+05:30,974449.3456717583,-1
2012-05-18 00:00:00+05:30,972855.5956717583,-1
2012-05-22 00:00:00+05:30,975176.8603201958,-1
2012-05-23 00:00:00+05:30,977040.6176444145,-1
2012-05-24 00:00:00+05:30,970609.3676444145,-1
2012-05-25 00:00:00+05:30,970684.3676444145,-1
2012-05-28 00:00:00+05:30,965863.9842926583,0
2012-05-29 00:00:00+05:30,965863.9842926583,0
2012-05-30 00:00:00+05:30,965863.9842926583,0
2012-05-31 00:00:00+05:30,965863.9842926583,0
2012-06-01 00:00:00+05:30,965863.9842926583,0
2012-06-04 00:00:00+05:30,965863.9842926583,0
2012-06-05 00:00:00+05:30,965863.9842926583,0
2012-06-06 00:00:00+05:30,965863.9842926583,0
2012-06-07 00:00:00+05:30,965863.9842926583,0
2012-06-08 00:00:00+05:30,965863.9842926583,0
2012-06-11 00:00:00+05:30,965863.9842926583,0
2012-06-12 00:00:00+05:30,965863.9842926583,0
2012-06-13 00:00:00+05:30,965863.9842926583,0
2012-06-14 00:00:00+05:30,965863.9842926583,0
2012-06-15 00:00:00+05:30,965863.9842926583,0
2012-06-18 00:00:00+05:30,965863.9842926583,0
2012-06-19 00:00:00+05:30,965863.9842926583,0
2012-06-20 00:00:00+05:30,965863.9842926583,0
2012-06-21 00:00:00+05:30,965863.9842926583,0
2012-06-22 00:00:00+05:30,965863.9842926583,0
2012-06-25 00:00:00+05:30,965863.9842926583,0
2012-06-26 00:00:00+05:30,965863.9842926583,0
2012-06-27 00:00:00+05:30,965863.9842926583,0
2012-06-28 00:00:00+05:30,965863.9842926583,0
2012-06-29 00:00:00+05:30,965863.9842926583,0
2012-07-02 00:00:00+05:30,965350.8900099744,1
2012-07-03 00:00:00+05:30,966052.1473341931,1
2012-07-04 00:00:00+05:30,967147.1180373181,1
2012-07-05 00:00:00+05:30,969003.3680373181,1
2012-07-06 00:00:00+05:30,968227.1473341931,1
2012-07-09 00:00:00+05:30,965092.1253615369,1
2012-07-10 00:00:00+05:30,970357.1400099744,1
2012-07-11 00:00:00+05:30,967428.3680373181,1
2012-07-12 00:00:00+05:30,962099.6326857556,1
2012-07-13 00:00:00+05:30,961499.6326857556,1
2012-07-16 00:00:00+05:30,959249.6326857556,1
2012-07-17 00:00:00+05:30,958919.6400099744,1
2012-07-18 00:00:00+05:30,956962.4967091907,0
2012-07-19 00:00:00+05:30,956962.4967091907,0
2012-07-20 00:00:00+05:30,956962.4967091907,0
2012-07-23 00:00:00+05:30,956962.4967091907,0
2012-07-24 00:00:00+05:30,956962.4967091907,0
2012-07-25 00:00:00+05:30,956962.4967091907,0
2012-07-26 00:00:00+05:30,956962.4967091907,0
2012-07-27 00:00:00+05:30,956962.4967091907,0
2012-07-30 00:00:00+05:30,956962.4967091907,0
2012-07-31 00:00:00+05:30,956962.4967091907,0
2012-08-01 00:00:00+05:30,956962.4967091907,0
2012-08-02 00:00:00+05:30,956962.4967091907,0
2012-08-03 00:00:00+05:30,956962.4967091907,0
2012-08-06 00:00:00+05:30,956962.4967091907,0
2012-08-07 00:00:00+05:30,956962.4967091907,0
2012-08-08 00:00:00+05:30,956962.4967091907,0
2012-08-09 00:00:00+05:30,956962.4967091907,0
2012-08-10 00:00:00+05:30,956962.4967091907,0
2012-08-13 00:00:00+05:30,956962.4967091907,0
2012-08-14 00:00:00+05:30,956962.4967091907,0
2012-08-16 00:00:00+05:30,956962.4967091907,0
2012-08-17 00:00:00+05:30,956962.4967091907,0
2012-08-21 00:00:00+05:30,956962.4967091907,0
2012-08-22 00:00:00+05:30,956962.4967091907,0
2012-08-23 00:00:00+05:30,956962.4967091907,0
2012-08-24 00:00:00+05:30,956962.4967091907,0
2012-08-27 00:00:00+05:30,956962.4967091907,0
2012-08-29 00:00:00+05:30,956962.4967091907,0
2012-08-30 00:00:00+05:30,956962.4967091907,0
2012-08-31 00:00:00+05:30,956962.4967091907,0
2012-09-03 00:00:00+05:30,956962.4967091907,0
2012-09-04 00:00:00+05:30,956962.4967091907,0
2012-09-05 00:00:00+05:30,956962.4967091907,0
2012-09-06 00:00:00+05:30,956962.4967091907,0
2012-09-07 00:00:00+05:30,956962.4967091907,0
2012-09-10 00:00:00+05:30,956962.4967091907,0
2012-09-11 00:00:00+05:30,956962.4967091907,0
2012-09-12 00:00:00+05:30,956962.4967091907,0
2012-09-13 00:00:00+05:30,956962.4967091907,0
2012-09-14 00:00:00+05:30,956962.4967091907,0
2012-09-17 00:00:00+05:30,955205.598419773,1
2012-09-18 00:00:00+05:30,954459.3337713355,1
2012-09-20 00:00:00+05:30,949664.1013816058,0
2012-09-21 00:00:00+05:30,949664.1013816058,0
2012-09-24 00:00:00+05:30,947861.104929961,1
2012-09-25 00:00:00+05:30,948183.5902815235,1
2012-09-26 00:00:00+05:30,947399.8622541798,1
2012-09-27 00:00:00+05:30,946353.5976057423,1
2012-09-28 00:00:00+05:30,950388.5829573048,1
2012-10-01 00:00:00+05:30,951551.0829573048,1
2012-10-03 00:00:00+05:30,952484.8476057423,1
2012-10-04 00:00:00+05:30,956711.104929961,1
2012-10-05 00:00:00+05:30,949419.1475312446,0
2012-10-08 00:00:00+05:30,949419.1475312446,0
2012-10-09 00:00:00+05:30,949419.1475312446,0
2012-10-10 00:00:00+05:30,949419.1475312446,0
2012-10-11 00:00:00+05:30,949419.1475312446,0
2012-10-12 00:00:00+05:30,949419.1475312446,0
2012-10-15 00:00:00+05:30,949419.1475312446,0
2012-10-16 00:00:00+05:30,949419.1475312446,0
2012-10-17 00:00:00+05:30,949419.1475312446,0
2012-10-18 00:00:00+05:30,949419.1475312446,0
2012-10-19 00:00:00+05:30,949419.1475312446,0
2012-10-22 00:00:00+05:30,949419.1475312446,0
2012-10-23 00:00:00+05:30,949419.1475312446,0
2012-10-25 00:00:00+05:30,949419.1475312446,0
2012-10-29 00:00:00+05:30,949419.1475312446,0
2012-10-30 00:00:00+05:30,949419.1475312446,0
2012-10-31 00:00:00+05:30,949419.1475312446,0
2012-11-01 00:00:00+05:30,949419.1475312446,0
2012-11-02 00:00:00+05:30,949419.1475312446,0
2012-11-05 00:00:00+05:30,949419.1475312446,0
2012-11-06 00:00:00+05:30,949419.1475312446,0
2012-11-07 00:00:00+05:30,949419.1475312446,0
2012-11-08 00:00:00+05:30,949419.1475312446,0
2012-11-09 00:00:00+05:30,949419.1475312446,0
2012-11-12 00:00:00+05:30,949419.1475312446,0
2012-11-15 00:00:00+05:30,949419.1475312446,0
2012-11-16 00:00:00+05:30,949419.1475312446,0
2012-11-19 00:00:00+05:30,949419.1475312446,0
2012-11-20 00:00:00+05:30,949419.1475312446,0
2012-11-21 00:00:00+05:30,949419.1475312446,0
2012-11-22 00:00:00+05:30,949419.1475312446,0
2012-11-23 00:00:00+05:30,949419.1475312446,0
2012-11-26 00:00:00+05:30,949419.1475312446,0
2012-11-27 00:00:00+05:30,949419.1475312446,0
2012-11-29 00:00:00+05:30,949419.1475312446,0
2012-11-30 00:00:00+05:30,952578.5555205245,1
2012-12-03 00:00:00+05:30,951911.0628447433,1
2012-12-04 00:00:00+05:30,953283.5481963058,1
2012-12-05 00:00:00+05:30,954127.2981963058,1
2012-12-06 00:00:00+05:30,956407.290872087,1
2012-12-07 00:00:00+05:30,954644.790872087,1
2012-12-10 00:00:00+05:30,954757.290872087,1
2012-12-11 00:00:00+05:30,953999.7835478683,1
2012-12-12 00:00:00+05:30,953189.7981963058,1
2012-12-13 00:00:00+05:30,950452.2981963058,1
2012-12-14 00:00:00+05:30,952559.8055205245,1
2012-12-17 00:00:00+05:30,950932.290872087,1
2012-12-18 00:00:00+05:30,949169.1889983854,0
2012-12-19 00:00:00+05:30,949169.1889983854,0
2012-12-20 00:00:00+05:30,949169.1889983854,0
2012-12-21 00:00:00+05:30,949169.1889983854,0
2012-12-24 00:00:00+05:30,949169.1889983854,0
2012-12-26 00:00:00+05:30,949169.1889983854,0
2012-12-27 00:00:00+05:30,949169.1889983854,0
2012-12-28 00:00:00+05:30,949169.1889983854,0
2012-12-31 00:00:00+05:30,949169.1889983854,0
2013-01-02 00:00:00+05:30,949169.1889983854,0
2013-01-03 00:00:00+05:30,949169.1889983854,0
2013-01-04 00:00:00+05:30,949351.6294426519,1
2013-01-07 00:00:00+05:30,947270.3794426519,1
2013-01-08 00:00:00+05:30,948267.9014153081,1
2013-01-09 00:00:00+05:30,946002.8867668706,1
2013-01-10 00:00:00+05:30,945789.1294426519,1
2013-01-11 00:00:00+05:30,944487.8721184331,1
2013-01-14 00:00:00+05:30,949944.1221184331,1
2013-01-15 00:00:00+05:30,952385.3940910894,1
2013-01-16 00:00:00+05:30,948279.1440910894,1
2013-01-17 00:00:00+05:30,951080.4014153081,1
2013-01-18 00:00:00+05:30,952970.3794426519,1
2013-01-21 00:00:00+05:30,954312.8721184331,1
2013-01-22 00:00:00+05:30,951777.8867668706,1
2013-01-23 00:00:00+05:30,952212.8721184331,1
2013-01-24 00:00:00+05:30,948913.1174765857,0
2013-01-25 00:00:00+05:30,948913.1174765857,0
2013-01-28 00:00:00+05:30,948913.1174765857,0
2013-01-29 00:00:00+05:30,948913.1174765857,0
2013-01-30 00:00:00+05:30,948913.1174765857,0
2013-01-31 00:00:00+05:30,948913.1174765857,0
2013-02-01 00:00:00+05:30,948913.1174765857,0
2013-02-04 00:00:00+05:30,948913.1174765857,0
2013-02-05 00:00:00+05:30,948913.1174765857,0
2013-02-06 00:00:00+05:30,948913.1174765857,0
2013-02-07 00:00:00+05:30,948913.1174765857,0
2013-02-08 00:00:00+05:30,948913.1174765857,0
2013-02-11 00:00:00+05:30,948913.1174765857,0
2013-02-12 00:00:00+05:30,948913.1174765857,0
2013-02-13 00:00:00+05:30,948913.1174765857,0
2013-02-14 00:00:00+05:30,948913.1174765857,0
2013-02-15 00:00:00+05:30,948913.1174765857,0
2013-02-18 00:00:00+05:30,948913.1174765857,0
2013-02-19 00:00:00+05:30,948913.1174765857,0
2013-02-20 00:00:00+05:30,948913.1174765857,0
2013-02-21 00:00:00+05:30,948913.1174765857,0
2013-02-22 00:00:00+05:30,948913.1174765857,0
2013-02-25 00:00:00+05:30,948913.1174765857,0
2013-02-26 00:00:00+05:30,948913.1174765857,0
2013-02-27 00:00:00+05:30,947806.6207733651,-1
2013-02-28 00:00:00+05:30,955595.3780975839,-1
2013-03-01 00:00:00+05:30,953596.5988007089,-1
2013-03-04 00:00:00+05:30,955186.6134491464,-1
2013-03-05 00:00:00+05:30,948664.9918442963,0
2013-03-06 00:00:00+05:30,948664.9918442963,0
2013-03-07 00:00:00+05:30,948664.9918442963,0
2013-03-08 00:00:00+05:30,948664.9918442963,0
2013-03-11 00:00:00+05:30,948664.9918442963,0
2013-03-12 00:00:00+05:30,948664.9918442963,0
2013-03-13 00:00:00+05:30,948664.9918442963,0
2013-03-14 00:00:00+05:30,948664.9918442963,0
2013-03-15 00:00:00+05:30,948664.9918442963,0
2013-03-18 00:00:00+05:30,948664.9918442963,0
2013-03-19 00:00:00+05:30,948664.9918442963,0
2013-03-20 00:00:00+05:30,948664.9918442963,0
2013-03-21 00:00:00+05:30,948664.9918442963,0
2013-03-22 00:00:00+05:30,949096.178361391,-1
2013-03-25 00:00:00+05:30,950408.678361391,-1
2013-03-26 00:00:00+05:30,949827.428361391,-1
2013-03-28 00:00:00+05:30,946756.2003340472,-1
2013-04-01 00:00:00+05:30,945117.4430098285,-1
2013-04-02 00:00:00+05:30,941839.928361391,-1
2013-04-03 00:00:00+05:30,947479.9430098285,-1
2013-04-04 00:00:00+05:30,954841.1856856097,-1
2013-04-05 00:00:00+05:30,956453.6856856097,-1
2013-04-08 00:00:00+05:30,957226.1710371722,-1
2013-04-09 00:00:00+05:30,960814.928361391,-1
2013-04-10 00:00:00+05:30,956044.9210371722,-1
2013-04-11 00:00:00+05:30,953397.4356856097,-1
2013-04-12 00:00:00+05:30,958306.2003340472,-1
2013-04-15 00:00:00+05:30,955317.4430098285,-1
2013-04-16 00:00:00+05:30,948421.2112856722,0
2013-04-17 00:00:00+05:30,948421.2112856722,0
2013-04-18 00:00:00+05:30,948421.2112856722,0
2013-04-22 00:00:00+05:30,948421.2112856722,0
2013-04-23 00:00:00+05:30,948421.2112856722,0
2013-04-25 00:00:00+05:30,948421.2112856722,0
2013-04-26 00:00:00+05:30,948421.2112856722,0
2013-04-29 00:00:00+05:30,948421.2112856722,0
2013-04-30 00:00:00+05:30,948421.2112856722,0
2013-05-02 00:00:00+05:30,948421.2112856722,0
2013-05-03 00:00:00+05:30,944576.5080233426,1
2013-05-06 00:00:00+05:30,946605.2433749051,1
2013-05-07 00:00:00+05:30,952042.7433749051,1
2013-05-08 00:00:00+05:30,953973.9933749051,1
2013-05-09 00:00:00+05:30,952537.7506991238,1
2013-05-10 00:00:00+05:30,955882.7580233426,1
2013-05-13 00:00:00+05:30,948165.780773902,0
2013-05-14 00:00:00+05:30,948165.780773902,0
2013-05-15 00:00:00+05:30,948165.780773902,0
2013-05-16 00:00:00+05:30,951154.8784939192,1
2013-05-17 00:00:00+05:30,952459.8711697004,1
2013-05-20 00:00:00+05:30,950179.8784939192,1
2013-05-21 00:00:00+05:30,946969.8931423567,1
2013-05-22 00:00:00+05:30,945499.8858181379,1
2013-05-23 00:00:00+05:30,938724.1917857606,0
2013-05-24 00:00:00+05:30,938724.1917857606,0
2013-05-27 00:00:00+05:30,938724.1917857606,0
2013-05-28 00:00:00+05:30,938724.1917857606,0
2013-05-29 00:00:00+05:30,938724.1917857606,0
2013-05-30 00:00:00+05:30,938724.1917857606,0
2013-05-31 00:00:00+05:30,938724.1917857606,0
2013-06-03 00:00:00+05:30,938724.1917857606,0
2013-06-04 00:00:00+05:30,938724.1917857606,0
2013-06-05 00:00:00+05:30,938724.1917857606,0
2013-06-06 00:00:00+05:30,938724.1917857606,0
2013-06-07 00:00:00+05:30,938724.1917857606,0
2013-06-10 00:00:00+05:30,938724.1917857606,0
2013-06-11 00:00:00+05:30,938724.1917857606,0
2013-06-12 00:00:00+05:30,938724.1917857606,0
2013-06-13 00:00:00+05:30,938724.1917857606,0
2013-06-14 00:00:00+05:30,938724.1917857606,0
2013-06-17 00:00:00+05:30,938724.1917857606,0
2013-06-18 00:00:00+05:30,938724.1917857606,0
2013-06-19 00:00:00+05:30,938724.1917857606,0
2013-06-20 00:00:00+05:30,938724.1917857606,0
2013-06-21 00:00:00+05:30,936441.0294353232,-1
2013-06-24 00:00:00+05:30,942246.0221111045,-1
2013-06-25 00:00:00+05:30,940832.2647868857,-1
2013-06-26 00:00:00+05:30,942362.257462667,-1
2013-06-27 00:00:00+05:30,935338.5147868857,-1
2013-06-28 00:00:00+05:30,928634.7337133212,0
2013-07-01 00:00:00+05:30,928634.7337133212,0
2013-07-02 00:00:00+05:30,928634.7337133212,0
2013-07-03 00:00:00+05:30,928634.7337133212,0
2013-07-04 00:00:00+05:30,928634.7337133212,0
2013-07-05 00:00:00+05:30,928634.7337133212,0
2013-07-08 00:00:00+05:30,928634.7337133212,0
2013-07-09 00:00:00+05:30,928634.7337133212,0
2013-07-10 00:00:00+05:30,928634.7337133212,0
2013-07-11 00:00:00+05:30,928634.7337133212,0
2013-07-12 00:00:00+05:30,928634.7337133212,0
2013-07-15 00:00:00+05:30,928634.7337133212,0
2013-07-16 00:00:00+05:30,928634.7337133212,0
2013-07-17 00:00:00+05:30,928634.7337133212,0
2013-07-18 00:00:00+05:30,928634.7337133212,0
2013-07-19 00:00:00+05:30,928634.7337133212,0
2013-07-22 00:00:00+05:30,928634.7337133212,0
2013-07-23 00:00:00+05:30,928634.7337133212,0
2013-07-24 00:00:00+05:30,928634.7337133212,0
2013-07-25 00:00:00+05:30,928634.7337133212,0
2013-07-26 00:00:00+05:30,928634.7337133212,0
2013-07-29 00:00:00+05:30,928634.7337133212,0
2013-07-30 00:00:00+05:30,928634.7337133212,0
2013-07-31 00:00:00+05:30,928634.7337133212,0
2013-08-01 00:00:00+05:30,928634.7337133212,0
2013-08-02 00:00:00+05:30,928634.7337133212,0
2013-08-05 00:00:00+05:30,928634.7337133212,0
2013-08-06 00:00:00+05:30,928634.7337133212,0
2013-08-07 00:00:00+05:30,928634.7337133212,0
2013-08-08 00:00:00+05:30,924266.9194087102,-1
2013-08-12 00:00:00+05:30,920760.6694087102,-1
2013-08-13 00:00:00+05:30,918203.2054789555,0
2013-08-14 00:00:00+05:30,918203.2054789555,0
2013-08-16 00:00:00+05:30,918203.2054789555,0
2013-08-19 00:00:00+05:30,918203.2054789555,0
2013-08-20 00:00:00+05:30,914410.349587219,-1
2013-08-21 00:00:00+05:30,921827.878884094,-1
2013-08-22 00:00:00+05:30,913885.349587219,-1
2013-08-23 00:00:00+05:30,909137.8642356565,-1
2013-08-26 00:00:00+05:30,906264.2520227808,0
2013-08-27 00:00:00+05:30,906264.2520227808,0
2013-08-28 00:00:00+05:30,906264.2520227808,0
2013-08-29 00:00:00+05:30,906264.2520227808,0
2013-08-30 00:00:00+05:30,906264.2520227808,0
2013-09-02 00:00:00+05:30,906264.2520227808,0
2013-09-03 00:00:00+05:30,906264.2520227808,0
2013-09-04 00:00:00+05:30,906264.2520227808,0
2013-09-05 00:00:00+05:30,906264.2520227808,0
2013-09-06 00:00:00+05:30,906264.2520227808,0
2013-09-10 00:00:00+05:30,906264.2520227808,0
2013-09-11 00:00:00+05:30,906264.2520227808,0
2013-09-12 00:00:00+05:30,906264.2520227808,0
2013-09-13 00:00:00+05:30,906264.2520227808,0
2013-09-16 00:00:00+05:30,906264.2520227808,0
2013-09-17 00:00:00+05:30,906264.2520227808,0
2013-09-18 00:00:00+05:30,906264.2520227808,0
2013-09-19 00:00:00+05:30,906264.2520227808,0
2013-09-20 00:00:00+05:30,899196.3084913339,1
2013-09-23 00:00:00+05:30,891039.9984020537,0
2013-09-24 00:00:00+05:30,891039.9984020537,0
2013-09-25 00:00:00+05:30,891039.9984020537,0
2013-09-26 00:00:00+05:30,891039.9984020537,0
2013-09-27 00:00:00+05:30,891039.9984020537,0
2013-09-30 00:00:00+05:30,891039.9984020537,0
2013-10-01 00:00:00+05:30,891039.9984020537,0
2013-10-03 00:00:00+05:30,891039.9984020537,0
2013-10-04 00:00:00+05:30,891039.9984020537,0
2013-10-07 00:00:00+05:30,891039.9984020537,0
2013-10-08 00:00:00+05:30,891039.9984020537,0
2013-10-09 00:00:00+05:30,891039.9984020537,0
2013-10-10 00:00:00+05:30,891039.9984020537,0
2013-10-11 00:00:00+05:30,891039.9984020537,0
2013-10-14 00:00:00+05:30,891039.9984020537,0
2013-10-15 00:00:00+05:30,891039.9984020537,0
2013-10-17 00:00:00+05:30,891039.9984020537,0
2013-10-18 00:00:00+05:30,891039.9984020537,0
2013-10-21 00:00:00+05:30,891039.9984020537,0
2013-10-22 00:00:00+05:30,891039.9984020537,0
2013-10-23 00:00:00+05:30,891039.9984020537,0
2013-10-24 00:00:00+05:30,891039.9984020537,0
2013-10-25 00:00:00+05:30,891039.9984020537,0
2013-10-28 00:00:00+05:30,891039.9984020537,0
2013-10-29 00:00:00+05:30,891039.9984020537,0
2013-10-30 00:00:00+05:30,891039.9984020537,0
2013-10-31 00:00:00+05:30,891039.9984020537,0
2013-11-01 00:00:00+05:30,892211.1916866407,1
2013-11-05 00:00:00+05:30,888157.4197139845,1
2013-11-06 00:00:00+05:30,885307.4197139845,1
2013-11-07 00:00:00+05:30,883214.9270382032,1
2013-11-08 00:00:00+05:30,880388.2752371697,0
2013-11-11 00:00:00+05:30,880388.2752371697,0
2013-11-12 00:00:00+05:30,880388.2752371697,0
2013-11-13 00:00:00+05:30,880388.2752371697,0
2013-11-14 00:00:00+05:30,880388.2752371697,0
2013-11-18 00:00:00+05:30,880388.2752371697,0
2013-11-19 00:00:00+05:30,880388.2752371697,0
2013-11-20 00:00:00+05:30,880388.2752371697,0
2013-11-21 00:00:00+05:30,880388.2752371697,0
2013-11-22 00:00:00+05:30,880388.2752371697,0
2013-11-25 00:00:00+05:30,880388.2752371697,0
2013-11-26 00:00:00+05:30,880388.2752371697,0
2013-11-27 00:00:00+05:30,880388.2752371697,0
2013-11-28 00:00:00+05:30,880388.2752371697,0
2013-11-29 00:00:00+05:30,880388.2752371697,0
2013-12-02 00:00:00+05:30,880388.2752371697,0
2013-12-03 00:00:00+05:30,880388.2752371697,0
2013-12-04 00:00:00+05:30,880388.2752371697,0
2013-12-05 00:00:00+05:30,880388.2752371697,0
2013-12-06 00:00:00+05:30,880388.2752371697,0
2013-12-09 00:00:00+05:30,880388.2752371697,0
2013-12-10 00:00:00+05:30,880388.2752371697,0
2013-12-11 00:00:00+05:30,880388.2752371697,0
2013-12-12 00:00:00+05:30,880388.2752371697,0
2013-12-13 00:00:00+05:30,880388.2752371697,0
2013-12-16 00:00:00+05:30,880388.2752371697,0
2013-12-17 00:00:00+05:30,880388.2752371697,0
2013-12-18 00:00:00+05:30,880388.2752371697,0
2013-12-19 00:00:00+05:30,880388.2752371697,0
2013-12-20 00:00:00+05:30,880388.2752371697,0
2013-12-23 00:00:00+05:30,880388.2752371697,0
2013-12-24 00:00:00+05:30,880388.2752371697,0
2013-12-26 00:00:00+05:30,880388.2752371697,0
2013-12-27 00:00:00+05:30,880388.2752371697,0
2013-12-30 00:00:00+05:30,880388.2752371697,0
2013-12-31 00:00:00+05:30,880388.2752371697,0
2014-01-02 00:00:00+05:30,880388.2752371697,0
2014-01-03 00:00:00+05:30,880388.2752371697,0
2014-01-06 00:00:00+05:30,880388.2752371697,0
2014-01-07 00:00:00+05:30,880388.2752371697,0
2014-01-08 00:00:00+05:30,880388.2752371697,0
2014-01-09 00:00:00+05:30,880388.2752371697,0
2014-01-10 00:00:00+05:30,880388.2752371697,0
2014-01-13 00:00:00+05:30,880388.2752371697,0
2014-01-14 00:00:00+05:30,880388.2752371697,0
2014-01-15 00:00:00+05:30,880388.2752371697,0
2014-01-16 00:00:00+05:30,880388.2752371697,0
2014-01-17 00:00:00+05:30,880388.2752371697,0
2014-01-20 00:00:00+05:30,880388.2752371697,0
2014-01-21 00:00:00+05:30,880388.2752371697,0
2014-01-22 00:00:00+05:30,880388.2752371697,0
2014-01-23 00:00:00+05:30,880388.2752371697,0
2014-01-24 00:00:00+05:30,880388.2752371697,0
2014-01-27 00:00:00+05:30,880388.2752371697,0
2014-01-28 00:00:00+05:30,880388.2752371697,0
2014-01-29 00:00:00+05:30,880388.2752371697,0
2014-01-30 00:00:00+05:30,880388.2752371697,0
2014-01-31 00:00:00+05:30,880388.2752371697,0
2014-02-03 00:00:00+05:30,880388.2752371697,0
2014-02-04 00:00:00+05:30,880388.2752371697,0
2014-02-05 00:00:00+05:30,880388.2752371697,0
2014-02-06 00:00:00+05:30,880388.2752371697,0
2014-02-07 00:00:00+05:30,880388.2752371697,0
2014-02-10 00:00:00+05:30,880388.2752371697,0
2014-02-11 00:00:00+05:30,880388.2752371697,0
2014-02-12 00:00:00+05:30,880388.2752371697,0
2014-02-13 00:00:00+05:30,880388.2752371697,0
2014-02-14 00:00:00+05:30,880388.2752371697,0
2014-02-18 00:00:00+05:30,880388.2752371697,0
2014-02-19 00:00:00+05:30,880388.2752371697,0
2014-02-20 00:00:00+05:30,880388.2752371697,0
2014-02-21 00:00:00+05:30,880388.2752371697,0
2014-02-24 00:00:00+05:30,880388.2752371697,0
2014-02-25 00:00:00+05:30,880388.2752371697,0
2014-02-26 00:00:00+05:30,880388.2752371697,0
2014-02-28 00:00:00+05:30,880388.2752371697,0
2014-03-03 00:00:00+05:30,880388.2752371697,0
2014-03-04 00:00:00+05:30,880388.2752371697,0
2014-03-05 00:00:00+05:30,880388.2752371697,0
2014-03-06 00:00:00+05:30,880388.2752371697,0
2014-03-07 00:00:00+05:30,888700.9313715243,1
2014-03-10 00:00:00+05:30,889495.9386957431,1
2014-03-11 00:00:00+05:30,887594.6813715243,1
2014-03-12 00:00:00+05:30,887969.6813715243,1
2014-03-13 00:00:00+05:30,886184.6960199618,1
2014-03-14 00:00:00+05:30,887017.2033441806,1
2014-03-18 00:00:00+05:30,887950.9313715243,1
2014-03-19 00:00:00+05:30,888505.9240473056,1
2014-03-20 00:00:00+05:30,885434.6960199618,1
2014-03-21 00:00:00+05:30,886192.2033441806,1
2014-03-24 00:00:00+05:30,892964.6886957431,1
2014-03-25 00:00:00+05:30,893433.4386957431,1
2014-03-26 00:00:00+05:30,894307.1813715243,1
2014-03-27 00:00:00+05:30,897333.4386957431,1
2014-03-28 00:00:00+05:30,901394.6813715243,1
2014-03-31 00:00:00+05:30,902017.2033441806,1
2014-04-01 00:00:00+05:30,903280.9240473056,1
2014-04-02 00:00:00+05:30,905643.4240473056,1
2014-04-03 00:00:00+05:30,904409.6960199618,1
2014-04-04 00:00:00+05:30,901278.4460199618,1
2014-04-07 00:00:00+05:30,901330.9240473056,1
2014-04-09 00:00:00+05:30,908917.2033441806,1
2014-04-10 00:00:00+05:30,908932.1813715243,1
2014-04-11 00:00:00+05:30,907424.6740473056,1
2014-04-15 00:00:00+05:30,904184.6960199618,1
2014-04-16 00:00:00+05:30,899849.6740473056,1
2014-04-17 00:00:00+05:30,907657.1813715243,1
2014-04-21 00:00:00+05:30,910525.9313715243,1
2014-04-22 00:00:00+05:30,910353.4460199618,1
2014-04-23 00:00:00+05:30,912262.1740473056,1
2014-04-25 00:00:00+05:30,907908.4386957431,1
2014-04-28 00:00:00+05:30,906295.9386957431,1
2014-04-29 00:00:00+05:30,902845.9386957431,1
2014-04-30 00:00:00+05:30,901432.1813715243,1
2014-05-02 00:00:00+05:30,901312.1740473056,1
2014-05-05 00:00:00+05:30,901653.4460199618,1
2014-05-06 00:00:00+05:30,902849.6740473056,1
2014-05-07 00:00:00+05:30,898143.4240473056,1
2014-05-08 00:00:00+05:30,899210.2043082141,0
2014-05-09 00:00:00+05:30,899210.2043082141,0
2014-05-12 00:00:00+05:30,899210.2043082141,0
2014-05-13 00:00:00+05:30,901214.5634769313,1
2014-05-14 00:00:00+05:30,901214.5634769313,1
2014-05-15 00:00:00+05:30,902294.5561527126,1
2014-05-16 00:00:00+05:30,908283.3134769314,1
2014-05-19 00:00:00+05:30,912824.5488284939,1
2014-05-20 00:00:00+05:30,913720.8134769314,1
2014-05-21 00:00:00+05:30,912025.8061527127,1
2014-05-22 00:00:00+05:30,913788.3061527127,1
2014-05-23 00:00:00+05:30,920590.8208011502,1
2014-05-26 00:00:00+05:30,919987.0488284939,1
2014-05-27 00:00:00+05:30,916908.3134769314,1
2014-05-28 00:00:00+05:30,917782.0561527127,1
2014-05-29 00:00:00+05:30,910732.0561527127,1
2014-05-30 00:00:00+05:30,910304.5781253689,1
2014-06-02 00:00:00+05:30,920245.8134769314,1
2014-06-03 00:00:00+05:30,924247.0708011502,1
2014-06-04 00:00:00+05:30,923227.0634769314,1
2014-06-05 00:00:00+05:30,928615.8208011502,1
2014-06-06 00:00:00+05:30,936813.3061527127,1
2014-06-09 00:00:00+05:30,942153.3208011502,1
2014-06-10 00:00:00+05:30,942288.3061527127,1
2014-06-11 00:00:00+05:30,940072.0708011502,1
2014-06-12 00:00:00+05:30,941800.8061527127,1
2014-06-13 00:00:00+05:30,933715.8208011502,1
2014-06-16 00:00:00+05:30,933074.5488284939,1
2014-06-17 00:00:00+05:30,940435.8281253689,1
2014-06-18 00:00:00+05:30,934923.3281253689,1
2014-06-19 00:00:00+05:30,933610.8281253689,1
2014-06-20 00:00:00+05:30,931417.0781253689,1
2014-06-23 00:00:00+05:30,930059.5708011502,1
2014-06-24 00:00:00+05:30,936573.3281253689,1
2014-06-25 00:00:00+05:30,935752.0634769314,1
2014-06-26 00:00:00+05:30,930048.3281253689,1
2014-06-27 00:00:00+05:30,931218.2988284939,1
2014-06-30 00:00:00+05:30,938909.5708011502,1
2014-07-01 00:00:00+05:30,940660.8281253689,1
2014-07-02 00:00:00+05:30,947444.5561527127,1
2014-07-03 00:00:00+05:30,946668.2988284939,1
2014-07-04 00:00:00+05:30,949428.3208011502,1
2014-07-07 00:00:00+05:30,952094.5561527127,1
2014-07-08 00:00:00+05:30,939798.3281253689,1
2014-07-09 00:00:00+05:30,936933.3134769314,1
2014-07-10 00:00:00+05:30,935639.5634769314,1
2014-07-11 00:00:00+05:30,936602.4401777734,0
2014-07-14 00:00:00+05:30,936602.4401777734,0
2014-07-15 00:00:00+05:30,936602.4401777734,0
2014-07-16 00:00:00+05:30,936602.4401777734,0
2014-07-17 00:00:00+05:30,936602.4401777734,0
2014-07-18 00:00:00+05:30,936602.4401777734,0
2014-07-21 00:00:00+05:30,936602.4401777734,0
2014-07-22 00:00:00+05:30,936602.4401777734,0
2014-07-23 00:00:00+05:30,936602.4401777734,0
2014-07-24 00:00:00+05:30,936602.4401777734,0
2014-07-25 00:00:00+05:30,933605.7418288321,1
2014-07-28 00:00:00+05:30,930474.4918288321,1
2014-07-30 00:00:00+05:30,933676.9698561758,1
2014-07-31 00:00:00+05:30,928419.4625319571,1
2014-08-01 00:00:00+05:30,925892.8038146626,0
2014-08-04 00:00:00+05:30,925892.8038146626,0
2014-08-05 00:00:00+05:30,925892.8038146626,0
2014-08-06 00:00:00+05:30,925892.8038146626,0
2014-08-07 00:00:00+05:30,925892.8038146626,0
2014-08-08 00:00:00+05:30,925892.8038146626,0
2014-08-11 00:00:00+05:30,925892.8038146626,0
2014-08-12 00:00:00+05:30,925892.8038146626,0
2014-08-13 00:00:00+05:30,925892.8038146626,0
2014-08-14 00:00:00+05:30,925892.8038146626,0
2014-08-18 00:00:00+05:30,925892.8038146626,0
2014-08-19 00:00:00+05:30,925463.5363205997,1
2014-08-20 00:00:00+05:30,923798.5216721622,1
2014-08-21 00:00:00+05:30,924983.5436448185,1
2014-08-22 00:00:00+05:30,926641.0509690372,1
2014-08-25 00:00:00+05:30,926123.5216721622,1
2014-08-26 00:00:00+05:30,926007.2863205997,1
2014-08-27 00:00:00+05:30,928354.7716721622,1
2014-08-28 00:00:00+05:30,929727.2936448185,1
2014-09-01 00:00:00+05:30,935228.5509690373,1
2014-09-02 00:00:00+05:30,939379.7716721623,1
2014-09-03 00:00:00+05:30,941746.0436448186,1
2014-09-04 00:00:00+05:30,940347.3009690373,1
2014-09-05 00:00:00+05:30,939664.7936448186,1
2014-09-08 00:00:00+05:30,946193.5289963811,1
2014-09-09 00:00:00+05:30,944622.3009690373,1
2014-09-10 00:00:00+05:30,940208.5436448186,1
2014-09-11 00:00:00+05:30,939578.5509690373,1
2014-09-12 00:00:00+05:30,941063.5363205998,1
2014-09-15 00:00:00+05:30,936301.0363205998,1
2014-09-16 00:00:00+05:30,928118.528996381,1
2014-09-17 00:00:00+05:30,930737.9075743234,0
2014-09-18 00:00:00+05:30,930737.9075743234,0
2014-09-19 00:00:00+05:30,930737.9075743234,0
2014-09-22 00:00:00+05:30,930737.9075743234,0
2014-09-23 00:00:00+05:30,930737.9075743234,0
2014-09-24 00:00:00+05:30,930737.9075743234,0
2014-09-25 00:00:00+05:30,930737.9075743234,0
2014-09-26 00:00:00+05:30,930737.9075743234,0
2014-09-29 00:00:00+05:30,930737.9075743234,0
2014-09-30 00:00:00+05:30,930737.9075743234,0
2014-10-01 00:00:00+05:30,930737.9075743234,0
2014-10-07 00:00:00+05:30,930737.9075743234,0
2014-10-08 00:00:00+05:30,930737.9075743234,0
2014-10-09 00:00:00+05:30,930737.9075743234,0
2014-10-10 00:00:00+05:30,930737.9075743234,0
2014-10-13 00:00:00+05:30,930737.9075743234,0
2014-10-14 00:00:00+05:30,930737.9075743234,0
2014-10-16 00:00:00+05:30,930737.9075743234,0
2014-10-17 00:00:00+05:30,930737.9075743234,0
2014-10-20 00:00:00+05:30,930737.9075743234,0
2014-10-21 00:00:00+05:30,930737.9075743234,0
2014-10-22 00:00:00+05:30,930737.9075743234,0
2014-10-27 00:00:00+05:30,930737.9075743234,0
2014-10-28 00:00:00+05:30,930737.9075743234,0
2014-10-29 00:00:00+05:30,930737.9075743234,0
2014-10-30 00:00:00+05:30,930737.9075743234,0
2014-10-31 00:00:00+05:30,930737.9075743234,0
2014-11-03 00:00:00+05:30,928763.0376374185,1
2014-11-05 00:00:00+05:30,929824.243692106,1
2014-11-07 00:00:00+05:30,929726.7583405435,1
2014-11-10 00:00:00+05:30,930270.5083405435,1
2014-11-11 00:00:00+05:30,931650.5376374185,1
2014-11-12 00:00:00+05:30,933199.243692106,1
2014-11-13 00:00:00+05:30,931290.4790436685,1
2014-11-14 00:00:00+05:30,933694.2876374185,1
2014-11-17 00:00:00+05:30,936758.0083405435,1
2014-11-18 00:00:00+05:30,936394.2876374185,1
2014-11-19 00:00:00+05:30,933124.243692106,1
2014-11-20 00:00:00+05:30,934594.2876374185,1
2014-11-21 00:00:00+05:30,940252.9790436685,1
2014-11-24 00:00:00+05:30,944213.0376374185,1
2014-11-25 00:00:00+05:30,939184.2290436685,1
2014-11-26 00:00:00+05:30,940133.0083405435,1
2014-11-27 00:00:00+05:30,941516.772988981,1
2014-11-28 00:00:00+05:30,948570.5083405435,1
2014-12-01 00:00:00+05:30,946144.2876374185,1
2014-12-02 00:00:00+05:30,943804.272988981,1
2014-12-03 00:00:00+05:30,944775.5376374185,1
2014-12-04 00:00:00+05:30,946781.7876374185,1
2014-12-05 00:00:00+05:30,944824.243692106,1
2014-12-08 00:00:00+05:30,937320.5083405435,1
2014-12-09 00:00:00+05:30,930400.6700956924,0
2014-12-10 00:00:00+05:30,930400.6700956924,0
2014-12-11 00:00:00+05:30,930400.6700956924,0
2014-12-12 00:00:00+05:30,930400.6700956924,0
2014-12-15 00:00:00+05:30,930400.6700956924,0
2014-12-16 00:00:00+05:30,930400.6700956924,0
2014-12-17 00:00:00+05:30,930400.6700956924,0
2014-12-18 00:00:00+05:30,930400.6700956924,0
2014-12-19 00:00:00+05:30,930400.6700956924,0
2014-12-22 00:00:00+05:30,930400.6700956924,0
2014-12-23 00:00:00+05:30,930400.6700956924,0
2014-12-24 00:00:00+05:30,930400.6700956924,0
2014-12-26 00:00:00+05:30,930400.6700956924,0
2014-12-29 00:00:00+05:30,930400.6700956924,0
2014-12-30 00:00:00+05:30,930400.6700956924,0
2014-12-31 00:00:00+05:30,930400.6700956924,0
2015-01-02 00:00:00+05:30,930400.6700956924,0
2015-01-05 00:00:00+05:30,930400.6700956924,0
2015-01-06 00:00:00+05:30,930400.6700956924,0
2015-01-07 00:00:00+05:30,930400.6700956924,0
2015-01-08 00:00:00+05:30,930400.6700956924,0
2015-01-09 00:00:00+05:30,930400.6700956924,0
2015-01-12 00:00:00+05:30,930400.6700956924,0
2015-01-13 00:00:00+05:30,930400.6700956924,0
2015-01-14 00:00:00+05:30,930400.6700956924,0
2015-01-15 00:00:00+05:30,930400.6700956924,0
2015-01-16 00:00:00+05:30,930400.6700956924,0
2015-01-19 00:00:00+05:30,930400.6700956924,0
2015-01-20 00:00:00+05:30,930400.6700956924,0
2015-01-21 00:00:00+05:30,930400.6700956924,0
2015-01-22 00:00:00+05:30,930400.6700956924,0
2015-01-23 00:00:00+05:30,930790.812157572,1
2015-01-27 00:00:00+05:30,936408.341454447,1
2015-01-28 00:00:00+05:30,936693.3268060095,1
2015-01-29 00:00:00+05:30,939547.062157572,1
2015-01-30 00:00:00+05:30,930046.7630652341,0
2015-02-02 00:00:00+05:30,930046.7630652341,0
2015-02-03 00:00:00+05:30,930046.7630652341,0
2015-02-04 00:00:00+05:30,930046.7630652341,0
2015-02-05 00:00:00+05:30,930046.7630652341,0
2015-02-06 00:00:00+05:30,930046.7630652341,0
2015-02-09 00:00:00+05:30,930046.7630652341,0
2015-02-10 00:00:00+05:30,930046.7630652341,0
2015-02-11 00:00:00+05:30,930046.7630652341,0
2015-02-12 00:00:00+05:30,930046.7630652341,0
2015-02-13 00:00:00+05:30,930046.7630652341,0
2015-02-16 00:00:00+05:30,930046.7630652341,0
2015-02-18 00:00:00+05:30,930046.7630652341,0
2015-02-19 00:00:00+05:30,930046.7630652341,0
2015-02-20 00:00:00+05:30,930046.7630652341,0
2015-02-23 00:00:00+05:30,930046.7630652341,0
2015-02-24 00:00:00+05:30,930046.7630652341,0
2015-02-25 00:00:00+05:30,930046.7630652341,0
2015-02-26 00:00:00+05:30,930046.7630652341,0
2015-02-27 00:00:00+05:30,930046.7630652341,0
2015-03-02 00:00:00+05:30,930046.7630652341,0
2015-03-03 00:00:00+05:30,930046.7630652341,0
2015-03-04 00:00:00+05:30,917171.4700679643,0
2015-03-05 00:00:00+05:30,917171.4700679643,0
2015-03-09 00:00:00+05:30,917171.4700679643,0
2015-03-10 00:00:00+05:30,917171.4700679643,0
2015-03-11 00:00:00+05:30,917171.4700679643,0
2015-03-12 00:00:00+05:30,917171.4700679643,0
2015-03-13 00:00:00+05:30,917171.4700679643,0
2015-03-16 00:00:00+05:30,917171.4700679643,0
2015-03-17 00:00:00+05:30,917171.4700679643,0
2015-03-18 00:00:00+05:30,917171.4700679643,0
2015-03-19 00:00:00+05:30,917171.4700679643,0
2015-03-20 00:00:00+05:30,917171.4700679643,0
2015-03-23 00:00:00+05:30,917171.4700679643,0
2015-03-24 00:00:00+05:30,917171.4700679643,0
2015-03-25 00:00:00+05:30,917171.4700679643,0
2015-03-26 00:00:00+05:30,917171.4700679643,0
2015-03-27 00:00:00+05:30,917171.4700679643,0
2015-03-30 00:00:00+05:30,917171.4700679643,0
2015-03-31 00:00:00+05:30,917171.4700679643,0
2015-04-01 00:00:00+05:30,917171.4700679643,0
2015-04-06 00:00:00+05:30,917171.4700679643,0
2015-04-07 00:00:00+05:30,917171.4700679643,0
2015-04-08 00:00:00+05:30,917171.4700679643,0
2015-04-09 00:00:00+05:30,917171.4700679643,0
2015-04-10 00:00:00+05:30,917171.4700679643,0
2015-04-13 00:00:00+05:30,917171.4700679643,0
2015-04-16 00:00:00+05:30,917171.4700679643,0
2015-04-17 00:00:00+05:30,917171.4700679643,0
2015-04-20 00:00:00+05:30,917171.4700679643,0
2015-04-21 00:00:00+05:30,917171.4700679643,0
2015-04-22 00:00:00+05:30,917171.4700679643,0
2015-04-23 00:00:00+05:30,917171.4700679643,0
2015-04-24 00:00:00+05:30,917171.4700679643,0
2015-04-27 00:00:00+05:30,917171.4700679643,0
2015-04-28 00:00:00+05:30,917171.4700679643,0
2015-04-29 00:00:00+05:30,917171.4700679643,0
2015-04-30 00:00:00+05:30,917171.4700679643,0
2015-05-04 00:00:00+05:30,909245.1376557322,-1
2015-05-05 00:00:00+05:30,909781.4169526072,-1
2015-05-06 00:00:00+05:30,926866.4023041697,-1
2015-05-07 00:00:00+05:30,929843.9169526072,-1
2015-05-08 00:00:00+05:30,919778.9023041697,-1
2015-05-11 00:00:00+05:30,916838.4175919155,0
2015-05-12 00:00:00+05:30,916838.4175919155,0
2015-05-13 00:00:00+05:30,916838.4175919155,0
2015-05-14 00:00:00+05:30,916838.4175919155,0
2015-05-15 00:00:00+05:30,916838.4175919155,0
2015-05-18 00:00:00+05:30,916838.4175919155,0
2015-05-19 00:00:00+05:30,916838.4175919155,0
2015-05-20 00:00:00+05:30,916838.4175919155,0
2015-05-21 00:00:00+05:30,916838.4175919155,0
2015-05-22 00:00:00+05:30,916838.4175919155,0
2015-05-25 00:00:00+05:30,916838.4175919155,0
2015-05-26 00:00:00+05:30,916838.4175919155,0
2015-05-27 00:00:00+05:30,916838.4175919155,0
2015-05-28 00:00:00+05:30,916838.4175919155,0
2015-05-29 00:00:00+05:30,916838.4175919155,0
2015-06-01 00:00:00+05:30,916838.4175919155,0
2015-06-02 00:00:00+05:30,916838.4175919155,0
2015-06-03 00:00:00+05:30,916838.4175919155,0
2015-06-04 00:00:00+05:30,916838.4175919155,0
2015-06-05 00:00:00+05:30,916838.4175919155,0
2015-06-08 00:00:00+05:30,916838.4175919155,0
2015-06-09 00:00:00+05:30,916838.4175919155,0
2015-06-10 00:00:00+05:30,909038.6022817667,-1
2015-06-11 00:00:00+05:30,920971.1096059855,-1
2015-06-12 00:00:00+05:30,919654.874254423,-1
2015-06-15 00:00:00+05:30,917329.874254423,-1
2015-06-16 00:00:00+05:30,914824.8815786417,-1
2015-06-17 00:00:00+05:30,911506.1315786417,-1
2015-06-18 00:00:00+05:30,904357.7553679039,0
2015-06-19 00:00:00+05:30,904357.7553679039,0
2015-06-22 00:00:00+05:30,904357.7553679039,0
2015-06-23 00:00:00+05:30,904357.7553679039,0
2015-06-24 00:00:00+05:30,904357.7553679039,0
2015-06-25 00:00:00+05:30,904357.7553679039,0
2015-06-26 00:00:00+05:30,904357.7553679039,0
2015-06-29 00:00:00+05:30,904357.7553679039,0
2015-06-30 00:00:00+05:30,904357.7553679039,0
2015-07-01 00:00:00+05:30,904357.7553679039,0
2015-07-02 00:00:00+05:30,904357.7553679039,0
2015-07-03 00:00:00+05:30,904357.7553679039,0
2015-07-06 00:00:00+05:30,904357.7553679039,0
2015-07-07 00:00:00+05:30,904357.7553679039,0
2015-07-08 00:00:00+05:30,904357.7553679039,0
2015-07-09 00:00:00+05:30,904357.7553679039,0
2015-07-10 00:00:00+05:30,904357.7553679039,0
2015-07-13 00:00:00+05:30,904357.7553679039,0
2015-07-14 00:00:00+05:30,904357.7553679039,0
2015-07-15 00:00:00+05:30,904357.7553679039,0
2015-07-16 00:00:00+05:30,904357.7553679039,0
2015-07-17 00:00:00+05:30,904357.7553679039,0
2015-07-20 00:00:00+05:30,904357.7553679039,0
2015-07-21 00:00:00+05:30,904357.7553679039,0
2015-07-22 00:00:00+05:30,904357.7553679039,0
2015-07-23 00:00:00+05:30,904357.7553679039,0
2015-07-24 00:00:00+05:30,904357.7553679039,0
2015-07-27 00:00:00+05:30,904357.7553679039,0
2015-07-28 00:00:00+05:30,904357.7553679039,0
2015-07-29 00:00:00+05:30,904357.7553679039,0
2015-07-30 00:00:00+05:30,904357.7553679039,0
2015-07-31 00:00:00+05:30,904357.7553679039,0
2015-08-03 00:00:00+05:30,904357.7553679039,0
2015-08-04 00:00:00+05:30,904357.7553679039,0
2015-08-05 00:00:00+05:30,904357.7553679039,0
2015-08-06 00:00:00+05:30,904357.7553679039,0
2015-08-07 00:00:00+05:30,904357.7553679039,0
2015-08-10 00:00:00+05:30,904357.7553679039,0
2015-08-11 00:00:00+05:30,904357.7553679039,0
2015-08-12 00:00:00+05:30,904357.7553679039,0
2015-08-13 00:00:00+05:30,904357.7553679039,0
2015-08-14 00:00:00+05:30,904357.7553679039,0
2015-08-17 00:00:00+05:30,904357.7553679039,0
2015-08-18 00:00:00+05:30,904357.7553679039,0
2015-08-19 00:00:00+05:30,904357.7553679039,0
2015-08-20 00:00:00+05:30,904357.7553679039,0
2015-08-21 00:00:00+05:30,904357.7553679039,0
2015-08-24 00:00:00+05:30,904357.7553679039,0
2015-08-25 00:00:00+05:30,904357.7553679039,0
2015-08-26 00:00:00+05:30,904357.7553679039,0
2015-08-27 00:00:00+05:30,904357.7553679039,0
2015-08-28 00:00:00+05:30,904357.7553679039,0
2015-08-31 00:00:00+05:30,904357.7553679039,0
2015-09-01 00:00:00+05:30,904357.7553679039,0
2015-09-02 00:00:00+05:30,904357.7553679039,0
2015-09-03 00:00:00+05:30,904357.7553679039,0
2015-09-04 00:00:00+05:30,904357.7553679039,0
2015-09-07 00:00:00+05:30,913619.9297661787,-1
2015-09-08 00:00:00+05:30,903911.1651177412,-1
2015-09-09 00:00:00+05:30,894134.9077935225,-1
2015-09-10 00:00:00+05:30,896422.4077935225,-1
2015-09-11 00:00:00+05:30,896332.4297661787,-1
2015-09-14 00:00:00+05:30,890111.1651177412,-1
2015-09-15 00:00:00+05:30,893347.4077935225,-1
2015-09-16 00:00:00+05:30,886966.208692261,0
2015-09-18 00:00:00+05:30,886966.208692261,0
2015-09-21 00:00:00+05:30,886966.208692261,0
2015-09-22 00:00:00+05:30,886966.208692261,0
2015-09-23 00:00:00+05:30,886966.208692261,0
2015-09-24 00:00:00+05:30,886966.208692261,0
2015-09-28 00:00:00+05:30,886966.208692261,0
2015-09-29 00:00:00+05:30,886966.208692261,0
2015-09-30 00:00:00+05:30,886966.208692261,0
2015-10-01 00:00:00+05:30,886966.208692261,0
2015-10-05 00:00:00+05:30,886966.208692261,0
2015-10-06 00:00:00+05:30,886966.208692261,0
2015-10-07 00:00:00+05:30,886966.208692261,0
2015-10-08 00:00:00+05:30,886966.208692261,0
2015-10-09 00:00:00+05:30,886966.208692261,0
2015-10-12 00:00:00+05:30,886966.208692261,0
2015-10-13 00:00:00+05:30,886966.208692261,0
2015-10-14 00:00:00+05:30,886966.208692261,0
2015-10-15 00:00:00+05:30,886966.208692261,0
2015-10-16 00:00:00+05:30,886966.208692261,0
2015-10-19 00:00:00+05:30,886966.208692261,0
2015-10-20 00:00:00+05:30,886966.208692261,0
2015-10-21 00:00:00+05:30,886966.208692261,0
2015-10-23 00:00:00+05:30,886966.208692261,0
2015-10-26 00:00:00+05:30,886966.208692261,0
2015-10-27 00:00:00+05:30,886966.208692261,0
2015-10-28 00:00:00+05:30,886966.208692261,0
2015-10-29 00:00:00+05:30,886966.208692261,0
2015-10-30 00:00:00+05:30,886966.208692261,0
2015-11-02 00:00:00+05:30,886966.208692261,0
2015-11-03 00:00:00+05:30,886966.208692261,0
2015-11-04 00:00:00+05:30,886966.208692261,0
2015-11-05 00:00:00+05:30,886966.208692261,0
2015-11-06 00:00:00+05:30,886966.208692261,0
2015-11-09 00:00:00+05:30,886966.208692261,0
2015-11-10 00:00:00+05:30,893762.2987065269,-1
2015-11-13 00:00:00+05:30,895344.8060307456,-1
2015-11-16 00:00:00+05:30,892018.5487065269,-1
2015-11-17 00:00:00+05:30,889697.3206791831,-1
2015-11-18 00:00:00+05:30,897628.5706791831,-1
2015-11-19 00:00:00+05:30,889307.3060307456,-1
2015-11-20 00:00:00+05:30,886645.3977729256,0
2015-11-23 00:00:00+05:30,886645.3977729256,0
2015-11-24 00:00:00+05:30,886645.3977729256,0
2015-11-26 00:00:00+05:30,886645.3977729256,0
2015-11-27 00:00:00+05:30,886645.3977729256,0
2015-11-30 00:00:00+05:30,886645.3977729256,0
2015-12-01 00:00:00+05:30,886645.3977729256,0
2015-12-02 00:00:00+05:30,886645.3977729256,0
2015-12-03 00:00:00+05:30,886645.3977729256,0
2015-12-04 00:00:00+05:30,886645.3977729256,0
2015-12-07 00:00:00+05:30,886645.3977729256,0
2015-12-08 00:00:00+05:30,886645.3977729256,0
2015-12-09 00:00:00+05:30,892603.4951050499,-1
2015-12-10 00:00:00+05:30,887293.5097534874,-1
2015-12-11 00:00:00+05:30,892757.2304566124,-1
2015-12-14 00:00:00+05:30,889787.2597534874,-1
2015-12-15 00:00:00+05:30,886330.9116954852,0
2015-12-16 00:00:00+05:30,886330.9116954852,0
2015-12-17 00:00:00+05:30,886330.9116954852,0
2015-12-18 00:00:00+05:30,886330.9116954852,0
2015-12-21 00:00:00+05:30,886330.9116954852,0
2015-12-22 00:00:00+05:30,886330.9116954852,0
2015-12-23 00:00:00+05:30,886330.9116954852,0
2015-12-24 00:00:00+05:30,886330.9116954852,0
2015-12-28 00:00:00+05:30,886330.9116954852,0
2015-12-29 00:00:00+05:30,886330.9116954852,0
2015-12-30 00:00:00+05:30,886330.9116954852,0
2015-12-31 00:00:00+05:30,886330.9116954852,0
2016-01-04 00:00:00+05:30,886330.9116954852,0
2016-01-05 00:00:00+05:30,886330.9116954852,0
2016-01-06 00:00:00+05:30,886330.9116954852,0
2016-01-07 00:00:00+05:30,886330.9116954852,0
2016-01-08 00:00:00+05:30,886330.9116954852,0
2016-01-11 00:00:00+05:30,886330.9116954852,0
2016-01-12 00:00:00+05:30,886330.9116954852,0
2016-01-13 00:00:00+05:30,886330.9116954852,0
2016-01-14 00:00:00+05:30,886330.9116954852,0
2016-01-15 00:00:00+05:30,886330.9116954852,0
2016-01-18 00:00:00+05:30,886330.9116954852,0
2016-01-19 00:00:00+05:30,882076.4050712528,-1
2016-01-20 00:00:00+05:30,891511.4270439091,-1
2016-01-21 00:00:00+05:30,893948.9270439091,-1
2016-01-22 00:00:00+05:30,883025.1477470341,-1
2016-01-25 00:00:00+05:30,881997.6697196903,-1
2016-01-27 00:00:00+05:30,881877.6623954716,-1
2016-01-28 00:00:00+05:30,882860.1697196903,-1
2016-01-29 00:00:00+05:30,874144.1493581589,0
2016-02-01 00:00:00+05:30,874144.1493581589,0
2016-02-02 00:00:00+05:30,874144.1493581589,0
2016-02-03 00:00:00+05:30,874144.1493581589,0
2016-02-04 00:00:00+05:30,874144.1493581589,0
2016-02-05 00:00:00+05:30,874144.1493581589,0
2016-02-08 00:00:00+05:30,874144.1493581589,0
2016-02-09 00:00:00+05:30,874144.1493581589,0
2016-02-10 00:00:00+05:30,874144.1493581589,0
2016-02-11 00:00:00+05:30,890936.5487088094,-1
2016-02-12 00:00:00+05:30,890591.5413845907,-1
2016-02-15 00:00:00+05:30,876941.5413845907,-1
2016-02-16 00:00:00+05:30,873846.7483298241,0
2016-02-17 00:00:00+05:30,873846.7483298241,0
2016-02-18 00:00:00+05:30,873846.7483298241,0
2016-02-19 00:00:00+05:30,873846.7483298241,0
2016-02-22 00:00:00+05:30,873846.7483298241,0
2016-02-23 00:00:00+05:30,873846.7483298241,0
2016-02-24 00:00:00+05:30,873846.7483298241,0
2016-02-25 00:00:00+05:30,873846.7483298241,0
2016-02-26 00:00:00+05:30,873846.7483298241,0
2016-02-29 00:00:00+05:30,873846.7483298241,0
2016-03-01 00:00:00+05:30,873846.7483298241,0
2016-03-02 00:00:00+05:30,873846.7483298241,0
2016-03-03 00:00:00+05:30,873846.7483298241,0
2016-03-04 00:00:00+05:30,873846.7483298241,0
2016-03-08 00:00:00+05:30,873846.7483298241,0
2016-03-09 00:00:00+05:30,873846.7483298241,0
2016-03-10 00:00:00+05:30,873846.7483298241,0
2016-03-11 00:00:00+05:30,873846.7483298241,0
2016-03-14 00:00:00+05:30,873846.7483298241,0
2016-03-15 00:00:00+05:30,873846.7483298241,0
2016-03-16 00:00:00+05:30,873846.7483298241,0
2016-03-17 00:00:00+05:30,873846.7483298241,0
2016-03-18 00:00:00+05:30,873846.7483298241,0
2016-03-21 00:00:00+05:30,873846.7483298241,0
2016-03-22 00:00:00+05:30,873846.7483298241,0
2016-03-23 00:00:00+05:30,873846.7483298241,0
2016-03-28 00:00:00+05:30,873846.7483298241,0
2016-03-29 00:00:00+05:30,873846.7483298241,0
2016-03-30 00:00:00+05:30,873846.7483298241,0
2016-03-31 00:00:00+05:30,873846.7483298241,0
2016-04-01 00:00:00+05:30,873846.7483298241,0
2016-04-04 00:00:00+05:30,873846.7483298241,0
2016-04-05 00:00:00+05:30,873846.7483298241,0
2016-04-06 00:00:00+05:30,873846.7483298241,0
2016-04-07 00:00:00+05:30,873846.7483298241,0
2016-04-08 00:00:00+05:30,873846.7483298241,0
2016-04-11 00:00:00+05:30,873846.7483298241,0
2016-04-12 00:00:00+05:30,873846.7483298241,0
2016-04-13 00:00:00+05:30,873846.7483298241,0
2016-04-18 00:00:00+05:30,873846.7483298241,0
2016-04-20 00:00:00+05:30,873846.7483298241,0
2016-04-21 00:00:00+05:30,873846.7483298241,0
2016-04-22 00:00:00+05:30,873846.7483298241,0
2016-04-25 00:00:00+05:30,873846.7483298241,0
2016-04-26 00:00:00+05:30,873846.7483298241,0
2016-04-27 00:00:00+05:30,873846.7483298241,0
2016-04-28 00:00:00+05:30,864667.5349822019,1
2016-04-29 00:00:00+05:30,862777.4674935198,0
2016-05-02 00:00:00+05:30,862777.4674935198,0
2016-05-03 00:00:00+05:30,862777.4674935198,0
2016-05-04 00:00:00+05:30,862777.4674935198,0
2016-05-05 00:00:00+05:30,862777.4674935198,0
2016-05-06 00:00:00+05:30,862777.4674935198,0
2016-05-09 00:00:00+05:30,862777.4674935198,0
2016-05-10 00:00:00+05:30,862777.4674935198,0
2016-05-11 00:00:00+05:30,862777.4674935198,0
2016-05-12 00:00:00+05:30,862777.4674935198,0
2016-05-13 00:00:00+05:30,862777.4674935198,0
2016-05-16 00:00:00+05:30,862777.4674935198,0
2016-05-17 00:00:00+05:30,862777.4674935198,0
2016-05-18 00:00:00+05:30,862777.4674935198,0
2016-05-19 00:00:00+05:30,862777.4674935198,0
2016-05-20 00:00:00+05:30,862777.4674935198,0
2016-05-23 00:00:00+05:30,862777.4674935198,0
2016-05-24 00:00:00+05:30,862777.4674935198,0
2016-05-25 00:00:00+05:30,862777.4674935198,0
2016-05-26 00:00:00+05:30,862777.4674935198,0
2016-05-27 00:00:00+05:30,862777.4674935198,0
2016-05-30 00:00:00+05:30,862777.4674935198,0
2016-05-31 00:00:00+05:30,862777.4674935198,0
2016-06-01 00:00:00+05:30,862777.4674935198,0
2016-06-02 00:00:00+05:30,862777.4674935198,0
2016-06-03 00:00:00+05:30,860699.415615009,1
2016-06-06 00:00:00+05:30,859218.165615009,1
2016-06-07 00:00:00+05:30,864123.194911884,1
2016-06-08 00:00:00+05:30,864618.165615009,1
2016-06-09 00:00:00+05:30,859409.4009665715,1
2016-06-10 00:00:00+05:30,856893.165615009,1
2016-06-13 00:00:00+05:30,852140.1853509687,0
2016-06-14 00:00:00+05:30,852140.1853509687,0
2016-06-15 00:00:00+05:30,852140.1853509687,0
2016-06-16 00:00:00+05:30,852140.1853509687,0
2016-06-17 00:00:00+05:30,852140.1853509687,0
2016-06-20 00:00:00+05:30,852140.1853509687,0
2016-06-21 00:00:00+05:30,852140.1853509687,0
2016-06-22 00:00:00+05:30,852140.1853509687,0
2016-06-23 00:00:00+05:30,852140.1853509687,0
2016-06-24 00:00:00+05:30,852140.1853509687,0
2016-06-27 00:00:00+05:30,852140.1853509687,0
2016-06-28 00:00:00+05:30,852140.1853509687,0
2016-06-29 00:00:00+05:30,852140.1853509687,0
2016-06-30 00:00:00+05:30,852140.1853509687,0
2016-07-01 00:00:00+05:30,852140.1853509687,0
2016-07-04 00:00:00+05:30,852140.1853509687,0
2016-07-05 00:00:00+05:30,852140.1853509687,0
2016-07-07 00:00:00+05:30,852140.1853509687,0
2016-07-08 00:00:00+05:30,852140.1853509687,0
2016-07-11 00:00:00+05:30,852140.1853509687,0
2016-07-12 00:00:00+05:30,852140.1853509687,0
2016-07-13 00:00:00+05:30,852140.1853509687,0
2016-07-14 00:00:00+05:30,852140.1853509687,0
2016-07-15 00:00:00+05:30,852140.1853509687,0
2016-07-18 00:00:00+05:30,852140.1853509687,0
2016-07-19 00:00:00+05:30,852140.1853509687,0
2016-07-20 00:00:00+05:30,852140.1853509687,0
2016-07-21 00:00:00+05:30,852140.1853509687,0
2016-07-22 00:00:00+05:30,852140.1853509687,0
2016-07-25 00:00:00+05:30,852140.1853509687,0
2016-07-26 00:00:00+05:30,848727.6695963483,1
2016-07-27 00:00:00+05:30,850613.8756510358,1
2016-07-28 00:00:00+05:30,854401.3756510358,1
2016-07-29 00:00:00+05:30,852316.3902994733,1
2016-08-01 00:00:00+05:30,852170.1256510358,1
2016-08-02 00:00:00+05:30,851146.4195963483,1
2016-08-03 00:00:00+05:30,845292.6110025983,1
2016-08-04 00:00:00+05:30,845761.3610025983,1
2016-08-05 00:00:00+05:30,855665.1695963483,1
2016-08-08 00:00:00+05:30,857780.1110025983,1
2016-08-09 00:00:00+05:30,855297.6402994733,1
2016-08-10 00:00:00+05:30,847576.3756510358,1
2016-08-11 00:00:00+05:30,848840.1695963483,1
2016-08-16 00:00:00+05:30,852620.1256510358,1
2016-08-17 00:00:00+05:30,851232.6256510358,1
2016-08-18 00:00:00+05:30,854922.6402994733,1
2016-08-19 00:00:00+05:30,854446.4195963483,1
2016-08-22 00:00:00+05:30,851615.1695963483,1
2016-08-23 00:00:00+05:30,851873.8610025983,1
2016-08-24 00:00:00+05:30,853201.3756510358,1
2016-08-25 00:00:00+05:30,848843.9049479108,1
2016-08-26 00:00:00+05:30,847370.1256510358,1
2016-08-29 00:00:00+05:30,849987.6549479108,1
2016-08-30 00:00:00+05:30,860255.1110025983,1
2016-08-31 00:00:00+05:30,863393.9049479108,1
2016-09-01 00:00:00+05:30,862527.6695963483,1
2016-09-02 00:00:00+05:30,865152.6695963483,1
2016-09-06 00:00:00+05:30,875153.8902994733,1
2016-09-07 00:00:00+05:30,873275.1549479108,1
2016-09-08 00:00:00+05:30,875866.3902994733,1
2016-09-09 00:00:00+05:30,869431.4049479108,1
2016-09-12 00:00:00+05:30,858098.8610025983,1
2016-09-14 00:00:00+05:30,857428.6717042074,0
2016-09-15 00:00:00+05:30,857428.6717042074,0
2016-09-16 00:00:00+05:30,857428.6717042074,0
2016-09-19 00:00:00+05:30,857428.6717042074,0
2016-09-20 00:00:00+05:30,857428.6717042074,0
2016-09-21 00:00:00+05:30,857428.6717042074,0
2016-09-22 00:00:00+05:30,857428.6717042074,0
2016-09-23 00:00:00+05:30,857428.6717042074,0
2016-09-26 00:00:00+05:30,857428.6717042074,0
2016-09-27 00:00:00+05:30,857428.6717042074,0
2016-09-28 00:00:00+05:30,857428.6717042074,0
2016-09-29 00:00:00+05:30,857428.6717042074,0
2016-09-30 00:00:00+05:30,857428.6717042074,0
2016-10-03 00:00:00+05:30,857428.6717042074,0
2016-10-04 00:00:00+05:30,857428.6717042074,0
2016-10-05 00:00:00+05:30,857428.6717042074,0
2016-10-06 00:00:00+05:30,857428.6717042074,0
2016-10-07 00:00:00+05:30,857428.6717042074,0
2016-10-10 00:00:00+05:30,857428.6717042074,0
2016-10-13 00:00:00+05:30,857428.6717042074,0
2016-10-14 00:00:00+05:30,857428.6717042074,0
2016-10-17 00:00:00+05:30,857428.6717042074,0
2016-10-18 00:00:00+05:30,857428.6717042074,0
2016-10-19 00:00:00+05:30,857428.6717042074,0
2016-10-20 00:00:00+05:30,857428.6717042074,0
2016-10-21 00:00:00+05:30,857428.6717042074,0
2016-10-24 00:00:00+05:30,857428.6717042074,0
2016-10-25 00:00:00+05:30,857428.6717042074,0
2016-10-26 00:00:00+05:30,857428.6717042074,0
2016-10-27 00:00:00+05:30,857428.6717042074,0
2016-10-28 00:00:00+05:30,857428.6717042074,0
2016-11-01 00:00:00+05:30,857428.6717042074,0
2016-11-02 00:00:00+05:30,857428.6717042074,0
2016-11-03 00:00:00+05:30,857428.6717042074,0
2016-11-04 00:00:00+05:30,857428.6717042074,0
2016-11-07 00:00:00+05:30,860037.7181507972,-1
2016-11-08 00:00:00+05:30,856550.2181507972,-1
2016-11-09 00:00:00+05:30,864916.4535023597,-1
2016-11-10 00:00:00+05:30,857085.0014117623,0
2016-11-11 00:00:00+05:30,857085.0014117623,0
2016-11-15 00:00:00+05:30,857085.0014117623,0
2016-11-16 00:00:00+05:30,857085.0014117623,0
2016-11-17 00:00:00+05:30,857085.0014117623,0
2016-11-18 00:00:00+05:30,857085.0014117623,0
2016-11-21 00:00:00+05:30,857085.0014117623,0
2016-11-22 00:00:00+05:30,855822.5719664017,-1
2016-11-23 00:00:00+05:30,853497.5719664017,-1
2016-11-24 00:00:00+05:30,858582.5573179642,-1
2016-11-25 00:00:00+05:30,847422.5719664017,-1
2016-11-28 00:00:00+05:30,846477.5646421829,-1
2016-11-29 00:00:00+05:30,841969.297122376,0
2016-11-30 00:00:00+05:30,841969.297122376,0
2016-12-01 00:00:00+05:30,841969.297122376,0
2016-12-02 00:00:00+05:30,841969.297122376,0
2016-12-05 00:00:00+05:30,841969.297122376,0
2016-12-06 00:00:00+05:30,841969.297122376,0
2016-12-07 00:00:00+05:30,841969.297122376,0
2016-12-08 00:00:00+05:30,841969.297122376,0
2016-12-09 00:00:00+05:30,841969.297122376,0
2016-12-12 00:00:00+05:30,841969.297122376,0
2016-12-13 00:00:00+05:30,841969.297122376,0
2016-12-14 00:00:00+05:30,841969.297122376,0
2016-12-15 00:00:00+05:30,841969.297122376,0
2016-12-16 00:00:00+05:30,841969.297122376,0
2016-12-19 00:00:00+05:30,841969.297122376,0
2016-12-20 00:00:00+05:30,841969.297122376,0
2016-12-21 00:00:00+05:30,841969.297122376,0
2016-12-22 00:00:00+05:30,841969.297122376,0
2016-12-23 00:00:00+05:30,841969.297122376,0
2016-12-26 00:00:00+05:30,841969.297122376,0
2016-12-27 00:00:00+05:30,832860.4311455812,-1
2016-12-28 00:00:00+05:30,831651.9308083254,0
2016-12-29 00:00:00+05:30,831651.9308083254,0
2016-12-30 00:00:00+05:30,831651.9308083254,0
2017-01-02 00:00:00+05:30,831651.9308083254,0
2017-01-03 00:00:00+05:30,831651.9308083254,0
2017-01-04 00:00:00+05:30,831651.9308083254,0
2017-01-05 00:00:00+05:30,831651.9308083254,0
2017-01-06 00:00:00+05:30,831651.9308083254,0
2017-01-09 00:00:00+05:30,831651.9308083254,0
2017-01-10 00:00:00+05:30,831651.9308083254,0
2017-01-11 00:00:00+05:30,831651.9308083254,0
2017-01-12 00:00:00+05:30,831651.9308083254,0
2017-01-13 00:00:00+05:30,831651.9308083254,0
2017-01-16 00:00:00+05:30,831651.9308083254,0
2017-01-17 00:00:00+05:30,831651.9308083254,0
2017-01-18 00:00:00+05:30,831651.9308083254,0
2017-01-19 00:00:00+05:30,831651.9308083254,0
2017-01-20 00:00:00+05:30,831651.9308083254,0
2017-01-23 00:00:00+05:30,831651.9308083254,0
2017-01-24 00:00:00+05:30,831651.9308083254,0
2017-01-25 00:00:00+05:30,839221.8046442094,1
2017-01-27 00:00:00+05:30,842109.3046442094,1
2017-01-30 00:00:00+05:30,841471.8046442094,1
2017-01-31 00:00:00+05:30,836113.039995772,1
2017-02-01 00:00:00+05:30,847745.5839410844,1
2017-02-02 00:00:00+05:30,849084.3046442094,1
2017-02-03 00:00:00+05:30,849586.819292647,1
2017-02-06 00:00:00+05:30,854094.289995772,1
2017-02-07 00:00:00+05:30,851638.039995772,1
2017-02-08 00:00:00+05:30,851694.289995772,1
2017-02-09 00:00:00+05:30,852395.5839410844,1
2017-02-10 00:00:00+05:30,853531.789995772,1
2017-02-13 00:00:00+05:30,854394.289995772,1
2017-02-14 00:00:00+05:30,853438.039995772,1
2017-02-15 00:00:00+05:30,848368.069292647,1
2017-02-16 00:00:00+05:30,852365.5546442094,1
2017-02-17 00:00:00+05:30,855643.069292647,1
2017-02-20 00:00:00+05:30,859955.569292647,1
2017-02-21 00:00:00+05:30,862104.2753473344,1
2017-02-22 00:00:00+05:30,863533.0839410844,1
2017-02-23 00:00:00+05:30,864478.0546442094,1
2017-02-27 00:00:00+05:30,861268.069292647,1
2017-02-28 00:00:00+05:30,859985.5253473344,1
2017-03-01 00:00:00+05:30,864950.539995772,1
2017-03-02 00:00:00+05:30,861496.8046442094,1
2017-03-03 00:00:00+05:30,861331.789995772,1
2017-03-06 00:00:00+05:30,866274.319292647,1
2017-03-07 00:00:00+05:30,865033.0839410844,1
2017-03-08 00:00:00+05:30,863338.039995772,1
2017-03-09 00:00:00+05:30,863540.5546442094,1
2017-03-10 00:00:00+05:30,864106.789995772,1
2017-03-14 00:00:00+05:30,875540.5546442094,1
2017-03-15 00:00:00+05:30,875375.539995772,1
2017-03-16 00:00:00+05:30,880543.069292647,1
2017-03-17 00:00:00+05:30,881019.289995772,1
2017-03-20 00:00:00+05:30,878529.2753473344,1
2017-03-21 00:00:00+05:30,878128.0546442094,1
2017-03-22 00:00:00+05:30,871299.319292647,1
2017-03-23 00:00:00+05:30,875488.039995772,1
2017-03-24 00:00:00+05:30,877115.5546442094,1
2017-03-27 00:00:00+05:30,872405.569292647,1
2017-03-28 00:00:00+05:30,876575.539995772,1
2017-03-29 00:00:00+05:30,879800.539995772,1
2017-03-30 00:00:00+05:30,882046.8046442094,1
2017-03-31 00:00:00+05:30,882046.8046442094,1
2017-04-03 00:00:00+05:30,886854.2753473344,1
2017-04-05 00:00:00+05:30,888901.8339410844,1
2017-04-06 00:00:00+05:30,888661.819292647,1
2017-04-07 00:00:00+05:30,883888.039995772,1
2017-04-10 00:00:00+05:30,882624.319292647,1
2017-04-11 00:00:00+05:30,886790.5546442094,1
2017-04-12 00:00:00+05:30,884274.319292647,1
2017-04-13 00:00:00+05:30,880325.539995772,1
2017-04-17 00:00:00+05:30,879463.039995772,1
2017-04-18 00:00:00+05:30,876901.8339410844,1
2017-04-19 00:00:00+05:30,876778.0546442094,1
2017-04-20 00:00:00+05:30,879245.5839410844,1
2017-04-21 00:00:00+05:30,877970.5839410844,1
2017-04-24 00:00:00+05:30,885361.819292647,1
2017-04-25 00:00:00+05:30,892010.5253473344,1
2017-04-26 00:00:00+05:30,895404.2753473344,1
2017-04-27 00:00:00+05:30,894676.8339410844,1
2017-04-28 00:00:00+05:30,891819.289995772,1
2017-05-02 00:00:00+05:30,892550.539995772,1
2017-05-03 00:00:00+05:30,892411.819292647,1
2017-05-04 00:00:00+05:30,896008.0839410844,1
2017-05-05 00:00:00+05:30,890413.039995772,1
2017-05-08 00:00:00+05:30,892569.289995772,1
2017-05-09 00:00:00+05:30,892779.2753473344,1
2017-05-10 00:00:00+05:30,899563.0399957721,1
2017-05-11 00:00:00+05:30,900695.5839410846,1
2017-05-12 00:00:00+05:30,899083.0839410846,1
2017-05-15 00:00:00+05:30,902420.5839410846,1
2017-05-16 00:00:00+05:30,907434.3046442096,1
2017-05-17 00:00:00+05:30,908446.8046442096,1
2017-05-18 00:00:00+05:30,901224.3192926471,1
2017-05-19 00:00:00+05:30,901108.0839410846,1
2017-05-22 00:00:00+05:30,901884.3046442096,1
2017-05-23 00:00:00+05:30,897976.8339410846,1
2017-05-24 00:00:00+05:30,896056.789995772,1
2017-05-25 00:00:00+05:30,907246.8046442096,1
2017-05-26 00:00:00+05:30,913648.0253473346,1
2017-05-29 00:00:00+05:30,914383.0839410846,1
2017-05-30 00:00:00+05:30,915856.7899957721,1
2017-05-31 00:00:00+05:30,915609.3046442096,1
2017-06-01 00:00:00+05:30,915223.0253473346,1
2017-06-02 00:00:00+05:30,918028.0546442096,1
2017-06-05 00:00:00+05:30,919648.0253473346,1
2017-06-06 00:00:00+05:30,916801.8339410846,1
2017-06-07 00:00:00+05:30,918808.0839410846,1
2017-06-08 00:00:00+05:30,917559.3046442096,1
2017-06-09 00:00:00+05:30,919134.3046442096,1
2017-06-12 00:00:00+05:30,915245.5839410846,1
2017-06-13 00:00:00+05:30,914533.0839410846,1
2017-06-14 00:00:00+05:30,915376.8339410846,1
2017-06-15 00:00:00+05:30,912369.2899957721,1
2017-06-16 00:00:00+05:30,913119.2899957721,1
2017-06-19 00:00:00+05:30,918331.7899957721,1
2017-06-20 00:00:00+05:30,918028.0546442096,1
2017-06-21 00:00:00+05:30,916535.5253473346,1
2017-06-22 00:00:00+05:30,916265.5546442096,1
2017-06-23 00:00:00+05:30,912136.8192926471,1
2017-06-27 00:00:00+05:30,907370.5839410846,1
2017-06-28 00:00:00+05:30,905859.3046442096,1
2017-06-29 00:00:00+05:30,907912.1395462281,0
2017-06-30 00:00:00+05:30,907912.1395462281,0
2017-07-03 00:00:00+05:30,907912.1395462281,0
2017-07-04 00:00:00+05:30,907912.1395462281,0
2017-07-05 00:00:00+05:30,907912.1395462281,0
2017-07-06 00:00:00+05:30,907912.1395462281,0
2017-07-07 00:00:00+05:30,907912.1395462281,0
2017-07-10 00:00:00+05:30,907912.1395462281,0
2017-07-11 00:00:00+05:30,906855.9787479396,1
2017-07-12 00:00:00+05:30,909109.7140995021,1
2017-07-13 00:00:00+05:30,914779.7580448146,1
2017-07-14 00:00:00+05:30,914378.4640995021,1
2017-07-17 00:00:00+05:30,916598.5080448146,1
2017-07-18 00:00:00+05:30,907524.5494455836,0
2017-07-19 00:00:00+05:30,907524.5494455836,0
2017-07-20 00:00:00+05:30,907524.5494455836,0
2017-07-21 00:00:00+05:30,907524.5494455836,0
2017-07-24 00:00:00+05:30,907524.5494455836,0
2017-07-25 00:00:00+05:30,903869.556542188,1
2017-07-26 00:00:00+05:30,908077.1004875005,1
2017-07-27 00:00:00+05:30,908069.556542188,1
2017-07-28 00:00:00+05:30,907615.8211906255,1
2017-07-31 00:00:00+05:30,912310.7918937505,1
2017-08-01 00:00:00+05:30,915127.1004875005,1
2017-08-02 00:00:00+05:30,912640.8211906255,1
2017-08-03 00:00:00+05:30,907129.5556841869,0
2017-08-04 00:00:00+05:30,907129.5556841869,0
2017-08-07 00:00:00+05:30,907129.5556841869,0
2017-08-08 00:00:00+05:30,907129.5556841869,0
2017-08-09 00:00:00+05:30,907129.5556841869,0
2017-08-10 00:00:00+05:30,907129.5556841869,0
2017-08-11 00:00:00+05:30,907129.5556841869,0
2017-08-14 00:00:00+05:30,907129.5556841869,0
2017-08-16 00:00:00+05:30,907129.5556841869,0
2017-08-17 00:00:00+05:30,907129.5556841869,0
2017-08-18 00:00:00+05:30,907129.5556841869,0
2017-08-21 00:00:00+05:30,907129.5556841869,0
2017-08-22 00:00:00+05:30,907129.5556841869,0
2017-08-23 00:00:00+05:30,907129.5556841869,0
2017-08-24 00:00:00+05:30,907129.5556841869,0
2017-08-28 00:00:00+05:30,907129.5556841869,0
2017-08-29 00:00:00+05:30,907129.5556841869,0
2017-08-30 00:00:00+05:30,907129.5556841869,0
2017-08-31 00:00:00+05:30,907129.5556841869,0
2017-09-01 00:00:00+05:30,907129.5556841869,0
2017-09-04 00:00:00+05:30,907129.5556841869,0
2017-09-05 00:00:00+05:30,907129.5556841869,0
2017-09-06 00:00:00+05:30,907129.5556841869,0
2017-09-07 00:00:00+05:30,907129.5556841869,0
2017-09-08 00:00:00+05:30,907129.5556841869,0
2017-09-11 00:00:00+05:30,907129.5556841869,0
2017-09-12 00:00:00+05:30,907129.5556841869,0
2017-09-13 00:00:00+05:30,907129.5556841869,0
2017-09-14 00:00:00+05:30,907129.5556841869,0
2017-09-15 00:00:00+05:30,907129.5556841869,0
2017-09-18 00:00:00+05:30,907129.5556841869,0
2017-09-19 00:00:00+05:30,907129.5556841869,0
2017-09-20 00:00:00+05:30,907129.5556841869,0
2017-09-21 00:00:00+05:30,907129.5556841869,0
2017-09-22 00:00:00+05:30,907129.5556841869,0
2017-09-25 00:00:00+05:30,907129.5556841869,0
2017-09-26 00:00:00+05:30,907129.5556841869,0
2017-09-27 00:00:00+05:30,907129.5556841869,0
2017-09-28 00:00:00+05:30,907129.5556841869,0
2017-09-29 00:00:00+05:30,907129.5556841869,0
2017-10-03 00:00:00+05:30,907129.5556841869,0
2017-10-04 00:00:00+05:30,907129.5556841869,0
2017-10-05 00:00:00+05:30,907129.5556841869,0
2017-10-06 00:00:00+05:30,907129.5556841869,0
2017-10-09 00:00:00+05:30,907129.5556841869,0
2017-10-10 00:00:00+05:30,907129.5556841869,0
2017-10-11 00:00:00+05:30,907129.5556841869,0
2017-10-12 00:00:00+05:30,907129.5556841869,0
2017-10-13 00:00:00+05:30,907129.5556841869,0
2017-10-16 00:00:00+05:30,907129.5556841869,0
2017-10-17 00:00:00+05:30,907129.5556841869,0
2017-10-18 00:00:00+05:30,907129.5556841869,0
2017-10-19 00:00:00+05:30,907129.5556841869,0
2017-10-23 00:00:00+05:30,907129.5556841869,0
2017-10-24 00:00:00+05:30,907129.5556841869,0
2017-10-25 00:00:00+05:30,907129.5556841869,0
2017-10-26 00:00:00+05:30,907129.5556841869,0
2017-10-27 00:00:00+05:30,907129.5556841869,0
2017-10-30 00:00:00+05:30,907129.5556841869,0
2017-10-31 00:00:00+05:30,907129.5556841869,0
2017-11-01 00:00:00+05:30,907129.5556841869,0
2017-11-02 00:00:00+05:30,907129.5556841869,0
2017-11-03 00:00:00+05:30,907129.5556841869,0
2017-11-06 00:00:00+05:30,907129.5556841869,0
2017-11-07 00:00:00+05:30,907129.5556841869,0
2017-11-08 00:00:00+05:30,907129.5556841869,0
2017-11-09 00:00:00+05:30,907129.5556841869,0
2017-11-10 00:00:00+05:30,907129.5556841869,0
2017-11-13 00:00:00+05:30,907129.5556841869,0
2017-11-14 00:00:00+05:30,907129.5556841869,0
2017-11-15 00:00:00+05:30,907129.5556841869,0
2017-11-16 00:00:00+05:30,907129.5556841869,0
2017-11-17 00:00:00+05:30,907129.5556841869,0
2017-11-20 00:00:00+05:30,907129.5556841869,0
2017-11-21 00:00:00+05:30,907129.5556841869,0
2017-11-22 00:00:00+05:30,907129.5556841869,0
2017-11-23 00:00:00+05:30,907129.5556841869,0
2017-11-24 00:00:00+05:30,907129.5556841869,0
2017-11-27 00:00:00+05:30,907129.5556841869,0
2017-11-28 00:00:00+05:30,907129.5556841869,0
2017-11-29 00:00:00+05:30,907129.5556841869,0
2017-11-30 00:00:00+05:30,907129.5556841869,0
2017-12-01 00:00:00+05:30,907129.5556841869,0
2017-12-04 00:00:00+05:30,907129.5556841869,0
2017-12-05 00:00:00+05:30,907129.5556841869,0
2017-12-06 00:00:00+05:30,907129.5556841869,0
2017-12-07 00:00:00+05:30,907129.5556841869,0
2017-12-08 00:00:00+05:30,907129.5556841869,0
2017-12-11 00:00:00+05:30,907129.5556841869,0
2017-12-12 00:00:00+05:30,907129.5556841869,0
2017-12-13 00:00:00+05:30,907129.5556841869,0
2017-12-14 00:00:00+05:30,907129.5556841869,0
2017-12-15 00:00:00+05:30,907129.5556841869,0
2017-12-18 00:00:00+05:30,907129.5556841869,0
2017-12-19 00:00:00+05:30,907129.5556841869,0
2017-12-20 00:00:00+05:30,907129.5556841869,0
2017-12-21 00:00:00+05:30,907129.5556841869,0
2017-12-22 00:00:00+05:30,907129.5556841869,0
2017-12-26 00:00:00+05:30,907129.5556841869,0
2017-12-27 00:00:00+05:30,907129.5556841869,0
2017-12-28 00:00:00+05:30,907129.5556841869,0
2017-12-29 00:00:00+05:30,907129.5556841869,0
2018-01-02 00:00:00+05:30,907129.5556841869,0
2018-01-03 00:00:00+05:30,907129.5556841869,0
2018-01-04 00:00:00+05:30,907129.5556841869,0
2018-01-05 00:00:00+05:30,907129.5556841869,0
2018-01-08 00:00:00+05:30,907129.5556841869,0
2018-01-09 00:00:00+05:30,907129.5556841869,0
2018-01-10 00:00:00+05:30,907129.5556841869,0
2018-01-11 00:00:00+05:30,907129.5556841869,0
2018-01-12 00:00:00+05:30,907129.5556841869,0
2018-01-15 00:00:00+05:30,907129.5556841869,0
2018-01-16 00:00:00+05:30,907129.5556841869,0
2018-01-17 00:00:00+05:30,907129.5556841869,0
2018-01-18 00:00:00+05:30,907129.5556841869,0
2018-01-19 00:00:00+05:30,907129.5556841869,0
2018-01-22 00:00:00+05:30,907129.5556841869,0
2018-01-23 00:00:00+05:30,913379.1662281133,1
2018-01-24 00:00:00+05:30,913551.6515796758,1
2018-01-25 00:00:00+05:30,912325.4308765508,1
2018-01-29 00:00:00+05:30,916881.6808765508,1
2018-01-30 00:00:00+05:30,910825.4308765508,1
2018-01-31 00:00:00+05:30,906700.2760459986,0
2018-02-01 00:00:00+05:30,906700.2760459986,0
2018-02-02 00:00:00+05:30,906700.2760459986,0
2018-02-05 00:00:00+05:30,906700.2760459986,0
2018-02-06 00:00:00+05:30,906700.2760459986,0
2018-02-07 00:00:00+05:30,906700.2760459986,0
2018-02-08 00:00:00+05:30,906700.2760459986,0
2018-02-09 00:00:00+05:30,906700.2760459986,0
2018-02-12 00:00:00+05:30,906700.2760459986,0
2018-02-14 00:00:00+05:30,906700.2760459986,0
2018-02-15 00:00:00+05:30,906700.2760459986,0
2018-02-16 00:00:00+05:30,906700.2760459986,0
2018-02-19 00:00:00+05:30,906700.2760459986,0
2018-02-20 00:00:00+05:30,906700.2760459986,0
2018-02-21 00:00:00+05:30,906700.2760459986,0
2018-02-22 00:00:00+05:30,906700.2760459986,0
2018-02-23 00:00:00+05:30,906700.2760459986,0
2018-02-26 00:00:00+05:30,906700.2760459986,0
2018-02-27 00:00:00+05:30,906700.2760459986,0
2018-02-28 00:00:00+05:30,906700.2760459986,0
2018-03-01 00:00:00+05:30,906700.2760459986,0
2018-03-05 00:00:00+05:30,906700.2760459986,0
2018-03-06 00:00:00+05:30,906700.2760459986,0
2018-03-07 00:00:00+05:30,912259.3987790558,-1
2018-03-08 00:00:00+05:30,905625.6341306183,-1
2018-03-09 00:00:00+05:30,906810.6927243683,-1
2018-03-12 00:00:00+05:30,891879.2109319383,0
2018-03-13 00:00:00+05:30,891879.2109319383,0
2018-03-14 00:00:00+05:30,891879.2109319383,0
2018-03-15 00:00:00+05:30,891879.2109319383,0
2018-03-16 00:00:00+05:30,891879.2109319383,0
2018-03-19 00:00:00+05:30,891879.2109319383,0
2018-03-20 00:00:00+05:30,886077.833509196,-1
2018-03-21 00:00:00+05:30,883760.304212321,-1
2018-03-22 00:00:00+05:30,886797.804212321,-1
2018-03-23 00:00:00+05:30,895550.3188607584,-1
2018-03-26 00:00:00+05:30,885605.274915446,-1
2018-03-27 00:00:00+05:30,881592.774915446,-1
2018-03-28 00:00:00+05:30,886876.5395638834,-1
2018-04-02 00:00:00+05:30,879519.0688607584,-1
2018-04-03 00:00:00+05:30,877187.9486648516,0
2018-04-04 00:00:00+05:30,877187.9486648516,0
2018-04-05 00:00:00+05:30,877187.9486648516,0
2018-04-06 00:00:00+05:30,877187.9486648516,0
2018-04-09 00:00:00+05:30,877187.9486648516,0
2018-04-10 00:00:00+05:30,877187.9486648516,0
2018-04-11 00:00:00+05:30,877187.9486648516,0
2018-04-12 00:00:00+05:30,877187.9486648516,0
2018-04-13 00:00:00+05:30,877187.9486648516,0
2018-04-16 00:00:00+05:30,877187.9486648516,0
2018-04-17 00:00:00+05:30,877187.9486648516,0
2018-04-18 00:00:00+05:30,877187.9486648516,0
2018-04-19 00:00:00+05:30,877187.9486648516,0
2018-04-20 00:00:00+05:30,877187.9486648516,0
2018-04-23 00:00:00+05:30,877187.9486648516,0
2018-04-24 00:00:00+05:30,877187.9486648516,0
2018-04-25 00:00:00+05:30,877187.9486648516,0
2018-04-26 00:00:00+05:30,877187.9486648516,0
2018-04-27 00:00:00+05:30,877187.9486648516,0
2018-04-30 00:00:00+05:30,877187.9486648516,0
2018-05-02 00:00:00+05:30,877187.9486648516,0
2018-05-03 00:00:00+05:30,877187.9486648516,0
2018-05-04 00:00:00+05:30,877187.9486648516,0
2018-05-07 00:00:00+05:30,877187.9486648516,0
2018-05-08 00:00:00+05:30,877187.9486648516,0
2018-05-09 00:00:00+05:30,877187.9486648516,0
2018-05-10 00:00:00+05:30,877187.9486648516,0
2018-05-11 00:00:00+05:30,877187.9486648516,0
2018-05-14 00:00:00+05:30,877187.9486648516,0
2018-05-15 00:00:00+05:30,877187.9486648516,0
2018-05-16 00:00:00+05:30,877187.9486648516,0
2018-05-17 00:00:00+05:30,877187.9486648516,0
2018-05-18 00:00:00+05:30,877187.9486648516,0
2018-05-21 00:00:00+05:30,877187.9486648516,0
2018-05-22 00:00:00+05:30,877187.9486648516,0
2018-05-23 00:00:00+05:30,877187.9486648516,0
2018-05-24 00:00:00+05:30,877187.9486648516,0
2018-05-25 00:00:00+05:30,877187.9486648516,0
2018-05-28 00:00:00+05:30,877187.9486648516,0
2018-05-29 00:00:00+05:30,877187.9486648516,0
2018-05-30 00:00:00+05:30,877187.9486648516,0
2018-05-31 00:00:00+05:30,877187.9486648516,0
2018-06-01 00:00:00+05:30,877187.9486648516,0
2018-06-04 00:00:00+05:30,877187.9486648516,0
2018-06-05 00:00:00+05:30,877187.9486648516,0
2018-06-06 00:00:00+05:30,877187.9486648516,0
2018-06-07 00:00:00+05:30,877187.9486648516,0
2018-06-08 00:00:00+05:30,877187.9486648516,0
2018-06-11 00:00:00+05:30,877187.9486648516,0
2018-06-12 00:00:00+05:30,877187.9486648516,0
2018-06-13 00:00:00+05:30,877187.9486648516,0
2018-06-14 00:00:00+05:30,877187.9486648516,0
2018-06-15 00:00:00+05:30,877187.9486648516,0
2018-06-18 00:00:00+05:30,877187.9486648516,0
2018-06-19 00:00:00+05:30,877187.9486648516,0
2018-06-20 00:00:00+05:30,877187.9486648516,0
2018-06-21 00:00:00+05:30,877187.9486648516,0
2018-06-22 00:00:00+05:30,877187.9486648516,0
2018-06-25 00:00:00+05:30,877187.9486648516,0
2018-06-26 00:00:00+05:30,877187.9486648516,0
2018-06-27 00:00:00+05:30,877187.9486648516,0
2018-06-28 00:00:00+05:30,877187.9486648516,0
2018-06-29 00:00:00+05:30,877187.9486648516,0
2018-07-02 00:00:00+05:30,877187.9486648516,0
2018-07-03 00:00:00+05:30,877187.9486648516,0
2018-07-04 00:00:00+05:30,877187.9486648516,0
2018-07-05 00:00:00+05:30,877187.9486648516,0
2018-07-06 00:00:00+05:30,877187.9486648516,0
2018-07-09 00:00:00+05:30,877187.9486648516,0
2018-07-10 00:00:00+05:30,877187.9486648516,0
2018-07-11 00:00:00+05:30,877187.9486648516,0
2018-07-12 00:00:00+05:30,877187.9486648516,0
2018-07-13 00:00:00+05:30,877187.9486648516,0
2018-07-16 00:00:00+05:30,877187.9486648516,0
2018-07-17 00:00:00+05:30,877187.9486648516,0
2018-07-18 00:00:00+05:30,877187.9486648516,0
2018-07-19 00:00:00+05:30,877187.9486648516,0
2018-07-20 00:00:00+05:30,877187.9486648516,0
2018-07-23 00:00:00+05:30,877187.9486648516,0
2018-07-24 00:00:00+05:30,878860.537004448,1
2018-07-25 00:00:00+05:30,878688.0516528855,1
2018-07-26 00:00:00+05:30,881335.537004448,1
2018-07-27 00:00:00+05:30,889664.2723560105,1
2018-07-30 00:00:00+05:30,892754.287004448,1
2018-07-31 00:00:00+05:30,895525.5516528855,1
2018-08-01 00:00:00+05:30,894753.066301323,1
2018-08-02 00:00:00+05:30,887140.566301323,1
2018-08-03 00:00:00+05:30,895848.037004448,1
2018-08-06 00:00:00+05:30,897820.5223560105,1
2018-08-07 00:00:00+05:30,897996.816301323,1
2018-08-08 00:00:00+05:30,902538.0516528855,1
2018-08-09 00:00:00+05:30,904090.566301323,1
2018-08-10 00:00:00+05:30,901000.5516528855,1
2018-08-13 00:00:00+05:30,895469.3016528855,1
2018-08-14 00:00:00+05:30,901420.5223560105,1
2018-08-16 00:00:00+05:30,897666.787004448,1
2018-08-17 00:00:00+05:30,904094.3016528855,1
2018-08-20 00:00:00+05:30,910169.3016528855,1
2018-08-21 00:00:00+05:30,911605.5809497605,1
2018-08-23 00:00:00+05:30,912494.3016528855,1
2018-08-24 00:00:00+05:30,910570.5223560105,1
2018-08-27 00:00:00+05:30,920684.316301323,1
2018-08-28 00:00:00+05:30,924175.5516528855,1
2018-08-29 00:00:00+05:30,920680.5809497605,1
2018-08-30 00:00:00+05:30,919548.037004448,1
2018-08-31 00:00:00+05:30,919825.5516528855,1
2018-09-03 00:00:00+05:30,912464.2723560105,1
2018-09-04 00:00:00+05:30,907810.537004448,1
2018-09-05 00:00:00+05:30,907014.1162673681,0
2018-09-06 00:00:00+05:30,907014.1162673681,0
2018-09-07 00:00:00+05:30,907014.1162673681,0
2018-09-10 00:00:00+05:30,907014.1162673681,0
2018-09-11 00:00:00+05:30,907014.1162673681,0
2018-09-12 00:00:00+05:30,907014.1162673681,0
2018-09-14 00:00:00+05:30,907014.1162673681,0
2018-09-17 00:00:00+05:30,907014.1162673681,0
2018-09-18 00:00:00+05:30,907014.1162673681,0
2018-09-19 00:00:00+05:30,907014.1162673681,0
2018-09-21 00:00:00+05:30,907014.1162673681,0
2018-09-24 00:00:00+05:30,907014.1162673681,0
2018-09-25 00:00:00+05:30,907014.1162673681,0
2018-09-26 00:00:00+05:30,907014.1162673681,0
2018-09-27 00:00:00+05:30,907014.1162673681,0
2018-09-28 00:00:00+05:30,907014.1162673681,0
2018-10-01 00:00:00+05:30,907014.1162673681,0
2018-10-03 00:00:00+05:30,907014.1162673681,0
2018-10-04 00:00:00+05:30,907014.1162673681,0
2018-10-05 00:00:00+05:30,921481.8061716729,-1
2018-10-08 00:00:00+05:30,919111.8354685479,-1
2018-10-09 00:00:00+05:30,922636.8354685479,-1
2018-10-10 00:00:00+05:30,910708.1001169854,-1
2018-10-11 00:00:00+05:30,927616.7915232354,-1
2018-10-12 00:00:00+05:30,909778.0708201104,-1
2018-10-15 00:00:00+05:30,906601.7324011596,0
2018-10-16 00:00:00+05:30,906601.7324011596,0
2018-10-17 00:00:00+05:30,906601.7324011596,0
2018-10-19 00:00:00+05:30,906601.7324011596,0
2018-10-22 00:00:00+05:30,906601.7324011596,0
2018-10-23 00:00:00+05:30,906601.7324011596,0
2018-10-24 00:00:00+05:30,906601.7324011596,0
2018-10-25 00:00:00+05:30,906601.7324011596,0
2018-10-26 00:00:00+05:30,906601.7324011596,0
2018-10-29 00:00:00+05:30,893303.250925352,-1
2018-10-30 00:00:00+05:30,897236.942331602,-1
2018-10-31 00:00:00+05:30,886250.4714885491,0
2018-11-01 00:00:00+05:30,886250.4714885491,0
2018-11-02 00:00:00+05:30,886250.4714885491,0
2018-11-05 00:00:00+05:30,886250.4714885491,0
2018-11-06 00:00:00+05:30,886250.4714885491,0
2018-11-07 00:00:00+05:30,886250.4714885491,0
2018-11-09 00:00:00+05:30,886250.4714885491,0
2018-11-12 00:00:00+05:30,886250.4714885491,0
2018-11-13 00:00:00+05:30,886250.4714885491,0
2018-11-14 00:00:00+05:30,886250.4714885491,0
2018-11-15 00:00:00+05:30,886250.4714885491,0
2018-11-16 00:00:00+05:30,886250.4714885491,0
2018-11-19 00:00:00+05:30,886250.4714885491,0
2018-11-20 00:00:00+05:30,886250.4714885491,0
2018-11-21 00:00:00+05:30,886250.4714885491,0
2018-11-22 00:00:00+05:30,886250.4714885491,0
2018-11-26 00:00:00+05:30,886250.4714885491,0
2018-11-27 00:00:00+05:30,886250.4714885491,0
2018-11-28 00:00:00+05:30,886250.4714885491,0
2018-11-29 00:00:00+05:30,886250.4714885491,0
2018-11-30 00:00:00+05:30,886250.4714885491,0
2018-12-03 00:00:00+05:30,886250.4714885491,0
2018-12-04 00:00:00+05:30,886250.4714885491,0
2018-12-05 00:00:00+05:30,886250.4714885491,0
2018-12-06 00:00:00+05:30,886250.4714885491,0
2018-12-07 00:00:00+05:30,886250.4714885491,0
2018-12-10 00:00:00+05:30,886250.4714885491,0
2018-12-11 00:00:00+05:30,886250.4714885491,0
2018-12-12 00:00:00+05:30,886250.4714885491,0
2018-12-13 00:00:00+05:30,886250.4714885491,0
2018-12-14 00:00:00+05:30,886250.4714885491,0
2018-12-17 00:00:00+05:30,886250.4714885491,0
2018-12-18 00:00:00+05:30,886250.4714885491,0
2018-12-19 00:00:00+05:30,886250.4714885491,0
2018-12-20 00:00:00+05:30,886250.4714885491,0
2018-12-21 00:00:00+05:30,886250.4714885491,0
2018-12-24 00:00:00+05:30,886250.4714885491,0
2018-12-26 00:00:00+05:30,886250.4714885491,0
2018-12-27 00:00:00+05:30,886250.4714885491,0
2018-12-28 00:00:00+05:30,886250.4714885491,0
2018-12-31 00:00:00+05:30,886250.4714885491,0
2019-01-02 00:00:00+05:30,886250.4714885491,0
2019-01-03 00:00:00+05:30,886250.4714885491,0
2019-01-04 00:00:00+05:30,886250.4714885491,0
2019-01-07 00:00:00+05:30,886250.4714885491,0
2019-01-08 00:00:00+05:30,886250.4714885491,0
2019-01-09 00:00:00+05:30,886250.4714885491,0
2019-01-10 00:00:00+05:30,886250.4714885491,0
2019-01-11 00:00:00+05:30,886250.4714885491,0
2019-01-14 00:00:00+05:30,886250.4714885491,0
2019-01-15 00:00:00+05:30,886250.4714885491,0
2019-01-16 00:00:00+05:30,886250.4714885491,0
2019-01-17 00:00:00+05:30,886250.4714885491,0
2019-01-18 00:00:00+05:30,886250.4714885491,0
2019-01-21 00:00:00+05:30,886250.4714885491,0
2019-01-22 00:00:00+05:30,886250.4714885491,0
2019-01-23 00:00:00+05:30,886250.4714885491,0
2019-01-24 00:00:00+05:30,886250.4714885491,0
2019-01-25 00:00:00+05:30,886250.4714885491,0
2019-01-28 00:00:00+05:30,886250.4714885491,0
2019-01-29 00:00:00+05:30,886250.4714885491,0
2019-01-30 00:00:00+05:30,886250.4714885491,0
2019-01-31 00:00:00+05:30,886250.4714885491,0
2019-02-01 00:00:00+05:30,886250.4714885491,0
2019-02-04 00:00:00+05:30,886250.4714885491,0
2019-02-05 00:00:00+05:30,886250.4714885491,0
2019-02-06 00:00:00+05:30,886250.4714885491,0
2019-02-07 00:00:00+05:30,886250.4714885491,0
2019-02-08 00:00:00+05:30,886250.4714885491,0
2019-02-11 00:00:00+05:30,886250.4714885491,0
2019-02-12 00:00:00+05:30,886250.4714885491,0
2019-02-14 00:00:00+05:30,886250.4714885491,0
2019-02-15 00:00:00+05:30,886250.4714885491,0
2019-02-18 00:00:00+05:30,886250.4714885491,0
2019-02-19 00:00:00+05:30,886250.4714885491,0
2019-02-20 00:00:00+05:30,886250.4714885491,0
2019-02-21 00:00:00+05:30,886250.4714885491,0
2019-02-22 00:00:00+05:30,886250.4714885491,0
2019-02-25 00:00:00+05:30,886250.4714885491,0
2019-02-26 00:00:00+05:30,886250.4714885491,0
2019-02-27 00:00:00+05:30,886250.4714885491,0
2019-02-28 00:00:00+05:30,886250.4714885491,0
2019-03-01 00:00:00+05:30,886250.4714885491,0
2019-03-05 00:00:00+05:30,886250.4714885491,0
2019-03-06 00:00:00+05:30,886250.4714885491,0
2019-03-07 00:00:00+05:30,886250.4714885491,0
2019-03-08 00:00:00+05:30,886250.4714885491,0
2019-03-11 00:00:00+05:30,886250.4714885491,0
2019-03-12 00:00:00+05:30,886250.4714885491,0
2019-03-13 00:00:00+05:30,886250.4714885491,0
2019-03-14 00:00:00+05:30,886250.4714885491,0
2019-03-15 00:00:00+05:30,886250.4714885491,0
2019-03-18 00:00:00+05:30,885145.2572835225,1
2019-03-19 00:00:00+05:30,890410.27193196,1
2019-03-20 00:00:00+05:30,889558.9779866475,1
2019-03-22 00:00:00+05:30,884747.77193196,1
2019-03-25 00:00:00+05:30,877048.992635085,1
2019-03-26 00:00:00+05:30,886723.992635085,1
2019-03-27 00:00:00+05:30,883858.9779866475,1
2019-03-28 00:00:00+05:30,893230.242635085,1
2019-04-01 00:00:00+05:30,900666.52193196,1
2019-04-02 00:00:00+05:30,903970.2572835225,1
2019-04-03 00:00:00+05:30,898776.5072835225,1
2019-04-04 00:00:00+05:30,895330.242635085,1
2019-04-05 00:00:00+05:30,900426.5072835225,1
2019-04-08 00:00:00+05:30,895817.742635085,1
2019-04-09 00:00:00+05:30,900876.5072835225,1
2019-04-10 00:00:00+05:30,894302.7279866475,1
2019-04-11 00:00:00+05:30,895232.7572835225,1
2019-04-12 00:00:00+05:30,898739.0072835225,1
2019-04-15 00:00:00+05:30,902256.46333821,1
2019-04-16 00:00:00+05:30,909516.52193196,1
2019-04-18 00:00:00+05:30,906940.2279866475,1
2019-04-22 00:00:00+05:30,895064.0072835225,1
2019-04-23 00:00:00+05:30,893676.5072835225,1
2019-04-24 00:00:00+05:30,904941.52193196,1
2019-04-25 00:00:00+05:30,898615.2279866475,1
2019-04-26 00:00:00+05:30,907079.02193196,1
2019-04-30 00:00:00+05:30,906591.52193196,1
2019-05-02 00:00:00+05:30,904836.492635085,1
2019-05-03 00:00:00+05:30,903898.992635085,1
2019-05-06 00:00:00+05:30,895348.992635085,1
2019-05-07 00:00:00+05:30,887822.77193196,1
2019-05-08 00:00:00+05:30,885996.2441029283,0
2019-05-09 00:00:00+05:30,885996.2441029283,0
2019-05-10 00:00:00+05:30,885996.2441029283,0
2019-05-13 00:00:00+05:30,885996.2441029283,0
2019-05-14 00:00:00+05:30,885996.2441029283,0
2019-05-15 00:00:00+05:30,885996.2441029283,0
2019-05-16 00:00:00+05:30,885996.2441029283,0
2019-05-17 00:00:00+05:30,885996.2441029283,0
2019-05-20 00:00:00+05:30,885996.2441029283,0
2019-05-21 00:00:00+05:30,885996.2441029283,0
2019-05-22 00:00:00+05:30,885996.2441029283,0
2019-05-23 00:00:00+05:30,885996.2441029283,0
2019-05-24 00:00:00+05:30,885996.2441029283,0
2019-05-27 00:00:00+05:30,885996.2441029283,0
2019-05-28 00:00:00+05:30,885996.2441029283,0
2019-05-29 00:00:00+05:30,885996.2441029283,0
2019-05-30 00:00:00+05:30,885996.2441029283,0
2019-05-31 00:00:00+05:30,885996.2441029283,0
2019-06-03 00:00:00+05:30,885996.2441029283,0
2019-06-04 00:00:00+05:30,883429.2479817737,1
2019-06-06 00:00:00+05:30,870086.7186848987,1
2019-06-07 00:00:00+05:30,867163.7979544514,0
2019-06-10 00:00:00+05:30,867163.7979544514,0
2019-06-11 00:00:00+05:30,867163.7979544514,0
2019-06-12 00:00:00+05:30,867163.7979544514,0
2019-06-13 00:00:00+05:30,867163.7979544514,0
2019-06-14 00:00:00+05:30,867163.7979544514,0
2019-06-17 00:00:00+05:30,867163.7979544514,0
2019-06-18 00:00:00+05:30,867163.7979544514,0
2019-06-19 00:00:00+05:30,867163.7979544514,0
2019-06-20 00:00:00+05:30,867163.7979544514,0
2019-06-21 00:00:00+05:30,867163.7979544514,0
2019-06-24 00:00:00+05:30,867163.7979544514,0
2019-06-25 00:00:00+05:30,867163.7979544514,0
2019-06-26 00:00:00+05:30,867163.7979544514,0
2019-06-27 00:00:00+05:30,867163.7979544514,0
2019-06-28 00:00:00+05:30,867163.7979544514,0
2019-07-01 00:00:00+05:30,867163.7979544514,0
2019-07-02 00:00:00+05:30,867163.7979544514,0
2019-07-03 00:00:00+05:30,867163.7979544514,0
2019-07-04 00:00:00+05:30,867163.7979544514,0
2019-07-05 00:00:00+05:30,867163.7979544514,0
2019-07-08 00:00:00+05:30,867163.7979544514,0
2019-07-09 00:00:00+05:30,867163.7979544514,0
2019-07-10 00:00:00+05:30,867163.7979544514,0
2019-07-11 00:00:00+05:30,867163.7979544514,0
2019-07-12 00:00:00+05:30,867163.7979544514,0
2019-07-15 00:00:00+05:30,867163.7979544514,0
2019-07-16 00:00:00+05:30,867163.7979544514,0
2019-07-17 00:00:00+05:30,867163.7979544514,0
2019-07-18 00:00:00+05:30,867163.7979544514,0
2019-07-19 00:00:00+05:30,867163.7979544514,0
2019-07-22 00:00:00+05:30,870278.7051000795,-1
2019-07-23 00:00:00+05:30,871414.9843969545,-1
2019-07-24 00:00:00+05:30,875896.2343969545,-1
2019-07-25 00:00:00+05:30,877332.440451642,-1
2019-07-26 00:00:00+05:30,874921.2343969545,-1
2019-07-29 00:00:00+05:30,882053.7051000795,-1
2019-07-30 00:00:00+05:30,889838.690451642,-1
2019-07-31 00:00:00+05:30,887393.719748517,-1
2019-08-01 00:00:00+05:30,897743.719748517,-1
2019-08-02 00:00:00+05:30,896442.499045392,-1
2019-08-05 00:00:00+05:30,906548.749045392,-1
2019-08-06 00:00:00+05:30,900124.969748517,-1
2019-08-07 00:00:00+05:30,907081.219748517,-1
2019-08-08 00:00:00+05:30,893809.9551000795,-1
2019-08-09 00:00:00+05:30,888019.940451642,-1
2019-08-13 00:00:00+05:30,901804.999045392,-1
2019-08-14 00:00:00+05:30,894038.690451642,-1
2019-08-16 00:00:00+05:30,892658.7343969545,-1
2019-08-19 00:00:00+05:30,892201.190451642,-1
2019-08-20 00:00:00+05:30,894968.719748517,-1
2019-08-21 00:00:00+05:30,902341.2051000795,-1
2019-08-22 00:00:00+05:30,915642.499045392,-1
2019-08-23 00:00:00+05:30,909042.499045392,-1
2019-08-26 00:00:00+05:30,891904.999045392,-1
2019-08-27 00:00:00+05:30,888342.499045392,-1
2019-08-28 00:00:00+05:30,892786.249045392,-1
2019-08-29 00:00:00+05:30,900121.2343969545,-1
2019-08-30 00:00:00+05:30,894499.969748517,-1
2019-09-03 00:00:00+05:30,911401.190451642,-1
2019-09-04 00:00:00+05:30,907894.940451642,-1
2019-09-05 00:00:00+05:30,907651.190451642,-1
2019-09-06 00:00:00+05:30,900278.7051000795,-1
2019-09-09 00:00:00+05:30,896014.9843969545,-1
2019-09-11 00:00:00+05:30,893566.2051000795,-1
2019-09-12 00:00:00+05:30,897533.7343969545,-1
2019-09-13 00:00:00+05:30,890551.190451642,-1
2019-09-16 00:00:00+05:30,895981.219748517,-1
2019-09-17 00:00:00+05:30,909923.749045392,-1
2019-09-18 00:00:00+05:30,908194.940451642,-1
2019-09-19 00:00:00+05:30,918383.7343969545,-1
2019-09-20 00:00:00+05:30,875678.7051000795,-1
2019-09-23 00:00:00+05:30,855308.4493651495,0
2019-09-24 00:00:00+05:30,855308.4493651495,0
2019-09-25 00:00:00+05:30,855308.4493651495,0
2019-09-26 00:00:00+05:30,855308.4493651495,0
2019-09-27 00:00:00+05:30,855308.4493651495,0
2019-09-30 00:00:00+05:30,855308.4493651495,0
2019-10-01 00:00:00+05:30,855308.4493651495,0
2019-10-03 00:00:00+05:30,855308.4493651495,0
2019-10-04 00:00:00+05:30,855308.4493651495,0
2019-10-07 00:00:00+05:30,855308.4493651495,0
2019-10-09 00:00:00+05:30,855308.4493651495,0
2019-10-10 00:00:00+05:30,855308.4493651495,0
2019-10-11 00:00:00+05:30,855308.4493651495,0
2019-10-14 00:00:00+05:30,855308.4493651495,0
2019-10-15 00:00:00+05:30,855308.4493651495,0
2019-10-16 00:00:00+05:30,855308.4493651495,0
2019-10-17 00:00:00+05:30,855308.4493651495,0
2019-10-18 00:00:00+05:30,855308.4493651495,0
2019-10-22 00:00:00+05:30,855308.4493651495,0
2019-10-23 00:00:00+05:30,855308.4493651495,0
2019-10-24 00:00:00+05:30,855308.4493651495,0
2019-10-25 00:00:00+05:30,855308.4493651495,0
2019-10-29 00:00:00+05:30,855308.4493651495,0
2019-10-30 00:00:00+05:30,852084.4524295924,1
2019-10-31 00:00:00+05:30,854585.7463749049,1
2019-11-01 00:00:00+05:30,855571.9524295924,1
2019-11-04 00:00:00+05:30,859374.4670780299,1
2019-11-05 00:00:00+05:30,857566.9963749049,1
2019-11-06 00:00:00+05:30,861230.7170780299,1
2019-11-07 00:00:00+05:30,864680.7170780299,1
2019-11-08 00:00:00+05:30,856888.2610233424,1
2019-11-11 00:00:00+05:30,857285.7463749049,1
2019-11-13 00:00:00+05:30,851810.7463749049,1
2019-11-14 00:00:00+05:30,854184.4524295924,1
2019-11-15 00:00:00+05:30,855935.7463749049,1
2019-11-18 00:00:00+05:30,855114.4817264674,1
2019-11-19 00:00:00+05:30,859284.4524295924,1
2019-11-20 00:00:00+05:30,863709.4524295924,1
2019-11-21 00:00:00+05:30,861407.0110233424,1
2019-11-22 00:00:00+05:30,857357.0110233424,1
2019-11-25 00:00:00+05:30,869308.2317264674,1
2019-11-26 00:00:00+05:30,866604.4963749049,1
2019-11-27 00:00:00+05:30,871329.4963749049,1
2019-11-28 00:00:00+05:30,875113.2610233424,1
2019-11-29 00:00:00+05:30,867980.7170780299,1
2019-12-02 00:00:00+05:30,867391.9963749049,1
2019-12-03 00:00:00+05:30,863341.9963749049,1
2019-12-04 00:00:00+05:30,867016.9963749049,1
2019-12-05 00:00:00+05:30,865157.0110233424,1
2019-12-06 00:00:00+05:30,857889.4817264674,1
2019-12-09 00:00:00+05:30,859089.4817264674,1
2019-12-10 00:00:00+05:30,854848.3703028042,0
2019-12-11 00:00:00+05:30,854848.3703028042,0
2019-12-12 00:00:00+05:30,854848.3703028042,0
2019-12-13 00:00:00+05:30,854848.3703028042,0
2019-12-16 00:00:00+05:30,854848.3703028042,0
2019-12-17 00:00:00+05:30,854848.3703028042,0
2019-12-18 00:00:00+05:30,854848.3703028042,0
2019-12-19 00:00:00+05:30,857325.7655135171,1
2019-12-20 00:00:00+05:30,858233.2362166421,1
2019-12-23 00:00:00+05:30,857554.5008650796,1
2019-12-24 00:00:00+05:30,853939.4862166421,1
2019-12-26 00:00:00+05:30,847339.4862166421,1
2019-12-27 00:00:00+05:30,856283.2362166421,1
2019-12-30 00:00:00+05:30,857036.9715682046,1
2019-12-31 00:00:00+05:30,850482.0155135171,1
2020-01-01 00:00:00+05:30,851535.7508650796,1
2020-01-02 00:00:00+05:30,859013.2655135171,1
2020-01-03 00:00:00+05:30,854847.0301619546,1
2020-01-06 00:00:00+05:30,842140.7745820575,0
2020-01-07 00:00:00+05:30,842140.7745820575,0
2020-01-08 00:00:00+05:30,842140.7745820575,0
2020-01-09 00:00:00+05:30,842140.7745820575,0
2020-01-10 00:00:00+05:30,842140.7745820575,0
2020-01-13 00:00:00+05:30,842140.7745820575,0
2020-01-14 00:00:00+05:30,842140.7745820575,0
2020-01-15 00:00:00+05:30,842140.7745820575,0
2020-01-16 00:00:00+05:30,842140.7745820575,0
2020-01-17 00:00:00+05:30,842140.7745820575,0
2020-01-20 00:00:00+05:30,842140.7745820575,0
2020-01-21 00:00:00+05:30,842140.7745820575,0
2020-01-22 00:00:00+05:30,842140.7745820575,0
2020-01-23 00:00:00+05:30,842140.7745820575,0
2020-01-24 00:00:00+05:30,842140.7745820575,0
2020-01-27 00:00:00+05:30,842140.7745820575,0
2020-01-28 00:00:00+05:30,842140.7745820575,0
2020-01-29 00:00:00+05:30,842140.7745820575,0
2020-01-30 00:00:00+05:30,842140.7745820575,0
2020-01-31 00:00:00+05:30,842140.7745820575,0
2020-02-03 00:00:00+05:30,842140.7745820575,0
2020-02-04 00:00:00+05:30,842140.7745820575,0
2020-02-05 00:00:00+05:30,842140.7745820575,0
2020-02-06 00:00:00+05:30,842140.7745820575,0
2020-02-07 00:00:00+05:30,842140.7745820575,0
2020-02-10 00:00:00+05:30,842140.7745820575,0
2020-02-11 00:00:00+05:30,842140.7745820575,0
2020-02-12 00:00:00+05:30,842140.7745820575,0
2020-02-13 00:00:00+05:30,842140.7745820575,0
2020-02-14 00:00:00+05:30,842140.7745820575,0
2020-02-17 00:00:00+05:30,842140.7745820575,0
2020-02-18 00:00:00+05:30,842140.7745820575,0
2020-02-19 00:00:00+05:30,842140.7745820575,0
2020-02-20 00:00:00+05:30,842140.7745820575,0
2020-02-24 00:00:00+05:30,842140.7745820575,0
2020-02-25 00:00:00+05:30,842140.7745820575,0
2020-02-26 00:00:00+05:30,842140.7745820575,0
2020-02-27 00:00:00+05:30,842140.7745820575,0
2020-02-28 00:00:00+05:30,842140.7745820575,0
2020-03-02 00:00:00+05:30,860852.1202653665,-1
2020-03-03 00:00:00+05:30,848060.884913804,-1
2020-03-04 00:00:00+05:30,851983.3702653665,-1
2020-03-05 00:00:00+05:30,841698.0603192374,0
2020-03-06 00:00:00+05:30,841698.0603192374,0
2020-03-09 00:00:00+05:30,863129.8079470674,-1
2020-03-11 00:00:00+05:30,862608.5432986299,-1
2020-03-12 00:00:00+05:30,927727.2932986299,-1
2020-03-13 00:00:00+05:30,900348.5579470674,-1
2020-03-16 00:00:00+05:30,957183.5432986299,-1
2020-03-17 00:00:00+05:30,974459.8372439424,-1
2020-03-18 00:00:00+05:30,1011828.5872439424,-1
2020-03-19 00:00:00+05:30,1027229.8079470674,-1
2020-03-20 00:00:00+05:30,991079.8079470674,-1
2020-03-23 00:00:00+05:30,1076219.8225955048,-1
2020-03-24 00:00:00+05:30,1061909.8372439423,-1
2020-03-25 00:00:00+05:30,1023149.8518923799,-1
2020-03-26 00:00:00+05:30,998879.8079470674,-1
2020-03-27 00:00:00+05:30,997469.8225955049,-1
2020-03-30 00:00:00+05:30,1025906.1018923799,-1
2020-03-31 00:00:00+05:30,1002157.3225955049,-1
2020-04-01 00:00:00+05:30,1027953.5872439424,-1
2020-04-03 00:00:00+05:30,1040703.5872439424,-1
2020-04-07 00:00:00+05:30,987573.5579470674,-1
2020-04-08 00:00:00+05:30,990832.3225955049,-1
2020-04-09 00:00:00+05:30,963596.0432986299,-1
2020-04-13 00:00:00+05:30,972449.8518923799,-1
2020-04-15 00:00:00+05:30,977591.0872439424,-1
2020-04-16 00:00:00+05:30,972528.5872439424,-1
2020-04-17 00:00:00+05:30,951982.3225955049,-1
2020-04-20 00:00:00+05:30,952349.8518923799,-1
2020-04-21 00:00:00+05:30,973379.8079470674,-1
2020-04-22 00:00:00+05:30,957941.0872439424,-1
2020-04-23 00:00:00+05:30,948446.0432986299,-1
2020-04-24 00:00:00+05:30,959506.391829858,0
2020-04-27 00:00:00+05:30,959506.391829858,0
2020-04-28 00:00:00+05:30,959506.391829858,0
2020-04-29 00:00:00+05:30,959506.391829858,0
2020-04-30 00:00:00+05:30,959506.391829858,0
2020-05-04 00:00:00+05:30,959506.391829858,0
2020-05-05 00:00:00+05:30,959506.391829858,0
2020-05-06 00:00:00+05:30,959506.391829858,0
2020-05-07 00:00:00+05:30,959506.391829858,0
2020-05-08 00:00:00+05:30,959506.391829858,0
2020-05-11 00:00:00+05:30,959506.391829858,0
2020-05-12 00:00:00+05:30,959506.391829858,0
2020-05-13 00:00:00+05:30,959506.391829858,0
2020-05-14 00:00:00+05:30,959506.391829858,0
2020-05-15 00:00:00+05:30,959506.391829858,0
2020-05-18 00:00:00+05:30,959506.391829858,0
2020-05-19 00:00:00+05:30,959506.391829858,0
2020-05-20 00:00:00+05:30,959506.391829858,0
2020-05-21 00:00:00+05:30,959506.391829858,0
2020-05-22 00:00:00+05:30,959506.391829858,0
2020-05-26 00:00:00+05:30,959506.391829858,0
2020-05-27 00:00:00+05:30,959506.391829858,0
2020-05-28 00:00:00+05:30,959506.391829858,0
2020-05-29 00:00:00+05:30,959506.391829858,0
2020-06-01 00:00:00+05:30,959506.391829858,0
2020-06-02 00:00:00+05:30,959506.391829858,0
2020-06-03 00:00:00+05:30,959506.391829858,0
2020-06-04 00:00:00+05:30,959506.391829858,0
2020-06-05 00:00:00+05:30,959506.391829858,0
2020-06-08 00:00:00+05:30,959506.391829858,0
2020-06-09 00:00:00+05:30,959506.391829858,0
2020-06-10 00:00:00+05:30,959506.391829858,0
2020-06-11 00:00:00+05:30,959506.391829858,0
2020-06-12 00:00:00+05:30,959506.391829858,0
2020-06-15 00:00:00+05:30,959506.391829858,0
2020-06-16 00:00:00+05:30,959506.391829858,0
2020-06-17 00:00:00+05:30,959506.391829858,0
2020-06-18 00:00:00+05:30,959506.391829858,0
2020-06-19 00:00:00+05:30,959506.391829858,0
2020-06-22 00:00:00+05:30,959506.391829858,0
2020-06-23 00:00:00+05:30,959506.391829858,0
2020-06-24 00:00:00+05:30,959506.391829858,0
2020-06-25 00:00:00+05:30,959506.391829858,0
2020-06-26 00:00:00+05:30,959506.391829858,0
2020-06-29 00:00:00+05:30,959506.391829858,0
2020-06-30 00:00:00+05:30,959506.391829858,0
2020-07-01 00:00:00+05:30,959506.391829858,0
2020-07-02 00:00:00+05:30,959506.391829858,0
2020-07-03 00:00:00+05:30,959506.391829858,0
2020-07-06 00:00:00+05:30,962273.5324037013,1
2020-07-07 00:00:00+05:30,964973.5324037013,1
2020-07-08 00:00:00+05:30,957931.0031068263,1
2020-07-09 00:00:00+05:30,966008.5177552638,1
2020-07-10 00:00:00+05:30,962603.4884583888,1
2020-07-13 00:00:00+05:30,965202.2677552638,1
2020-07-14 00:00:00+05:30,950550.9738099513,1
2020-07-15 00:00:00+05:30,951364.7677552638,1
2020-07-16 00:00:00+05:30,960496.0177552638,1
2020-07-17 00:00:00+05:30,972627.2677552638,1
2020-07-20 00:00:00+05:30,981664.7677552638,1
2020-07-21 00:00:00+05:30,992168.5031068263,1
2020-07-22 00:00:00+05:30,989944.7238099513,1
2020-07-23 00:00:00+05:30,996158.5177552638,1
2020-07-24 00:00:00+05:30,994561.0324037013,1
2020-07-27 00:00:00+05:30,989884.7384583888,1
2020-07-28 00:00:00+05:30,1002540.9884583888,1
2020-07-29 00:00:00+05:30,995213.4738099513,1
2020-07-30 00:00:00+05:30,987661.0324037013,1
2020-07-31 00:00:00+05:30,985508.5177552638,1
2020-08-03 00:00:00+05:30,971869.7238099513,1
2020-08-04 00:00:00+05:30,987143.5031068263,1
2020-08-05 00:00:00+05:30,987623.5324037013,1
2020-08-06 00:00:00+05:30,995011.0324037013,1
2020-08-07 00:00:00+05:30,996053.4884583888,1
2020-08-10 00:00:00+05:30,1000261.0324037013,1
2020-08-11 00:00:00+05:30,1004187.2531068263,1
2020-08-12 00:00:00+05:30,1003129.7824037013,1
2020-08-13 00:00:00+05:30,1002533.5177552638,1
2020-08-14 00:00:00+05:30,993379.7824037013,1
2020-08-17 00:00:00+05:30,998532.2238099513,1
2020-08-18 00:00:00+05:30,1008900.9738099513,1
2020-08-19 00:00:00+05:30,1010629.7824037013,1
2020-08-20 00:00:00+05:30,1003414.7677552638,1
2020-08-21 00:00:00+05:30,1007869.7238099513,1
2020-08-24 00:00:00+05:30,1014983.5177552638,1
2020-08-25 00:00:00+05:30,1015418.5031068263,1
2020-08-26 00:00:00+05:30,1021219.7238099513,1
2020-08-27 00:00:00+05:30,1021943.5031068263,1
2020-08-28 00:00:00+05:30,1028569.7238099513,1
2020-08-31 00:00:00+05:30,1009062.2531068263,1
2020-09-01 00:00:00+05:30,1015268.5031068263,1
2020-09-02 00:00:00+05:30,1020124.7531068263,1
2020-09-03 00:00:00+05:30,1019558.5177552638,1
2020-09-04 00:00:00+05:30,1005038.4738099513,1
2020-09-07 00:00:00+05:30,1006628.4884583888,1
2020-09-08 00:00:00+05:30,1003800.9738099513,1
2020-09-09 00:00:00+05:30,996016.4340282882,0
2020-09-10 00:00:00+05:30,996016.4340282882,0
2020-09-11 00:00:00+05:30,996016.4340282882,0
2020-09-14 00:00:00+05:30,996016.4340282882,0
2020-09-15 00:00:00+05:30,996016.4340282882,0
2020-09-16 00:00:00+05:30,996016.4340282882,0
2020-09-17 00:00:00+05:30,996016.4340282882,0
2020-09-18 00:00:00+05:30,996016.4340282882,0
2020-09-21 00:00:00+05:30,996016.4340282882,0
2020-09-22 00:00:00+05:30,996016.4340282882,0
2020-09-23 00:00:00+05:30,996016.4340282882,0
2020-09-24 00:00:00+05:30,996016.4340282882,0
2020-09-25 00:00:00+05:30,996016.4340282882,0
2020-09-28 00:00:00+05:30,996016.4340282882,0
2020-09-29 00:00:00+05:30,996016.4340282882,0
2020-09-30 00:00:00+05:30,996016.4340282882,0
2020-10-01 00:00:00+05:30,996016.4340282882,0
2020-10-05 00:00:00+05:30,996016.4340282882,0
2020-10-06 00:00:00+05:30,996016.4340282882,0
2020-10-07 00:00:00+05:30,996016.4340282882,0
2020-10-08 00:00:00+05:30,996016.4340282882,0
2020-10-09 00:00:00+05:30,996016.4340282882,0
2020-10-12 00:00:00+05:30,996016.4340282882,0
2020-10-13 00:00:00+05:30,996016.4340282882,0
2020-10-14 00:00:00+05:30,996016.4340282882,0
2020-10-15 00:00:00+05:30,996016.4340282882,0
2020-10-16 00:00:00+05:30,996016.4340282882,0
2020-10-19 00:00:00+05:30,996016.4340282882,0
2020-10-20 00:00:00+05:30,996016.4340282882,0
2020-10-21 00:00:00+05:30,996016.4340282882,0
2020-10-22 00:00:00+05:30,996016.4340282882,0
2020-10-23 00:00:00+05:30,996016.4340282882,0
2020-10-26 00:00:00+05:30,996016.4340282882,0
2020-10-27 00:00:00+05:30,996016.4340282882,0
2020-10-28 00:00:00+05:30,996016.4340282882,0
2020-10-29 00:00:00+05:30,996016.4340282882,0
2020-10-30 00:00:00+05:30,996016.4340282882,0
2020-11-02 00:00:00+05:30,996016.4340282882,0
2020-11-03 00:00:00+05:30,996016.4340282882,0
2020-11-04 00:00:00+05:30,996016.4340282882,0
2020-11-05 00:00:00+05:30,996016.4340282882,0
2020-11-06 00:00:00+05:30,996016.4340282882,0
2020-11-09 00:00:00+05:30,996016.4340282882,0
2020-11-10 00:00:00+05:30,1001367.7512757765,1
2020-11-11 00:00:00+05:30,1010221.5598695265,1
2020-11-12 00:00:00+05:30,1005845.265924214,1
2020-11-13 00:00:00+05:30,1008031.545221089,1
2020-11-17 00:00:00+05:30,1019600.295221089,1
2020-11-18 00:00:00+05:30,1024404.0305726515,1
2020-11-19 00:00:00+05:30,1011912.795221089,1
2020-11-20 00:00:00+05:30,1018464.015924214,1
2020-11-23 00:00:00+05:30,1023519.045221089,1
2020-11-24 00:00:00+05:30,1033171.5598695265,1
2020-11-25 00:00:00+05:30,1018415.3098695265,1
2020-11-26 00:00:00+05:30,1028060.2805726515,1
2020-11-27 00:00:00+05:30,1026706.545221089,1
2020-12-01 00:00:00+05:30,1037214.015924214,1
2020-12-02 00:00:00+05:30,1037566.5305726515,1
2020-12-03 00:00:00+05:30,1039077.8098695265,1
2020-12-04 00:00:00+05:30,1048426.515924214,1
2020-12-07 00:00:00+05:30,1055716.5305726514,1
2020-12-08 00:00:00+05:30,1058506.545221089,1
2020-12-09 00:00:00+05:30,1068717.7512757764,1
2020-12-10 00:00:00+05:30,1064907.765924214,1
2020-12-11 00:00:00+05:30,1067574.0012757764,1
2020-12-14 00:00:00+05:30,1070896.5598695264,1
2020-12-15 00:00:00+05:30,1071624.0012757764,1
2020-12-16 00:00:00+05:30,1080237.795221089,1
2020-12-17 00:00:00+05:30,1084587.795221089,1
2020-12-18 00:00:00+05:30,1086076.515924214,1
2020-12-21 00:00:00+05:30,1053665.3098695264,1
2020-12-22 00:00:00+05:30,1056612.635515128,0
2020-12-23 00:00:00+05:30,1056612.635515128,0
2020-12-24 00:00:00+05:30,1056612.635515128,0
2020-12-28 00:00:00+05:30,1056612.635515128,0
2020-12-29 00:00:00+05:30,1058005.7275610573,1
2020-12-30 00:00:00+05:30,1061707.0215063698,1
2020-12-31 00:00:00+05:30,1061692.0068579323,1
2021-01-01 00:00:00+05:30,1064448.2568579323,1
2021-01-04 00:00:00+05:30,1073028.2861548073,1
2021-01-05 00:00:00+05:30,1078023.2568579323,1
2021-01-06 00:00:00+05:30,1074029.5068579323,1
2021-01-07 00:00:00+05:30,1073361.9775610573,1
2021-01-08 00:00:00+05:30,1089104.5068579323,1
2021-01-11 00:00:00+05:30,1099417.0068579323,1
2021-01-12 00:00:00+05:30,1105319.5215063698,1
2021-01-13 00:00:00+05:30,1105424.4775610573,1
2021-01-14 00:00:00+05:30,1107730.7275610573,1
2021-01-15 00:00:00+05:30,1095588.2715063698,1
2021-01-18 00:00:00+05:30,1084158.2422094948,1
2021-01-19 00:00:00+05:30,1102147.0361548073,1
2021-01-20 00:00:00+05:30,1111413.2715063698,1
2021-01-21 00:00:00+05:30,1107336.9775610573,1
2021-01-22 00:00:00+05:30,1090953.2861548073,1
2021-01-25 00:00:00+05:30,1080978.2861548073,1
2021-01-27 00:00:00+05:30,1060623.2568579323,1
2021-01-28 00:00:00+05:30,1048380.5534136639,0
2021-01-29 00:00:00+05:30,1048380.5534136639,0
2021-02-01 00:00:00+05:30,1048380.5534136639,0
2021-02-02 00:00:00+05:30,1048380.5534136639,0
2021-02-03 00:00:00+05:30,1048380.5534136639,0
2021-02-04 00:00:00+05:30,1056084.0172045517,1
2021-02-05 00:00:00+05:30,1058228.9879076767,1
2021-02-08 00:00:00+05:30,1072595.2232592392,1
2021-02-09 00:00:00+05:30,1072107.7232592392,1
2021-02-10 00:00:00+05:30,1071897.7379076767,1
2021-02-11 00:00:00+05:30,1076907.7232592392,1
2021-02-12 00:00:00+05:30,1076157.7232592392,1
2021-02-15 00:00:00+05:30,1087512.7525561142,1
2021-02-16 00:00:00+05:30,1087419.0025561142,1
2021-02-17 00:00:00+05:30,1079577.7672045517,1
2021-02-18 00:00:00+05:30,1072831.5025561142,1
2021-02-19 00:00:00+05:30,1062541.4879076767,1
2021-02-22 00:00:00+05:30,1047819.5415492398,0
2021-02-23 00:00:00+05:30,1047819.5415492398,0
2021-02-24 00:00:00+05:30,1047819.5415492398,0
2021-02-25 00:00:00+05:30,1047819.5415492398,0
2021-02-26 00:00:00+05:30,1047819.5415492398,0
2021-03-01 00:00:00+05:30,1047819.5415492398,0
2021-03-02 00:00:00+05:30,1047819.5415492398,0
2021-03-03 00:00:00+05:30,1047819.5415492398,0
2021-03-04 00:00:00+05:30,1047819.5415492398,0
2021-03-05 00:00:00+05:30,1047819.5415492398,0
2021-03-08 00:00:00+05:30,1047819.5415492398,0
2021-03-09 00:00:00+05:30,1047819.5415492398,0
2021-03-10 00:00:00+05:30,1047819.5415492398,0
2021-03-12 00:00:00+05:30,1047819.5415492398,0
2021-03-15 00:00:00+05:30,1047819.5415492398,0
2021-03-16 00:00:00+05:30,1047819.5415492398,0
2021-03-17 00:00:00+05:30,1047819.5415492398,0
2021-03-18 00:00:00+05:30,1047819.5415492398,0
2021-03-19 00:00:00+05:30,1047819.5415492398,0
2021-03-22 00:00:00+05:30,1047819.5415492398,0
2021-03-23 00:00:00+05:30,1047819.5415492398,0
2021-03-24 00:00:00+05:30,1047819.5415492398,0
2021-03-25 00:00:00+05:30,1047819.5415492398,0
2021-03-26 00:00:00+05:30,1047819.5415492398,0
2021-03-30 00:00:00+05:30,1047819.5415492398,0
2021-03-31 00:00:00+05:30,1047819.5415492398,0
2021-04-01 00:00:00+05:30,1047819.5415492398,0
2021-04-05 00:00:00+05:30,1047819.5415492398,0
2021-04-06 00:00:00+05:30,1047819.5415492398,0
2021-04-07 00:00:00+05:30,1047819.5415492398,0
2021-04-08 00:00:00+05:30,1047819.5415492398,0
2021-04-09 00:00:00+05:30,1047819.5415492398,0
2021-04-12 00:00:00+05:30,1047819.5415492398,0
2021-04-13 00:00:00+05:30,1047819.5415492398,0
2021-04-15 00:00:00+05:30,1047819.5415492398,0
2021-04-16 00:00:00+05:30,1047819.5415492398,0
2021-04-19 00:00:00+05:30,1047819.5415492398,0
2021-04-20 00:00:00+05:30,1047819.5415492398,0
2021-04-22 00:00:00+05:30,1047819.5415492398,0
2021-04-23 00:00:00+05:30,1047819.5415492398,0
2021-04-26 00:00:00+05:30,1047819.5415492398,0
2021-04-27 00:00:00+05:30,1047819.5415492398,0
2021-04-28 00:00:00+05:30,1047819.5415492398,0
2021-04-29 00:00:00+05:30,1047819.5415492398,0
2021-04-30 00:00:00+05:30,1047819.5415492398,0
2021-05-03 00:00:00+05:30,1047819.5415492398,0
2021-05-04 00:00:00+05:30,1047819.5415492398,0
2021-05-05 00:00:00+05:30,1047819.5415492398,0
2021-05-06 00:00:00+05:30,1047819.5415492398,0
2021-05-07 00:00:00+05:30,1047819.5415492398,0
2021-05-10 00:00:00+05:30,1047819.5415492398,0
2021-05-11 00:00:00+05:30,1047819.5415492398,0
2021-05-12 00:00:00+05:30,1047819.5415492398,0
2021-05-14 00:00:00+05:30,1047819.5415492398,0
2021-05-17 00:00:00+05:30,1047819.5415492398,0
2021-05-18 00:00:00+05:30,1047819.5415492398,0
2021-05-19 00:00:00+05:30,1047819.5415492398,0
2021-05-20 00:00:00+05:30,1047819.5415492398,0
2021-05-21 00:00:00+05:30,1047819.5415492398,0
2021-05-24 00:00:00+05:30,1047819.5415492398,0
2021-05-25 00:00:00+05:30,1047819.5415492398,0
2021-05-26 00:00:00+05:30,1047819.5415492398,0
2021-05-27 00:00:00+05:30,1047819.5415492398,0
2021-05-28 00:00:00+05:30,1047819.5415492398,0
2021-05-31 00:00:00+05:30,1047819.5415492398,0
2021-06-01 00:00:00+05:30,1047819.5415492398,0
2021-06-02 00:00:00+05:30,1047819.5415492398,0
2021-06-03 00:00:00+05:30,1047819.5415492398,0
2021-06-04 00:00:00+05:30,1047819.5415492398,0
2021-06-07 00:00:00+05:30,1047819.5415492398,0
2021-06-08 00:00:00+05:30,1044975.0571371727,1
2021-06-09 00:00:00+05:30,1037118.8071371727,1
2021-06-10 00:00:00+05:30,1044798.8364340477,1
2021-06-11 00:00:00+05:30,1049418.8071371727,1
2021-06-14 00:00:00+05:30,1050356.3071371727,1
2021-06-15 00:00:00+05:30,1054661.3364340477,1
2021-06-16 00:00:00+05:30,1047033.8217856102,1
2021-06-17 00:00:00+05:30,1041322.6157309227,1
2021-06-18 00:00:00+05:30,1028204.0089783063,0
2021-06-21 00:00:00+05:30,1028204.0089783063,0
2021-06-22 00:00:00+05:30,1028204.0089783063,0
2021-06-23 00:00:00+05:30,1028204.0089783063,0
2021-06-24 00:00:00+05:30,1028204.0089783063,0
2021-06-25 00:00:00+05:30,1028204.0089783063,0
2021-06-28 00:00:00+05:30,1028204.0089783063,0
2021-06-29 00:00:00+05:30,1028204.0089783063,0
2021-06-30 00:00:00+05:30,1028204.0089783063,0
2021-07-01 00:00:00+05:30,1028204.0089783063,0
2021-07-02 00:00:00+05:30,1028204.0089783063,0
2021-07-05 00:00:00+05:30,1028204.0089783063,0
2021-07-06 00:00:00+05:30,1028204.0089783063,0
2021-07-07 00:00:00+05:30,1028204.0089783063,0
2021-07-08 00:00:00+05:30,1028204.0089783063,0
2021-07-09 00:00:00+05:30,1028204.0089783063,0
2021-07-12 00:00:00+05:30,1028204.0089783063,0
2021-07-13 00:00:00+05:30,1028204.0089783063,0
2021-07-14 00:00:00+05:30,1028204.0089783063,0
2021-07-15 00:00:00+05:30,1028204.0089783063,0
2021-07-16 00:00:00+05:30,1028204.0089783063,0
2021-07-19 00:00:00+05:30,1028204.0089783063,0
2021-07-20 00:00:00+05:30,1028204.0089783063,0
2021-07-22 00:00:00+05:30,1028204.0089783063,0
2021-07-23 00:00:00+05:30,1028204.0089783063,0
2021-07-26 00:00:00+05:30,1028204.0089783063,0
2021-07-27 00:00:00+05:30,1028204.0089783063,0
2021-07-28 00:00:00+05:30,1028204.0089783063,0
2021-07-29 00:00:00+05:30,1028204.0089783063,0
2021-07-30 00:00:00+05:30,1028204.0089783063,0
2021-08-02 00:00:00+05:30,1028204.0089783063,0
2021-08-03 00:00:00+05:30,1028204.0089783063,0
2021-08-04 00:00:00+05:30,1028204.0089783063,0
2021-08-05 00:00:00+05:30,1028204.0089783063,0
2021-08-06 00:00:00+05:30,1028204.0089783063,0
2021-08-09 00:00:00+05:30,1028204.0089783063,0
2021-08-10 00:00:00+05:30,1028204.0089783063,0
2021-08-11 00:00:00+05:30,1028204.0089783063,0
2021-08-12 00:00:00+05:30,1028204.0089783063,0
2021-08-13 00:00:00+05:30,1028204.0089783063,0
2021-08-16 00:00:00+05:30,1028204.0089783063,0
2021-08-17 00:00:00+05:30,1028204.0089783063,0
2021-08-18 00:00:00+05:30,1018645.4772524408,1
2021-08-20 00:00:00+05:30,1011145.3380705595,0
2021-08-23 00:00:00+05:30,1011145.3380705595,0
2021-08-24 00:00:00+05:30,1011145.3380705595,0
2021-08-25 00:00:00+05:30,1011145.3380705595,0
2021-08-26 00:00:00+05:30,1011145.3380705595,0
2021-08-27 00:00:00+05:30,1011145.3380705595,0
2021-08-30 00:00:00+05:30,1011145.3380705595,0
2021-08-31 00:00:00+05:30,1024667.0878294697,1
2021-09-01 00:00:00+05:30,1020470.8964232197,1
2021-09-02 00:00:00+05:30,1032313.4257200947,1
2021-09-03 00:00:00+05:30,1039022.1171263447,1
2021-09-06 00:00:00+05:30,1043087.2050169697,1
2021-09-07 00:00:00+05:30,1041909.6171263447,1
2021-09-08 00:00:00+05:30,1041264.6464232197,1
2021-09-09 00:00:00+05:30,1042445.8964232197,1
2021-09-13 00:00:00+05:30,1041399.7050169697,1
2021-09-14 00:00:00+05:30,1043252.1464232197,1
2021-09-15 00:00:00+05:30,1053710.8378294697,1
2021-09-16 00:00:00+05:30,1061964.6464232197,1
2021-09-17 00:00:00+05:30,1058638.4257200947,1
2021-09-20 00:00:00+05:30,1044519.6757200947,1
2021-09-21 00:00:00+05:30,1056902.1464232197,1
2021-09-22 00:00:00+05:30,1055750.9257200947,1
2021-09-23 00:00:00+05:30,1076473.3378294697,1
2021-09-24 00:00:00+05:30,1078742.0878294697,1
2021-09-27 00:00:00+05:30,1078884.6171263447,1
2021-09-28 00:00:00+05:30,1070897.1171263447,1
2021-09-29 00:00:00+05:30,1068099.7050169697,1
2021-09-30 00:00:00+05:30,1061113.4257200947,1
2021-10-01 00:00:00+05:30,1054655.9550169697,1
2021-10-04 00:00:00+05:30,1066595.8964232197,1
2021-10-05 00:00:00+05:30,1076424.7050169697,1
2021-10-06 00:00:00+05:30,1063202.1464232197,1
2021-10-07 00:00:00+05:30,1074028.3671263447,1
2021-10-08 00:00:00+05:30,1081892.0878294697,1
2021-10-11 00:00:00+05:30,1085698.3378294697,1
2021-10-12 00:00:00+05:30,1089148.3378294697,1
2021-10-13 00:00:00+05:30,1101883.3964232197,1
2021-10-14 00:00:00+05:30,1115143.4550169697,1
2021-10-18 00:00:00+05:30,1125530.9550169697,1
2021-10-19 00:00:00+05:30,1121158.3964232197,1
2021-10-20 00:00:00+05:30,1109747.1171263447,1
2021-10-21 00:00:00+05:30,1103109.6171263447,1
2021-10-22 00:00:00+05:30,1098369.6757200947,1
2021-10-25 00:00:00+05:30,1099157.1757200947,1
2021-10-26 00:00:00+05:30,1109882.1757200947,1
2021-10-27 00:00:00+05:30,1105573.3378294697,1
2021-10-28 00:00:00+05:30,1079045.8964232197,1
2021-10-29 00:00:00+05:30,1076643.5412515954,0
2021-11-01 00:00:00+05:30,1076643.5412515954,0
2021-11-02 00:00:00+05:30,1076643.5412515954,0
2021-11-03 00:00:00+05:30,1076643.5412515954,0
2021-11-04 00:00:00+05:30,1076643.5412515954,0
2021-11-08 00:00:00+05:30,1076643.5412515954,0
2021-11-09 00:00:00+05:30,1076643.5412515954,0
2021-11-10 00:00:00+05:30,1076643.5412515954,0
2021-11-11 00:00:00+05:30,1076643.5412515954,0
2021-11-12 00:00:00+05:30,1076643.5412515954,0
2021-11-15 00:00:00+05:30,1076643.5412515954,0
2021-11-16 00:00:00+05:30,1076643.5412515954,0
2021-11-17 00:00:00+05:30,1076643.5412515954,0
2021-11-18 00:00:00+05:30,1076643.5412515954,0
2021-11-22 00:00:00+05:30,1076643.5412515954,0
2021-11-23 00:00:00+05:30,1076643.5412515954,0
2021-11-24 00:00:00+05:30,1076643.5412515954,0
2021-11-25 00:00:00+05:30,1076643.5412515954,0
2021-11-26 00:00:00+05:30,1076643.5412515954,0
2021-11-29 00:00:00+05:30,1076643.5412515954,0
2021-11-30 00:00:00+05:30,1076643.5412515954,0
2021-12-01 00:00:00+05:30,1076643.5412515954,0
2021-12-02 00:00:00+05:30,1076643.5412515954,0
2021-12-03 00:00:00+05:30,1076643.5412515954,0
2021-12-06 00:00:00+05:30,1076643.5412515954,0
2021-12-07 00:00:00+05:30,1076643.5412515954,0
2021-12-08 00:00:00+05:30,1076643.5412515954,0
2021-12-09 00:00:00+05:30,1076643.5412515954,0
2021-12-10 00:00:00+05:30,1076643.5412515954,0
2021-12-13 00:00:00+05:30,1076643.5412515954,0
2021-12-14 00:00:00+05:30,1076643.5412515954,0
2021-12-15 00:00:00+05:30,1076643.5412515954,0
2021-12-16 00:00:00+05:30,1076643.5412515954,0
2021-12-17 00:00:00+05:30,1076643.5412515954,0
2021-12-20 00:00:00+05:30,1076643.5412515954,0
2021-12-21 00:00:00+05:30,1076262.196130354,-1
2021-12-22 00:00:00+05:30,1062417.225427229,-1
2021-12-23 00:00:00+05:30,1053630.946130354,-1
2021-12-24 00:00:00+05:30,1058794.666833479,-1
2021-12-27 00:00:00+05:30,1052607.166833479,-1
2021-12-28 00:00:00+05:30,1044914.6961714565,0
2021-12-29 00:00:00+05:30,1044914.6961714565,0
2021-12-30 00:00:00+05:30,1044914.6961714565,0
2021-12-31 00:00:00+05:30,1044914.6961714565,0
2022-01-03 00:00:00+05:30,1044914.6961714565,0
2022-01-04 00:00:00+05:30,1044914.6961714565,0
2022-01-05 00:00:00+05:30,1044914.6961714565,0
2022-01-06 00:00:00+05:30,1044914.6961714565,0
2022-01-07 00:00:00+05:30,1044914.6961714565,0
2022-01-10 00:00:00+05:30,1044914.6961714565,0
2022-01-11 00:00:00+05:30,1048914.9738114679,1
2022-01-12 00:00:00+05:30,1060659.9445145929,1
2022-01-13 00:00:00+05:30,1064068.7824052179,1
2022-01-14 00:00:00+05:30,1063914.9738114679,1
2022-01-17 00:00:00+05:30,1067841.1945145929,1
2022-01-18 00:00:00+05:30,1053212.5324052179,1
2022-01-19 00:00:00+05:30,1044242.20532417,0
2022-01-20 00:00:00+05:30,1044242.20532417,0
2022-01-21 00:00:00+05:30,1044242.20532417,0
2022-01-24 00:00:00+05:30,1044242.20532417,0
2022-01-25 00:00:00+05:30,1044242.20532417,0
2022-01-27 00:00:00+05:30,1044242.20532417,0
2022-01-28 00:00:00+05:30,1044242.20532417,0
2022-01-31 00:00:00+05:30,1044242.20532417,0
2022-02-01 00:00:00+05:30,1044242.20532417,0
2022-02-02 00:00:00+05:30,1044242.20532417,0
2022-02-03 00:00:00+05:30,1044242.20532417,0
2022-02-04 00:00:00+05:30,1044242.20532417,0
2022-02-07 00:00:00+05:30,1044242.20532417,0
2022-02-08 00:00:00+05:30,1044242.20532417,0
2022-02-09 00:00:00+05:30,1044242.20532417,0
2022-02-10 00:00:00+05:30,1044242.20532417,0
2022-02-11 00:00:00+05:30,1044242.20532417,0
2022-02-14 00:00:00+05:30,1044242.20532417,0
2022-02-15 00:00:00+05:30,1044242.20532417,0
2022-02-16 00:00:00+05:30,1044242.20532417,0
2022-02-17 00:00:00+05:30,1044242.20532417,0
2022-02-18 00:00:00+05:30,1044242.20532417,0
2022-02-21 00:00:00+05:30,1044242.20532417,0
2022-02-22 00:00:00+05:30,1044242.20532417,0
2022-02-23 00:00:00+05:30,1044242.20532417,0
2022-02-24 00:00:00+05:30,1044242.20532417,0
2022-02-25 00:00:00+05:30,1044242.20532417,0
2022-02-28 00:00:00+05:30,1044242.20532417,0
2022-03-02 00:00:00+05:30,1044242.20532417,0
2022-03-03 00:00:00+05:30,1044242.20532417,0
2022-03-04 00:00:00+05:30,1044242.20532417,0
2022-03-07 00:00:00+05:30,1044242.20532417,0
2022-03-08 00:00:00+05:30,1044242.20532417,0
2022-03-09 00:00:00+05:30,1044242.20532417,0
2022-03-10 00:00:00+05:30,1044242.20532417,0
2022-03-11 00:00:00+05:30,1044242.20532417,0
2022-03-14 00:00:00+05:30,1044242.20532417,0
2022-03-15 00:00:00+05:30,1044242.20532417,0
2022-03-16 00:00:00+05:30,1044242.20532417,0
2022-03-17 00:00:00+05:30,1044242.20532417,0
2022-03-21 00:00:00+05:30,1044242.20532417,0
2022-03-22 00:00:00+05:30,1044242.20532417,0
2022-03-23 00:00:00+05:30,1044242.20532417,0
2022-03-24 00:00:00+05:30,1044242.20532417,0
2022-03-25 00:00:00+05:30,1044242.20532417,0
2022-03-28 00:00:00+05:30,1044242.20532417,0
2022-03-29 00:00:00+05:30,1044242.20532417,0
2022-03-30 00:00:00+05:30,1044242.20532417,0
2022-03-31 00:00:00+05:30,1044242.20532417,0
2022-04-01 00:00:00+05:30,1044242.20532417,0
2022-04-04 00:00:00+05:30,1044242.20532417,0
2022-04-05 00:00:00+05:30,1044242.20532417,0
2022-04-06 00:00:00+05:30,1044242.20532417,0
2022-04-07 00:00:00+05:30,1044242.20532417,0
2022-04-08 00:00:00+05:30,1044242.20532417,0
2022-04-11 00:00:00+05:30,1044242.20532417,0
2022-04-12 00:00:00+05:30,1044242.20532417,0
2022-04-13 00:00:00+05:30,1044242.20532417,0
2022-04-18 00:00:00+05:30,1044242.20532417,0
2022-04-19 00:00:00+05:30,1044242.20532417,0
2022-04-20 00:00:00+05:30,1044242.20532417,0
2022-04-21 00:00:00+05:30,1044242.20532417,0
2022-04-22 00:00:00+05:30,1044242.20532417,0
2022-04-25 00:00:00+05:30,1044242.20532417,0
2022-04-26 00:00:00+05:30,1044242.20532417,0
2022-04-27 00:00:00+05:30,1044242.20532417,0
2022-04-28 00:00:00+05:30,1044242.20532417,0
2022-04-29 00:00:00+05:30,1044242.20532417,0
2022-05-02 00:00:00+05:30,1044242.20532417,0
2022-05-04 00:00:00+05:30,1044242.20532417,0
2022-05-05 00:00:00+05:30,1044242.20532417,0
2022-05-06 00:00:00+05:30,1044242.20532417,0
2022-05-09 00:00:00+05:30,1044242.20532417,0
2022-05-10 00:00:00+05:30,1044242.20532417,0
2022-05-11 00:00:00+05:30,1044242.20532417,0
2022-05-12 00:00:00+05:30,1044242.20532417,0
2022-05-13 00:00:00+05:30,1044242.20532417,0
2022-05-16 00:00:00+05:30,1044242.20532417,0
2022-05-17 00:00:00+05:30,1044242.20532417,0
2022-05-18 00:00:00+05:30,1044242.20532417,0
2022-05-19 00:00:00+05:30,1044242.20532417,0
2022-05-20 00:00:00+05:30,1044242.20532417,0
2022-05-23 00:00:00+05:30,1044242.20532417,0
2022-05-24 00:00:00+05:30,1044242.20532417,0
2022-05-25 00:00:00+05:30,1044242.20532417,0
2022-05-26 00:00:00+05:30,1044242.20532417,0
2022-05-27 00:00:00+05:30,1044242.20532417,0
2022-05-30 00:00:00+05:30,1044242.20532417,0
2022-05-31 00:00:00+05:30,1044242.20532417,0
2022-06-01 00:00:00+05:30,1044242.20532417,0
2022-06-02 00:00:00+05:30,1044242.20532417,0
2022-06-03 00:00:00+05:30,1044242.20532417,0
2022-06-06 00:00:00+05:30,1044242.20532417,0
2022-06-07 00:00:00+05:30,1044242.20532417,0
2022-06-08 00:00:00+05:30,1044242.20532417,0
2022-06-09 00:00:00+05:30,1044242.20532417,0
2022-06-10 00:00:00+05:30,1044242.20532417,0
2022-06-13 00:00:00+05:30,1044242.20532417,0
2022-06-14 00:00:00+05:30,1044242.20532417,0
2022-06-15 00:00:00+05:30,1044242.20532417,0
2022-06-16 00:00:00+05:30,1044242.20532417,0
2022-06-17 00:00:00+05:30,1044242.20532417,0
2022-06-20 00:00:00+05:30,1042560.0070083179,-1
2022-06-21 00:00:00+05:30,1020911.3009536304,-1
2022-06-22 00:00:00+05:30,1037823.8009536304,-1
2022-06-23 00:00:00+05:30,1027072.5070083179,-1
2022-06-24 00:00:00+05:30,1012579.8740690153,0
2022-06-27 00:00:00+05:30,1012579.8740690153,0
2022-06-28 00:00:00+05:30,1012579.8740690153,0
2022-06-29 00:00:00+05:30,1012579.8740690153,0
2022-06-30 00:00:00+05:30,1012579.8740690153,0
2022-07-01 00:00:00+05:30,1012579.8740690153,0
2022-07-04 00:00:00+05:30,1012579.8740690153,0
2022-07-05 00:00:00+05:30,1012579.8740690153,0
2022-07-06 00:00:00+05:30,1012579.8740690153,0
2022-07-07 00:00:00+05:30,1012579.8740690153,0
2022-07-08 00:00:00+05:30,1012579.8740690153,0
2022-07-11 00:00:00+05:30,1012579.8740690153,0
2022-07-12 00:00:00+05:30,1012579.8740690153,0
2022-07-13 00:00:00+05:30,1012579.8740690153,0
2022-07-14 00:00:00+05:30,1012579.8740690153,0
2022-07-15 00:00:00+05:30,1012579.8740690153,0
2022-07-18 00:00:00+05:30,1012579.8740690153,0
2022-07-19 00:00:00+05:30,1012579.8740690153,0
2022-07-20 00:00:00+05:30,1012579.8740690153,0
2022-07-21 00:00:00+05:30,1012579.8740690153,0
2022-07-22 00:00:00+05:30,1012579.8740690153,0
2022-07-25 00:00:00+05:30,1012579.8740690153,0
2022-07-26 00:00:00+05:30,1012579.8740690153,0
2022-07-27 00:00:00+05:30,1012579.8740690153,0
2022-07-28 00:00:00+05:30,1012579.8740690153,0
2022-07-29 00:00:00+05:30,1012579.8740690153,0
2022-08-01 00:00:00+05:30,1012579.8740690153,0
2022-08-02 00:00:00+05:30,1014890.0232429039,1
2022-08-03 00:00:00+05:30,1018092.6111335289,1
2022-08-04 00:00:00+05:30,1017631.3318366539,1
2022-08-05 00:00:00+05:30,1018793.8318366539,1
2022-08-08 00:00:00+05:30,1028363.8025397789,1
2022-08-10 00:00:00+05:30,1029087.5818366539,1
2022-08-11 00:00:00+05:30,1038406.3318366539,1
2022-08-12 00:00:00+05:30,1041342.6111335289,1
2022-08-16 00:00:00+05:30,1050875.081836654,1
2022-08-17 00:00:00+05:30,1059800.081836654,1
2022-08-18 00:00:00+05:30,1060718.831836654,1
2022-08-19 00:00:00+05:30,1045865.0232429039,1
2022-08-22 00:00:00+05:30,1025783.7732429039,1
2022-08-23 00:00:00+05:30,1032293.8318366539,1
2022-08-24 00:00:00+05:30,1034352.5232429039,1
2022-08-25 00:00:00+05:30,1028165.0232429039,1
2022-08-26 00:00:00+05:30,1030898.8611335289,1
2022-08-29 00:00:00+05:30,1011931.2723046608,0
2022-08-30 00:00:00+05:30,1011931.2723046608,0
2022-09-01 00:00:00+05:30,1011931.2723046608,0
2022-09-02 00:00:00+05:30,1011931.2723046608,0
2022-09-05 00:00:00+05:30,1011931.2723046608,0
2022-09-06 00:00:00+05:30,1011931.2723046608,0
2022-09-07 00:00:00+05:30,1011931.2723046608,0
2022-09-08 00:00:00+05:30,1011931.2723046608,0
2022-09-09 00:00:00+05:30,1011931.2723046608,0
2022-09-12 00:00:00+05:30,1011931.2723046608,0
2022-09-13 00:00:00+05:30,1011931.2723046608,0
2022-09-14 00:00:00+05:30,1029030.6266721269,1
2022-09-15 00:00:00+05:30,1019554.4059690019,1
2022-09-16 00:00:00+05:30,1011266.6541448903,0
2022-09-19 00:00:00+05:30,1011266.6541448903,0
2022-09-20 00:00:00+05:30,1011266.6541448903,0
2022-09-21 00:00:00+05:30,1011266.6541448903,0
2022-09-22 00:00:00+05:30,1011266.6541448903,0
2022-09-23 00:00:00+05:30,1011266.6541448903,0
2022-09-26 00:00:00+05:30,1011266.6541448903,0
2022-09-27 00:00:00+05:30,1011266.6541448903,0
2022-09-28 00:00:00+05:30,1011266.6541448903,0
2022-09-29 00:00:00+05:30,1011266.6541448903,0
2022-09-30 00:00:00+05:30,1011266.6541448903,0
2022-10-03 00:00:00+05:30,1011266.6541448903,0
2022-10-04 00:00:00+05:30,1011266.6541448903,0
2022-10-06 00:00:00+05:30,1011266.6541448903,0
2022-10-07 00:00:00+05:30,1011266.6541448903,0
2022-10-10 00:00:00+05:30,1011266.6541448903,0
2022-10-11 00:00:00+05:30,1011266.6541448903,0
2022-10-12 00:00:00+05:30,1011266.6541448903,0
2022-10-13 00:00:00+05:30,1011266.6541448903,0
2022-10-14 00:00:00+05:30,1011266.6541448903,0
2022-10-17 00:00:00+05:30,1011266.6541448903,0
2022-10-18 00:00:00+05:30,1011266.6541448903,0
2022-10-19 00:00:00+05:30,1011266.6541448903,0
2022-10-20 00:00:00+05:30,1011266.6541448903,0
2022-10-21 00:00:00+05:30,1011266.6541448903,0
2022-10-24 00:00:00+05:30,1011266.6541448903,0
2022-10-25 00:00:00+05:30,1011266.6541448903,0
2022-10-27 00:00:00+05:30,1011266.6541448903,0
2022-10-28 00:00:00+05:30,1011266.6541448903,0
2022-10-31 00:00:00+05:30,1011266.6541448903,0
2022-11-01 00:00:00+05:30,1011266.6541448903,0
2022-11-02 00:00:00+05:30,1011266.6541448903,0
2022-11-03 00:00:00+05:30,1011266.6541448903,0
2022-11-04 00:00:00+05:30,1011266.6541448903,0
2022-11-07 00:00:00+05:30,1011266.6541448903,0
2022-11-09 00:00:00+05:30,1011266.6541448903,0
2022-11-10 00:00:00+05:30,1011266.6541448903,0
2022-11-11 00:00:00+05:30,1011266.6541448903,0
2022-11-14 00:00:00+05:30,1007366.3205739723,1
2022-11-15 00:00:00+05:30,1012935.0705739723,1
2022-11-16 00:00:00+05:30,1013403.8205739723,1
2022-11-17 00:00:00+05:30,1008472.5705739723,1
2022-11-18 00:00:00+05:30,1005753.8205739723,1
2022-11-21 00:00:00+05:30,994676.2326833473,1
2022-11-22 00:00:00+05:30,1000994.9826833473,1
2022-11-23 00:00:00+05:30,1002723.7912770973,1
2022-11-24 00:00:00+05:30,1018987.5119802223,1
2022-11-25 00:00:00+05:30,1021136.2912770973,1
2022-11-28 00:00:00+05:30,1024886.2912770973,1
2022-11-29 00:00:00+05:30,1029033.8498708473,1
2022-11-30 00:00:00+05:30,1039556.2619802223,1
2022-12-01 00:00:00+05:30,1043617.5412770973,1
2022-12-02 00:00:00+05:30,1034887.5119802223,1
2022-12-05 00:00:00+05:30,1035258.8498708473,1
2022-12-06 00:00:00+05:30,1030886.2912770973,1
2022-12-07 00:00:00+05:30,1024717.5412770973,1
2022-12-08 00:00:00+05:30,1028381.2619802223,1
2022-12-09 00:00:00+05:30,1019925.0119802223,1
2022-12-12 00:00:00+05:30,1010581.0079518755,0
2022-12-13 00:00:00+05:30,1010581.0079518755,0
2022-12-14 00:00:00+05:30,1010581.0079518755,0
2022-12-15 00:00:00+05:30,1010581.0079518755,0
2022-12-16 00:00:00+05:30,1010581.0079518755,0
2022-12-19 00:00:00+05:30,1010581.0079518755,0
2022-12-20 00:00:00+05:30,1010581.0079518755,0
2022-12-21 00:00:00+05:30,1010581.0079518755,0
2022-12-22 00:00:00+05:30,1010581.0079518755,0
2022-12-23 00:00:00+05:30,1010581.0079518755,0
2022-12-26 00:00:00+05:30,1010581.0079518755,0
2022-12-27 00:00:00+05:30,1010581.0079518755,0
2022-12-28 00:00:00+05:30,1010581.0079518755,0
2022-12-29 00:00:00+05:30,1010581.0079518755,0
2022-12-30 00:00:00+05:30,1010581.0079518755,0
2023-01-02 00:00:00+05:30,1010581.0079518755,0
2023-01-03 00:00:00+05:30,1010581.0079518755,0
2023-01-04 00:00:00+05:30,1010581.0079518755,0
2023-01-05 00:00:00+05:30,1010581.0079518755,0
2023-01-06 00:00:00+05:30,1010581.0079518755,0
2023-01-09 00:00:00+05:30,1010581.0079518755,0
2023-01-10 00:00:00+05:30,1010581.0079518755,0
2023-01-11 00:00:00+05:30,1010581.0079518755,0
2023-01-12 00:00:00+05:30,1010581.0079518755,0
2023-01-13 00:00:00+05:30,1010581.0079518755,0
2023-01-16 00:00:00+05:30,1010581.0079518755,0
2023-01-17 00:00:00+05:30,1010581.0079518755,0
2023-01-18 00:00:00+05:30,1010581.0079518755,0
2023-01-19 00:00:00+05:30,1010581.0079518755,0
2023-01-20 00:00:00+05:30,1010581.0079518755,0
2023-01-23 00:00:00+05:30,1010581.0079518755,0
2023-01-24 00:00:00+05:30,1010581.0079518755,0
2023-01-25 00:00:00+05:30,1010581.0079518755,0
2023-01-27 00:00:00+05:30,1010581.0079518755,0
2023-01-30 00:00:00+05:30,1001977.7977193163,-1
2023-01-31 00:00:00+05:30,1000987.7098286913,-1
2023-02-01 00:00:00+05:30,987319.8008371282,0
2023-02-02 00:00:00+05:30,987319.8008371282,0
2023-02-03 00:00:00+05:30,987319.8008371282,0
2023-02-06 00:00:00+05:30,987319.8008371282,0
2023-02-07 00:00:00+05:30,987319.8008371282,0
2023-02-08 00:00:00+05:30,987319.8008371282,0
2023-02-09 00:00:00+05:30,987319.8008371282,0
2023-02-10 00:00:00+05:30,987319.8008371282,0
2023-02-13 00:00:00+05:30,987319.8008371282,0
2023-02-14 00:00:00+05:30,987319.8008371282,0
2023-02-15 00:00:00+05:30,987319.8008371282,0
2023-02-16 00:00:00+05:30,987319.8008371282,0
2023-02-17 00:00:00+05:30,987319.8008371282,0
2023-02-20 00:00:00+05:30,987319.8008371282,0
2023-02-21 00:00:00+05:30,987319.8008371282,0
2023-02-22 00:00:00+05:30,987319.8008371282,0
2023-02-23 00:00:00+05:30,987319.8008371282,0
2023-02-24 00:00:00+05:30,987319.8008371282,0
2023-02-27 00:00:00+05:30,987319.8008371282,0
2023-02-28 00:00:00+05:30,987319.8008371282,0
2023-03-01 00:00:00+05:30,987319.8008371282,0
2023-03-02 00:00:00+05:30,987319.8008371282,0
2023-03-03 00:00:00+05:30,987319.8008371282,0
2023-03-06 00:00:00+05:30,987319.8008371282,0
2023-03-08 00:00:00+05:30,987319.8008371282,0
2023-03-09 00:00:00+05:30,987319.8008371282,0
2023-03-10 00:00:00+05:30,987319.8008371282,0
2023-03-13 00:00:00+05:30,987319.8008371282,0
2023-03-14 00:00:00+05:30,995547.3989837993,-1
2023-03-15 00:00:00+05:30,1000883.6782806743,-1
2023-03-16 00:00:00+05:30,999874.9868744243,-1
2023-03-17 00:00:00+05:30,991291.1489837993,-1
2023-03-20 00:00:00+05:30,999664.9282806743,-1
2023-03-21 00:00:00+05:30,990732.4575775493,-1
2023-03-22 00:00:00+05:30,987402.4282806743,-1
2023-03-23 00:00:00+05:30,993027.4282806743,-1
2023-03-24 00:00:00+05:30,1002916.1489837993,-1
2023-03-27 00:00:00+05:30,999867.5161712993,-1
2023-03-28 00:00:00+05:30,1002417.5161712993,-1
2023-03-29 00:00:00+05:30,992742.5161712993,-1
2023-03-31 00:00:00+05:30,971813.7075775493,-1
2023-04-03 00:00:00+05:30,968941.1489837993,-1
2023-04-05 00:00:00+05:30,962515.5045206085,0
2023-04-06 00:00:00+05:30,962515.5045206085,0
2023-04-10 00:00:00+05:30,962515.5045206085,0
2023-04-11 00:00:00+05:30,962515.5045206085,0
2023-04-12 00:00:00+05:30,962515.5045206085,0
2023-04-13 00:00:00+05:30,962515.5045206085,0
2023-04-17 00:00:00+05:30,962515.5045206085,0
2023-04-18 00:00:00+05:30,962515.5045206085,0
2023-04-19 00:00:00+05:30,962515.5045206085,0
2023-04-20 00:00:00+05:30,962515.5045206085,0
2023-04-21 00:00:00+05:30,962515.5045206085,0
2023-04-24 00:00:00+05:30,962515.5045206085,0
2023-04-25 00:00:00+05:30,962515.5045206085,0
2023-04-26 00:00:00+05:30,962515.5045206085,0
2023-04-27 00:00:00+05:30,962515.5045206085,0
2023-04-28 00:00:00+05:30,962515.5045206085,0
2023-05-02 00:00:00+05:30,963877.2006814932,1
2023-05-03 00:00:00+05:30,959542.1420877432,1
2023-05-04 00:00:00+05:30,971988.4799783682,1
2023-05-05 00:00:00+05:30,957978.4213846182,1
2023-05-08 00:00:00+05:30,972633.4506814932,1
2023-05-09 00:00:00+05:30,972749.6127908682,1
2023-05-10 00:00:00+05:30,976435.8920877432,1
2023-05-11 00:00:00+05:30,975078.4213846182,1
2023-05-12 00:00:00+05:30,976413.4799783682,1
2023-05-15 00:00:00+05:30,982717.1420877432,1
2023-05-16 00:00:00+05:30,974290.9213846182,1
2023-05-17 00:00:00+05:30,961838.5995831909,0
2023-05-18 00:00:00+05:30,961838.5995831909,0
2023-05-19 00:00:00+05:30,961838.5995831909,0
2023-05-22 00:00:00+05:30,961838.5995831909,0
2023-05-23 00:00:00+05:30,961838.5995831909,0
2023-05-24 00:00:00+05:30,961838.5995831909,0
2023-05-25 00:00:00+05:30,961838.5995831909,0
2023-05-26 00:00:00+05:30,961838.5995831909,0
2023-05-29 00:00:00+05:30,959940.1173400563,1
2023-05-30 00:00:00+05:30,962580.0587463063,1
2023-05-31 00:00:00+05:30,955121.3673400563,1
2023-06-01 00:00:00+05:30,951622.5880431813,1
2023-06-02 00:00:00+05:30,955098.8087463063,1
2023-06-05 00:00:00+05:30,959580.0587463063,1
2023-06-06 00:00:00+05:30,959966.3380431813,1
2023-06-07 00:00:00+05:30,969521.3673400563,1
2023-06-08 00:00:00+05:30,962632.6466369313,1
2023-06-09 00:00:00+05:30,957296.3673400563,1
2023-06-12 00:00:00+05:30,960153.8380431813,1
2023-06-13 00:00:00+05:30,968752.6173400563,1
2023-06-14 00:00:00+05:30,971733.8673400563,1
2023-06-15 00:00:00+05:30,966648.8087463063,1
2023-06-16 00:00:00+05:30,976991.3380431813,1
2023-06-19 00:00:00+05:30,971700.0294494313,1
2023-06-20 00:00:00+05:30,976293.7794494313,1
2023-06-21 00:00:00+05:30,979305.0587463063,1
2023-06-22 00:00:00+05:30,972885.0880431813,1
2023-06-23 00:00:00+05:30,964953.8380431813,1
2023-06-26 00:00:00+05:30,966881.2794494313,1
2023-06-27 00:00:00+05:30,976346.3673400563,1
2023-06-28 00:00:00+05:30,987948.8087463063,1
2023-06-30 00:00:00+05:30,1004220.1466369313,1
2023-07-03 00:00:00+05:30,1014232.6466369313,1
2023-07-04 00:00:00+05:30,1019216.3380431813,1
2023-07-05 00:00:00+05:30,1019928.8380431813,1
2023-07-06 00:00:00+05:30,1027338.8966369313,1
2023-07-07 00:00:00+05:30,1014926.3966369313,1
2023-07-10 00:00:00+05:30,1016733.8673400563,1
2023-07-11 00:00:00+05:30,1022996.3673400563,1
2023-07-12 00:00:00+05:30,1018863.8966369313,1
2023-07-13 00:00:00+05:30,1021072.5880431813,1
2023-07-14 00:00:00+05:30,1032378.8380431813,1
2023-07-17 00:00:00+05:30,1043400.0294494313,1
2023-07-18 00:00:00+05:30,1046235.0880431813,1
2023-07-19 00:00:00+05:30,1052527.6173400562,1
2023-07-20 00:00:00+05:30,1063477.6173400562,1
2023-07-21 00:00:00+05:30,1045916.3380431813,1
2023-07-24 00:00:00+05:30,1040467.5587463063,1
2023-07-25 00:00:00+05:30,1041086.3087463063,1
2023-07-26 00:00:00+05:30,1048413.8966369313,1
2023-07-27 00:00:00+05:30,1039533.8673400563,1
2023-07-28 00:00:00+05:30,1038495.1466369313,1
2023-07-31 00:00:00+05:30,1046576.3966369313,1
2023-08-01 00:00:00+05:30,1045057.6466369313,1
2023-08-02 00:00:00+05:30,1029532.6466369313,1
2023-08-03 00:00:00+05:30,1018665.1173400563,1
2023-08-04 00:00:00+05:30,1024112.4563270869,0
2023-08-07 00:00:00+05:30,1024112.4563270869,0
2023-08-08 00:00:00+05:30,1024112.4563270869,0
2023-08-09 00:00:00+05:30,1024112.4563270869,0
2023-08-10 00:00:00+05:30,1024112.4563270869,0
2023-08-11 00:00:00+05:30,1024112.4563270869,0
2023-08-14 00:00:00+05:30,1024112.4563270869,0
2023-08-16 00:00:00+05:30,1024112.4563270869,0
2023-08-17 00:00:00+05:30,1024112.4563270869,0
2023-08-18 00:00:00+05:30,1024112.4563270869,0
2023-08-21 00:00:00+05:30,1024112.4563270869,0
2023-08-22 00:00:00+05:30,1024112.4563270869,0
2023-08-23 00:00:00+05:30,1024112.4563270869,0
2023-08-24 00:00:00+05:30,1024112.4563270869,0
2023-08-25 00:00:00+05:30,1024112.4563270869,0
2023-08-28 00:00:00+05:30,1024112.4563270869,0
2023-08-29 00:00:00+05:30,1024112.4563270869,0
2023-08-30 00:00:00+05:30,1024112.4563270869,0
2023-08-31 00:00:00+05:30,1024112.4563270869,0
2023-09-01 00:00:00+05:30,1024112.4563270869,0
2023-09-04 00:00:00+05:30,1024112.4563270869,0
2023-09-05 00:00:00+05:30,1024112.4563270869,0
2023-09-06 00:00:00+05:30,1024112.4563270869,0
2023-09-07 00:00:00+05:30,1024112.4563270869,0
2023-09-08 00:00:00+05:30,1024112.4563270869,0
2023-09-11 00:00:00+05:30,1024112.4563270869,0
2023-09-12 00:00:00+05:30,1024112.4563270869,0
2023-09-13 00:00:00+05:30,1024112.4563270869,0
2023-09-14 00:00:00+05:30,1024112.4563270869,0
2023-09-15 00:00:00+05:30,1024112.4563270869,0
2023-09-18 00:00:00+05:30,1022024.994209422,1
2023-09-20 00:00:00+05:30,1006929.3805478219,0
2023-09-21 00:00:00+05:30,1006929.3805478219,0
2023-09-22 00:00:00+05:30,1006929.3805478219,0
2023-09-25 00:00:00+05:30,1006929.3805478219,0
2023-09-26 00:00:00+05:30,1006929.3805478219,0
2023-09-27 00:00:00+05:30,1006929.3805478219,0
2023-09-28 00:00:00+05:30,1006929.3805478219,0
2023-09-29 00:00:00+05:30,1006929.3805478219,0
2023-10-03 00:00:00+05:30,1006929.3805478219,0
2023-10-04 00:00:00+05:30,1006929.3805478219,0
2023-10-05 00:00:00+05:30,1006929.3805478219,0
2023-10-06 00:00:00+05:30,1006929.3805478219,0
2023-10-09 00:00:00+05:30,1006929.3805478219,0
2023-10-10 00:00:00+05:30,1006929.3805478219,0
2023-10-11 00:00:00+05:30,1006929.3805478219,0
2023-10-12 00:00:00+05:30,1006929.3805478219,0
2023-10-13 00:00:00+05:30,1006929.3805478219,0
2023-10-16 00:00:00+05:30,1006929.3805478219,0
2023-10-17 00:00:00+05:30,1006929.3805478219,0
2023-10-18 00:00:00+05:30,1006929.3805478219,0
2023-10-19 00:00:00+05:30,1006929.3805478219,0
2023-10-20 00:00:00+05:30,1006929.3805478219,0
2023-10-23 00:00:00+05:30,1006929.3805478219,0
2023-10-25 00:00:00+05:30,1006929.3805478219,0
2023-10-26 00:00:00+05:30,1006929.3805478219,0
2023-10-27 00:00:00+05:30,997419.8249082209,-1
2023-10-30 00:00:00+05:30,990396.0456113459,-1
2023-10-31 00:00:00+05:30,986395.1606903891,0
2023-11-01 00:00:00+05:30,986395.1606903891,0
2023-11-02 00:00:00+05:30,986395.1606903891,0
2023-11-03 00:00:00+05:30,986395.1606903891,0
2023-11-06 00:00:00+05:30,986395.1606903891,0
2023-11-07 00:00:00+05:30,986395.1606903891,0
2023-11-08 00:00:00+05:30,986395.1606903891,0
2023-11-09 00:00:00+05:30,986395.1606903891,0
2023-11-10 00:00:00+05:30,986395.1606903891,0
2023-11-13 00:00:00+05:30,986395.1606903891,0
2023-11-15 00:00:00+05:30,986395.1606903891,0
2023-11-16 00:00:00+05:30,986395.1606903891,0
2023-11-17 00:00:00+05:30,986395.1606903891,0
2023-11-20 00:00:00+05:30,986395.1606903891,0
2023-11-21 00:00:00+05:30,986395.1606903891,0
2023-11-22 00:00:00+05:30,986395.1606903891,0
2023-11-23 00:00:00+05:30,986395.1606903891,0
2023-11-24 00:00:00+05:30,986395.1606903891,0
2023-11-28 00:00:00+05:30,986395.1606903891,0
2023-11-29 00:00:00+05:30,995013.244225486,1
2023-11-30 00:00:00+05:30,997754.552819236,1
2023-12-01 00:00:00+05:30,1007860.802819236,1
2023-12-04 00:00:00+05:30,1039278.332116111,1
2023-12-05 00:00:00+05:30,1051900.744225486,1
2023-12-06 00:00:00+05:30,1058095.714928611,1
2023-12-07 00:00:00+05:30,1055354.552819236,1
2023-12-08 00:00:00+05:30,1060473.302819236,1
2023-12-11 00:00:00+05:30,1062550.744225486,1
2023-12-12 00:00:00+05:30,1055748.302819236,1
2023-12-13 00:00:00+05:30,1057244.494225486,1
2023-12-14 00:00:00+05:30,1076470.714928611,1
2023-12-15 00:00:00+05:30,1097017.052819236,1
2023-12-18 00:00:00+05:30,1094167.052819236,1
2023-12-19 00:00:00+05:30,1096750.744225486,1
2023-12-20 00:00:00+05:30,1074029.552819236,1
2023-12-21 00:00:00+05:30,1081897.082116111,1
2023-12-22 00:00:00+05:30,1088973.302819236,1
2023-12-26 00:00:00+05:30,1095869.494225486,1
2023-12-27 00:00:00+05:30,1111874.523522361,1
2023-12-28 00:00:00+05:30,1121170.714928611,1
2023-12-29 00:00:00+05:30,1117623.302819236,1
2024-01-01 00:00:00+05:30,1118410.802819236,1
2024-01-02 00:00:00+05:30,1112703.332116111,1
2024-01-03 00:00:00+05:30,1101569.494225486,1
2024-01-04 00:00:00+05:30,1112163.244225486,1
2024-01-05 00:00:00+05:30,1116078.332116111,1
2024-01-08 00:00:00+05:30,1101243.273522361,1
2024-01-09 00:00:00+05:30,1103631.994225486,1
2024-01-10 00:00:00+05:30,1109170.714928611,1
2024-01-11 00:00:00+05:30,1111308.214928611,1
2024-01-12 00:00:00+05:30,1129859.582116111,1
2024-01-15 00:00:00+05:30,1145076.964928611,1
2024-01-16 00:00:00+05:30,1140190.832116111,1
2024-01-17 00:00:00+05:30,1105664.464928611,1
2024-01-18 00:00:00+05:30,1097437.023522361,1
2024-01-19 00:00:00+05:30,1108201.2239031307,0
2024-01-23 00:00:00+05:30,1108201.2239031307,0
2024-01-24 00:00:00+05:30,1108201.2239031307,0
2024-01-25 00:00:00+05:30,1108201.2239031307,0
2024-01-29 00:00:00+05:30,1108201.2239031307,0
2024-01-30 00:00:00+05:30,1108201.2239031307,0
2024-01-31 00:00:00+05:30,1108201.2239031307,0
2024-02-01 00:00:00+05:30,1108201.2239031307,0
2024-02-02 00:00:00+05:30,1108201.2239031307,0
2024-02-05 00:00:00+05:30,1108201.2239031307,0
2024-02-06 00:00:00+05:30,1108201.2239031307,0
2024-02-07 00:00:00+05:30,1108201.2239031307,0
2024-02-08 00:00:00+05:30,1108201.2239031307,0
2024-02-09 00:00:00+05:30,1108201.2239031307,0
2024-02-12 00:00:00+05:30,1108201.2239031307,0
2024-02-13 00:00:00+05:30,1108201.2239031307,0
2024-02-14 00:00:00+05:30,1108201.2239031307,0
2024-02-15 00:00:00+05:30,1108201.2239031307,0
2024-02-16 00:00:00+05:30,1108201.2239031307,0
2024-02-19 00:00:00+05:30,1108201.2239031307,0
2024-02-20 00:00:00+05:30,1108201.2239031307,0
2024-02-21 00:00:00+05:30,1108201.2239031307,0
2024-02-22 00:00:00+05:30,1108201.2239031307,0
2024-02-23 00:00:00+05:30,1108201.2239031307,0
2024-02-26 00:00:00+05:30,1108201.2239031307,0
2024-02-27 00:00:00+05:30,1108201.2239031307,0
2024-02-28 00:00:00+05:30,1108201.2239031307,0
2024-02-29 00:00:00+05:30,1108201.2239031307,0
2024-03-01 00:00:00+05:30,1108201.2239031307,0
2024-03-04 00:00:00+05:30,1108201.2239031307,0
2024-03-05 00:00:00+05:30,1108201.2239031307,0
2024-03-06 00:00:00+05:30,1108201.2239031307,0
2024-03-07 00:00:00+05:30,1108201.2239031307,0
2024-03-11 00:00:00+05:30,1108201.2239031307,0
2024-03-12 00:00:00+05:30,1108201.2239031307,0
2024-03-13 00:00:00+05:30,1108201.2239031307,0
2024-03-14 00:00:00+05:30,1108201.2239031307,0
2024-03-15 00:00:00+05:30,1108201.2239031307,0
2024-03-18 00:00:00+05:30,1108201.2239031307,0
2024-03-19 00:00:00+05:30,1108201.2239031307,0
2024-03-20 00:00:00+05:30,1108201.2239031307,0
2024-03-21 00:00:00+05:30,1108201.2239031307,0
2024-03-22 00:00:00+05:30,1108201.2239031307,0
2024-03-26 00:00:00+05:30,1108201.2239031307,0
2024-03-27 00:00:00+05:30,1108201.2239031307,0
2024-03-28 00:00:00+05:30,1108201.2239031307,0
2024-04-01 00:00:00+05:30,1108201.2239031307,0
2024-04-02 00:00:00+05:30,1108201.2239031307,0
2024-04-03 00:00:00+05:30,1108201.2239031307,0
2024-04-04 00:00:00+05:30,1108201.2239031307,0
2024-04-05 00:00:00+05:30,1108201.2239031307,0
2024-04-08 00:00:00+05:30,1108201.2239031307,0
2024-04-09 00:00:00+05:30,1108201.2239031307,0
2024-04-10 00:00:00+05:30,1108201.2239031307,0
2024-04-12 00:00:00+05:30,1108201.2239031307,0
2024-04-15 00:00:00+05:30,1108201.2239031307,0
2024-04-16 00:00:00+05:30,1108201.2239031307,0
2024-04-18 00:00:00+05:30,1108201.2239031307,0
2024-04-19 00:00:00+05:30,1108201.2239031307,0
2024-04-22 00:00:00+05:30,1108201.2239031307,0
2024-04-23 00:00:00+05:30,1108201.2239031307,0
2024-04-24 00:00:00+05:30,1108201.2239031307,0
2024-04-25 00:00:00+05:30,1108201.2239031307,0
2024-04-26 00:00:00+05:30,1108201.2239031307,0
2024-04-29 00:00:00+05:30,1108201.2239031307,0
2024-04-30 00:00:00+05:30,1108201.2239031307,0
2024-05-02 00:00:00+05:30,1108201.2239031307,0
2024-05-03 00:00:00+05:30,1108201.2239031307,0
2024-05-06 00:00:00+05:30,1108201.2239031307,0
2024-05-07 00:00:00+05:30,1108201.2239031307,0
2024-05-08 00:00:00+05:30,1108201.2239031307,0
2024-05-09 00:00:00+05:30,1108201.2239031307,0
2024-05-10 00:00:00+05:30,1108201.2239031307,0
2024-05-13 00:00:00+05:30,1108201.2239031307,0
2024-05-14 00:00:00+05:30,1108201.2239031307,0
2024-05-15 00:00:00+05:30,1108201.2239031307,0
2024-05-16 00:00:00+05:30,1108201.2239031307,0
2024-05-17 00:00:00+05:30,1108201.2239031307,0
2024-05-21 00:00:00+05:30,1108201.2239031307,0
2024-05-22 00:00:00+05:30,1108201.2239031307,0
2024-05-23 00:00:00+05:30,1108201.2239031307,0
2024-05-24 00:00:00+05:30,1108201.2239031307,0
2024-05-27 00:00:00+05:30,1108201.2239031307,0
2024-05-28 00:00:00+05:30,1108201.2239031307,0
2024-05-29 00:00:00+05:30,1108201.2239031307,0
2024-05-30 00:00:00+05:30,1108201.2239031307,0
2024-05-31 00:00:00+05:30,1108201.2239031307,0
2024-06-03 00:00:00+05:30,1108201.2239031307,0
2024-06-04 00:00:00+05:30,1108201.2239031307,0
2024-06-05 00:00:00+05:30,1108201.2239031307,0
2024-06-06 00:00:00+05:30,1108201.2239031307,0
2024-06-07 00:00:00+05:30,1108201.2239031307,0
2024-06-10 00:00:00+05:30,1108201.2239031307,0
2024-06-11 00:00:00+05:30,1108201.2239031307,0
2024-06-12 00:00:00+05:30,1108201.2239031307,0
2024-06-13 00:00:00+05:30,1108201.2239031307,0
2024-06-14 00:00:00+05:30,1108201.2239031307,0
2024-06-18 00:00:00+05:30,1108201.2239031307,0
2024-06-19 00:00:00+05:30,1108201.2239031307,0
2024-06-20 00:00:00+05:30,1108201.2239031307,0
2024-06-21 00:00:00+05:30,1108201.2239031307,0
2024-06-24 00:00:00+05:30,1108201.2239031307,0
2024-06-25 00:00:00+05:30,1108201.2239031307,0
2024-06-26 00:00:00+05:30,1108201.2239031307,0
2024-06-27 00:00:00+05:30,1108201.2239031307,0
2024-06-28 00:00:00+05:30,1108201.2239031307,0
2024-07-01 00:00:00+05:30,1108201.2239031307,0
2024-07-02 00:00:00+05:30,1108201.2239031307,0
2024-07-03 00:00:00+05:30,1108201.2239031307,0
2024-07-04 00:00:00+05:30,1108201.2239031307,0
2024-07-05 00:00:00+05:30,1108201.2239031307,0
2024-07-08 00:00:00+05:30,1108201.2239031307,0
2024-07-09 00:00:00+05:30,1108201.2239031307,0
2024-07-10 00:00:00+05:30,1108201.2239031307,0
2024-07-11 00:00:00+05:30,1108201.2239031307,0
2024-07-12 00:00:00+05:30,1108201.2239031307,0
2024-07-15 00:00:00+05:30,1108201.2239031307,0
2024-07-16 00:00:00+05:30,1108201.2239031307,0
2024-07-18 00:00:00+05:30,1108201.2239031307,0
2024-07-19 00:00:00+05:30,1108201.2239031307,0
2024-07-22 00:00:00+05:30,1108201.2239031307,0
2024-07-23 00:00:00+05:30,1108201.2239031307,0
2024-07-24 00:00:00+05:30,1108201.2239031307,0
2024-07-25 00:00:00+05:30,1108201.2239031307,0
2024-07-26 00:00:00+05:30,1108201.2239031307,0
2024-07-29 00:00:00+05:30,1108201.2239031307,0
2024-07-30 00:00:00+05:30,1108201.2239031307,0
2024-07-31 00:00:00+05:30,1108201.2239031307,0
2024-08-01 00:00:00+05:30,1108201.2239031307,0
2024-08-02 00:00:00+05:30,1108201.2239031307,0
2024-08-05 00:00:00+05:30,1108201.2239031307,0
2024-08-06 00:00:00+05:30,1108201.2239031307,0
2024-08-07 00:00:00+05:30,1108201.2239031307,0
2024-08-08 00:00:00+05:30,1108201.2239031307,0
2024-08-09 00:00:00+05:30,1108201.2239031307,0
2024-08-12 00:00:00+05:30,1108201.2239031307,0
2024-08-13 00:00:00+05:30,1108201.2239031307,0
2024-08-14 00:00:00+05:30,1108201.2239031307,0
2024-08-16 00:00:00+05:30,1108201.2239031307,0
2024-08-19 00:00:00+05:30,1108201.2239031307,0
2024-08-20 00:00:00+05:30,1108201.2239031307,0
2024-08-21 00:00:00+05:30,1108201.2239031307,0
2024-08-22 00:00:00+05:30,1108201.2239031307,0
2024-08-23 00:00:00+05:30,1108201.2239031307,0
2024-08-26 00:00:00+05:30,1108201.2239031307,0
2024-08-27 00:00:00+05:30,1108201.2239031307,0
2024-08-28 00:00:00+05:30,1108201.2239031307,0
2024-08-29 00:00:00+05:30,1108201.2239031307,0
2024-08-30 00:00:00+05:30,1108201.2239031307,0
2024-09-02 00:00:00+05:30,1108201.2239031307,0
2024-09-03 00:00:00+05:30,1108201.2239031307,0
2024-09-04 00:00:00+05:30,1108201.2239031307,0
2024-09-05 00:00:00+05:30,1108201.2239031307,0
2024-09-06 00:00:00+05:30,1108201.2239031307,0
2024-09-09 00:00:00+05:30,1108201.2239031307,0
2024-09-10 00:00:00+05:30,1108201.2239031307,0
2024-09-11 00:00:00+05:30,1108201.2239031307,0
2024-09-12 00:00:00+05:30,1108201.2239031307,0
2024-09-13 00:00:00+05:30,1108201.2239031307,0
2024-09-16 00:00:00+05:30,1108201.2239031307,0
2024-09-17 00:00:00+05:30,1108201.2239031307,0
2024-09-18 00:00:00+05:30,1108201.2239031307,0
2024-09-19 00:00:00+05:30,1108201.2239031307,0
2024-09-20 00:00:00+05:30,1108201.2239031307,0
2024-09-23 00:00:00+05:30,1108201.2239031307,0
2024-09-24 00:00:00+05:30,1109129.2606259128,1
2024-09-25 00:00:00+05:30,1113910.5106259128,1
2024-09-26 00:00:00+05:30,1129803.0399227878,1
2024-09-27 00:00:00+05:30,1127020.4227352878,1
2024-09-30 00:00:00+05:30,1107253.4421668088,0
2024-10-01 00:00:00+05:30,1107253.4421668088,0
2024-10-03 00:00:00+05:30,1107253.4421668088,0
2024-10-04 00:00:00+05:30,1107253.4421668088,0
2024-10-07 00:00:00+05:30,1107253.4421668088,0
2024-10-08 00:00:00+05:30,1107253.4421668088,0
2024-10-09 00:00:00+05:30,1107253.4421668088,0
2024-10-10 00:00:00+05:30,1107253.4421668088,0
2024-10-11 00:00:00+05:30,1107253.4421668088,0
2024-10-14 00:00:00+05:30,1107253.4421668088,0
2024-10-15 00:00:00+05:30,1107253.4421668088,0
2024-10-16 00:00:00+05:30,1107253.4421668088,0
2024-10-17 00:00:00+05:30,1107253.4421668088,0
2024-10-18 00:00:00+05:30,1107253.4421668088,0
2024-10-21 00:00:00+05:30,1107253.4421668088,0
2024-10-22 00:00:00+05:30,1107253.4421668088,0
2024-10-23 00:00:00+05:30,1107253.4421668088,0
2024-10-24 00:00:00+05:30,1107253.4421668088,0
2024-10-25 00:00:00+05:30,1107253.4421668088,0
2024-10-28 00:00:00+05:30,1099859.3053248778,-1
2024-10-29 00:00:00+05:30,1090281.8639186278,-1
2024-10-30 00:00:00+05:30,1099731.8639186278,-1
2024-10-31 00:00:00+05:30,1109894.3639186278,-1
2024-11-01 00:00:00+05:30,1102469.3639186278,-1
2024-11-04 00:00:00+05:30,1125644.3639186278,-1
2024-11-05 00:00:00+05:30,1109298.0260280028,-1
2024-11-06 00:00:00+05:30,1088991.7760280028,-1
2024-11-07 00:00:00+05:30,1110344.3639186278,-1
2024-11-08 00:00:00+05:30,1114180.6432155028,-1
2024-11-11 00:00:00+05:30,1114698.0260280028,-1
2024-11-12 00:00:00+05:30,1134036.8932155028,-1
2024-11-13 00:00:00+05:30,1158366.7760280028,-1
2024-11-14 00:00:00+05:30,1160343.1432155028,-1
2024-11-18 00:00:00+05:30,1166260.5260280028,-1
2024-11-19 00:00:00+05:30,1161408.0846217528,-1
2024-11-21 00:00:00+05:30,1174053.0553248778,-1
2024-11-22 00:00:00+05:30,1132251.8346217528,-1
2024-11-25 00:00:00+05:30,1106363.9341571662,0
2024-11-26 00:00:00+05:30,1106363.9341571662,0
2024-11-27 00:00:00+05:30,1106363.9341571662,0
2024-11-28 00:00:00+05:30,1106363.9341571662,0
2024-11-29 00:00:00+05:30,1106363.9341571662,0
2024-12-02 00:00:00+05:30,1106363.9341571662,0
2024-12-03 00:00:00+05:30,1106363.9341571662,0
2024-12-04 00:00:00+05:30,1106363.9341571662,0
2024-12-05 00:00:00+05:30,1106363.9341571662,0
2024-12-06 00:00:00+05:30,1106363.9341571662,0
2024-12-09 00:00:00+05:30,1106363.9341571662,0
2024-12-10 00:00:00+05:30,1106363.9341571662,0
2024-12-11 00:00:00+05:30,1106363.9341571662,0
2024-12-12 00:00:00+05:30,1106363.9341571662,0
2024-12-13 00:00:00+05:30,1106363.9341571662,0
2024-12-16 00:00:00+05:30,1106363.9341571662,0
2024-12-17 00:00:00+05:30,1106363.9341571662,0
2024-12-18 00:00:00+05:30,1106363.9341571662,0
2024-12-19 00:00:00+05:30,1106363.9341571662,0
2024-12-20 00:00:00+05:30,1106363.9341571662,0
2024-12-23 00:00:00+05:30,1106363.9341571662,0
2024-12-24 00:00:00+05:30,1106363.9341571662,0
2024-12-26 00:00:00+05:30,1106363.9341571662,0
2024-12-27 00:00:00+05:30,1106363.9341571662,0
2024-12-30 00:00:00+05:30,1106363.9341571662,0
2024-12-31 00:00:00+05:30,1106363.9341571662,0
2025-01-01 00:00:00+05:30,1106363.9341571662,0
2025-01-02 00:00:00+05:30,1106363.9341571662,0
2025-01-03 00:00:00+05:30,1106363.9341571662,0
2025-01-06 00:00:00+05:30,1106363.9341571662,0
2025-01-07 00:00:00+05:30,1106363.9341571662,0
2025-01-08 00:00:00+05:30,1106363.9341571662,0
2025-01-09 00:00:00+05:30,1106363.9341571662,0
2025-01-10 00:00:00+05:30,1106363.9341571662,0
2025-01-13 00:00:00+05:30,1113815.8210247932,-1
2025-01-14 00:00:00+05:30,1107058.2038372932,-1
2025-01-15 00:00:00+05:30,1104272.0710247932,-1
2025-01-16 00:00:00+05:30,1096876.9538372932,-1
2025-01-17 00:00:00+05:30,1105022.0710247932,-1
2025-01-20 00:00:00+05:30,1094405.7624310432,-1
2025-01-21 00:00:00+05:30,1118413.2331341682,-1
2025-01-22 00:00:00+05:30,1108610.7917279182,-1
2025-01-23 00:00:00+05:30,1104860.7917279182,-1
2025-01-24 00:00:00+05:30,1113347.0710247932,-1
2025-01-27 00:00:00+05:30,1133075.7331341682,-1
2025-01-28 00:00:00+05:30,1123468.2624310432,-1
2025-01-29 00:00:00+05:30,1108029.5417279182,-1
2025-01-30 00:00:00+05:30,1105511.0935119751,0
2025-01-31 00:00:00+05:30,1105511.0935119751,0
2025-02-01 00:00:00+05:30,1105511.0935119751,0
2025-02-03 00:00:00+05:30,1105511.0935119751,0
2025-02-04 00:00:00+05:30,1105511.0935119751,0
2025-02-05 00:00:00+05:30,1105511.0935119751,0
2025-02-06 00:00:00+05:30,1105511.0935119751,0
2025-02-07 00:00:00+05:30,1105511.0935119751,0
2025-02-10 00:00:00+05:30,1105511.0935119751,0
2025-02-11 00:00:00+05:30,1105511.0935119751,0
2025-02-12 00:00:00+05:30,1105511.0935119751,0
2025-02-13 00:00:00+05:30,1105511.0935119751,0
2025-02-14 00:00:00+05:30,1105511.0935119751,0
2025-02-17 00:00:00+05:30,1105511.0935119751,0
2025-02-18 00:00:00+05:30,1105511.0935119751,0
2025-02-19 00:00:00+05:30,1105511.0935119751,0
2025-02-20 00:00:00+05:30,1105511.0935119751,0
2025-02-21 00:00:00+05:30,1105511.0935119751,0
2025-02-24 00:00:00+05:30,1105511.0935119751,0
2025-02-25 00:00:00+05:30,1102442.9911752313,-1
2025-02-27 00:00:00+05:30,1102630.4911752313,-1
2025-02-28 00:00:00+05:30,1134156.8583627313,-1
2025-03-03 00:00:00+05:30,1134561.7411752313,-1
2025-03-04 00:00:00+05:30,1137310.5204721063,-1
2025-03-05 00:00:00+05:30,1118211.7411752313,-1
2025-03-06 00:00:00+05:30,1104681.834725728,0
2025-03-07 00:00:00+05:30,1104681.834725728,0
2025-03-10 00:00:00+05:30,1104681.834725728,0
2025-03-11 00:00:00+05:30,1104681.834725728,0
2025-03-12 00:00:00+05:30,1104681.834725728,0
2025-03-13 00:00:00+05:30,1104681.834725728,0
2025-03-17 00:00:00+05:30,1104681.834725728,0
2025-03-18 00:00:00+05:30,1104681.834725728,0
2025-03-19 00:00:00+05:30,1104681.834725728,0
2025-03-20 00:00:00+05:30,1104681.834725728,0
2025-03-21 00:00:00+05:30,1104681.834725728,0
2025-03-24 00:00:00+05:30,1104681.834725728,0
2025-03-25 00:00:00+05:30,1104681.834725728,0
2025-03-26 00:00:00+05:30,1104681.834725728,0
2025-03-27 00:00:00+05:30,1104681.834725728,0
2025-03-28 00:00:00+05:30,1104681.834725728,0
2025-04-01 00:00:00+05:30,1104681.834725728,0
2025-04-02 00:00:00+05:30,1104681.834725728,0
2025-04-03 00:00:00+05:30,1104681.834725728,0
2025-04-04 00:00:00+05:30,1104681.834725728,0
2025-04-07 00:00:00+05:30,1104681.834725728,0
2025-04-08 00:00:00+05:30,1104681.834725728,0
2025-04-09 00:00:00+05:30,1104681.834725728,0
2025-04-11 00:00:00+05:30,1104681.834725728,0
2025-04-15 00:00:00+05:30,1104681.834725728,0
2025-04-16 00:00:00+05:30,1104681.834725728,0
2025-04-17 00:00:00+05:30,1104681.834725728,0
2025-04-21 00:00:00+05:30,1104681.834725728,0
2025-04-22 00:00:00+05:30,1104681.834725728,0
2025-04-23 00:00:00+05:30,1104681.834725728,0
2025-04-24 00:00:00+05:30,1104681.834725728,0
2025-04-25 00:00:00+05:30,1104681.834725728,0
2025-04-28 00:00:00+05:30,1104681.834725728,0
2025-04-29 00:00:00+05:30,1104681.834725728,0
2025-04-30 00:00:00+05:30,1104681.834725728,0
2025-05-02 00:00:00+05:30,1104681.834725728,0
2025-05-05 00:00:00+05:30,1104681.834725728,0
2025-05-06 00:00:00+05:30,1104681.834725728,0
2025-05-07 00:00:00+05:30,1104681.834725728,0
2025-05-08 00:00:00+05:30,1104681.834725728,0
2025-05-09 00:00:00+05:30,1104681.834725728,0
2025-05-12 00:00:00+05:30,1104681.834725728,0
2025-05-13 00:00:00+05:30,1104681.834725728,0
2025-05-14 00:00:00+05:30,1104681.834725728,0
2025-05-15 00:00:00+05:30,1104681.834725728,0
2025-05-16 00:00:00+05:30,1104681.834725728,0
2025-05-19 00:00:00+05:30,1104681.834725728,0
2025-05-20 00:00:00+05:30,1104681.834725728,0
2025-05-21 00:00:00+05:30,1104681.834725728,0
2025-05-22 00:00:00+05:30,1104681.834725728,0
2025-05-23 00:00:00+05:30,1104681.834725728,0
2025-05-26 00:00:00+05:30,1104681.834725728,0
2025-05-27 00:00:00+05:30,1104681.834725728,0
2025-05-28 00:00:00+05:30,1104681.834725728,0
2025-05-29 00:00:00+05:30,1104681.834725728,0
2025-05-30 00:00:00+05:30,1104681.834725728,0
2025-06-02 00:00:00+05:30,1104681.834725728,0
2025-06-03 00:00:00+05:30,1104681.834725728,0
2025-06-04 00:00:00+05:30,1104681.834725728,0
2025-06-05 00:00:00+05:30,1104681.834725728,0
2025-06-06 00:00:00+05:30,1104681.834725728,0
2025-06-09 00:00:00+05:30,1104681.834725728,0
2025-06-10 00:00:00+05:30,1104681.834725728,0
2025-06-11 00:00:00+05:30,1104681.834725728,0
2025-06-12 00:00:00+05:30,1104681.834725728,0
2025-06-13 00:00:00+05:30,1104681.834725728,0
2025-06-16 00:00:00+05:30,1104681.834725728,0
2025-06-17 00:00:00+05:30,1104681.834725728,0
2025-06-18 00:00:00+05:30,1104681.834725728,0
2025-06-19 00:00:00+05:30,1104681.834725728,0
2025-06-20 00:00:00+05:30,1104681.834725728,0
2025-06-23 00:00:00+05:30,1104681.834725728,0
2025-06-24 00:00:00+05:30,1104681.834725728,0
2025-06-25 00:00:00+05:30,1104681.834725728,0
2025-06-26 00:00:00+05:30,1104681.834725728,0
2025-06-27 00:00:00+05:30,1104681.834725728,0
2025-06-30 00:00:00+05:30,1104681.834725728,0
2025-07-01 00:00:00+05:30,1104681.834725728,0
2025-07-02 00:00:00+05:30,1104681.834725728,0
2025-07-03 00:00:00+05:30,1104681.834725728,0
2025-07-04 00:00:00+05:30,1104681.834725728,0
2025-07-07 00:00:00+05:30,1104681.834725728,0
2025-07-08 00:00:00+05:30,1104681.834725728,0
2025-07-09 00:00:00+05:30,1104681.834725728,0
2025-07-10 00:00:00+05:30,1104681.834725728,0
2025-07-11 00:00:00+05:30,1104681.834725728,0
2025-07-14 00:00:00+05:30,1104681.834725728,0
2025-07-15 00:00:00+05:30,1104681.834725728,0
2025-07-16 00:00:00+05:30,1104681.834725728,0
2025-07-17 00:00:00+05:30,1104681.834725728,0
2025-07-18 00:00:00+05:30,1104681.834725728,0
2025-07-21 00:00:00+05:30,1104681.834725728,0
2025-07-22 00:00:00+05:30,1104681.834725728,0
2025-07-23 00:00:00+05:30,1104681.834725728,0
2025-07-24 00:00:00+05:30,1104681.834725728,0
2025-07-25 00:00:00+05:30,1104681.834725728,0
2025-07-28 00:00:00+05:30,1104681.834725728,0
2025-07-29 00:00:00+05:30,1104681.834725728,0
2025-07-30 00:00:00+05:30,1104681.834725728,0
2025-07-31 00:00:00+05:30,1104681.834725728,0
2025-08-01 00:00:00+05:30,1104681.834725728,0
2025-08-04 00:00:00+05:30,1104681.834725728,0
2025-08-05 00:00:00+05:30,1104681.834725728,0
2025-08-06 00:00:00+05:30,1104681.834725728,0
2025-08-07 00:00:00+05:30,1104681.834725728,0
2025-08-08 00:00:00+05:30,1104681.834725728,0
2025-08-11 00:00:00+05:30,1104681.834725728,0
2025-08-12 00:00:00+05:30,1104681.834725728,0
2025-08-13 00:00:00+05:30,1104681.834725728,0
2025-08-14 00:00:00+05:30,1104681.834725728,0
2025-08-18 00:00:00+05:30,1104681.834725728,0
2025-08-19 00:00:00+05:30,1104681.834725728,0
2025-08-20 00:00:00+05:30,1104681.834725728,0
2025-08-21 00:00:00+05:30,1104681.834725728,0
2025-08-22 00:00:00+05:30,1104681.834725728,0
2025-08-25 00:00:00+05:30,1104681.834725728,0
2025-08-26 00:00:00+05:30,1104681.834725728,0
2025-08-28 00:00:00+05:30,1104681.834725728,0
2025-08-29 00:00:00+05:30,1104681.834725728,0
2025-09-01 00:00:00+05:30,1104681.834725728,0
2025-09-02 00:00:00+05:30,1104681.834725728,0
2025-09-03 00:00:00+05:30,1104681.834725728,0
2025-09-04 00:00:00+05:30,1104681.834725728,0
2025-09-05 00:00:00+05:30,1104681.834725728,0
2025-09-08 00:00:00+05:30,1104681.834725728,0
2025-09-09 00:00:00+05:30,1104681.834725728,0
2025-09-10 00:00:00+05:30,1104681.834725728,0
2025-09-11 00:00:00+05:30,1104681.834725728,0
2025-09-12 00:00:00+05:30,1104681.834725728,0
2025-09-15 00:00:00+05:30,1104681.834725728,0
2025-09-16 00:00:00+05:30,1104681.834725728,0
2025-09-17 00:00:00+05:30,1104681.834725728,0
2025-09-18 00:00:00+05:30,1104681.834725728,0
2025-09-19 00:00:00+05:30,1097961.6646842964,1
2025-09-22 00:00:00+05:30,1084562.3340427382,0
2025-09-23 00:00:00+05:30,1084562.3340427382,0
2025-09-24 00:00:00+05:30,1084562.3340427382,0
2025-09-25 00:00:00+05:30,1084562.3340427382,0
2025-09-26 00:00:00+05:30,1084562.3340427382,0
2025-09-29 00:00:00+05:30,1084562.3340427382,0
2025-09-30 00:00:00+05:30,1084562.3340427382,0
2025-10-01 00:00:00+05:30,1084562.3340427382,0
2025-10-03 00:00:00+05:30,1084562.3340427382,0
2025-10-06 00:00:00+05:30,1084562.3340427382,0
2025-10-07 00:00:00+05:30,1084562.3340427382,0
2025-10-08 00:00:00+05:30,1084562.3340427382,0
2025-10-09 00:00:00+05:30,1084562.3340427382,0
2025-10-10 00:00:00+05:30,1084562.3340427382,0
2025-10-13 00:00:00+05:30,1084562.3340427382,0
2025-10-14 00:00:00+05:30,1084562.3340427382,0
2025-10-15 00:00:00+05:30,1084562.3340427382,0
2025-10-16 00:00:00+05:30,1084562.3340427382,0
2025-10-17 00:00:00+05:30,1084562.3340427382,0
2025-10-20 00:00:00+05:30,1084562.3340427382,0
2025-10-21 00:00:00+05:30,1081624.4291052918,1
2025-10-23 00:00:00+05:30,1083334.4876990418,1
2025-10-24 00:00:00+05:30,1076115.7376990418,1
2025-10-27 00:00:00+05:30,1088933.2669959168,1
2025-10-28 00:00:00+05:30,1086694.3998084168,1
2025-10-29 00:00:00+05:30,1095521.9876990418,1
2025-10-30 00:00:00+05:30,1082318.1791052918,1
2025-10-31 00:00:00+05:30,1070636.9291052918,1
2025-11-03 00:00:00+05:30,1073730.6791052918,1
2025-11-04 00:00:00+05:30,1061173.5683254313,0
2025-11-06 00:00:00+05:30,1061173.5683254313,0
2025-11-07 00:00:00+05:30,1061173.5683254313,0
2025-11-10 00:00:00+05:30,1061173.5683254313,0
2025-11-11 00:00:00+05:30,1061173.5683254313,0
2025-11-12 00:00:00+05:30,1061173.5683254313,0
2025-11-13 00:00:00+05:30,1061173.5683254313,0
2025-11-14 00:00:00+05:30,1061173.5683254313,0
2025-11-17 00:00:00+05:30,1061173.5683254313,0
2025-11-18 00:00:00+05:30,1061173.5683254313,0
2025-11-19 00:00:00+05:30,1061173.5683254313,0
2025-11-20 00:00:00+05:30,1061173.5683254313,0
2025-11-21 00:00:00+05:30,1061173.5683254313,0
2025-11-24 00:00:00+05:30,1061173.5683254313,0
2025-11-25 00:00:00+05:30,1061173.5683254313,0
2025-11-26 00:00:00+05:30,1061173.5683254313,0
2025-11-27 00:00:00+05:30,1061173.5683254313,0
2025-11-28 00:00:00+05:30,1061173.5683254313,0
2025-12-01 00:00:00+05:30,1061173.5683254313,0
2025-12-02 00:00:00+05:30,1061173.5683254313,0
2025-12-03 00:00:00+05:30,1061173.5683254313,0
2025-12-04 00:00:00+05:30,1061173.5683254313,0
2025-12-05 00:00:00+05:30,1061173.5683254313,0
2025-12-08 00:00:00+05:30,1061173.5683254313,0
2025-12-09 00:00:00+05:30,1061173.5683254313,0
2025-12-10 00:00:00+05:30,1061173.5683254313,0
2025-12-11 00:00:00+05:30,1061173.5683254313,0
2025-12-12 00:00:00+05:30,1061173.5683254313,0
2025-12-15 00:00:00+05:30,1061173.5683254313,0
2025-12-16 00:00:00+05:30,1061173.5683254313,0
2025-12-17 00:00:00+05:30,1061173.5683254313,0
2025-12-18 00:00:00+05:30,1061173.5683254313,0
2025-12-19 00:00:00+05:30,1061173.5683254313,0
2025-12-22 00:00:00+05:30,1061173.5683254313,0
2025-12-23 00:00:00+05:30,1061173.5683254313,0
2025-12-24 00:00:00+05:30,1061173.5683254313,0
2025-12-26 00:00:00+05:30,1061173.5683254313,0
2025-12-29 00:00:00+05:30,1061173.5683254313,0
2025-12-30 00:00:00+05:30,1061173.5683254313,0
2025-12-31 00:00:00+05:30,1061173.5683254313,0
2026-01-01 00:00:00+05:30,1061173.5683254313,0
2026-01-02 00:00:00+05:30,1061173.5683254313,0
2026-01-05 00:00:00+05:30,1061173.5683254313,0
2026-01-06 00:00:00+05:30,1061173.5683254313,0
2026-01-07 00:00:00+05:30,1061173.5683254313,0
2026-01-08 00:00:00+05:30,1061173.5683254313,0
2026-01-09 00:00:00+05:30,1061173.5683254313,0
2026-01-12 00:00:00+05:30,1061173.5683254313,0
2026-01-13 00:00:00+05:30,1061173.5683254313,0
2026-01-14 00:00:00+05:30,1061173.5683254313,0
2026-01-16 00:00:00+05:30,1061173.5683254313,0
2026-01-19 00:00:00+05:30,1061173.5683254313,0
2026-01-20 00:00:00+05:30,1061173.5683254313,0
2026-01-21 00:00:00+05:30,1061173.5683254313,0
2026-01-22 00:00:00+05:30,1064417.4319366224,-1
2026-01-23 00:00:00+05:30,1082511.1819366224,-1
2026-01-27 00:00:00+05:30,1073004.9319366224,-1
2026-01-28 00:00:00+05:30,1060246.095627885,0
2026-01-29 00:00:00+05:30,1060246.095627885,0
2026-01-30 00:00:00+05:30,1060246.095627885,0
2026-02-02 00:00:00+05:30,1060246.095627885,0
2026-02-03 00:00:00+05:30,1060246.095627885,0
2026-02-04 00:00:00+05:30,1060246.095627885,0
2026-02-05 00:00:00+05:30,1060246.095627885,0
2026-02-06 00:00:00+05:30,1060246.095627885,0
2026-02-09 00:00:00+05:30,1060246.095627885,0
2026-02-10 00:00:00+05:30,1060246.095627885,0
2026-02-11 00:00:00+05:30,1060246.095627885,0
2026-02-12 00:00:00+05:30,1060246.095627885,0
2026-02-13 00:00:00+05:30,1060246.095627885,0
2026-02-16 00:00:00+05:30,1060246.095627885,0
2026-02-17 00:00:00+05:30,1060246.095627885,0
2026-02-18 00:00:00+05:30,1060246.095627885,0
2026-02-19 00:00:00+05:30,1060246.095627885,0
2026-02-20 00:00:00+05:30,1060246.095627885,0
2026-02-23 00:00:00+05:30,1060246.095627885,0
2026-02-24 00:00:00+05:30,1060246.095627885,0
2026-02-25 00:00:00+05:30,1060246.095627885,0
2026-02-26 00:00:00+05:30,1060246.095627885,0
2026-02-27 00:00:00+05:30,1060246.095627885,0
2026-03-02 00:00:00+05:30,1060246.095627885,0
2026-03-04 00:00:00+05:30,1060246.095627885,0
2026-03-05 00:00:00+05:30,1060246.095627885,0
2026-03-06 00:00:00+05:30,1060246.095627885,0
2026-03-09 00:00:00+05:30,1060246.095627885,0
2026-03-10 00:00:00+05:30,1060246.095627885,0
2026-03-11 00:00:00+05:30,1060246.095627885,0
2026-03-12 00:00:00+05:30,1060246.095627885,0
2026-03-13 00:00:00+05:30,1060246.095627885,0
2026-03-16 00:00:00+05:30,1060246.095627885,0
2026-03-17 00:00:00+05:30,1060246.095627885,0
2026-03-18 00:00:00+05:30,1060246.095627885,0
2026-03-19 00:00:00+05:30,1060246.095627885,0
2026-03-20 00:00:00+05:30,1060246.095627885,0
2026-03-23 00:00:00+05:30,1060246.095627885,0
2026-03-24 00:00:00+05:30,1060246.095627885,0
2026-03-25 00:00:00+05:30,1060246.095627885,0
2026-03-27 00:00:00+05:30,1060246.095627885,0
2026-03-30 00:00:00+05:30,1060246.095627885,0
2026-04-01 00:00:00+05:30,1060246.095627885,0
2026-04-02 00:00:00+05:30,1060246.095627885,0
2026-04-06 00:00:00+05:30,1060246.095627885,0
2026-04-07 00:00:00+05:30,1060246.095627885,0
2026-04-08 00:00:00+05:30,1060246.095627885,0
2026-04-09 00:00:00+05:30,1060246.095627885,0
2026-04-10 00:00:00+05:30,1060246.095627885,0
2026-04-13 00:00:00+05:30,1060246.095627885,0
2026-04-15 00:00:00+05:30,1060246.095627885,0
2026-04-16 00:00:00+05:30,1060246.095627885,0
2026-04-17 00:00:00+05:30,1060246.095627885,0
2026-04-20 00:00:00+05:30,1060246.095627885,0
2026-04-21 00:00:00+05:30,1060246.095627885,0
2026-04-22 00:00:00+05:30,1060246.095627885,0
2026-04-23 00:00:00+05:30,1060246.095627885,0
2026-04-24 00:00:00+05:30,1060246.095627885,0
2026-04-27 00:00:00+05:30,1060246.095627885,0
2026-04-28 00:00:00+05:30,1060246.095627885,0
2026-04-29 00:00:00+05:30,1060246.095627885,0
2026-04-30 00:00:00+05:30,1060246.095627885,0
2026-05-04 00:00:00+05:30,1060246.095627885,0
2026-05-05 00:00:00+05:30,1060246.095627885,0
2026-05-06 00:00:00+05:30,1060246.095627885,0
2026-05-07 00:00:00+05:30,1060246.095627885,0
2026-05-08 00:00:00+05:30,1060246.095627885,0
2026-05-11 00:00:00+05:30,1060246.095627885,0
2026-05-12 00:00:00+05:30,1060246.095627885,0
2026-05-13 00:00:00+05:30,1060246.095627885,0
2026-05-14 00:00:00+05:30,1060246.095627885,0
2026-05-15 00:00:00+05:30,1060246.095627885,0
2026-05-18 00:00:00+05:30,1060246.095627885,0
2026-05-19 00:00:00+05:30,1060246.095627885,0
2026-05-20 00:00:00+05:30,1060246.095627885,0
2026-05-21 00:00:00+05:30,1060246.095627885,0
2026-05-22 00:00:00+05:30,1060246.095627885,0
2026-05-25 00:00:00+05:30,1060246.095627885,0
2026-05-26 00:00:00+05:30,1060246.095627885,0
2026-05-27 00:00:00+05:30,1060246.095627885,0
2026-05-29 00:00:00+05:30,1060246.095627885,0
2026-06-01 00:00:00+05:30,1060246.095627885,0
2026-06-02 00:00:00+05:30,1060246.095627885,0
2026-06-03 00:00:00+05:30,1060246.095627885,0
2026-06-04 00:00:00+05:30,1060246.095627885,0
2026-06-05 00:00:00+05:30,1060246.095627885,0
2026-06-08 00:00:00+05:30,1060246.095627885,0
2026-06-09 00:00:00+05:30,1060246.095627885,0
2026-06-10 00:00:00+05:30,1060246.095627885,0
2026-06-11 00:00:00+05:30,1060246.095627885,0
2026-06-12 00:00:00+05:30,1060246.095627885,0
2026-06-15 00:00:00+05:30,1060246.095627885,0
2026-06-16 00:00:00+05:30,1060246.095627885,0
2026-06-17 00:00:00+05:30,1060246.095627885,0
2026-06-18 00:00:00+05:30,1060246.095627885,0
2026-06-19 00:00:00+05:30,1060246.095627885,0
2026-06-22 00:00:00+05:30,1060246.095627885,0
2026-06-23 00:00:00+05:30,1060246.095627885,0
2026-06-24 00:00:00+05:30,1060246.095627885,0
2026-06-25 00:00:00+05:30,1060246.095627885,0
2026-06-29 00:00:00+05:30,1060246.095627885,0
2026-06-30 00:00:00+05:30,1060246.095627885,0
2026-07-01 00:00:00+05:30,1060246.095627885,0
2026-07-02 00:00:00+05:30,1060246.095627885,0
2026-07-03 00:00:00+05:30,1060246.095627885,0
2026-07-06 00:00:00+05:30,1060246.095627885,0
2026-07-07 00:00:00+05:30,1060246.095627885,0
2026-07-08 00:00:00+05:30,1060246.095627885,0
2026-07-09 00:00:00+05:30,1060246.095627885,0
2026-07-10 00:00:00+05:30,1060246.095627885,0
2026-07-13 00:00:00+05:30,1060246.095627885,0
2026-07-14 00:00:00+05:30,1060246.095627885,0
2026-07-15 00:00:00+05:30,1060246.095627885,0
2026-07-16 00:00:00+05:30,1060246.095627885,0
2026-07-17 00:00:00+05:30,1060246.095627885,0
2026-07-20 00:00:00+05:30,1060246.095627885,0
2026-07-21 00:00:00+05:30,1060246.095627885,0
2026-07-22 00:00:00+05:30,1060246.095627885,0
2026-07-23 00:00:00+05:30,1060246.095627885,0
2026-07-24 00:00:00+05:30,1060246.095627885,0
2026-07-27 00:00:00+05:30,1060246.095627885,0
2026-07-28 00:00:00+05:30,1060246.095627885,0
2026-07-29 00:00:00+05:30,1060246.095627885,0
2026-07-30 00:00:00+05:30,1060246.095627885,0
2026-07-31 00:00:00+05:30,1060246.095627885,0
2026-08-03 00:00:00+05:30,1060246.095627885,0
2026-08-04 00:00:00+05:30,1060246.095627885,0
2026-08-05 00:00:00+05:30,1060246.095627885,0
2026-08-06 00:00:00+05:30,1060246.095627885,0
2026-08-07 00:00:00+05:30,1060246.095627885,0
2026-08-10 00:00:00+05:30,1060246.095627885,0
2026-08-11 00:00:00+05:30,1060246.095627885,0
2026-08-12 00:00:00+05:30,1060246.095627885,0
2026-08-13 00:00:00+05:30,1060246.095627885,0
2026-08-14 00:00:00+05:30,1060246.095627885,0
